{
  "process_start_time": 1768117205.7030256,
  "process_end_time": 1768117443.9902785,
  "total_elapsed_time_seconds": 238.29,
  "rounds_time_stats": {
    "round_1": 26.51,
    "round_2": 39.36,
    "round_3": 43.47,
    "round_4": 45.51,
    "round_5": 35.44,
    "round_6": 47.98
  }
}