{
  "process_start_time": 1767885942.734019,
  "process_end_time": 1767885961.5227146,
  "total_elapsed_time_seconds": 18.79,
  "rounds_time_stats": {
    "round_1": 18.79
  }
}