{
  "process_start_time": 1767689714.4111698,
  "process_end_time": 1767689989.89593,
  "total_elapsed_time_seconds": 275.48,
  "rounds_time_stats": {
    "round_1": 48.66,
    "round_2": 41.93,
    "round_3": 47.25,
    "round_4": 48.92,
    "round_5": 43.96,
    "round_6": 44.76
  }
}