{
  "process_start_time": 1767882890.746539,
  "process_end_time": 1767882929.9193456,
  "total_elapsed_time_seconds": 39.17,
  "rounds_time_stats": {
    "round_1": 39.15
  }
}