{
  "process_start_time": 1767682975.9025812,
  "process_end_time": 1767683037.9958112,
  "total_elapsed_time_seconds": 62.09,
  "rounds_time_stats": {
    "round_1": 62.08
  }
}