{
  "process_start_time": 1767889956.5297513,
  "process_end_time": 1767889969.0304863,
  "total_elapsed_time_seconds": 12.5,
  "rounds_time_stats": {
    "round_1": 12.5
  }
}