{
  "process_start_time": 1767889923.7549183,
  "process_end_time": 1767889940.682836,
  "total_elapsed_time_seconds": 16.93,
  "rounds_time_stats": {
    "round_1": 16.93
  }
}