{
  "process_start_time": 1767887620.7750773,
  "process_end_time": 1767887659.4837224,
  "total_elapsed_time_seconds": 38.71,
  "rounds_time_stats": {
    "round_1": 38.7
  }
}