{
  "process_start_time": 1767890327.3679478,
  "process_end_time": 1767890463.5430298,
  "total_elapsed_time_seconds": 136.18,
  "rounds_time_stats": {
    "round_1": 9.93,
    "round_2": 15.18,
    "round_3": 16.94,
    "round_4": 27.55,
    "round_5": 34.35,
    "round_6": 32.22
  }
}