{
  "process_start_time": 1767883649.0544803,
  "process_end_time": 1767883683.7926528,
  "total_elapsed_time_seconds": 34.74,
  "rounds_time_stats": {
    "round_1": 34.71
  }
}