{
  "process_start_time": 1768556547.0275552,
  "process_end_time": 1768556723.8687947,
  "total_elapsed_time_seconds": 176.84,
  "rounds_time_stats": {
    "round_1": 28.65,
    "round_2": 30.73,
    "round_3": 27.38,
    "round_4": 32.99,
    "round_5": 28.91,
    "round_6": 28.18
  }
}