{
  "process_start_time": 1767885317.5354095,
  "process_end_time": 1767885335.6803784,
  "total_elapsed_time_seconds": 18.14,
  "rounds_time_stats": {
    "round_1": 18.14
  }
}