{
  "process_start_time": 1767689135.0597663,
  "process_end_time": 1767689188.3198674,
  "total_elapsed_time_seconds": 53.26,
  "rounds_time_stats": {
    "round_1": 53.22
  }
}