{
  "process_start_time": 1768115056.405558,
  "process_end_time": 1768115372.7428894,
  "total_elapsed_time_seconds": 316.34,
  "rounds_time_stats": {
    "round_1": 45.87,
    "round_2": 46.37,
    "round_3": 43.53,
    "round_4": 47.56,
    "round_5": 44.32,
    "round_6": 88.69
  }
}