{
  "process_start_time": 1767675475.970995,
  "process_end_time": 1767675751.3141568,
  "total_elapsed_time_seconds": 275.34,
  "rounds_time_stats": {
    "round_1": 70.28,
    "round_2": 39.35,
    "round_3": 39.11,
    "round_4": 42.66,
    "round_5": 40.17,
    "round_6": 43.77
  }
}