{
  "process_start_time": 1767886852.3875163,
  "process_end_time": 1767886875.3888464,
  "total_elapsed_time_seconds": 23.0,
  "rounds_time_stats": {
    "round_1": 23.0
  }
}