{
  "process_start_time": 1767976681.2824063,
  "process_end_time": 1767976860.4693768,
  "total_elapsed_time_seconds": 179.19,
  "rounds_time_stats": {
    "round_1": 27.01,
    "round_2": 20.14,
    "round_3": 32.23,
    "round_4": 37.01,
    "round_5": 30.71,
    "round_6": 32.09
  }
}