{
  "process_start_time": 1767885214.243537,
  "process_end_time": 1767885339.0574994,
  "total_elapsed_time_seconds": 124.81,
  "rounds_time_stats": {
    "round_1": 32.47,
    "round_2": 25.48,
    "round_3": 20.78,
    "round_4": 24.6,
    "round_5": 21.47
  }
}