{
  "process_start_time": 1767977636.2545023,
  "process_end_time": 1767977812.796493,
  "total_elapsed_time_seconds": 176.54,
  "rounds_time_stats": {
    "round_1": 23.52,
    "round_2": 23.57,
    "round_3": 30.39,
    "round_4": 33.97,
    "round_5": 33.49,
    "round_6": 31.6
  }
}