{
  "process_start_time": 1767689775.017357,
  "process_end_time": 1767690082.7495043,
  "total_elapsed_time_seconds": 307.73,
  "rounds_time_stats": {
    "round_1": 46.45,
    "round_2": 45.81,
    "round_3": 49.34,
    "round_4": 57.82,
    "round_5": 61.75,
    "round_6": 46.56
  }
}