{
  "process_start_time": 1767886847.3910873,
  "process_end_time": 1767886921.666768,
  "total_elapsed_time_seconds": 74.28,
  "rounds_time_stats": {
    "round_1": 26.65,
    "round_2": 24.93,
    "round_3": 22.43,
    "round_4": 0.25
  }
}