{
  "process_start_time": 1767887674.845646,
  "process_end_time": 1767887689.5597246,
  "total_elapsed_time_seconds": 14.71,
  "rounds_time_stats": {
    "round_1": 14.71
  }
}