{
  "process_start_time": 1767885206.2720044,
  "process_end_time": 1767885368.6529667,
  "total_elapsed_time_seconds": 162.38,
  "rounds_time_stats": {
    "round_1": 25.86,
    "round_2": 32.6,
    "round_3": 17.15,
    "round_4": 34.51,
    "round_5": 24.77,
    "round_6": 27.49
  }
}