{
  "process_start_time": 1767691824.7549906,
  "process_end_time": 1767692105.5549495,
  "total_elapsed_time_seconds": 280.8,
  "rounds_time_stats": {
    "round_1": 48.89,
    "round_2": 50.04,
    "round_3": 47.41,
    "round_4": 46.8,
    "round_5": 40.25,
    "round_6": 47.4
  }
}