{
  "process_start_time": 1767885544.9907517,
  "process_end_time": 1767885557.6046016,
  "total_elapsed_time_seconds": 12.61,
  "rounds_time_stats": {
    "round_1": 12.61
  }
}