{
  "process_start_time": 1767886830.0214043,
  "process_end_time": 1767886977.236775,
  "total_elapsed_time_seconds": 147.22,
  "rounds_time_stats": {
    "round_1": 24.24,
    "round_2": 21.61,
    "round_3": 19.56,
    "round_4": 25.42,
    "round_5": 25.24,
    "round_6": 31.15
  }
}