{
  "process_start_time": 1767884539.2396607,
  "process_end_time": 1767884616.3598409,
  "total_elapsed_time_seconds": 77.12,
  "rounds_time_stats": {
    "round_1": 13.6,
    "round_2": 11.86,
    "round_3": 13.69,
    "round_4": 14.48,
    "round_5": 10.91,
    "round_6": 12.57
  }
}