{
  "process_start_time": 1767975536.7495797,
  "process_end_time": 1767975589.144352,
  "total_elapsed_time_seconds": 52.39,
  "rounds_time_stats": {
    "round_1": 52.37
  }
}