{
  "process_start_time": 1767677355.2389834,
  "process_end_time": 1767677599.077676,
  "total_elapsed_time_seconds": 243.84,
  "rounds_time_stats": {
    "round_1": 47.82,
    "round_2": 42.39,
    "round_3": 40.57,
    "round_4": 38.56,
    "round_5": 36.77,
    "round_6": 37.73
  }
}