{
  "process_start_time": 1767684429.3325667,
  "process_end_time": 1767684705.4826748,
  "total_elapsed_time_seconds": 276.15,
  "rounds_time_stats": {
    "round_1": 42.29,
    "round_2": 48.15,
    "round_3": 47.0,
    "round_4": 45.42,
    "round_5": 42.54,
    "round_6": 50.74
  }
}