{
  "process_start_time": 1767883048.5444956,
  "process_end_time": 1767883243.4841151,
  "total_elapsed_time_seconds": 194.94,
  "rounds_time_stats": {
    "round_1": 31.22,
    "round_2": 36.85,
    "round_3": 31.14,
    "round_4": 28.69,
    "round_5": 28.24,
    "round_6": 38.8
  }
}