{
  "process_start_time": 1768555049.7498317,
  "process_end_time": 1768555215.6949322,
  "total_elapsed_time_seconds": 165.95,
  "rounds_time_stats": {
    "round_1": 30.57,
    "round_2": 21.74,
    "round_3": 26.35,
    "round_4": 28.0,
    "round_5": 29.45,
    "round_6": 29.84
  }
}