{
  "process_start_time": 1767886500.181555,
  "process_end_time": 1767886530.0152123,
  "total_elapsed_time_seconds": 29.83,
  "rounds_time_stats": {
    "round_1": 29.83
  }
}