{
  "process_start_time": 1768108554.1184554,
  "process_end_time": 1768108831.445337,
  "total_elapsed_time_seconds": 277.33,
  "rounds_time_stats": {
    "round_1": 44.49,
    "round_2": 46.5,
    "round_3": 49.44,
    "round_4": 46.04,
    "round_5": 46.2,
    "round_6": 44.66
  }
}