{
  "process_start_time": 1767886079.2833774,
  "process_end_time": 1767886103.3297615,
  "total_elapsed_time_seconds": 24.05,
  "rounds_time_stats": {
    "round_1": 24.04
  }
}