{
  "process_start_time": 1767886296.066982,
  "process_end_time": 1767886337.586147,
  "total_elapsed_time_seconds": 41.52,
  "rounds_time_stats": {
    "round_1": 19.74,
    "round_2": 21.78
  }
}