{
  "process_start_time": 1767887376.4581568,
  "process_end_time": 1767887654.509481,
  "total_elapsed_time_seconds": 278.05,
  "rounds_time_stats": {
    "round_1": 43.06,
    "round_2": 44.51,
    "round_3": 43.09,
    "round_4": 50.2,
    "round_5": 44.09,
    "round_6": 53.07
  }
}