{
  "process_start_time": 1767885391.4735696,
  "process_end_time": 1767885550.658195,
  "total_elapsed_time_seconds": 159.18,
  "rounds_time_stats": {
    "round_1": 24.46,
    "round_2": 29.14,
    "round_3": 44.41,
    "round_4": 29.99,
    "round_5": 31.19
  }
}