{
  "process_start_time": 1767979080.8477383,
  "process_end_time": 1767979262.5304625,
  "total_elapsed_time_seconds": 181.68,
  "rounds_time_stats": {
    "round_1": 34.64,
    "round_2": 32.36,
    "round_3": 29.68,
    "round_4": 32.91,
    "round_5": 26.2,
    "round_6": 25.89
  }
}