{
  "process_start_time": 1767890245.9212701,
  "process_end_time": 1767890310.8486485,
  "total_elapsed_time_seconds": 64.93,
  "rounds_time_stats": {
    "round_1": 10.71,
    "round_2": 8.36,
    "round_3": 10.54,
    "round_4": 10.9,
    "round_5": 12.33,
    "round_6": 12.09
  }
}