{
  "process_start_time": 1767885296.8850253,
  "process_end_time": 1767885402.9806397,
  "total_elapsed_time_seconds": 106.1,
  "rounds_time_stats": {
    "round_1": 12.95,
    "round_2": 16.55,
    "round_3": 12.87,
    "round_4": 21.29,
    "round_5": 27.19,
    "round_6": 15.24
  }
}