{
  "process_start_time": 1767885596.4505622,
  "process_end_time": 1767885640.7521799,
  "total_elapsed_time_seconds": 44.3,
  "rounds_time_stats": {
    "round_1": 24.2,
    "round_2": 19.84,
    "round_3": 0.26
  }
}