{
  "process_start_time": 1767970645.1223638,
  "process_end_time": 1767971360.057759,
  "total_elapsed_time_seconds": 714.94,
  "rounds_time_stats": {
    "round_1": 41.08,
    "round_2": 46.13,
    "round_3": 81.56,
    "round_4": 304.31,
    "round_5": 120.36,
    "round_6": 121.49
  }
}