{
  "process_start_time": 1767679697.1550488,
  "process_end_time": 1767679999.8186731,
  "total_elapsed_time_seconds": 302.66,
  "rounds_time_stats": {
    "round_1": 48.96,
    "round_2": 68.07,
    "round_3": 41.84,
    "round_4": 50.48,
    "round_5": 49.26,
    "round_6": 44.06
  }
}