{
  "process_start_time": 1768115022.3407698,
  "process_end_time": 1768115303.4132154,
  "total_elapsed_time_seconds": 281.07,
  "rounds_time_stats": {
    "round_1": 33.92,
    "round_2": 60.8,
    "round_3": 33.13,
    "round_4": 56.98,
    "round_5": 47.99,
    "round_6": 48.26
  }
}