{
  "process_start_time": 1767978190.8917456,
  "process_end_time": 1767978352.0353477,
  "total_elapsed_time_seconds": 161.14,
  "rounds_time_stats": {
    "round_1": 19.69,
    "round_2": 28.3,
    "round_3": 34.85,
    "round_4": 27.01,
    "round_5": 29.93,
    "round_6": 21.36
  }
}