{
  "process_start_time": 1768550937.144194,
  "process_end_time": 1768551176.0193646,
  "total_elapsed_time_seconds": 238.88,
  "rounds_time_stats": {
    "round_1": 41.55,
    "round_2": 43.82,
    "round_3": 43.8,
    "round_4": 41.78,
    "round_5": 38.58,
    "round_6": 29.34
  }
}