{
  "process_start_time": 1767888859.0817182,
  "process_end_time": 1767888922.5185702,
  "total_elapsed_time_seconds": 63.44,
  "rounds_time_stats": {
    "round_1": 16.04,
    "round_2": 21.16,
    "round_3": 25.91,
    "round_4": 0.32
  }
}