{
  "process_start_time": 1768555226.6456285,
  "process_end_time": 1768555382.0971591,
  "total_elapsed_time_seconds": 155.45,
  "rounds_time_stats": {
    "round_1": 25.54,
    "round_2": 18.46,
    "round_3": 27.09,
    "round_4": 30.64,
    "round_5": 28.57,
    "round_6": 25.16
  }
}