{
  "process_start_time": 1767686727.6028404,
  "process_end_time": 1767687061.115676,
  "total_elapsed_time_seconds": 333.51,
  "rounds_time_stats": {
    "round_1": 78.18,
    "round_2": 48.76,
    "round_3": 41.97,
    "round_4": 62.37,
    "round_5": 57.32,
    "round_6": 44.91
  }
}