{
  "process_start_time": 1767886133.5213778,
  "process_end_time": 1767886154.2764914,
  "total_elapsed_time_seconds": 20.76,
  "rounds_time_stats": {
    "round_1": 20.75
  }
}