{
  "process_start_time": 1767885679.0037045,
  "process_end_time": 1767885754.5216882,
  "total_elapsed_time_seconds": 75.52,
  "rounds_time_stats": {
    "round_1": 26.52,
    "round_2": 25.1,
    "round_3": 23.89
  }
}