{
  "process_start_time": 1767883032.8863995,
  "process_end_time": 1767883056.352587,
  "total_elapsed_time_seconds": 23.47,
  "rounds_time_stats": {
    "round_1": 23.46
  }
}