{
  "process_start_time": 1767890475.4024074,
  "process_end_time": 1767890494.5888417,
  "total_elapsed_time_seconds": 19.19,
  "rounds_time_stats": {
    "round_1": 19.18
  }
}