{
  "process_start_time": 1767884040.2697656,
  "process_end_time": 1767884074.6927354,
  "total_elapsed_time_seconds": 34.42,
  "rounds_time_stats": {
    "round_1": 12.87,
    "round_2": 21.55
  }
}