{
  "process_start_time": 1767886060.8569992,
  "process_end_time": 1767886076.79414,
  "total_elapsed_time_seconds": 15.94,
  "rounds_time_stats": {
    "round_1": 15.93
  }
}