{
  "process_start_time": 1767889701.635178,
  "process_end_time": 1767889812.192543,
  "total_elapsed_time_seconds": 110.56,
  "rounds_time_stats": {
    "round_1": 10.16,
    "round_2": 20.17,
    "round_3": 21.99,
    "round_4": 26.28,
    "round_5": 15.1,
    "round_6": 16.86
  }
}