{
  "process_start_time": 1767970585.2307904,
  "process_end_time": 1767971537.3287537,
  "total_elapsed_time_seconds": 952.1,
  "rounds_time_stats": {
    "round_1": 55.04,
    "round_2": 51.42,
    "round_3": 96.18,
    "round_4": 160.04,
    "round_5": 246.06,
    "round_6": 343.35
  }
}