{
  "process_start_time": 1767883080.7474854,
  "process_end_time": 1767883134.6035738,
  "total_elapsed_time_seconds": 53.86,
  "rounds_time_stats": {
    "round_1": 26.45,
    "round_2": 27.4
  }
}