{
  "process_start_time": 1767975915.0474865,
  "process_end_time": 1767976124.998626,
  "total_elapsed_time_seconds": 209.95,
  "rounds_time_stats": {
    "round_1": 36.88,
    "round_2": 40.77,
    "round_3": 37.21,
    "round_4": 32.7,
    "round_5": 31.63,
    "round_6": 30.76
  }
}