{
  "process_start_time": 1768114486.977049,
  "process_end_time": 1768114754.9621208,
  "total_elapsed_time_seconds": 267.99,
  "rounds_time_stats": {
    "round_1": 28.75,
    "round_2": 47.37,
    "round_3": 32.39,
    "round_4": 40.66,
    "round_5": 52.0,
    "round_6": 66.82
  }
}