{
  "process_start_time": 1767888540.7145529,
  "process_end_time": 1767888570.6045856,
  "total_elapsed_time_seconds": 29.89,
  "rounds_time_stats": {
    "round_1": 16.94,
    "round_2": 12.94
  }
}