{
  "process_start_time": 1767889039.7147372,
  "process_end_time": 1767889049.8682034,
  "total_elapsed_time_seconds": 10.15,
  "rounds_time_stats": {
    "round_1": 10.15
  }
}