{
  "process_start_time": 1768555579.2784202,
  "process_end_time": 1768555743.665999,
  "total_elapsed_time_seconds": 164.39,
  "rounds_time_stats": {
    "round_1": 28.13,
    "round_2": 31.23,
    "round_3": 30.07,
    "round_4": 20.56,
    "round_5": 25.58,
    "round_6": 28.81
  }
}