{
  "process_start_time": 1767975762.4409406,
  "process_end_time": 1767975932.7842035,
  "total_elapsed_time_seconds": 170.34,
  "rounds_time_stats": {
    "round_1": 25.91,
    "round_2": 25.01,
    "round_3": 28.35,
    "round_4": 31.25,
    "round_5": 31.44,
    "round_6": 28.37
  }
}