{
  "process_start_time": 1768109431.0411487,
  "process_end_time": 1768109656.4750557,
  "total_elapsed_time_seconds": 225.43,
  "rounds_time_stats": {
    "round_1": 39.77,
    "round_2": 33.49,
    "round_3": 30.04,
    "round_4": 42.82,
    "round_5": 45.82,
    "round_6": 33.49
  }
}