{
  "process_start_time": 1767679730.240104,
  "process_end_time": 1767680014.7981434,
  "total_elapsed_time_seconds": 284.56,
  "rounds_time_stats": {
    "round_1": 47.15,
    "round_2": 34.85,
    "round_3": 44.27,
    "round_4": 34.12,
    "round_5": 80.71,
    "round_6": 43.44
  }
}