{
  "process_start_time": 1767665184.591338,
  "process_end_time": 1767665464.901883,
  "total_elapsed_time_seconds": 280.31,
  "rounds_time_stats": {
    "round_1": 45.67,
    "round_2": 47.05,
    "round_3": 48.83,
    "round_4": 46.59,
    "round_5": 45.32,
    "round_6": 46.84
  }
}