{
  "process_start_time": 1767979128.9529483,
  "process_end_time": 1767979299.541113,
  "total_elapsed_time_seconds": 170.59,
  "rounds_time_stats": {
    "round_1": 29.93,
    "round_2": 41.08,
    "round_3": 23.49,
    "round_4": 31.04,
    "round_5": 22.8,
    "round_6": 22.24
  }
}