{
  "process_start_time": 1767676340.1778038,
  "process_end_time": 1767676585.785949,
  "total_elapsed_time_seconds": 245.61,
  "rounds_time_stats": {
    "round_1": 33.41,
    "round_2": 46.94,
    "round_3": 43.0,
    "round_4": 33.4,
    "round_5": 43.92,
    "round_6": 44.92
  }
}