{
  "process_start_time": 1767686727.6125672,
  "process_end_time": 1767687072.941946,
  "total_elapsed_time_seconds": 345.33,
  "rounds_time_stats": {
    "round_1": 90.57,
    "round_2": 65.05,
    "round_3": 61.28,
    "round_4": 40.42,
    "round_5": 46.87,
    "round_6": 41.14
  }
}