{
  "process_start_time": 1767978777.444169,
  "process_end_time": 1767978959.7100408,
  "total_elapsed_time_seconds": 182.27,
  "rounds_time_stats": {
    "round_1": 28.96,
    "round_2": 30.37,
    "round_3": 32.36,
    "round_4": 28.34,
    "round_5": 29.41,
    "round_6": 32.82
  }
}