{
  "process_start_time": 1767978951.338291,
  "process_end_time": 1767979219.920879,
  "total_elapsed_time_seconds": 268.58,
  "rounds_time_stats": {
    "round_1": 29.21,
    "round_2": 39.64,
    "round_3": 53.13,
    "round_4": 55.4,
    "round_5": 48.09,
    "round_6": 43.12
  }
}