{
  "process_start_time": 1767691711.159059,
  "process_end_time": 1767692019.5678935,
  "total_elapsed_time_seconds": 308.41,
  "rounds_time_stats": {
    "round_1": 48.38,
    "round_2": 53.46,
    "round_3": 64.81,
    "round_4": 48.05,
    "round_5": 46.0,
    "round_6": 47.71
  }
}