{
  "process_start_time": 1767684302.1641579,
  "process_end_time": 1767684578.5767238,
  "total_elapsed_time_seconds": 276.41,
  "rounds_time_stats": {
    "round_1": 52.02,
    "round_2": 44.39,
    "round_3": 44.35,
    "round_4": 47.21,
    "round_5": 45.86,
    "round_6": 42.57
  }
}