{
  "process_start_time": 1767678932.4275503,
  "process_end_time": 1767679168.0671327,
  "total_elapsed_time_seconds": 235.64,
  "rounds_time_stats": {
    "round_1": 32.76,
    "round_2": 38.58,
    "round_3": 36.49,
    "round_4": 35.45,
    "round_5": 46.53,
    "round_6": 45.81
  }
}