{
  "process_start_time": 1767885184.4237466,
  "process_end_time": 1767885284.1797981,
  "total_elapsed_time_seconds": 99.76,
  "rounds_time_stats": {
    "round_1": 19.17,
    "round_2": 18.9,
    "round_3": 16.05,
    "round_4": 15.36,
    "round_5": 13.7,
    "round_6": 16.56
  }
}