{
  "process_start_time": 1767664926.111562,
  "process_end_time": 1767665217.0105014,
  "total_elapsed_time_seconds": 290.9,
  "rounds_time_stats": {
    "round_1": 40.17,
    "round_2": 44.79,
    "round_3": 63.76,
    "round_4": 46.92,
    "round_5": 48.53,
    "round_6": 46.72
  }
}