{
  "process_start_time": 1767978190.8940082,
  "process_end_time": 1767978328.326242,
  "total_elapsed_time_seconds": 137.43,
  "rounds_time_stats": {
    "round_1": 14.89,
    "round_2": 22.68,
    "round_3": 23.25,
    "round_4": 26.27,
    "round_5": 29.16,
    "round_6": 21.17
  }
}