{
  "process_start_time": 1767884467.9876087,
  "process_end_time": 1767884593.9881508,
  "total_elapsed_time_seconds": 126.0,
  "rounds_time_stats": {
    "round_1": 14.1,
    "round_2": 16.82,
    "round_3": 26.81,
    "round_4": 20.36,
    "round_5": 28.98,
    "round_6": 18.93
  }
}