{
  "process_start_time": 1768117948.398559,
  "process_end_time": 1768118189.5759223,
  "total_elapsed_time_seconds": 241.18,
  "rounds_time_stats": {
    "round_1": 43.96,
    "round_2": 30.07,
    "round_3": 52.92,
    "round_4": 54.33,
    "round_5": 34.35,
    "round_6": 25.55
  }
}