{
  "process_start_time": 1767679731.7711565,
  "process_end_time": 1767680016.2703795,
  "total_elapsed_time_seconds": 284.5,
  "rounds_time_stats": {
    "round_1": 45.21,
    "round_2": 51.76,
    "round_3": 47.64,
    "round_4": 47.64,
    "round_5": 47.6,
    "round_6": 44.64
  }
}