{
  "process_start_time": 1767970265.8750956,
  "process_end_time": 1767970624.7786338,
  "total_elapsed_time_seconds": 358.9,
  "rounds_time_stats": {
    "round_1": 50.18,
    "round_2": 87.19,
    "round_3": 32.95,
    "round_4": 66.4,
    "round_5": 69.85,
    "round_6": 52.32
  }
}