{
  "process_start_time": 1767889622.4879408,
  "process_end_time": 1767889648.0694242,
  "total_elapsed_time_seconds": 25.58,
  "rounds_time_stats": {
    "round_1": 9.68,
    "round_2": 15.49,
    "round_3": 0.41
  }
}