{
  "process_start_time": 1767970624.4178705,
  "process_end_time": 1767971363.6939483,
  "total_elapsed_time_seconds": 739.28,
  "rounds_time_stats": {
    "round_1": 46.22,
    "round_2": 202.89,
    "round_3": 74.77,
    "round_4": 116.28,
    "round_5": 129.86,
    "round_6": 169.26
  }
}