{
  "process_start_time": 1767676646.1407232,
  "process_end_time": 1767676902.4409442,
  "total_elapsed_time_seconds": 256.3,
  "rounds_time_stats": {
    "round_1": 44.1,
    "round_2": 48.53,
    "round_3": 41.76,
    "round_4": 34.47,
    "round_5": 44.66,
    "round_6": 42.79
  }
}