{
  "process_start_time": 1767689712.1944594,
  "process_end_time": 1767690008.3752532,
  "total_elapsed_time_seconds": 296.18,
  "rounds_time_stats": {
    "round_1": 50.38,
    "round_2": 42.67,
    "round_3": 47.82,
    "round_4": 47.6,
    "round_5": 62.68,
    "round_6": 45.02
  }
}