{
  "process_start_time": 1768556836.4540775,
  "process_end_time": 1768556996.5939724,
  "total_elapsed_time_seconds": 160.14,
  "rounds_time_stats": {
    "round_1": 27.78,
    "round_2": 30.75,
    "round_3": 31.26,
    "round_4": 20.71,
    "round_5": 25.4,
    "round_6": 24.24
  }
}