{
  "process_start_time": 1767890463.544409,
  "process_end_time": 1767890533.9615014,
  "total_elapsed_time_seconds": 70.42,
  "rounds_time_stats": {
    "round_1": 23.58,
    "round_2": 18.06,
    "round_3": 28.02,
    "round_4": 0.75
  }
}