{
  "process_start_time": 1767885070.4191506,
  "process_end_time": 1767885120.3321257,
  "total_elapsed_time_seconds": 49.91,
  "rounds_time_stats": {
    "round_1": 16.14,
    "round_2": 16.83,
    "round_3": 16.56,
    "round_4": 0.38
  }
}