{
  "process_start_time": 1767888264.7675893,
  "process_end_time": 1767888275.679826,
  "total_elapsed_time_seconds": 10.91,
  "rounds_time_stats": {
    "round_1": 10.91
  }
}