{
  "process_start_time": 1767887355.3098004,
  "process_end_time": 1767887533.9215283,
  "total_elapsed_time_seconds": 178.61,
  "rounds_time_stats": {
    "round_1": 14.88,
    "round_2": 21.98,
    "round_3": 45.73,
    "round_4": 32.63,
    "round_5": 30.45,
    "round_6": 32.94
  }
}