{
  "process_start_time": 1767884310.0914526,
  "process_end_time": 1767884440.128419,
  "total_elapsed_time_seconds": 130.04,
  "rounds_time_stats": {
    "round_1": 32.68,
    "round_2": 32.89,
    "round_3": 25.55,
    "round_4": 38.88
  }
}