{
  "process_start_time": 1768109291.3898327,
  "process_end_time": 1768109533.545905,
  "total_elapsed_time_seconds": 242.16,
  "rounds_time_stats": {
    "round_1": 34.43,
    "round_2": 42.82,
    "round_3": 44.11,
    "round_4": 33.24,
    "round_5": 45.51,
    "round_6": 42.05
  }
}