{
  "process_start_time": 1767888676.2943382,
  "process_end_time": 1767888703.3020208,
  "total_elapsed_time_seconds": 27.01,
  "rounds_time_stats": {
    "round_1": 27.0
  }
}