{
  "process_start_time": 1767890616.8552852,
  "process_end_time": 1767890769.1852818,
  "total_elapsed_time_seconds": 152.33,
  "rounds_time_stats": {
    "round_1": 24.65,
    "round_2": 25.11,
    "round_3": 28.42,
    "round_4": 23.28,
    "round_5": 26.59,
    "round_6": 24.28
  }
}