{
  "process_start_time": 1767887819.4540424,
  "process_end_time": 1767887861.9672472,
  "total_elapsed_time_seconds": 42.51,
  "rounds_time_stats": {
    "round_1": 25.45,
    "round_2": 17.06
  }
}