{
  "process_start_time": 1767890686.3012226,
  "process_end_time": 1767890716.066729,
  "total_elapsed_time_seconds": 29.77,
  "rounds_time_stats": {
    "round_1": 29.73
  }
}