{
  "process_start_time": 1767888131.1992073,
  "process_end_time": 1767888266.1689656,
  "total_elapsed_time_seconds": 134.97,
  "rounds_time_stats": {
    "round_1": 18.42,
    "round_2": 18.27,
    "round_3": 24.76,
    "round_4": 23.59,
    "round_5": 26.12,
    "round_6": 23.82
  }
}