{
  "process_start_time": 1768114740.234447,
  "process_end_time": 1768115040.1875968,
  "total_elapsed_time_seconds": 299.95,
  "rounds_time_stats": {
    "round_1": 48.88,
    "round_2": 42.53,
    "round_3": 46.29,
    "round_4": 49.69,
    "round_5": 66.42,
    "round_6": 46.14
  }
}