{
  "process_start_time": 1767689167.030411,
  "process_end_time": 1767689496.7345128,
  "total_elapsed_time_seconds": 329.7,
  "rounds_time_stats": {
    "round_1": 72.83,
    "round_2": 50.57,
    "round_3": 42.86,
    "round_4": 66.11,
    "round_5": 50.02,
    "round_6": 47.32
  }
}