{
  "process_start_time": 1768108846.797702,
  "process_end_time": 1768109028.760235,
  "total_elapsed_time_seconds": 181.96,
  "rounds_time_stats": {
    "round_1": 29.67,
    "round_2": 30.65,
    "round_3": 29.09,
    "round_4": 35.23,
    "round_5": 31.98,
    "round_6": 25.34
  }
}