{
  "process_start_time": 1767885830.916655,
  "process_end_time": 1767885893.9180908,
  "total_elapsed_time_seconds": 63.0,
  "rounds_time_stats": {
    "round_1": 13.38,
    "round_2": 24.07,
    "round_3": 25.55
  }
}