{
  "process_start_time": 1767888421.2114015,
  "process_end_time": 1767888444.4648538,
  "total_elapsed_time_seconds": 23.25,
  "rounds_time_stats": {
    "round_1": 12.09,
    "round_2": 11.16
  }
}