{
  "process_start_time": 1767889022.0427806,
  "process_end_time": 1767889215.1441016,
  "total_elapsed_time_seconds": 193.1,
  "rounds_time_stats": {
    "round_1": 26.15,
    "round_2": 23.33,
    "round_3": 29.95,
    "round_4": 29.86,
    "round_5": 46.13,
    "round_6": 37.69
  }
}