{
  "process_start_time": 1767687294.156526,
  "process_end_time": 1767687592.551924,
  "total_elapsed_time_seconds": 298.4,
  "rounds_time_stats": {
    "round_1": 63.06,
    "round_2": 45.28,
    "round_3": 50.18,
    "round_4": 48.32,
    "round_5": 49.01,
    "round_6": 42.54
  }
}