{
  "process_start_time": 1767888673.4899023,
  "process_end_time": 1767888703.1970506,
  "total_elapsed_time_seconds": 29.71,
  "rounds_time_stats": {
    "round_1": 29.7
  }
}