{
  "process_start_time": 1767971408.710207,
  "process_end_time": 1767973131.6959555,
  "total_elapsed_time_seconds": 1722.99,
  "rounds_time_stats": {
    "round_1": 1618.02,
    "round_2": 27.29,
    "round_3": 21.13,
    "round_4": 18.77,
    "round_5": 20.01,
    "round_6": 17.76
  }
}