{
  "process_start_time": 1767888840.3117025,
  "process_end_time": 1767888853.340381,
  "total_elapsed_time_seconds": 13.03,
  "rounds_time_stats": {
    "round_1": 13.03
  }
}