{
  "process_start_time": 1767883533.5494256,
  "process_end_time": 1767883677.00894,
  "total_elapsed_time_seconds": 143.46,
  "rounds_time_stats": {
    "round_1": 30.18,
    "round_2": 26.62,
    "round_3": 34.68,
    "round_4": 18.82,
    "round_5": 16.56,
    "round_6": 16.59
  }
}