{
  "process_start_time": 1767887884.7925107,
  "process_end_time": 1767887916.4476283,
  "total_elapsed_time_seconds": 31.66,
  "rounds_time_stats": {
    "round_1": 31.65
  }
}