{
  "process_start_time": 1767678883.0082538,
  "process_end_time": 1767678932.4133823,
  "total_elapsed_time_seconds": 49.41,
  "rounds_time_stats": {
    "round_1": 49.38
  }
}