{
  "process_start_time": 1768550429.9200995,
  "process_end_time": 1768550687.9128766,
  "total_elapsed_time_seconds": 257.99,
  "rounds_time_stats": {
    "round_1": 44.77,
    "round_2": 40.75,
    "round_3": 38.63,
    "round_4": 44.11,
    "round_5": 46.38,
    "round_6": 43.35
  }
}