{
  "process_start_time": 1768555687.5811188,
  "process_end_time": 1768555849.6140175,
  "total_elapsed_time_seconds": 162.03,
  "rounds_time_stats": {
    "round_1": 23.07,
    "round_2": 23.97,
    "round_3": 27.74,
    "round_4": 28.21,
    "round_5": 30.34,
    "round_6": 28.69
  }
}