{
  "process_start_time": 1767886407.6516604,
  "process_end_time": 1767886459.2958205,
  "total_elapsed_time_seconds": 51.64,
  "rounds_time_stats": {
    "round_1": 23.93,
    "round_2": 27.71
  }
}