{
  "process_start_time": 1767887312.4559991,
  "process_end_time": 1767887418.43523,
  "total_elapsed_time_seconds": 105.98,
  "rounds_time_stats": {
    "round_1": 34.28,
    "round_2": 36.23,
    "round_3": 35.46
  }
}