{
  "process_start_time": 1767888261.925089,
  "process_end_time": 1767888288.7119458,
  "total_elapsed_time_seconds": 26.79,
  "rounds_time_stats": {
    "round_1": 26.58,
    "round_2": 0.2
  }
}