{
  "process_start_time": 1767889814.8671625,
  "process_end_time": 1767889867.8213384,
  "total_elapsed_time_seconds": 52.95,
  "rounds_time_stats": {
    "round_1": 26.1,
    "round_2": 26.85
  }
}