{
  "process_start_time": 1767688848.6340454,
  "process_end_time": 1767689135.0586553,
  "total_elapsed_time_seconds": 286.42,
  "rounds_time_stats": {
    "round_1": 48.72,
    "round_2": 45.21,
    "round_3": 49.67,
    "round_4": 46.24,
    "round_5": 49.06,
    "round_6": 47.52
  }
}