{
  "process_start_time": 1768556218.710804,
  "process_end_time": 1768556429.146317,
  "total_elapsed_time_seconds": 210.44,
  "rounds_time_stats": {
    "round_1": 24.2,
    "round_2": 34.07,
    "round_3": 36.29,
    "round_4": 37.13,
    "round_5": 41.78,
    "round_6": 36.96
  }
}