{
  "process_start_time": 1768109307.2409723,
  "process_end_time": 1768109548.6482215,
  "total_elapsed_time_seconds": 241.41,
  "rounds_time_stats": {
    "round_1": 35.78,
    "round_2": 35.36,
    "round_3": 38.65,
    "round_4": 43.74,
    "round_5": 46.34,
    "round_6": 41.53
  }
}