{
  "process_start_time": 1768555506.4825463,
  "process_end_time": 1768555706.8536885,
  "total_elapsed_time_seconds": 200.37,
  "rounds_time_stats": {
    "round_1": 34.68,
    "round_2": 38.09,
    "round_3": 29.83,
    "round_4": 27.08,
    "round_5": 32.76,
    "round_6": 37.94
  }
}