{
  "process_start_time": 1767887904.8620062,
  "process_end_time": 1767888158.442666,
  "total_elapsed_time_seconds": 253.58,
  "rounds_time_stats": {
    "round_1": 30.58,
    "round_2": 52.7,
    "round_3": 51.59,
    "round_4": 40.1,
    "round_5": 34.21,
    "round_6": 44.39
  }
}