{
  "process_start_time": 1767890723.2189276,
  "process_end_time": 1767890752.6561942,
  "total_elapsed_time_seconds": 29.44,
  "rounds_time_stats": {
    "round_1": 29.34
  }
}