{
  "process_start_time": 1767973961.5610027,
  "process_end_time": 1767974365.7665637,
  "total_elapsed_time_seconds": 404.21,
  "rounds_time_stats": {
    "round_1": 65.59,
    "round_2": 90.37,
    "round_3": 54.19,
    "round_4": 70.32,
    "round_5": 53.67,
    "round_6": 70.06
  }
}