{
  "process_start_time": 1767979110.9960876,
  "process_end_time": 1767979262.7024724,
  "total_elapsed_time_seconds": 151.71,
  "rounds_time_stats": {
    "round_1": 24.99,
    "round_2": 22.99,
    "round_3": 27.49,
    "round_4": 24.28,
    "round_5": 25.56,
    "round_6": 26.41
  }
}