{
  "process_start_time": 1768555252.3179681,
  "process_end_time": 1768555296.331985,
  "total_elapsed_time_seconds": 44.01,
  "rounds_time_stats": {
    "round_1": 43.98
  }
}