{
  "process_start_time": 1767886462.152472,
  "process_end_time": 1767886479.790479,
  "total_elapsed_time_seconds": 17.64,
  "rounds_time_stats": {
    "round_1": 17.63
  }
}