{
  "process_start_time": 1768555927.9735398,
  "process_end_time": 1768556122.8262389,
  "total_elapsed_time_seconds": 194.85,
  "rounds_time_stats": {
    "round_1": 23.56,
    "round_2": 35.66,
    "round_3": 35.9,
    "round_4": 30.34,
    "round_5": 35.26,
    "round_6": 34.13
  }
}