{
  "process_start_time": 1767685211.7867837,
  "process_end_time": 1767685485.1000578,
  "total_elapsed_time_seconds": 273.31,
  "rounds_time_stats": {
    "round_1": 36.18,
    "round_2": 35.91,
    "round_3": 63.4,
    "round_4": 43.64,
    "round_5": 42.58,
    "round_6": 51.6
  }
}