{
  "process_start_time": 1767890172.4902165,
  "process_end_time": 1767890182.8006995,
  "total_elapsed_time_seconds": 10.31,
  "rounds_time_stats": {
    "round_1": 10.31
  }
}