{
  "process_start_time": 1767887122.912065,
  "process_end_time": 1767887150.3213277,
  "total_elapsed_time_seconds": 27.41,
  "rounds_time_stats": {
    "round_1": 27.41
  }
}