{
  "process_start_time": 1767885975.5788832,
  "process_end_time": 1767886031.4617577,
  "total_elapsed_time_seconds": 55.88,
  "rounds_time_stats": {
    "round_1": 25.2,
    "round_2": 30.68
  }
}