{
  "process_start_time": 1768552034.2760243,
  "process_end_time": 1768552218.519015,
  "total_elapsed_time_seconds": 184.24,
  "rounds_time_stats": {
    "round_1": 21.82,
    "round_2": 25.08,
    "round_3": 27.45,
    "round_4": 40.11,
    "round_5": 34.54,
    "round_6": 35.24
  }
}