{
  "process_start_time": 1767688529.929779,
  "process_end_time": 1767688821.9664752,
  "total_elapsed_time_seconds": 292.04,
  "rounds_time_stats": {
    "round_1": 41.36,
    "round_2": 49.14,
    "round_3": 53.19,
    "round_4": 50.39,
    "round_5": 48.77,
    "round_6": 49.15
  }
}