{
  "process_start_time": 1767676360.71658,
  "process_end_time": 1767676647.4696414,
  "total_elapsed_time_seconds": 286.75,
  "rounds_time_stats": {
    "round_1": 41.97,
    "round_2": 51.13,
    "round_3": 43.3,
    "round_4": 42.78,
    "round_5": 47.89,
    "round_6": 59.68
  }
}