{
  "process_start_time": 1767975482.0190985,
  "process_end_time": 1767975616.1711566,
  "total_elapsed_time_seconds": 134.15,
  "rounds_time_stats": {
    "round_1": 26.74,
    "round_2": 27.72,
    "round_3": 25.15,
    "round_4": 20.33,
    "round_5": 18.91,
    "round_6": 15.31
  }
}