{
  "process_start_time": 1767689977.6727087,
  "process_end_time": 1767690248.75328,
  "total_elapsed_time_seconds": 271.08,
  "rounds_time_stats": {
    "round_1": 41.65,
    "round_2": 47.46,
    "round_3": 44.6,
    "round_4": 43.25,
    "round_5": 45.31,
    "round_6": 48.8
  }
}