{
  "process_start_time": 1767885595.083398,
  "process_end_time": 1767885612.987535,
  "total_elapsed_time_seconds": 17.9,
  "rounds_time_stats": {
    "round_1": 17.9
  }
}