{
  "process_start_time": 1767886821.357042,
  "process_end_time": 1767886847.3811214,
  "total_elapsed_time_seconds": 26.02,
  "rounds_time_stats": {
    "round_1": 25.99
  }
}