{
  "process_start_time": 1767679761.1928413,
  "process_end_time": 1767680060.3548489,
  "total_elapsed_time_seconds": 299.16,
  "rounds_time_stats": {
    "round_1": 51.85,
    "round_2": 45.92,
    "round_3": 48.88,
    "round_4": 46.49,
    "round_5": 63.82,
    "round_6": 42.19
  }
}