{
  "process_start_time": 1767890308.6984458,
  "process_end_time": 1767890367.345242,
  "total_elapsed_time_seconds": 58.65,
  "rounds_time_stats": {
    "round_1": 19.12,
    "round_2": 19.66,
    "round_3": 19.86
  }
}