{
  "process_start_time": 1767882890.747755,
  "process_end_time": 1767882956.7863088,
  "total_elapsed_time_seconds": 66.04,
  "rounds_time_stats": {
    "round_1": 21.81,
    "round_2": 22.71,
    "round_3": 21.18,
    "round_4": 0.33
  }
}