{
  "process_start_time": 1767689761.2302854,
  "process_end_time": 1767690021.6524563,
  "total_elapsed_time_seconds": 260.42,
  "rounds_time_stats": {
    "round_1": 37.27,
    "round_2": 37.6,
    "round_3": 65.08,
    "round_4": 44.73,
    "round_5": 41.94,
    "round_6": 33.81
  }
}