{
  "process_start_time": 1767887501.7640295,
  "process_end_time": 1767887527.1176975,
  "total_elapsed_time_seconds": 25.35,
  "rounds_time_stats": {
    "round_1": 25.35
  }
}