{
  "process_start_time": 1767687874.5137866,
  "process_end_time": 1767688170.9365983,
  "total_elapsed_time_seconds": 296.42,
  "rounds_time_stats": {
    "round_1": 44.1,
    "round_2": 45.88,
    "round_3": 43.82,
    "round_4": 49.82,
    "round_5": 58.46,
    "round_6": 54.34
  }
}