{
  "process_start_time": 1767681449.5790346,
  "process_end_time": 1767681641.9809034,
  "total_elapsed_time_seconds": 192.4,
  "rounds_time_stats": {
    "round_1": 48.1,
    "round_2": 42.79,
    "round_3": 36.11,
    "round_4": 29.44,
    "round_5": 18.32,
    "round_6": 17.63
  }
}