{
  "process_start_time": 1767884254.5024536,
  "process_end_time": 1767884268.8521214,
  "total_elapsed_time_seconds": 14.35,
  "rounds_time_stats": {
    "round_1": 14.35
  }
}