{
  "process_start_time": 1767883100.8479118,
  "process_end_time": 1767883158.376925,
  "total_elapsed_time_seconds": 57.53,
  "rounds_time_stats": {
    "round_1": 29.09,
    "round_2": 28.44
  }
}