{
  "process_start_time": 1767885360.8944623,
  "process_end_time": 1767885382.372809,
  "total_elapsed_time_seconds": 21.48,
  "rounds_time_stats": {
    "round_1": 21.48
  }
}