{
  "process_start_time": 1767884428.3760378,
  "process_end_time": 1767884452.859559,
  "total_elapsed_time_seconds": 24.48,
  "rounds_time_stats": {
    "round_1": 24.48
  }
}