{
  "process_start_time": 1767973961.5632029,
  "process_end_time": 1767974271.4838996,
  "total_elapsed_time_seconds": 309.92,
  "rounds_time_stats": {
    "round_1": 65.47,
    "round_2": 47.37,
    "round_3": 40.87,
    "round_4": 43.32,
    "round_5": 58.02,
    "round_6": 54.86
  }
}