{
  "process_start_time": 1767889447.7494261,
  "process_end_time": 1767889515.8376324,
  "total_elapsed_time_seconds": 68.09,
  "rounds_time_stats": {
    "round_1": 8.2,
    "round_2": 12.6,
    "round_3": 9.72,
    "round_4": 13.2,
    "round_5": 10.34,
    "round_6": 14.03
  }
}