{
  "process_start_time": 1768556401.2453666,
  "process_end_time": 1768556595.23286,
  "total_elapsed_time_seconds": 193.99,
  "rounds_time_stats": {
    "round_1": 30.2,
    "round_2": 38.08,
    "round_3": 27.61,
    "round_4": 27.79,
    "round_5": 32.48,
    "round_6": 37.82
  }
}