{
  "process_start_time": 1768109023.7546256,
  "process_end_time": 1768109291.3890514,
  "total_elapsed_time_seconds": 267.63,
  "rounds_time_stats": {
    "round_1": 47.28,
    "round_2": 46.34,
    "round_3": 45.24,
    "round_4": 42.97,
    "round_5": 30.89,
    "round_6": 54.92
  }
}