{
  "process_start_time": 1767886658.000544,
  "process_end_time": 1767886683.188246,
  "total_elapsed_time_seconds": 25.19,
  "rounds_time_stats": {
    "round_1": 25.18
  }
}