{
  "process_start_time": 1767975136.2569506,
  "process_end_time": 1767975326.3347578,
  "total_elapsed_time_seconds": 190.08,
  "rounds_time_stats": {
    "round_1": 31.46,
    "round_2": 31.61,
    "round_3": 35.72,
    "round_4": 36.6,
    "round_5": 30.69,
    "round_6": 24.0
  }
}