{
  "process_start_time": 1767684429.499633,
  "process_end_time": 1767684688.018545,
  "total_elapsed_time_seconds": 258.52,
  "rounds_time_stats": {
    "round_1": 58.63,
    "round_2": 44.86,
    "round_3": 43.99,
    "round_4": 32.74,
    "round_5": 45.33,
    "round_6": 32.98
  }
}