{
  "process_start_time": 1768552264.8821027,
  "process_end_time": 1768552563.2863667,
  "total_elapsed_time_seconds": 298.4,
  "rounds_time_stats": {
    "round_1": 28.91,
    "round_2": 33.96,
    "round_3": 38.54,
    "round_4": 35.41,
    "round_5": 125.81,
    "round_6": 35.77
  }
}