{
  "process_start_time": 1767969850.425413,
  "process_end_time": 1767970177.0151708,
  "total_elapsed_time_seconds": 326.59,
  "rounds_time_stats": {
    "round_1": 148.43,
    "round_2": 57.94,
    "round_3": 42.76,
    "round_4": 29.97,
    "round_5": 28.83,
    "round_6": 18.67
  }
}