{
  "process_start_time": 1767883492.7677562,
  "process_end_time": 1767883509.0418327,
  "total_elapsed_time_seconds": 16.27,
  "rounds_time_stats": {
    "round_1": 16.27
  }
}