{
  "process_start_time": 1767688556.8691761,
  "process_end_time": 1767688896.5133605,
  "total_elapsed_time_seconds": 339.64,
  "rounds_time_stats": {
    "round_1": 63.93,
    "round_2": 53.8,
    "round_3": 49.9,
    "round_4": 49.14,
    "round_5": 48.37,
    "round_6": 74.49
  }
}