{
  "process_start_time": 1767971581.9327183,
  "process_end_time": 1767973164.6798363,
  "total_elapsed_time_seconds": 1582.75,
  "rounds_time_stats": {
    "round_1": 1457.9,
    "round_2": 28.42,
    "round_3": 26.7,
    "round_4": 24.15,
    "round_5": 22.2,
    "round_6": 23.36
  }
}