{
  "process_start_time": 1767676889.3372414,
  "process_end_time": 1767677142.5410106,
  "total_elapsed_time_seconds": 253.2,
  "rounds_time_stats": {
    "round_1": 47.48,
    "round_2": 41.8,
    "round_3": 28.43,
    "round_4": 35.26,
    "round_5": 40.17,
    "round_6": 60.06
  }
}