{
  "process_start_time": 1767676615.5127175,
  "process_end_time": 1767676938.2905474,
  "total_elapsed_time_seconds": 322.78,
  "rounds_time_stats": {
    "round_1": 44.86,
    "round_2": 50.11,
    "round_3": 55.89,
    "round_4": 61.61,
    "round_5": 49.19,
    "round_6": 61.12
  }
}