{
  "process_start_time": 1767890042.9653082,
  "process_end_time": 1767890114.6947935,
  "total_elapsed_time_seconds": 71.73,
  "rounds_time_stats": {
    "round_1": 46.41,
    "round_2": 25.32
  }
}