{
  "process_start_time": 1767688523.6475356,
  "process_end_time": 1767688836.478944,
  "total_elapsed_time_seconds": 312.83,
  "rounds_time_stats": {
    "round_1": 43.08,
    "round_2": 55.98,
    "round_3": 49.65,
    "round_4": 52.7,
    "round_5": 47.89,
    "round_6": 63.54
  }
}