{
  "process_start_time": 1767682370.3192606,
  "process_end_time": 1767682687.7199395,
  "total_elapsed_time_seconds": 317.4,
  "rounds_time_stats": {
    "round_1": 84.56,
    "round_2": 45.99,
    "round_3": 45.89,
    "round_4": 44.88,
    "round_5": 46.8,
    "round_6": 49.29
  }
}