{
  "process_start_time": 1767973961.5385075,
  "process_end_time": 1767974270.247396,
  "total_elapsed_time_seconds": 308.71,
  "rounds_time_stats": {
    "round_1": 34.12,
    "round_2": 43.3,
    "round_3": 49.04,
    "round_4": 57.12,
    "round_5": 69.86,
    "round_6": 55.27
  }
}