{
  "process_start_time": 1768748393.5619593,
  "process_end_time": 1768748591.0976827,
  "total_elapsed_time_seconds": 197.54,
  "rounds_time_stats": {
    "round_1": 36.88,
    "round_2": 30.68,
    "round_3": 30.47,
    "round_4": 34.45,
    "round_5": 32.34,
    "round_6": 32.73
  }
}