{
  "process_start_time": 1767884727.2860148,
  "process_end_time": 1767884821.4649613,
  "total_elapsed_time_seconds": 94.18,
  "rounds_time_stats": {
    "round_1": 15.0,
    "round_2": 15.25,
    "round_3": 12.31,
    "round_4": 18.07,
    "round_5": 17.04,
    "round_6": 16.5
  }
}