{
  "process_start_time": 1768108031.7391088,
  "process_end_time": 1768108284.9527698,
  "total_elapsed_time_seconds": 253.21,
  "rounds_time_stats": {
    "round_1": 34.55,
    "round_2": 35.61,
    "round_3": 47.8,
    "round_4": 46.9,
    "round_5": 43.84,
    "round_6": 44.51
  }
}