{
  "process_start_time": 1767885354.6155405,
  "process_end_time": 1767885395.4267442,
  "total_elapsed_time_seconds": 40.81,
  "rounds_time_stats": {
    "round_1": 40.79
  }
}