{
  "process_start_time": 1767884901.8391771,
  "process_end_time": 1767885029.0381346,
  "total_elapsed_time_seconds": 127.2,
  "rounds_time_stats": {
    "round_1": 127.2
  }
}