{
  "process_start_time": 1767688880.511632,
  "process_end_time": 1767689167.0294552,
  "total_elapsed_time_seconds": 286.52,
  "rounds_time_stats": {
    "round_1": 40.94,
    "round_2": 55.54,
    "round_3": 44.52,
    "round_4": 49.41,
    "round_5": 49.12,
    "round_6": 47.0
  }
}