{
  "process_start_time": 1767677117.476244,
  "process_end_time": 1767677383.8004322,
  "total_elapsed_time_seconds": 266.32,
  "rounds_time_stats": {
    "round_1": 61.44,
    "round_2": 43.57,
    "round_3": 45.7,
    "round_4": 44.81,
    "round_5": 41.74,
    "round_6": 29.05
  }
}