{
  "process_start_time": 1767889448.85404,
  "process_end_time": 1767889528.160731,
  "total_elapsed_time_seconds": 79.31,
  "rounds_time_stats": {
    "round_1": 13.98,
    "round_2": 13.36,
    "round_3": 11.09,
    "round_4": 16.67,
    "round_5": 13.16,
    "round_6": 11.04
  }
}