{
  "process_start_time": 1767677448.3062377,
  "process_end_time": 1767677645.6378784,
  "total_elapsed_time_seconds": 197.33,
  "rounds_time_stats": {
    "round_1": 30.56,
    "round_2": 32.59,
    "round_3": 37.7,
    "round_4": 36.51,
    "round_5": 36.9,
    "round_6": 23.07
  }
}