{
  "process_start_time": 1767889158.6593187,
  "process_end_time": 1767889218.6676807,
  "total_elapsed_time_seconds": 60.01,
  "rounds_time_stats": {
    "round_1": 10.88,
    "round_2": 8.7,
    "round_3": 10.9,
    "round_4": 12.06,
    "round_5": 8.69,
    "round_6": 8.79
  }
}