{
  "process_start_time": 1768115224.1189077,
  "process_end_time": 1768115497.1840937,
  "total_elapsed_time_seconds": 273.07,
  "rounds_time_stats": {
    "round_1": 37.57,
    "round_2": 105.3,
    "round_3": 30.06,
    "round_4": 29.67,
    "round_5": 45.13,
    "round_6": 25.32
  }
}