{
  "process_start_time": 1767683021.8788824,
  "process_end_time": 1767683310.1900856,
  "total_elapsed_time_seconds": 288.31,
  "rounds_time_stats": {
    "round_1": 59.31,
    "round_2": 47.48,
    "round_3": 45.18,
    "round_4": 46.11,
    "round_5": 48.95,
    "round_6": 41.28
  }
}