{
  "process_start_time": 1768550210.7297215,
  "process_end_time": 1768550454.6661992,
  "total_elapsed_time_seconds": 243.94,
  "rounds_time_stats": {
    "round_1": 46.52,
    "round_2": 30.06,
    "round_3": 51.58,
    "round_4": 36.09,
    "round_5": 34.08,
    "round_6": 45.6
  }
}