{
  "process_start_time": 1767679473.9469268,
  "process_end_time": 1767679760.826799,
  "total_elapsed_time_seconds": 286.88,
  "rounds_time_stats": {
    "round_1": 45.2,
    "round_2": 47.98,
    "round_3": 56.66,
    "round_4": 46.83,
    "round_5": 46.24,
    "round_6": 43.96
  }
}