{
  "process_start_time": 1767888435.2949522,
  "process_end_time": 1767888664.9141412,
  "total_elapsed_time_seconds": 229.62,
  "rounds_time_stats": {
    "round_1": 27.36,
    "round_2": 30.05,
    "round_3": 31.58,
    "round_4": 33.71,
    "round_5": 75.64,
    "round_6": 31.28
  }
}