{
  "process_start_time": 1768550224.6716971,
  "process_end_time": 1768550487.14907,
  "total_elapsed_time_seconds": 262.48,
  "rounds_time_stats": {
    "round_1": 41.95,
    "round_2": 42.72,
    "round_3": 44.86,
    "round_4": 47.02,
    "round_5": 45.68,
    "round_6": 40.23
  }
}