{
  "process_start_time": 1767885709.1614046,
  "process_end_time": 1767885737.8644452,
  "total_elapsed_time_seconds": 28.7,
  "rounds_time_stats": {
    "round_1": 14.87,
    "round_2": 13.81
  }
}