{
  "process_start_time": 1767887408.116177,
  "process_end_time": 1767887426.9501688,
  "total_elapsed_time_seconds": 18.83,
  "rounds_time_stats": {
    "round_1": 18.83
  }
}