{
  "process_start_time": 1767888944.0636091,
  "process_end_time": 1767888957.3772683,
  "total_elapsed_time_seconds": 13.31,
  "rounds_time_stats": {
    "round_1": 13.31
  }
}