{
  "process_start_time": 1767889695.7879238,
  "process_end_time": 1767889732.3282132,
  "total_elapsed_time_seconds": 36.54,
  "rounds_time_stats": {
    "round_1": 17.27,
    "round_2": 19.27
  }
}