{
  "process_start_time": 1767889833.5405416,
  "process_end_time": 1767889843.8365102,
  "total_elapsed_time_seconds": 10.3,
  "rounds_time_stats": {
    "round_1": 10.29
  }
}