{
  "process_start_time": 1767890646.308057,
  "process_end_time": 1767890703.3035707,
  "total_elapsed_time_seconds": 57.0,
  "rounds_time_stats": {
    "round_1": 56.96
  }
}