{
  "process_start_time": 1767684152.046905,
  "process_end_time": 1767684460.9419796,
  "total_elapsed_time_seconds": 308.9,
  "rounds_time_stats": {
    "round_1": 46.31,
    "round_2": 42.9,
    "round_3": 49.27,
    "round_4": 49.9,
    "round_5": 73.97,
    "round_6": 46.54
  }
}