{
  "process_start_time": 1767680791.4652176,
  "process_end_time": 1767681064.2053967,
  "total_elapsed_time_seconds": 272.74,
  "rounds_time_stats": {
    "round_1": 43.46,
    "round_2": 47.85,
    "round_3": 42.22,
    "round_4": 48.84,
    "round_5": 46.73,
    "round_6": 43.65
  }
}