{
  "process_start_time": 1767678652.266125,
  "process_end_time": 1767678939.782688,
  "total_elapsed_time_seconds": 287.52,
  "rounds_time_stats": {
    "round_1": 43.17,
    "round_2": 59.42,
    "round_3": 52.39,
    "round_4": 49.33,
    "round_5": 32.57,
    "round_6": 50.63
  }
}