{
  "process_start_time": 1767888878.4170718,
  "process_end_time": 1767888912.897852,
  "total_elapsed_time_seconds": 34.48,
  "rounds_time_stats": {
    "round_1": 11.66,
    "round_2": 22.82
  }
}