{
  "process_start_time": 1767890325.0795088,
  "process_end_time": 1767890367.7704387,
  "total_elapsed_time_seconds": 42.69,
  "rounds_time_stats": {
    "round_1": 22.64,
    "round_2": 20.04
  }
}