{
  "process_start_time": 1767889085.8449507,
  "process_end_time": 1767889094.369299,
  "total_elapsed_time_seconds": 8.52,
  "rounds_time_stats": {
    "round_1": 8.52
  }
}