{
  "process_start_time": 1767850145.3243139,
  "process_end_time": 1767850248.1316676,
  "total_elapsed_time_seconds": 102.81,
  "rounds_time_stats": {
    "round_1": 23.37,
    "round_2": 22.4,
    "round_3": 14.43,
    "round_4": 15.76,
    "round_5": 13.41,
    "round_6": 13.44
  }
}