{
  "process_start_time": 1768552275.3466098,
  "process_end_time": 1768552808.0732396,
  "total_elapsed_time_seconds": 532.73,
  "rounds_time_stats": {
    "round_1": 42.51,
    "round_2": 48.22,
    "round_3": 162.19,
    "round_4": 96.85,
    "round_5": 108.09,
    "round_6": 74.86
  }
}