{
  "process_start_time": 1767889785.493939,
  "process_end_time": 1767889809.44728,
  "total_elapsed_time_seconds": 23.95,
  "rounds_time_stats": {
    "round_1": 23.94
  }
}