{
  "process_start_time": 1767679135.4534392,
  "process_end_time": 1767679402.8802106,
  "total_elapsed_time_seconds": 267.43,
  "rounds_time_stats": {
    "round_1": 46.27,
    "round_2": 41.85,
    "round_3": 42.21,
    "round_4": 49.39,
    "round_5": 45.13,
    "round_6": 42.57
  }
}