{
  "process_start_time": 1767969222.4514594,
  "process_end_time": 1767969485.658365,
  "total_elapsed_time_seconds": 263.21,
  "rounds_time_stats": {
    "round_1": 27.77,
    "round_2": 34.86,
    "round_3": 47.0,
    "round_4": 51.1,
    "round_5": 36.49,
    "round_6": 65.97
  }
}