{
  "process_start_time": 1767687017.4876754,
  "process_end_time": 1767687278.7464004,
  "total_elapsed_time_seconds": 261.26,
  "rounds_time_stats": {
    "round_1": 41.36,
    "round_2": 41.18,
    "round_3": 44.28,
    "round_4": 43.82,
    "round_5": 42.43,
    "round_6": 48.19
  }
}