{
  "process_start_time": 1767890171.4998164,
  "process_end_time": 1767890183.7956178,
  "total_elapsed_time_seconds": 12.3,
  "rounds_time_stats": {
    "round_1": 12.29
  }
}