{
  "process_start_time": 1767890633.2207122,
  "process_end_time": 1767890709.3610632,
  "total_elapsed_time_seconds": 76.14,
  "rounds_time_stats": {
    "round_1": 35.82,
    "round_2": 39.99,
    "round_3": 0.32
  }
}