{
  "process_start_time": 1767692221.9538012,
  "process_end_time": 1767692432.7006445,
  "total_elapsed_time_seconds": 210.75,
  "rounds_time_stats": {
    "round_1": 38.39,
    "round_2": 45.59,
    "round_3": 33.96,
    "round_4": 32.63,
    "round_5": 27.98,
    "round_6": 32.19
  }
}