{
  "process_start_time": 1767882921.6419973,
  "process_end_time": 1767882944.6093638,
  "total_elapsed_time_seconds": 22.97,
  "rounds_time_stats": {
    "round_1": 22.96
  }
}