{
  "process_start_time": 1767885820.6577978,
  "process_end_time": 1767885875.9185357,
  "total_elapsed_time_seconds": 55.26,
  "rounds_time_stats": {
    "round_1": 27.73,
    "round_2": 27.09,
    "round_3": 0.42
  }
}