{
  "process_start_time": 1767679460.7336376,
  "process_end_time": 1767679731.7677996,
  "total_elapsed_time_seconds": 271.03,
  "rounds_time_stats": {
    "round_1": 42.87,
    "round_2": 43.35,
    "round_3": 46.24,
    "round_4": 47.63,
    "round_5": 42.93,
    "round_6": 48.0
  }
}