{
  "process_start_time": 1767883714.4505892,
  "process_end_time": 1767883873.61596,
  "total_elapsed_time_seconds": 159.17,
  "rounds_time_stats": {
    "round_1": 26.86,
    "round_2": 30.78,
    "round_3": 28.55,
    "round_4": 26.37,
    "round_5": 22.22,
    "round_6": 24.38
  }
}