{
  "process_start_time": 1768555469.1228116,
  "process_end_time": 1768555517.176397,
  "total_elapsed_time_seconds": 48.05,
  "rounds_time_stats": {
    "round_1": 48.03
  }
}