{
  "process_start_time": 1767974676.812399,
  "process_end_time": 1767975011.694961,
  "total_elapsed_time_seconds": 334.88,
  "rounds_time_stats": {
    "round_1": 97.34,
    "round_2": 49.65,
    "round_3": 42.21,
    "round_4": 40.84,
    "round_5": 48.68,
    "round_6": 56.16
  }
}