{
  "process_start_time": 1767975444.9683459,
  "process_end_time": 1767975589.9294336,
  "total_elapsed_time_seconds": 144.96,
  "rounds_time_stats": {
    "round_1": 26.76,
    "round_2": 26.85,
    "round_3": 26.92,
    "round_4": 20.05,
    "round_5": 24.47,
    "round_6": 19.91
  }
}