{
  "process_start_time": 1767883575.4547315,
  "process_end_time": 1767883809.5565314,
  "total_elapsed_time_seconds": 234.1,
  "rounds_time_stats": {
    "round_1": 39.49,
    "round_2": 35.34,
    "round_3": 36.3,
    "round_4": 43.07,
    "round_5": 39.45,
    "round_6": 40.44
  }
}