{
  "process_start_time": 1767683016.9140692,
  "process_end_time": 1767683311.8065293,
  "total_elapsed_time_seconds": 294.89,
  "rounds_time_stats": {
    "round_1": 50.85,
    "round_2": 62.04,
    "round_3": 41.42,
    "round_4": 49.56,
    "round_5": 44.1,
    "round_6": 46.93
  }
}