{
  "process_start_time": 1767886363.2000055,
  "process_end_time": 1767886414.4165068,
  "total_elapsed_time_seconds": 51.22,
  "rounds_time_stats": {
    "round_1": 27.44,
    "round_2": 23.77
  }
}