{
  "process_start_time": 1767977830.9472566,
  "process_end_time": 1767978047.4375226,
  "total_elapsed_time_seconds": 216.49,
  "rounds_time_stats": {
    "round_1": 41.98,
    "round_2": 40.27,
    "round_3": 44.44,
    "round_4": 38.12,
    "round_5": 27.44,
    "round_6": 24.23
  }
}