{
  "process_start_time": 1768552053.1595404,
  "process_end_time": 1768552209.2324817,
  "total_elapsed_time_seconds": 156.07,
  "rounds_time_stats": {
    "round_1": 28.11,
    "round_2": 26.33,
    "round_3": 21.63,
    "round_4": 26.49,
    "round_5": 25.57,
    "round_6": 27.94
  }
}