{
  "process_start_time": 1767890877.4599137,
  "process_end_time": 1767890931.1875408,
  "total_elapsed_time_seconds": 53.73,
  "rounds_time_stats": {
    "round_1": 24.74,
    "round_2": 28.19,
    "round_3": 0.78
  }
}