{
  "process_start_time": 1767889723.580016,
  "process_end_time": 1767889805.8665707,
  "total_elapsed_time_seconds": 82.29,
  "rounds_time_stats": {
    "round_1": 9.88,
    "round_2": 15.61,
    "round_3": 8.81,
    "round_4": 16.23,
    "round_5": 18.06,
    "round_6": 13.69
  }
}