{
  "process_start_time": 1768117509.3542876,
  "process_end_time": 1768117834.8349032,
  "total_elapsed_time_seconds": 325.48,
  "rounds_time_stats": {
    "round_1": 49.04,
    "round_2": 63.11,
    "round_3": 47.74,
    "round_4": 59.02,
    "round_5": 52.29,
    "round_6": 54.28
  }
}