{
  "process_start_time": 1767888778.2742112,
  "process_end_time": 1767888793.957609,
  "total_elapsed_time_seconds": 15.68,
  "rounds_time_stats": {
    "round_1": 15.68
  }
}