{
  "process_start_time": 1767889367.9492834,
  "process_end_time": 1767889417.4553876,
  "total_elapsed_time_seconds": 49.51,
  "rounds_time_stats": {
    "round_1": 19.36,
    "round_2": 30.14
  }
}