{
  "process_start_time": 1767886667.7291422,
  "process_end_time": 1767886688.992926,
  "total_elapsed_time_seconds": 21.26,
  "rounds_time_stats": {
    "round_1": 21.26
  }
}