{
  "process_start_time": 1767973452.544682,
  "process_end_time": 1767973639.6868203,
  "total_elapsed_time_seconds": 187.14,
  "rounds_time_stats": {
    "round_1": 27.81,
    "round_2": 32.75,
    "round_3": 27.25,
    "round_4": 33.3,
    "round_5": 35.7,
    "round_6": 30.33
  }
}