{
  "process_start_time": 1768550204.9004269,
  "process_end_time": 1768550429.9192595,
  "total_elapsed_time_seconds": 225.02,
  "rounds_time_stats": {
    "round_1": 25.61,
    "round_2": 36.98,
    "round_3": 42.24,
    "round_4": 39.62,
    "round_5": 34.65,
    "round_6": 45.91
  }
}