{
  "process_start_time": 1767889407.4827135,
  "process_end_time": 1767889435.0059836,
  "total_elapsed_time_seconds": 27.52,
  "rounds_time_stats": {
    "round_1": 27.52
  }
}