{
  "process_start_time": 1768556114.8854148,
  "process_end_time": 1768556296.585613,
  "total_elapsed_time_seconds": 181.7,
  "rounds_time_stats": {
    "round_1": 26.23,
    "round_2": 25.9,
    "round_3": 34.06,
    "round_4": 35.57,
    "round_5": 30.81,
    "round_6": 29.13
  }
}