{
  "process_start_time": 1767689449.2889373,
  "process_end_time": 1767689713.7898068,
  "total_elapsed_time_seconds": 264.5,
  "rounds_time_stats": {
    "round_1": 45.14,
    "round_2": 43.13,
    "round_3": 44.03,
    "round_4": 43.01,
    "round_5": 46.08,
    "round_6": 43.11
  }
}