{
  "process_start_time": 1767883049.1168666,
  "process_end_time": 1767883237.9024377,
  "total_elapsed_time_seconds": 188.79,
  "rounds_time_stats": {
    "round_1": 33.27,
    "round_2": 34.98,
    "round_3": 27.54,
    "round_4": 30.29,
    "round_5": 28.9,
    "round_6": 33.81
  }
}