{
  "process_start_time": 1767887832.9003563,
  "process_end_time": 1767887846.7391458,
  "total_elapsed_time_seconds": 13.84,
  "rounds_time_stats": {
    "round_1": 13.84
  }
}