{
  "process_start_time": 1767975465.1657875,
  "process_end_time": 1767975652.7083986,
  "total_elapsed_time_seconds": 187.54,
  "rounds_time_stats": {
    "round_1": 31.58,
    "round_2": 42.82,
    "round_3": 34.31,
    "round_4": 31.51,
    "round_5": 24.79,
    "round_6": 22.53
  }
}