{
  "process_start_time": 1767886244.9703279,
  "process_end_time": 1767886371.2687006,
  "total_elapsed_time_seconds": 126.3,
  "rounds_time_stats": {
    "round_1": 16.7,
    "round_2": 21.67,
    "round_3": 24.23,
    "round_4": 20.55,
    "round_5": 24.32,
    "round_6": 18.83
  }
}