{
  "process_start_time": 1767890496.337279,
  "process_end_time": 1767890533.4831083,
  "total_elapsed_time_seconds": 37.15,
  "rounds_time_stats": {
    "round_1": 37.14
  }
}