{
  "process_start_time": 1768551244.720492,
  "process_end_time": 1768551417.1927104,
  "total_elapsed_time_seconds": 172.47,
  "rounds_time_stats": {
    "round_1": 29.53,
    "round_2": 28.91,
    "round_3": 26.78,
    "round_4": 30.11,
    "round_5": 29.33,
    "round_6": 27.81
  }
}