{
  "process_start_time": 1767886125.1520476,
  "process_end_time": 1767886148.1668978,
  "total_elapsed_time_seconds": 23.01,
  "rounds_time_stats": {
    "round_1": 23.01
  }
}