{
  "process_start_time": 1768114740.4208207,
  "process_end_time": 1768115039.6330554,
  "total_elapsed_time_seconds": 299.21,
  "rounds_time_stats": {
    "round_1": 60.93,
    "round_2": 45.88,
    "round_3": 48.93,
    "round_4": 50.37,
    "round_5": 47.1,
    "round_6": 46.01
  }
}