{
  "process_start_time": 1767886254.0876915,
  "process_end_time": 1767886275.8640316,
  "total_elapsed_time_seconds": 21.78,
  "rounds_time_stats": {
    "round_1": 21.77
  }
}