{
  "process_start_time": 1767888580.9768836,
  "process_end_time": 1767888605.5615447,
  "total_elapsed_time_seconds": 24.58,
  "rounds_time_stats": {
    "round_1": 24.58
  }
}