{
  "process_start_time": 1767886390.7436335,
  "process_end_time": 1767886448.439921,
  "total_elapsed_time_seconds": 57.7,
  "rounds_time_stats": {
    "round_1": 30.2,
    "round_2": 27.49
  }
}