{
  "process_start_time": 1767675475.971738,
  "process_end_time": 1767675776.3094757,
  "total_elapsed_time_seconds": 300.34,
  "rounds_time_stats": {
    "round_1": 95.13,
    "round_2": 38.38,
    "round_3": 42.09,
    "round_4": 40.53,
    "round_5": 43.53,
    "round_6": 40.68
  }
}