{
  "process_start_time": 1767687339.1851063,
  "process_end_time": 1767687635.5540636,
  "total_elapsed_time_seconds": 296.37,
  "rounds_time_stats": {
    "round_1": 49.14,
    "round_2": 48.48,
    "round_3": 48.31,
    "round_4": 48.09,
    "round_5": 60.48,
    "round_6": 41.87
  }
}