{
  "process_start_time": 1767679154.0482452,
  "process_end_time": 1767679435.533651,
  "total_elapsed_time_seconds": 281.49,
  "rounds_time_stats": {
    "round_1": 54.26,
    "round_2": 39.77,
    "round_3": 51.57,
    "round_4": 44.87,
    "round_5": 46.72,
    "round_6": 44.3
  }
}