{
  "process_start_time": 1768115497.1849859,
  "process_end_time": 1768115771.115631,
  "total_elapsed_time_seconds": 273.93,
  "rounds_time_stats": {
    "round_1": 47.17,
    "round_2": 48.95,
    "round_3": 30.22,
    "round_4": 43.24,
    "round_5": 41.26,
    "round_6": 63.09
  }
}