{
  "process_start_time": 1767886865.7354918,
  "process_end_time": 1767886888.826013,
  "total_elapsed_time_seconds": 23.09,
  "rounds_time_stats": {
    "round_1": 23.08
  }
}