{
  "process_start_time": 1767889698.689375,
  "process_end_time": 1767889751.0884016,
  "total_elapsed_time_seconds": 52.4,
  "rounds_time_stats": {
    "round_1": 16.51,
    "round_2": 15.05,
    "round_3": 20.5,
    "round_4": 0.33
  }
}