{
  "process_start_time": 1767888365.7459266,
  "process_end_time": 1767888402.0436213,
  "total_elapsed_time_seconds": 36.3,
  "rounds_time_stats": {
    "round_1": 16.93,
    "round_2": 18.89,
    "round_3": 0.48
  }
}