{
  "process_start_time": 1767679747.5905435,
  "process_end_time": 1767680061.3829176,
  "total_elapsed_time_seconds": 313.79,
  "rounds_time_stats": {
    "round_1": 49.23,
    "round_2": 45.49,
    "round_3": 66.0,
    "round_4": 62.58,
    "round_5": 48.11,
    "round_6": 42.4
  }
}