{
  "process_start_time": 1768117162.3554897,
  "process_end_time": 1768117473.535109,
  "total_elapsed_time_seconds": 311.18,
  "rounds_time_stats": {
    "round_1": 43.41,
    "round_2": 51.32,
    "round_3": 42.71,
    "round_4": 48.95,
    "round_5": 61.3,
    "round_6": 63.5
  }
}