{
  "process_start_time": 1767888845.5047386,
  "process_end_time": 1767888854.943723,
  "total_elapsed_time_seconds": 9.44,
  "rounds_time_stats": {
    "round_1": 9.44
  }
}