{
  "process_start_time": 1767692031.54806,
  "process_end_time": 1767692316.6840606,
  "total_elapsed_time_seconds": 285.14,
  "rounds_time_stats": {
    "round_1": 37.06,
    "round_2": 46.37,
    "round_3": 36.65,
    "round_4": 41.86,
    "round_5": 70.65,
    "round_6": 52.54
  }
}