{
  "process_start_time": 1767889885.6820357,
  "process_end_time": 1767889895.5238447,
  "total_elapsed_time_seconds": 9.84,
  "rounds_time_stats": {
    "round_1": 9.84
  }
}