{
  "process_start_time": 1767890866.7254083,
  "process_end_time": 1767890957.81469,
  "total_elapsed_time_seconds": 91.09,
  "rounds_time_stats": {
    "round_1": 14.35,
    "round_2": 12.84,
    "round_3": 16.64,
    "round_4": 16.17,
    "round_5": 15.84,
    "round_6": 15.25
  }
}