{
  "process_start_time": 1768556614.11233,
  "process_end_time": 1768556788.3734336,
  "total_elapsed_time_seconds": 174.26,
  "rounds_time_stats": {
    "round_1": 31.44,
    "round_2": 31.22,
    "round_3": 30.01,
    "round_4": 28.81,
    "round_5": 27.62,
    "round_6": 25.16
  }
}