{
  "process_start_time": 1768555137.9533894,
  "process_end_time": 1768555328.2953672,
  "total_elapsed_time_seconds": 190.34,
  "rounds_time_stats": {
    "round_1": 36.59,
    "round_2": 31.15,
    "round_3": 28.89,
    "round_4": 28.32,
    "round_5": 26.97,
    "round_6": 38.42
  }
}