{
  "process_start_time": 1767885610.43646,
  "process_end_time": 1767885647.4280572,
  "total_elapsed_time_seconds": 36.99,
  "rounds_time_stats": {
    "round_1": 36.98
  }
}