{
  "process_start_time": 1767687228.4395432,
  "process_end_time": 1767687485.1161923,
  "total_elapsed_time_seconds": 256.68,
  "rounds_time_stats": {
    "round_1": 36.03,
    "round_2": 46.43,
    "round_3": 43.9,
    "round_4": 44.05,
    "round_5": 35.99,
    "round_6": 50.27
  }
}