{
  "process_start_time": 1767687072.9430523,
  "process_end_time": 1767687355.2774768,
  "total_elapsed_time_seconds": 282.33,
  "rounds_time_stats": {
    "round_1": 55.09,
    "round_2": 43.71,
    "round_3": 46.58,
    "round_4": 44.87,
    "round_5": 43.62,
    "round_6": 48.46
  }
}