{
  "process_start_time": 1767889500.1995301,
  "process_end_time": 1767889520.4274836,
  "total_elapsed_time_seconds": 20.23,
  "rounds_time_stats": {
    "round_1": 20.22
  }
}