{
  "process_start_time": 1767976849.007146,
  "process_end_time": 1767977035.515852,
  "total_elapsed_time_seconds": 186.51,
  "rounds_time_stats": {
    "round_1": 32.06,
    "round_2": 29.27,
    "round_3": 30.51,
    "round_4": 29.8,
    "round_5": 27.93,
    "round_6": 36.94
  }
}