{
  "process_start_time": 1767889533.588603,
  "process_end_time": 1767889569.4919457,
  "total_elapsed_time_seconds": 35.9,
  "rounds_time_stats": {
    "round_1": 10.66,
    "round_2": 5.87,
    "round_3": 8.22,
    "round_4": 11.16
  }
}