{
  "process_start_time": 1767883375.9536731,
  "process_end_time": 1767883499.8352356,
  "total_elapsed_time_seconds": 123.88,
  "rounds_time_stats": {
    "round_1": 17.54,
    "round_2": 26.75,
    "round_3": 23.1,
    "round_4": 17.97,
    "round_5": 16.87,
    "round_6": 21.65
  }
}