{
  "process_start_time": 1767888731.4922194,
  "process_end_time": 1767888753.2041156,
  "total_elapsed_time_seconds": 21.71,
  "rounds_time_stats": {
    "round_1": 21.71
  }
}