{
  "process_start_time": 1767885363.3305879,
  "process_end_time": 1767885544.988026,
  "total_elapsed_time_seconds": 181.66,
  "rounds_time_stats": {
    "round_1": 30.2,
    "round_2": 34.4,
    "round_3": 36.53,
    "round_4": 80.51
  }
}