{
  "process_start_time": 1767884104.9895544,
  "process_end_time": 1767884219.5646045,
  "total_elapsed_time_seconds": 114.58,
  "rounds_time_stats": {
    "round_1": 16.11,
    "round_2": 19.96,
    "round_3": 18.15,
    "round_4": 16.19,
    "round_5": 25.35,
    "round_6": 18.81
  }
}