{
  "process_start_time": 1767887708.4117572,
  "process_end_time": 1767887784.8209727,
  "total_elapsed_time_seconds": 76.41,
  "rounds_time_stats": {
    "round_1": 15.32,
    "round_2": 22.72,
    "round_3": 38.34
  }
}