{
  "process_start_time": 1767889843.8416467,
  "process_end_time": 1767889971.8114717,
  "total_elapsed_time_seconds": 127.97,
  "rounds_time_stats": {
    "round_1": 15.83,
    "round_2": 21.16,
    "round_3": 18.94,
    "round_4": 27.06,
    "round_5": 22.51,
    "round_6": 22.47
  }
}