{
  "process_start_time": 1768556963.4100149,
  "process_end_time": 1768557130.6436594,
  "total_elapsed_time_seconds": 167.23,
  "rounds_time_stats": {
    "round_1": 32.86,
    "round_2": 26.63,
    "round_3": 23.21,
    "round_4": 29.67,
    "round_5": 27.24,
    "round_6": 27.62
  }
}