{
  "process_start_time": 1767973453.1401565,
  "process_end_time": 1767973717.0340464,
  "total_elapsed_time_seconds": 263.89,
  "rounds_time_stats": {
    "round_1": 43.04,
    "round_2": 49.15,
    "round_3": 47.7,
    "round_4": 41.85,
    "round_5": 39.86,
    "round_6": 42.28
  }
}