{
  "process_start_time": 1768555302.6702814,
  "process_end_time": 1768555458.6341486,
  "total_elapsed_time_seconds": 155.96,
  "rounds_time_stats": {
    "round_1": 25.1,
    "round_2": 27.74,
    "round_3": 20.17,
    "round_4": 26.28,
    "round_5": 28.98,
    "round_6": 27.69
  }
}