{
  "process_start_time": 1767978950.3320844,
  "process_end_time": 1767979158.998228,
  "total_elapsed_time_seconds": 208.67,
  "rounds_time_stats": {
    "round_1": 24.61,
    "round_2": 32.85,
    "round_3": 35.37,
    "round_4": 41.97,
    "round_5": 41.86,
    "round_6": 32.0
  }
}