{
  "process_start_time": 1767883261.5835526,
  "process_end_time": 1767883284.1665003,
  "total_elapsed_time_seconds": 22.58,
  "rounds_time_stats": {
    "round_1": 22.58
  }
}