{
  "process_start_time": 1767883343.1383653,
  "process_end_time": 1767883376.8555777,
  "total_elapsed_time_seconds": 33.72,
  "rounds_time_stats": {
    "round_1": 33.71
  }
}