{
  "process_start_time": 1767887368.643115,
  "process_end_time": 1767887384.6363637,
  "total_elapsed_time_seconds": 15.99,
  "rounds_time_stats": {
    "round_1": 15.99
  }
}