{
  "process_start_time": 1768555384.1935334,
  "process_end_time": 1768555598.578448,
  "total_elapsed_time_seconds": 214.38,
  "rounds_time_stats": {
    "round_1": 35.73,
    "round_2": 32.29,
    "round_3": 41.81,
    "round_4": 28.98,
    "round_5": 37.24,
    "round_6": 38.33
  }
}