{
  "process_start_time": 1767885895.8311987,
  "process_end_time": 1767885941.37844,
  "total_elapsed_time_seconds": 45.55,
  "rounds_time_stats": {
    "round_1": 45.52
  }
}