{
  "process_start_time": 1767883246.8075325,
  "process_end_time": 1767883276.3141553,
  "total_elapsed_time_seconds": 29.51,
  "rounds_time_stats": {
    "round_1": 29.5
  }
}