{
  "process_start_time": 1767685390.6272979,
  "process_end_time": 1767685684.1334198,
  "total_elapsed_time_seconds": 293.51,
  "rounds_time_stats": {
    "round_1": 62.7,
    "round_2": 48.98,
    "round_3": 44.61,
    "round_4": 42.74,
    "round_5": 46.82,
    "round_6": 47.66
  }
}