{
  "process_start_time": 1767887942.6551225,
  "process_end_time": 1767887960.6751075,
  "total_elapsed_time_seconds": 18.02,
  "rounds_time_stats": {
    "round_1": 18.02
  }
}