{
  "process_start_time": 1767680654.1314917,
  "process_end_time": 1767680896.9314468,
  "total_elapsed_time_seconds": 242.8,
  "rounds_time_stats": {
    "round_1": 44.41,
    "round_2": 47.21,
    "round_3": 41.82,
    "round_4": 32.6,
    "round_5": 42.86,
    "round_6": 33.89
  }
}