{
  "process_start_time": 1767687128.0538824,
  "process_end_time": 1767687433.9470212,
  "total_elapsed_time_seconds": 305.89,
  "rounds_time_stats": {
    "round_1": 41.27,
    "round_2": 64.93,
    "round_3": 43.1,
    "round_4": 64.18,
    "round_5": 44.88,
    "round_6": 47.53
  }
}