{
  "process_start_time": 1768555540.5780385,
  "process_end_time": 1768555716.0291111,
  "total_elapsed_time_seconds": 175.45,
  "rounds_time_stats": {
    "round_1": 28.36,
    "round_2": 29.64,
    "round_3": 29.19,
    "round_4": 30.59,
    "round_5": 27.7,
    "round_6": 29.98
  }
}