{
  "process_start_time": 1767885040.5285544,
  "process_end_time": 1767885155.4766924,
  "total_elapsed_time_seconds": 114.95,
  "rounds_time_stats": {
    "round_1": 20.74,
    "round_2": 18.12,
    "round_3": 23.63,
    "round_4": 25.87,
    "round_5": 26.59
  }
}