{
  "process_start_time": 1768556023.5768454,
  "process_end_time": 1768556238.7520459,
  "total_elapsed_time_seconds": 215.18,
  "rounds_time_stats": {
    "round_1": 37.66,
    "round_2": 45.43,
    "round_3": 28.26,
    "round_4": 28.25,
    "round_5": 37.65,
    "round_6": 37.92
  }
}