{
  "process_start_time": 1767890508.7945187,
  "process_end_time": 1767890566.2570462,
  "total_elapsed_time_seconds": 57.46,
  "rounds_time_stats": {
    "round_1": 27.7,
    "round_2": 29.71
  }
}