{
  "process_start_time": 1767678073.9472406,
  "process_end_time": 1767678400.0652094,
  "total_elapsed_time_seconds": 326.12,
  "rounds_time_stats": {
    "round_1": 74.78,
    "round_2": 67.66,
    "round_3": 40.3,
    "round_4": 53.55,
    "round_5": 44.47,
    "round_6": 45.35
  }
}