{
  "process_start_time": 1767680806.9006066,
  "process_end_time": 1767681080.1842487,
  "total_elapsed_time_seconds": 273.28,
  "rounds_time_stats": {
    "round_1": 42.22,
    "round_2": 51.52,
    "round_3": 39.9,
    "round_4": 50.23,
    "round_5": 42.76,
    "round_6": 46.65
  }
}