{
  "process_start_time": 1767887470.6711726,
  "process_end_time": 1767887500.1465814,
  "total_elapsed_time_seconds": 29.48,
  "rounds_time_stats": {
    "round_1": 29.47
  }
}