{
  "process_start_time": 1767890860.839756,
  "process_end_time": 1767890943.6930811,
  "total_elapsed_time_seconds": 82.85,
  "rounds_time_stats": {
    "round_1": 17.09,
    "round_2": 29.32,
    "round_3": 36.44
  }
}