{
  "process_start_time": 1768549937.2141738,
  "process_end_time": 1768550211.0896668,
  "total_elapsed_time_seconds": 273.88,
  "rounds_time_stats": {
    "round_1": 41.71,
    "round_2": 49.37,
    "round_3": 43.54,
    "round_4": 43.24,
    "round_5": 45.69,
    "round_6": 50.32
  }
}