{
  "process_start_time": 1767665447.8652844,
  "process_end_time": 1767665585.4550495,
  "total_elapsed_time_seconds": 137.59,
  "rounds_time_stats": {
    "round_1": 41.25,
    "round_2": 21.64,
    "round_3": 21.92,
    "round_4": 17.76,
    "round_5": 18.24,
    "round_6": 16.78
  }
}