{
  "process_start_time": 1767685196.9439986,
  "process_end_time": 1767685485.8231337,
  "total_elapsed_time_seconds": 288.88,
  "rounds_time_stats": {
    "round_1": 57.11,
    "round_2": 59.99,
    "round_3": 31.99,
    "round_4": 41.5,
    "round_5": 48.85,
    "round_6": 49.43
  }
}