{
  "process_start_time": 1767887658.1796665,
  "process_end_time": 1767887674.8446555,
  "total_elapsed_time_seconds": 16.66,
  "rounds_time_stats": {
    "round_1": 16.66
  }
}