{
  "process_start_time": 1767885485.2057824,
  "process_end_time": 1767885508.7166085,
  "total_elapsed_time_seconds": 23.51,
  "rounds_time_stats": {
    "round_1": 23.51
  }
}