{
  "process_start_time": 1767889401.597926,
  "process_end_time": 1767889413.8449395,
  "total_elapsed_time_seconds": 12.25,
  "rounds_time_stats": {
    "round_1": 12.24
  }
}