{
  "process_start_time": 1767969856.6755745,
  "process_end_time": 1767970128.069805,
  "total_elapsed_time_seconds": 271.39,
  "rounds_time_stats": {
    "round_1": 53.33,
    "round_2": 52.47,
    "round_3": 35.54,
    "round_4": 57.94,
    "round_5": 33.44,
    "round_6": 38.68
  }
}