{
  "process_start_time": 1767884220.3764546,
  "process_end_time": 1767884236.245264,
  "total_elapsed_time_seconds": 15.87,
  "rounds_time_stats": {
    "round_1": 15.86
  }
}