{
  "process_start_time": 1767885648.2634854,
  "process_end_time": 1767885735.1130836,
  "total_elapsed_time_seconds": 86.85,
  "rounds_time_stats": {
    "round_1": 12.75,
    "round_2": 16.61,
    "round_3": 29.12,
    "round_4": 28.37
  }
}