{
  "process_start_time": 1767884460.5688143,
  "process_end_time": 1767884479.7691305,
  "total_elapsed_time_seconds": 19.2,
  "rounds_time_stats": {
    "round_1": 19.19
  }
}