{
  "process_start_time": 1767889312.9615278,
  "process_end_time": 1767889371.9326353,
  "total_elapsed_time_seconds": 58.97,
  "rounds_time_stats": {
    "round_1": 8.54,
    "round_2": 12.87,
    "round_3": 10.32,
    "round_4": 9.2,
    "round_5": 8.07,
    "round_6": 9.96
  }
}