{
  "process_start_time": 1767679281.7103636,
  "process_end_time": 1767679550.3317602,
  "total_elapsed_time_seconds": 268.62,
  "rounds_time_stats": {
    "round_1": 32.53,
    "round_2": 47.44,
    "round_3": 60.25,
    "round_4": 40.68,
    "round_5": 41.17,
    "round_6": 46.54
  }
}