{
  "process_start_time": 1767889852.3132217,
  "process_end_time": 1767889906.8987608,
  "total_elapsed_time_seconds": 54.59,
  "rounds_time_stats": {
    "round_1": 18.07,
    "round_2": 15.18,
    "round_3": 21.33
  }
}