{
  "process_start_time": 1767884336.0294461,
  "process_end_time": 1767884356.3915598,
  "total_elapsed_time_seconds": 20.36,
  "rounds_time_stats": {
    "round_1": 20.36
  }
}