{
  "process_start_time": 1767887079.7566638,
  "process_end_time": 1767887175.9479878,
  "total_elapsed_time_seconds": 96.19,
  "rounds_time_stats": {
    "round_1": 13.31,
    "round_2": 14.47,
    "round_3": 16.73,
    "round_4": 18.68,
    "round_5": 12.96,
    "round_6": 20.04
  }
}