{
  "process_start_time": 1767978190.8991601,
  "process_end_time": 1767978446.7966793,
  "total_elapsed_time_seconds": 255.9,
  "rounds_time_stats": {
    "round_1": 36.35,
    "round_2": 42.94,
    "round_3": 45.59,
    "round_4": 39.79,
    "round_5": 47.91,
    "round_6": 43.32
  }
}