{
  "process_start_time": 1767890574.8686123,
  "process_end_time": 1767890692.2565863,
  "total_elapsed_time_seconds": 117.39,
  "rounds_time_stats": {
    "round_1": 21.16,
    "round_2": 19.21,
    "round_3": 19.98,
    "round_4": 20.49,
    "round_5": 15.77,
    "round_6": 20.78
  }
}