{
  "process_start_time": 1767887042.2208078,
  "process_end_time": 1767887075.7500966,
  "total_elapsed_time_seconds": 33.53,
  "rounds_time_stats": {
    "round_1": 33.53
  }
}