{
  "process_start_time": 1767889627.6681824,
  "process_end_time": 1767889680.89596,
  "total_elapsed_time_seconds": 53.23,
  "rounds_time_stats": {
    "round_1": 23.12,
    "round_2": 14.12,
    "round_3": 15.66,
    "round_4": 0.32
  }
}