{
  "process_start_time": 1767886346.146554,
  "process_end_time": 1767886508.0321116,
  "total_elapsed_time_seconds": 161.89,
  "rounds_time_stats": {
    "round_1": 29.89,
    "round_2": 29.5,
    "round_3": 26.83,
    "round_4": 25.71,
    "round_5": 25.65,
    "round_6": 24.3
  }
}