{
  "process_start_time": 1767888850.214538,
  "process_end_time": 1767888870.8025603,
  "total_elapsed_time_seconds": 20.59,
  "rounds_time_stats": {
    "round_1": 8.55,
    "round_2": 12.03
  }
}