{
  "process_start_time": 1767691712.7439835,
  "process_end_time": 1767692002.170596,
  "total_elapsed_time_seconds": 289.43,
  "rounds_time_stats": {
    "round_1": 46.49,
    "round_2": 40.05,
    "round_3": 47.5,
    "round_4": 47.8,
    "round_5": 62.06,
    "round_6": 45.53
  }
}