{
  "process_start_time": 1767978777.4292307,
  "process_end_time": 1767978948.8471255,
  "total_elapsed_time_seconds": 171.42,
  "rounds_time_stats": {
    "round_1": 30.8,
    "round_2": 27.64,
    "round_3": 25.66,
    "round_4": 27.03,
    "round_5": 30.04,
    "round_6": 30.25
  }
}