{
  "process_start_time": 1767887563.194961,
  "process_end_time": 1767887730.652407,
  "total_elapsed_time_seconds": 167.46,
  "rounds_time_stats": {
    "round_1": 29.05,
    "round_2": 23.16,
    "round_3": 24.53,
    "round_4": 30.48,
    "round_5": 37.29,
    "round_6": 22.94
  }
}