{
  "process_start_time": 1767890411.0072298,
  "process_end_time": 1767890473.0519068,
  "total_elapsed_time_seconds": 62.04,
  "rounds_time_stats": {
    "round_1": 29.6,
    "round_2": 32.43
  }
}