{
  "process_start_time": 1767888489.5191772,
  "process_end_time": 1767888630.8704848,
  "total_elapsed_time_seconds": 141.35,
  "rounds_time_stats": {
    "round_1": 16.51,
    "round_2": 20.11,
    "round_3": 19.74,
    "round_4": 16.61,
    "round_5": 43.69,
    "round_6": 24.69
  }
}