{
  "process_start_time": 1767978528.2564352,
  "process_end_time": 1767978665.8370714,
  "total_elapsed_time_seconds": 137.58,
  "rounds_time_stats": {
    "round_1": 19.57,
    "round_2": 22.64,
    "round_3": 32.66,
    "round_4": 28.78,
    "round_5": 13.33,
    "round_6": 20.6
  }
}