{
  "process_start_time": 1767885282.1638234,
  "process_end_time": 1767885306.5220816,
  "total_elapsed_time_seconds": 24.36,
  "rounds_time_stats": {
    "round_1": 24.35
  }
}