{
  "process_start_time": 1767889507.70948,
  "process_end_time": 1767889526.0154529,
  "total_elapsed_time_seconds": 18.31,
  "rounds_time_stats": {
    "round_1": 18.28
  }
}