{
  "process_start_time": 1767887472.87752,
  "process_end_time": 1767887498.7173452,
  "total_elapsed_time_seconds": 25.84,
  "rounds_time_stats": {
    "round_1": 25.84
  }
}