{
  "process_start_time": 1767888042.1434665,
  "process_end_time": 1767888074.3554828,
  "total_elapsed_time_seconds": 32.21,
  "rounds_time_stats": {
    "round_1": 11.92,
    "round_2": 20.29
  }
}