{
  "process_start_time": 1767688687.5936067,
  "process_end_time": 1767688958.106954,
  "total_elapsed_time_seconds": 270.51,
  "rounds_time_stats": {
    "round_1": 36.79,
    "round_2": 48.12,
    "round_3": 48.35,
    "round_4": 44.35,
    "round_5": 45.32,
    "round_6": 47.58
  }
}