{
  "process_start_time": 1768550949.7050252,
  "process_end_time": 1768551175.8683786,
  "total_elapsed_time_seconds": 226.16,
  "rounds_time_stats": {
    "round_1": 43.99,
    "round_2": 43.17,
    "round_3": 43.13,
    "round_4": 40.28,
    "round_5": 26.4,
    "round_6": 29.19
  }
}