{
  "process_start_time": 1768551387.5635583,
  "process_end_time": 1768551565.3428755,
  "total_elapsed_time_seconds": 177.78,
  "rounds_time_stats": {
    "round_1": 29.39,
    "round_2": 31.47,
    "round_3": 27.79,
    "round_4": 29.08,
    "round_5": 29.63,
    "round_6": 30.41
  }
}