{
  "process_start_time": 1768117684.6664484,
  "process_end_time": 1768117947.6702971,
  "total_elapsed_time_seconds": 263.0,
  "rounds_time_stats": {
    "round_1": 39.26,
    "round_2": 33.77,
    "round_3": 50.8,
    "round_4": 44.08,
    "round_5": 47.47,
    "round_6": 47.62
  }
}