{
  "process_start_time": 1767970815.40271,
  "process_end_time": 1767973047.6823132,
  "total_elapsed_time_seconds": 2232.28,
  "rounds_time_stats": {
    "round_1": 90.58,
    "round_2": 213.38,
    "round_3": 245.71,
    "round_4": 108.26,
    "round_5": 1548.12,
    "round_6": 26.23
  }
}