{
  "process_start_time": 1767888036.2547605,
  "process_end_time": 1767888051.644216,
  "total_elapsed_time_seconds": 15.39,
  "rounds_time_stats": {
    "round_1": 15.39
  }
}