{
  "process_start_time": 1768117852.0197003,
  "process_end_time": 1768118096.9640672,
  "total_elapsed_time_seconds": 244.94,
  "rounds_time_stats": {
    "round_1": 55.81,
    "round_2": 51.99,
    "round_3": 32.97,
    "round_4": 41.96,
    "round_5": 33.64,
    "round_6": 28.57
  }
}