{
  "process_start_time": 1768549937.2299016,
  "process_end_time": 1768550210.3195941,
  "total_elapsed_time_seconds": 273.09,
  "rounds_time_stats": {
    "round_1": 36.94,
    "round_2": 28.7,
    "round_3": 41.15,
    "round_4": 72.08,
    "round_5": 47.92,
    "round_6": 46.31
  }
}