{
  "process_start_time": 1768108031.9635227,
  "process_end_time": 1768108269.586389,
  "total_elapsed_time_seconds": 237.62,
  "rounds_time_stats": {
    "round_1": 44.68,
    "round_2": 35.48,
    "round_3": 34.91,
    "round_4": 31.77,
    "round_5": 48.07,
    "round_6": 42.72
  }
}