{
  "process_start_time": 1767687664.9491706,
  "process_end_time": 1767687948.5869038,
  "total_elapsed_time_seconds": 283.64,
  "rounds_time_stats": {
    "round_1": 58.03,
    "round_2": 46.29,
    "round_3": 48.95,
    "round_4": 43.15,
    "round_5": 42.58,
    "round_6": 44.63
  }
}