{
  "process_start_time": 1767676766.2029793,
  "process_end_time": 1767677029.0482163,
  "total_elapsed_time_seconds": 262.85,
  "rounds_time_stats": {
    "round_1": 45.66,
    "round_2": 33.25,
    "round_3": 45.75,
    "round_4": 46.16,
    "round_5": 41.19,
    "round_6": 50.84
  }
}