{
  "process_start_time": 1767681436.170404,
  "process_end_time": 1767681628.583653,
  "total_elapsed_time_seconds": 192.41,
  "rounds_time_stats": {
    "round_1": 43.79,
    "round_2": 44.77,
    "round_3": 38.76,
    "round_4": 34.77,
    "round_5": 17.11,
    "round_6": 13.21
  }
}