{
  "process_start_time": 1767676362.5550272,
  "process_end_time": 1767676613.3539584,
  "total_elapsed_time_seconds": 250.8,
  "rounds_time_stats": {
    "round_1": 43.95,
    "round_2": 46.83,
    "round_3": 43.08,
    "round_4": 43.04,
    "round_5": 33.0,
    "round_6": 40.91
  }
}