{
  "process_start_time": 1768552183.253258,
  "process_end_time": 1768552345.7340198,
  "total_elapsed_time_seconds": 162.48,
  "rounds_time_stats": {
    "round_1": 23.74,
    "round_2": 30.34,
    "round_3": 27.42,
    "round_4": 28.19,
    "round_5": 25.39,
    "round_6": 27.39
  }
}