{
  "process_start_time": 1767976576.235976,
  "process_end_time": 1767976788.0650756,
  "total_elapsed_time_seconds": 211.83,
  "rounds_time_stats": {
    "round_1": 32.67,
    "round_2": 35.03,
    "round_3": 35.86,
    "round_4": 36.46,
    "round_5": 35.26,
    "round_6": 36.55
  }
}