{
  "process_start_time": 1767889902.6448543,
  "process_end_time": 1767890069.662704,
  "total_elapsed_time_seconds": 167.02,
  "rounds_time_stats": {
    "round_1": 17.72,
    "round_2": 25.05,
    "round_3": 28.29,
    "round_4": 32.13,
    "round_5": 25.39,
    "round_6": 38.43
  }
}