{
  "process_start_time": 1767969556.5319388,
  "process_end_time": 1767969887.3332422,
  "total_elapsed_time_seconds": 330.8,
  "rounds_time_stats": {
    "round_1": 26.39,
    "round_2": 42.07,
    "round_3": 50.62,
    "round_4": 68.58,
    "round_5": 78.75,
    "round_6": 64.38
  }
}