{
  "process_start_time": 1767883409.7017388,
  "process_end_time": 1767883430.105559,
  "total_elapsed_time_seconds": 20.4,
  "rounds_time_stats": {
    "round_1": 20.4
  }
}