{
  "process_start_time": 1767888938.467633,
  "process_end_time": 1767888951.926086,
  "total_elapsed_time_seconds": 13.46,
  "rounds_time_stats": {
    "round_1": 13.46
  }
}