{
  "process_start_time": 1767886211.2982962,
  "process_end_time": 1767886230.7940476,
  "total_elapsed_time_seconds": 19.5,
  "rounds_time_stats": {
    "round_1": 19.49
  }
}