{
  "process_start_time": 1767887649.4362078,
  "process_end_time": 1767887676.4948893,
  "total_elapsed_time_seconds": 27.06,
  "rounds_time_stats": {
    "round_1": 27.05
  }
}