{
  "process_start_time": 1767687919.5436652,
  "process_end_time": 1767687995.254785,
  "total_elapsed_time_seconds": 75.71,
  "rounds_time_stats": {
    "round_1": 75.68
  }
}