{
  "process_start_time": 1767687565.1270201,
  "process_end_time": 1767687844.8980112,
  "total_elapsed_time_seconds": 279.77,
  "rounds_time_stats": {
    "round_1": 42.89,
    "round_2": 39.57,
    "round_3": 61.45,
    "round_4": 44.51,
    "round_5": 47.39,
    "round_6": 43.96
  }
}