{
  "process_start_time": 1767886120.491206,
  "process_end_time": 1767886401.2957034,
  "total_elapsed_time_seconds": 280.8,
  "rounds_time_stats": {
    "round_1": 32.58,
    "round_2": 43.39,
    "round_3": 58.84,
    "round_4": 48.17,
    "round_5": 53.8,
    "round_6": 44.02
  }
}