{
  "process_start_time": 1767885827.4698725,
  "process_end_time": 1767885844.2805536,
  "total_elapsed_time_seconds": 16.81,
  "rounds_time_stats": {
    "round_1": 16.81
  }
}