{
  "process_start_time": 1767888716.3382356,
  "process_end_time": 1767888739.222962,
  "total_elapsed_time_seconds": 22.88,
  "rounds_time_stats": {
    "round_1": 11.86,
    "round_2": 10.97,
    "round_3": 0.05
  }
}