{
  "process_start_time": 1767679562.828707,
  "process_end_time": 1767679876.072948,
  "total_elapsed_time_seconds": 313.24,
  "rounds_time_stats": {
    "round_1": 35.76,
    "round_2": 49.72,
    "round_3": 50.19,
    "round_4": 65.17,
    "round_5": 65.38,
    "round_6": 47.03
  }
}