{
  "process_start_time": 1767888479.1039422,
  "process_end_time": 1767888518.8691564,
  "total_elapsed_time_seconds": 39.77,
  "rounds_time_stats": {
    "round_1": 14.28,
    "round_2": 13.29,
    "round_3": 12.18
  }
}