{
  "process_start_time": 1767684973.3814054,
  "process_end_time": 1767685267.9588938,
  "total_elapsed_time_seconds": 294.58,
  "rounds_time_stats": {
    "round_1": 44.77,
    "round_2": 48.06,
    "round_3": 47.7,
    "round_4": 49.14,
    "round_5": 48.93,
    "round_6": 55.97
  }
}