{
  "process_start_time": 1767689900.5928638,
  "process_end_time": 1767690184.8432622,
  "total_elapsed_time_seconds": 284.25,
  "rounds_time_stats": {
    "round_1": 40.13,
    "round_2": 36.37,
    "round_3": 76.16,
    "round_4": 46.09,
    "round_5": 43.0,
    "round_6": 42.5
  }
}