{
  "process_start_time": 1767888870.5614877,
  "process_end_time": 1767888975.2385697,
  "total_elapsed_time_seconds": 104.68,
  "rounds_time_stats": {
    "round_1": 15.0,
    "round_2": 19.27,
    "round_3": 20.88,
    "round_4": 16.26,
    "round_5": 15.8,
    "round_6": 17.47
  }
}