{
  "process_start_time": 1767883024.2966628,
  "process_end_time": 1767883048.5430613,
  "total_elapsed_time_seconds": 24.25,
  "rounds_time_stats": {
    "round_1": 24.24
  }
}