{
  "process_start_time": 1767886283.1753685,
  "process_end_time": 1767886316.658246,
  "total_elapsed_time_seconds": 33.48,
  "rounds_time_stats": {
    "round_1": 33.48
  }
}