{
  "process_start_time": 1767888755.2308807,
  "process_end_time": 1767888823.1265132,
  "total_elapsed_time_seconds": 67.9,
  "rounds_time_stats": {
    "round_1": 23.51,
    "round_2": 20.83,
    "round_3": 23.55
  }
}