{
  "process_start_time": 1768555242.1492152,
  "process_end_time": 1768555294.2471387,
  "total_elapsed_time_seconds": 52.1,
  "rounds_time_stats": {
    "round_1": 52.07
  }
}