{
  "process_start_time": 1768115053.9964688,
  "process_end_time": 1768115295.5941246,
  "total_elapsed_time_seconds": 241.6,
  "rounds_time_stats": {
    "round_1": 22.8,
    "round_2": 40.0,
    "round_3": 47.88,
    "round_4": 42.9,
    "round_5": 46.52,
    "round_6": 41.51
  }
}