{
  "process_start_time": 1767973961.53064,
  "process_end_time": 1767974363.2433593,
  "total_elapsed_time_seconds": 401.71,
  "rounds_time_stats": {
    "round_1": 66.22,
    "round_2": 73.9,
    "round_3": 57.44,
    "round_4": 42.05,
    "round_5": 120.69,
    "round_6": 41.4
  }
}