{
  "process_start_time": 1767976490.7611382,
  "process_end_time": 1767976661.133933,
  "total_elapsed_time_seconds": 170.37,
  "rounds_time_stats": {
    "round_1": 27.8,
    "round_2": 26.49,
    "round_3": 30.99,
    "round_4": 29.16,
    "round_5": 26.63,
    "round_6": 29.29
  }
}