{
  "process_start_time": 1767883670.6626549,
  "process_end_time": 1767883772.5106964,
  "total_elapsed_time_seconds": 101.85,
  "rounds_time_stats": {
    "round_1": 14.27,
    "round_2": 12.99,
    "round_3": 16.66,
    "round_4": 19.06,
    "round_5": 17.36,
    "round_6": 21.5
  }
}