{
  "process_start_time": 1767979116.1386833,
  "process_end_time": 1767979280.5932841,
  "total_elapsed_time_seconds": 164.45,
  "rounds_time_stats": {
    "round_1": 20.45,
    "round_2": 29.89,
    "round_3": 32.09,
    "round_4": 29.23,
    "round_5": 27.25,
    "round_6": 25.55
  }
}