{
  "process_start_time": 1767886779.27676,
  "process_end_time": 1767886798.548405,
  "total_elapsed_time_seconds": 19.27,
  "rounds_time_stats": {
    "round_1": 19.27
  }
}