{
  "process_start_time": 1768552285.0005765,
  "process_end_time": 1768552624.8078613,
  "total_elapsed_time_seconds": 339.81,
  "rounds_time_stats": {
    "round_1": 22.74,
    "round_2": 38.31,
    "round_3": 41.99,
    "round_4": 139.91,
    "round_5": 48.4,
    "round_6": 48.45
  }
}