{
  "process_start_time": 1768555528.7930157,
  "process_end_time": 1768555598.1324565,
  "total_elapsed_time_seconds": 69.34,
  "rounds_time_stats": {
    "round_1": 28.88,
    "round_2": 40.43
  }
}