{
  "process_start_time": 1768115799.3017533,
  "process_end_time": 1768116044.330161,
  "total_elapsed_time_seconds": 245.03,
  "rounds_time_stats": {
    "round_1": 48.28,
    "round_2": 48.51,
    "round_3": 33.25,
    "round_4": 47.72,
    "round_5": 31.44,
    "round_6": 35.82
  }
}