{
  "process_start_time": 1767678882.5804741,
  "process_end_time": 1767678942.4670973,
  "total_elapsed_time_seconds": 59.89,
  "rounds_time_stats": {
    "round_1": 59.86
  }
}