{
  "process_start_time": 1767884078.7548664,
  "process_end_time": 1767884104.9875312,
  "total_elapsed_time_seconds": 26.23,
  "rounds_time_stats": {
    "round_1": 26.23
  }
}