{
  "process_start_time": 1768554749.2790878,
  "process_end_time": 1768554934.467349,
  "total_elapsed_time_seconds": 185.19,
  "rounds_time_stats": {
    "round_1": 33.75,
    "round_2": 24.89,
    "round_3": 28.2,
    "round_4": 30.66,
    "round_5": 38.96,
    "round_6": 28.73
  }
}