{
  "process_start_time": 1767681053.1232688,
  "process_end_time": 1767681325.076687,
  "total_elapsed_time_seconds": 271.95,
  "rounds_time_stats": {
    "round_1": 48.0,
    "round_2": 46.3,
    "round_3": 46.1,
    "round_4": 41.57,
    "round_5": 45.37,
    "round_6": 44.61
  }
}