{
  "process_start_time": 1767887434.6490302,
  "process_end_time": 1767887499.2246237,
  "total_elapsed_time_seconds": 64.58,
  "rounds_time_stats": {
    "round_1": 31.61,
    "round_2": 32.96
  }
}