{
  "process_start_time": 1767975933.6683996,
  "process_end_time": 1767976124.4444103,
  "total_elapsed_time_seconds": 190.78,
  "rounds_time_stats": {
    "round_1": 29.6,
    "round_2": 36.15,
    "round_3": 34.07,
    "round_4": 28.31,
    "round_5": 30.62,
    "round_6": 32.03
  }
}