{
  "process_start_time": 1767679251.0589757,
  "process_end_time": 1767679489.176873,
  "total_elapsed_time_seconds": 238.12,
  "rounds_time_stats": {
    "round_1": 39.1,
    "round_2": 36.67,
    "round_3": 40.81,
    "round_4": 36.05,
    "round_5": 45.51,
    "round_6": 39.98
  }
}