{
  "process_start_time": 1768556896.21151,
  "process_end_time": 1768557031.3650477,
  "total_elapsed_time_seconds": 135.15,
  "rounds_time_stats": {
    "round_1": 27.41,
    "round_2": 23.78,
    "round_3": 24.85,
    "round_4": 25.79,
    "round_5": 17.38,
    "round_6": 15.92
  }
}