{
  "process_start_time": 1768556616.3777566,
  "process_end_time": 1768556791.6734126,
  "total_elapsed_time_seconds": 175.3,
  "rounds_time_stats": {
    "round_1": 28.99,
    "round_2": 31.89,
    "round_3": 29.02,
    "round_4": 28.54,
    "round_5": 29.52,
    "round_6": 27.33
  }
}