{
  "process_start_time": 1767888545.840258,
  "process_end_time": 1767888581.98675,
  "total_elapsed_time_seconds": 36.15,
  "rounds_time_stats": {
    "round_1": 12.71,
    "round_2": 11.06,
    "round_3": 12.37
  }
}