{
  "process_start_time": 1767883663.2248816,
  "process_end_time": 1767883684.9196155,
  "total_elapsed_time_seconds": 21.69,
  "rounds_time_stats": {
    "round_1": 21.68
  }
}