{
  "process_start_time": 1767886313.647335,
  "process_end_time": 1767886371.9953647,
  "total_elapsed_time_seconds": 58.35,
  "rounds_time_stats": {
    "round_1": 32.66,
    "round_2": 25.69
  }
}