{
  "process_start_time": 1768555308.301167,
  "process_end_time": 1768555467.7768223,
  "total_elapsed_time_seconds": 159.48,
  "rounds_time_stats": {
    "round_1": 26.32,
    "round_2": 22.21,
    "round_3": 26.79,
    "round_4": 28.23,
    "round_5": 28.58,
    "round_6": 27.34
  }
}