{
  "process_start_time": 1768550454.6671884,
  "process_end_time": 1768550717.6086953,
  "total_elapsed_time_seconds": 262.94,
  "rounds_time_stats": {
    "round_1": 48.93,
    "round_2": 39.14,
    "round_3": 41.69,
    "round_4": 41.35,
    "round_5": 48.24,
    "round_6": 43.58
  }
}