{
  "process_start_time": 1767676297.3817077,
  "process_end_time": 1767676588.8200881,
  "total_elapsed_time_seconds": 291.44,
  "rounds_time_stats": {
    "round_1": 49.57,
    "round_2": 42.09,
    "round_3": 49.54,
    "round_4": 43.58,
    "round_5": 46.74,
    "round_6": 59.9
  }
}