{
  "process_start_time": 1767887518.716797,
  "process_end_time": 1767887591.7795584,
  "total_elapsed_time_seconds": 73.06,
  "rounds_time_stats": {
    "round_1": 38.62,
    "round_2": 34.43
  }
}