{
  "process_start_time": 1768115860.6210778,
  "process_end_time": 1768116201.5487018,
  "total_elapsed_time_seconds": 340.93,
  "rounds_time_stats": {
    "round_1": 37.04,
    "round_2": 50.96,
    "round_3": 46.54,
    "round_4": 83.03,
    "round_5": 60.57,
    "round_6": 62.79
  }
}