{
  "process_start_time": 1767885333.271491,
  "process_end_time": 1767885365.32293,
  "total_elapsed_time_seconds": 32.05,
  "rounds_time_stats": {
    "round_1": 32.05
  }
}