{
  "process_start_time": 1768114486.9765697,
  "process_end_time": 1768114788.0190213,
  "total_elapsed_time_seconds": 301.04,
  "rounds_time_stats": {
    "round_1": 34.45,
    "round_2": 48.65,
    "round_3": 65.25,
    "round_4": 53.19,
    "round_5": 51.47,
    "round_6": 48.03
  }
}