{
  "process_start_time": 1767688894.0748165,
  "process_end_time": 1767689182.8141186,
  "total_elapsed_time_seconds": 288.74,
  "rounds_time_stats": {
    "round_1": 40.34,
    "round_2": 58.53,
    "round_3": 43.73,
    "round_4": 48.84,
    "round_5": 50.27,
    "round_6": 47.03
  }
}