{
  "process_start_time": 1767889367.930777,
  "process_end_time": 1767889402.288037,
  "total_elapsed_time_seconds": 34.36,
  "rounds_time_stats": {
    "round_1": 10.84,
    "round_2": 23.52
  }
}