{
  "process_start_time": 1767679169.5916724,
  "process_end_time": 1767679435.4132411,
  "total_elapsed_time_seconds": 265.82,
  "rounds_time_stats": {
    "round_1": 37.49,
    "round_2": 44.08,
    "round_3": 47.15,
    "round_4": 44.23,
    "round_5": 49.38,
    "round_6": 43.5
  }
}