{
  "process_start_time": 1768115979.5144994,
  "process_end_time": 1768116216.2246163,
  "total_elapsed_time_seconds": 236.71,
  "rounds_time_stats": {
    "round_1": 42.41,
    "round_2": 35.94,
    "round_3": 45.68,
    "round_4": 34.82,
    "round_5": 44.03,
    "round_6": 33.82
  }
}