{
  "process_start_time": 1768549937.2132685,
  "process_end_time": 1768550223.7257445,
  "total_elapsed_time_seconds": 286.51,
  "rounds_time_stats": {
    "round_1": 43.9,
    "round_2": 61.8,
    "round_3": 43.01,
    "round_4": 44.86,
    "round_5": 47.25,
    "round_6": 45.7
  }
}