{
  "process_start_time": 1767885119.7813146,
  "process_end_time": 1767885140.2677464,
  "total_elapsed_time_seconds": 20.49,
  "rounds_time_stats": {
    "round_1": 20.47
  }
}