{
  "process_start_time": 1768108566.934145,
  "process_end_time": 1768108769.5959425,
  "total_elapsed_time_seconds": 202.66,
  "rounds_time_stats": {
    "round_1": 38.13,
    "round_2": 34.68,
    "round_3": 30.64,
    "round_4": 30.49,
    "round_5": 36.14,
    "round_6": 32.57
  }
}