{
  "process_start_time": 1767678898.6488078,
  "process_end_time": 1767679192.2557876,
  "total_elapsed_time_seconds": 293.61,
  "rounds_time_stats": {
    "round_1": 41.58,
    "round_2": 61.47,
    "round_3": 58.01,
    "round_4": 47.77,
    "round_5": 45.54,
    "round_6": 39.24
  }
}