{
  "process_start_time": 1767971581.808252,
  "process_end_time": 1767973175.2933137,
  "total_elapsed_time_seconds": 1593.49,
  "rounds_time_stats": {
    "round_1": 1457.67,
    "round_2": 29.27,
    "round_3": 26.27,
    "round_4": 24.4,
    "round_5": 32.05,
    "round_6": 23.83
  }
}