{
  "process_start_time": 1767886594.148661,
  "process_end_time": 1767886652.7101736,
  "total_elapsed_time_seconds": 58.56,
  "rounds_time_stats": {
    "round_1": 12.33,
    "round_2": 22.55,
    "round_3": 22.96,
    "round_4": 0.72
  }
}