{
  "process_start_time": 1767886639.0374343,
  "process_end_time": 1767886658.777534,
  "total_elapsed_time_seconds": 19.74,
  "rounds_time_stats": {
    "round_1": 19.71
  }
}