{
  "process_start_time": 1767885368.6586013,
  "process_end_time": 1767885407.6526887,
  "total_elapsed_time_seconds": 38.99,
  "rounds_time_stats": {
    "round_1": 38.98
  }
}