{
  "process_start_time": 1767685604.9010818,
  "process_end_time": 1767685878.0429265,
  "total_elapsed_time_seconds": 273.14,
  "rounds_time_stats": {
    "round_1": 37.0,
    "round_2": 41.65,
    "round_3": 61.92,
    "round_4": 45.73,
    "round_5": 40.8,
    "round_6": 46.04
  }
}