{
  "process_start_time": 1767682684.874216,
  "process_end_time": 1767682950.0989075,
  "total_elapsed_time_seconds": 265.22,
  "rounds_time_stats": {
    "round_1": 44.97,
    "round_2": 31.36,
    "round_3": 49.96,
    "round_4": 44.1,
    "round_5": 47.67,
    "round_6": 47.17
  }
}