{
  "process_start_time": 1767688506.2313824,
  "process_end_time": 1767688802.1440222,
  "total_elapsed_time_seconds": 295.91,
  "rounds_time_stats": {
    "round_1": 51.08,
    "round_2": 51.36,
    "round_3": 49.93,
    "round_4": 50.03,
    "round_5": 48.56,
    "round_6": 44.95
  }
}