{
  "process_start_time": 1767969849.4279203,
  "process_end_time": 1767970145.4399164,
  "total_elapsed_time_seconds": 296.01,
  "rounds_time_stats": {
    "round_1": 102.77,
    "round_2": 33.36,
    "round_3": 58.85,
    "round_4": 33.09,
    "round_5": 41.7,
    "round_6": 26.24
  }
}