{
  "process_start_time": 1768116529.1618118,
  "process_end_time": 1768116787.4415214,
  "total_elapsed_time_seconds": 258.28,
  "rounds_time_stats": {
    "round_1": 36.93,
    "round_2": 48.2,
    "round_3": 46.04,
    "round_4": 36.67,
    "round_5": 48.58,
    "round_6": 41.86
  }
}