{
  "process_start_time": 1768108554.2573044,
  "process_end_time": 1768108817.5032723,
  "total_elapsed_time_seconds": 263.25,
  "rounds_time_stats": {
    "round_1": 42.33,
    "round_2": 34.89,
    "round_3": 45.9,
    "round_4": 30.17,
    "round_5": 36.03,
    "round_6": 73.93
  }
}