{
  "process_start_time": 1767889710.451305,
  "process_end_time": 1767889723.5787487,
  "total_elapsed_time_seconds": 13.13,
  "rounds_time_stats": {
    "round_1": 13.12
  }
}