{
  "process_start_time": 1768555949.7525764,
  "process_end_time": 1768556104.4723022,
  "total_elapsed_time_seconds": 154.72,
  "rounds_time_stats": {
    "round_1": 24.64,
    "round_2": 29.82,
    "round_3": 28.37,
    "round_4": 26.52,
    "round_5": 21.48,
    "round_6": 23.89
  }
}