{
  "process_start_time": 1767886829.6760526,
  "process_end_time": 1767886903.1934257,
  "total_elapsed_time_seconds": 73.52,
  "rounds_time_stats": {
    "round_1": 22.88,
    "round_2": 24.01,
    "round_3": 26.26,
    "round_4": 0.37
  }
}