{
  "process_start_time": 1768115501.8640852,
  "process_end_time": 1768115739.0218925,
  "total_elapsed_time_seconds": 237.16,
  "rounds_time_stats": {
    "round_1": 44.32,
    "round_2": 50.1,
    "round_3": 40.32,
    "round_4": 31.95,
    "round_5": 38.58,
    "round_6": 31.87
  }
}