{
  "process_start_time": 1767887613.2110205,
  "process_end_time": 1767887685.7916024,
  "total_elapsed_time_seconds": 72.58,
  "rounds_time_stats": {
    "round_1": 19.89,
    "round_2": 25.36,
    "round_3": 27.32
  }
}