{
  "process_start_time": 1767882991.4713593,
  "process_end_time": 1767883002.1581974,
  "total_elapsed_time_seconds": 10.69,
  "rounds_time_stats": {
    "round_1": 10.68
  }
}