{
  "process_start_time": 1767884141.8268623,
  "process_end_time": 1767884160.8492408,
  "total_elapsed_time_seconds": 19.02,
  "rounds_time_stats": {
    "round_1": 19.02
  }
}