{
  "process_start_time": 1768552034.452296,
  "process_end_time": 1768552200.869605,
  "total_elapsed_time_seconds": 166.42,
  "rounds_time_stats": {
    "round_1": 27.74,
    "round_2": 26.01,
    "round_3": 30.87,
    "round_4": 27.21,
    "round_5": 27.59,
    "round_6": 27.0
  }
}