{
  "process_start_time": 1767677461.1205828,
  "process_end_time": 1767677655.3037632,
  "total_elapsed_time_seconds": 194.18,
  "rounds_time_stats": {
    "round_1": 35.08,
    "round_2": 55.06,
    "round_3": 32.89,
    "round_4": 36.76,
    "round_5": 22.07,
    "round_6": 12.31
  }
}