{
  "process_start_time": 1767886249.1206732,
  "process_end_time": 1767886281.9070897,
  "total_elapsed_time_seconds": 32.79,
  "rounds_time_stats": {
    "round_1": 14.57,
    "round_2": 18.14,
    "round_3": 0.07
  }
}