{
  "process_start_time": 1767890281.7276495,
  "process_end_time": 1767890318.333218,
  "total_elapsed_time_seconds": 36.61,
  "rounds_time_stats": {
    "round_1": 18.98,
    "round_2": 17.62
  }
}