{
  "process_start_time": 1767889791.115797,
  "process_end_time": 1767889815.8970723,
  "total_elapsed_time_seconds": 24.78,
  "rounds_time_stats": {
    "round_1": 24.77
  }
}