{
  "process_start_time": 1767889913.8178384,
  "process_end_time": 1767889933.3408942,
  "total_elapsed_time_seconds": 19.52,
  "rounds_time_stats": {
    "round_1": 19.52
  }
}