{
  "process_start_time": 1768556752.5420535,
  "process_end_time": 1768556926.1438103,
  "total_elapsed_time_seconds": 173.6,
  "rounds_time_stats": {
    "round_1": 30.31,
    "round_2": 24.43,
    "round_3": 30.68,
    "round_4": 29.2,
    "round_5": 28.84,
    "round_6": 30.14
  }
}