{
  "process_start_time": 1768114486.983196,
  "process_end_time": 1768114771.1851258,
  "total_elapsed_time_seconds": 284.2,
  "rounds_time_stats": {
    "round_1": 49.04,
    "round_2": 50.86,
    "round_3": 48.49,
    "round_4": 69.28,
    "round_5": 34.27,
    "round_6": 32.26
  }
}