{
  "process_start_time": 1767684337.593892,
  "process_end_time": 1767684613.2524796,
  "total_elapsed_time_seconds": 275.66,
  "rounds_time_stats": {
    "round_1": 42.68,
    "round_2": 46.37,
    "round_3": 46.89,
    "round_4": 43.64,
    "round_5": 48.81,
    "round_6": 47.27
  }
}