{
  "process_start_time": 1767883564.547731,
  "process_end_time": 1767883687.5824013,
  "total_elapsed_time_seconds": 123.03,
  "rounds_time_stats": {
    "round_1": 19.93,
    "round_2": 22.45,
    "round_3": 22.07,
    "round_4": 21.4,
    "round_5": 17.95,
    "round_6": 19.23
  }
}