{
  "process_start_time": 1767975136.2565587,
  "process_end_time": 1767975294.1380396,
  "total_elapsed_time_seconds": 157.88,
  "rounds_time_stats": {
    "round_1": 18.94,
    "round_2": 22.72,
    "round_3": 32.3,
    "round_4": 25.58,
    "round_5": 29.96,
    "round_6": 28.36
  }
}