{
  "process_start_time": 1767890224.17594,
  "process_end_time": 1767890238.9249034,
  "total_elapsed_time_seconds": 14.75,
  "rounds_time_stats": {
    "round_1": 14.74
  }
}