{
  "process_start_time": 1767681370.8315737,
  "process_end_time": 1767681578.80287,
  "total_elapsed_time_seconds": 207.97,
  "rounds_time_stats": {
    "round_1": 28.71,
    "round_2": 33.81,
    "round_3": 33.29,
    "round_4": 46.27,
    "round_5": 37.52,
    "round_6": 28.36
  }
}