{
  "process_start_time": 1767689177.7401602,
  "process_end_time": 1767689463.9312522,
  "total_elapsed_time_seconds": 286.19,
  "rounds_time_stats": {
    "round_1": 49.25,
    "round_2": 48.35,
    "round_3": 47.31,
    "round_4": 45.37,
    "round_5": 47.35,
    "round_6": 48.57
  }
}