{
  "process_start_time": 1767679153.15033,
  "process_end_time": 1767679433.8701527,
  "total_elapsed_time_seconds": 280.72,
  "rounds_time_stats": {
    "round_1": 56.78,
    "round_2": 42.13,
    "round_3": 46.84,
    "round_4": 43.4,
    "round_5": 48.64,
    "round_6": 42.92
  }
}