{
  "process_start_time": 1767890309.0166316,
  "process_end_time": 1767890328.675686,
  "total_elapsed_time_seconds": 19.66,
  "rounds_time_stats": {
    "round_1": 19.66
  }
}