{
  "process_start_time": 1767888497.9274733,
  "process_end_time": 1767888631.14456,
  "total_elapsed_time_seconds": 133.22,
  "rounds_time_stats": {
    "round_1": 21.69,
    "round_2": 23.12,
    "round_3": 21.08,
    "round_4": 17.3,
    "round_5": 31.6,
    "round_6": 18.43
  }
}