{
  "process_start_time": 1768115491.9562562,
  "process_end_time": 1768115739.1819901,
  "total_elapsed_time_seconds": 247.23,
  "rounds_time_stats": {
    "round_1": 49.1,
    "round_2": 36.89,
    "round_3": 33.44,
    "round_4": 44.27,
    "round_5": 42.9,
    "round_6": 40.63
  }
}