{
  "process_start_time": 1767889992.2769158,
  "process_end_time": 1767890010.2409723,
  "total_elapsed_time_seconds": 17.96,
  "rounds_time_stats": {
    "round_1": 17.96
  }
}