{
  "process_start_time": 1767684396.4140828,
  "process_end_time": 1767684689.1178663,
  "total_elapsed_time_seconds": 292.7,
  "rounds_time_stats": {
    "round_1": 46.4,
    "round_2": 45.24,
    "round_3": 45.62,
    "round_4": 43.27,
    "round_5": 49.78,
    "round_6": 62.39
  }
}