{
  "process_start_time": 1767849999.4740434,
  "process_end_time": 1767850182.8577685,
  "total_elapsed_time_seconds": 183.38,
  "rounds_time_stats": {
    "round_1": 29.63,
    "round_2": 29.44,
    "round_3": 30.08,
    "round_4": 30.6,
    "round_5": 28.71,
    "round_6": 34.92
  }
}