{
  "process_start_time": 1767976113.8207521,
  "process_end_time": 1767976289.431024,
  "total_elapsed_time_seconds": 175.61,
  "rounds_time_stats": {
    "round_1": 28.41,
    "round_2": 23.34,
    "round_3": 33.41,
    "round_4": 31.14,
    "round_5": 28.48,
    "round_6": 30.83
  }
}