{
  "process_start_time": 1767885917.3798316,
  "process_end_time": 1767885934.7347834,
  "total_elapsed_time_seconds": 17.35,
  "rounds_time_stats": {
    "round_1": 17.35
  }
}