{
  "process_start_time": 1767887609.4703803,
  "process_end_time": 1767887626.5168524,
  "total_elapsed_time_seconds": 17.05,
  "rounds_time_stats": {
    "round_1": 17.04
  }
}