{
  "process_start_time": 1768114486.9772549,
  "process_end_time": 1768114740.233546,
  "total_elapsed_time_seconds": 253.26,
  "rounds_time_stats": {
    "round_1": 29.02,
    "round_2": 35.17,
    "round_3": 35.01,
    "round_4": 46.56,
    "round_5": 38.84,
    "round_6": 68.65
  }
}