{
  "process_start_time": 1767889821.8048413,
  "process_end_time": 1767889911.3347583,
  "total_elapsed_time_seconds": 89.53,
  "rounds_time_stats": {
    "round_1": 15.32,
    "round_2": 13.8,
    "round_3": 14.63,
    "round_4": 16.09,
    "round_5": 16.06,
    "round_6": 13.63
  }
}