{
  "process_start_time": 1767687030.969496,
  "process_end_time": 1767687279.1653855,
  "total_elapsed_time_seconds": 248.2,
  "rounds_time_stats": {
    "round_1": 50.48,
    "round_2": 52.38,
    "round_3": 30.02,
    "round_4": 29.02,
    "round_5": 39.94,
    "round_6": 46.36
  }
}