{
  "process_start_time": 1768551902.5902753,
  "process_end_time": 1768552053.1588635,
  "total_elapsed_time_seconds": 150.57,
  "rounds_time_stats": {
    "round_1": 13.98,
    "round_2": 21.96,
    "round_3": 25.56,
    "round_4": 28.45,
    "round_5": 24.7,
    "round_6": 35.92
  }
}