{
  "process_start_time": 1768551900.570635,
  "process_end_time": 1768552043.4485974,
  "total_elapsed_time_seconds": 142.88,
  "rounds_time_stats": {
    "round_1": 18.53,
    "round_2": 25.66,
    "round_3": 26.07,
    "round_4": 21.77,
    "round_5": 25.22,
    "round_6": 25.62
  }
}