{
  "process_start_time": 1767886246.8763566,
  "process_end_time": 1767886301.2032456,
  "total_elapsed_time_seconds": 54.33,
  "rounds_time_stats": {
    "round_1": 17.88,
    "round_2": 19.23,
    "round_3": 17.05,
    "round_4": 0.15
  }
}