{
  "process_start_time": 1767687831.2400546,
  "process_end_time": 1767688053.2746732,
  "total_elapsed_time_seconds": 222.03,
  "rounds_time_stats": {
    "round_1": 37.78,
    "round_2": 30.83,
    "round_3": 41.74,
    "round_4": 44.7,
    "round_5": 35.38,
    "round_6": 31.6
  }
}