{
  "process_start_time": 1767888455.0287087,
  "process_end_time": 1767888471.2024226,
  "total_elapsed_time_seconds": 16.17,
  "rounds_time_stats": {
    "round_1": 16.15
  }
}