{
  "process_start_time": 1767887792.910291,
  "process_end_time": 1767887897.737864,
  "total_elapsed_time_seconds": 104.83,
  "rounds_time_stats": {
    "round_1": 35.54,
    "round_2": 32.17,
    "round_3": 37.11
  }
}