{
  "process_start_time": 1767887938.1479425,
  "process_end_time": 1767887961.1346452,
  "total_elapsed_time_seconds": 22.99,
  "rounds_time_stats": {
    "round_1": 22.98
  }
}