{
  "process_start_time": 1768551982.9784546,
  "process_end_time": 1768552163.7112944,
  "total_elapsed_time_seconds": 180.73,
  "rounds_time_stats": {
    "round_1": 28.75,
    "round_2": 32.58,
    "round_3": 28.55,
    "round_4": 24.71,
    "round_5": 29.7,
    "round_6": 36.45
  }
}