{
  "process_start_time": 1767678871.5915875,
  "process_end_time": 1767678924.2336502,
  "total_elapsed_time_seconds": 52.64,
  "rounds_time_stats": {
    "round_1": 52.59
  }
}