{
  "process_start_time": 1768114736.9792087,
  "process_end_time": 1768114960.528988,
  "total_elapsed_time_seconds": 223.55,
  "rounds_time_stats": {
    "round_1": 28.74,
    "round_2": 28.36,
    "round_3": 37.09,
    "round_4": 37.42,
    "round_5": 42.32,
    "round_6": 49.62
  }
}