{
  "process_start_time": 1768549937.2147884,
  "process_end_time": 1768550238.4964488,
  "total_elapsed_time_seconds": 301.28,
  "rounds_time_stats": {
    "round_1": 49.84,
    "round_2": 50.22,
    "round_3": 64.79,
    "round_4": 45.47,
    "round_5": 48.59,
    "round_6": 42.38
  }
}