{
  "process_start_time": 1767883611.2126153,
  "process_end_time": 1767883630.3312638,
  "total_elapsed_time_seconds": 19.12,
  "rounds_time_stats": {
    "round_1": 19.11
  }
}