{
  "process_start_time": 1767887500.149362,
  "process_end_time": 1767887522.163916,
  "total_elapsed_time_seconds": 22.01,
  "rounds_time_stats": {
    "round_1": 22.01
  }
}