{
  "process_start_time": 1767889969.1251018,
  "process_end_time": 1767889991.4171193,
  "total_elapsed_time_seconds": 22.29,
  "rounds_time_stats": {
    "round_1": 12.03,
    "round_2": 10.1,
    "round_3": 0.15
  }
}