{
  "process_start_time": 1767969665.6630929,
  "process_end_time": 1767970010.0660605,
  "total_elapsed_time_seconds": 344.4,
  "rounds_time_stats": {
    "round_1": 47.11,
    "round_2": 45.18,
    "round_3": 77.35,
    "round_4": 40.54,
    "round_5": 75.35,
    "round_6": 58.87
  }
}