{
  "process_start_time": 1768748393.5621383,
  "process_end_time": 1768748576.7573338,
  "total_elapsed_time_seconds": 183.2,
  "rounds_time_stats": {
    "round_1": 33.02,
    "round_2": 21.33,
    "round_3": 33.33,
    "round_4": 32.93,
    "round_5": 31.07,
    "round_6": 31.51
  }
}