{
  "process_start_time": 1767678073.9478655,
  "process_end_time": 1767678356.276896,
  "total_elapsed_time_seconds": 282.33,
  "rounds_time_stats": {
    "round_1": 59.98,
    "round_2": 49.9,
    "round_3": 42.18,
    "round_4": 31.45,
    "round_5": 43.5,
    "round_6": 55.31
  }
}