{
  "process_start_time": 1767677101.6346147,
  "process_end_time": 1767677387.1241403,
  "total_elapsed_time_seconds": 285.49,
  "rounds_time_stats": {
    "round_1": 61.46,
    "round_2": 43.67,
    "round_3": 47.63,
    "round_4": 43.07,
    "round_5": 41.56,
    "round_6": 48.1
  }
}