{
  "process_start_time": 1767977647.804143,
  "process_end_time": 1767977831.2165608,
  "total_elapsed_time_seconds": 183.41,
  "rounds_time_stats": {
    "round_1": 29.39,
    "round_2": 29.63,
    "round_3": 28.86,
    "round_4": 33.72,
    "round_5": 30.05,
    "round_6": 31.76
  }
}