{
  "process_start_time": 1767675475.9716437,
  "process_end_time": 1767675750.748533,
  "total_elapsed_time_seconds": 274.78,
  "rounds_time_stats": {
    "round_1": 71.69,
    "round_2": 37.43,
    "round_3": 39.67,
    "round_4": 41.9,
    "round_5": 38.5,
    "round_6": 45.59
  }
}