{
  "process_start_time": 1767888956.4963567,
  "process_end_time": 1767889091.1354647,
  "total_elapsed_time_seconds": 134.64,
  "rounds_time_stats": {
    "round_1": 19.77,
    "round_2": 18.95,
    "round_3": 23.51,
    "round_4": 18.62,
    "round_5": 25.4,
    "round_6": 28.38
  }
}