{
  "process_start_time": 1767888056.8273096,
  "process_end_time": 1767888152.8100262,
  "total_elapsed_time_seconds": 95.98,
  "rounds_time_stats": {
    "round_1": 28.24,
    "round_2": 32.56,
    "round_3": 35.18
  }
}