{
  "process_start_time": 1768114486.9786823,
  "process_end_time": 1768114753.419281,
  "total_elapsed_time_seconds": 266.44,
  "rounds_time_stats": {
    "round_1": 28.78,
    "round_2": 38.25,
    "round_3": 47.2,
    "round_4": 51.68,
    "round_5": 53.97,
    "round_6": 46.55
  }
}