{
  "process_start_time": 1767887077.767152,
  "process_end_time": 1767887097.1926682,
  "total_elapsed_time_seconds": 19.43,
  "rounds_time_stats": {
    "round_1": 19.41
  }
}