{
  "process_start_time": 1768556907.7219474,
  "process_end_time": 1768557038.6690109,
  "total_elapsed_time_seconds": 130.95,
  "rounds_time_stats": {
    "round_1": 26.13,
    "round_2": 20.02,
    "round_3": 25.5,
    "round_4": 26.52,
    "round_5": 18.76,
    "round_6": 14.01
  }
}