{
  "process_start_time": 1768556772.2829125,
  "process_end_time": 1768556831.2362866,
  "total_elapsed_time_seconds": 58.95,
  "rounds_time_stats": {
    "round_1": 58.92
  }
}