{
  "process_start_time": 1767690099.6214736,
  "process_end_time": 1767690148.6453838,
  "total_elapsed_time_seconds": 49.02,
  "rounds_time_stats": {
    "round_1": 48.95
  }
}