{
  "process_start_time": 1767975353.5310545,
  "process_end_time": 1767975516.8816137,
  "total_elapsed_time_seconds": 163.35,
  "rounds_time_stats": {
    "round_1": 20.88,
    "round_2": 33.61,
    "round_3": 28.24,
    "round_4": 29.85,
    "round_5": 24.7,
    "round_6": 26.07
  }
}