{
  "process_start_time": 1767889153.4698563,
  "process_end_time": 1767889188.5463257,
  "total_elapsed_time_seconds": 35.08,
  "rounds_time_stats": {
    "round_1": 15.69,
    "round_2": 19.13,
    "round_3": 0.25
  }
}