{
  "process_start_time": 1767678626.3189793,
  "process_end_time": 1767678911.2696655,
  "total_elapsed_time_seconds": 284.95,
  "rounds_time_stats": {
    "round_1": 45.83,
    "round_2": 42.89,
    "round_3": 47.35,
    "round_4": 47.96,
    "round_5": 60.72,
    "round_6": 40.21
  }
}