{
  "process_start_time": 1767684897.6595984,
  "process_end_time": 1767685199.9287918,
  "total_elapsed_time_seconds": 302.27,
  "rounds_time_stats": {
    "round_1": 40.94,
    "round_2": 43.6,
    "round_3": 69.33,
    "round_4": 48.48,
    "round_5": 46.25,
    "round_6": 53.67
  }
}