{
  "process_start_time": 1767976518.3699586,
  "process_end_time": 1767976549.472297,
  "total_elapsed_time_seconds": 31.1,
  "rounds_time_stats": {
    "round_1": 31.02,
    "round_2": 0.08
  }
}