{
  "process_start_time": 1767683203.9589193,
  "process_end_time": 1767683482.5947537,
  "total_elapsed_time_seconds": 278.64,
  "rounds_time_stats": {
    "round_1": 43.66,
    "round_2": 51.77,
    "round_3": 44.95,
    "round_4": 42.21,
    "round_5": 49.85,
    "round_6": 46.2
  }
}