{
  "process_start_time": 1767682515.5454762,
  "process_end_time": 1767682826.8101528,
  "total_elapsed_time_seconds": 311.26,
  "rounds_time_stats": {
    "round_1": 77.93,
    "round_2": 44.7,
    "round_3": 49.37,
    "round_4": 58.65,
    "round_5": 44.36,
    "round_6": 36.26
  }
}