{
  "process_start_time": 1768555458.6356363,
  "process_end_time": 1768555618.4743266,
  "total_elapsed_time_seconds": 159.84,
  "rounds_time_stats": {
    "round_1": 21.69,
    "round_2": 25.07,
    "round_3": 26.48,
    "round_4": 28.45,
    "round_5": 29.0,
    "round_6": 29.14
  }
}