{
  "process_start_time": 1767888844.7917197,
  "process_end_time": 1767888869.5419078,
  "total_elapsed_time_seconds": 24.75,
  "rounds_time_stats": {
    "round_1": 24.74
  }
}