{
  "process_start_time": 1767977024.9552064,
  "process_end_time": 1767977140.600053,
  "total_elapsed_time_seconds": 115.64,
  "rounds_time_stats": {
    "round_1": 29.53,
    "round_2": 20.24,
    "round_3": 16.87,
    "round_4": 17.77,
    "round_5": 13.31,
    "round_6": 17.92
  }
}