{
  "process_start_time": 1767973507.116704,
  "process_end_time": 1767973845.0078843,
  "total_elapsed_time_seconds": 337.89,
  "rounds_time_stats": {
    "round_1": 57.13,
    "round_2": 49.88,
    "round_3": 59.83,
    "round_4": 53.2,
    "round_5": 60.46,
    "round_6": 57.38
  }
}