{
  "process_start_time": 1767849999.4764848,
  "process_end_time": 1767850184.6010177,
  "total_elapsed_time_seconds": 185.12,
  "rounds_time_stats": {
    "round_1": 29.47,
    "round_2": 32.16,
    "round_3": 39.36,
    "round_4": 27.39,
    "round_5": 29.02,
    "round_6": 27.71
  }
}