{
  "process_start_time": 1767975762.4404218,
  "process_end_time": 1767975930.6450834,
  "total_elapsed_time_seconds": 168.2,
  "rounds_time_stats": {
    "round_1": 26.94,
    "round_2": 24.02,
    "round_3": 28.43,
    "round_4": 28.15,
    "round_5": 35.94,
    "round_6": 24.73
  }
}