{
  "process_start_time": 1768115817.2103229,
  "process_end_time": 1768116151.4786077,
  "total_elapsed_time_seconds": 334.27,
  "rounds_time_stats": {
    "round_1": 45.16,
    "round_2": 49.85,
    "round_3": 50.46,
    "round_4": 50.65,
    "round_5": 90.36,
    "round_6": 47.78
  }
}