{
  "process_start_time": 1767890642.4860997,
  "process_end_time": 1767890679.7193851,
  "total_elapsed_time_seconds": 37.23,
  "rounds_time_stats": {
    "round_1": 37.21
  }
}