{
  "process_start_time": 1767883139.452426,
  "process_end_time": 1767883154.0171802,
  "total_elapsed_time_seconds": 14.56,
  "rounds_time_stats": {
    "round_1": 14.56
  }
}