{
  "process_start_time": 1767977458.805888,
  "process_end_time": 1767977657.2869823,
  "total_elapsed_time_seconds": 198.48,
  "rounds_time_stats": {
    "round_1": 30.89,
    "round_2": 26.91,
    "round_3": 36.22,
    "round_4": 39.84,
    "round_5": 32.32,
    "round_6": 32.31
  }
}