{
  "process_start_time": 1767889021.94388,
  "process_end_time": 1767889185.3477325,
  "total_elapsed_time_seconds": 163.4,
  "rounds_time_stats": {
    "round_1": 26.49,
    "round_2": 26.7,
    "round_3": 22.09,
    "round_4": 34.21,
    "round_5": 25.27,
    "round_6": 28.65
  }
}