{
  "process_start_time": 1767889136.8250782,
  "process_end_time": 1767889173.5073419,
  "total_elapsed_time_seconds": 36.68,
  "rounds_time_stats": {
    "round_1": 17.99,
    "round_2": 18.68
  }
}