{
  "process_start_time": 1767887795.3949816,
  "process_end_time": 1767887894.8628542,
  "total_elapsed_time_seconds": 99.47,
  "rounds_time_stats": {
    "round_1": 23.92,
    "round_2": 33.92,
    "round_3": 41.62
  }
}