{
  "process_start_time": 1767884463.82721,
  "process_end_time": 1767884587.0919373,
  "total_elapsed_time_seconds": 123.26,
  "rounds_time_stats": {
    "round_1": 12.33,
    "round_2": 11.35,
    "round_3": 22.72,
    "round_4": 22.2,
    "round_5": 27.3,
    "round_6": 27.36
  }
}