{
  "process_start_time": 1767885999.3025708,
  "process_end_time": 1767886012.265607,
  "total_elapsed_time_seconds": 12.96,
  "rounds_time_stats": {
    "round_1": 12.96
  }
}