{
  "process_start_time": 1767684643.4030716,
  "process_end_time": 1767684944.1524367,
  "total_elapsed_time_seconds": 300.75,
  "rounds_time_stats": {
    "round_1": 46.17,
    "round_2": 62.73,
    "round_3": 45.94,
    "round_4": 52.97,
    "round_5": 45.3,
    "round_6": 47.64
  }
}