{
  "process_start_time": 1767887004.6244323,
  "process_end_time": 1767887036.225922,
  "total_elapsed_time_seconds": 31.6,
  "rounds_time_stats": {
    "round_1": 31.6
  }
}