{
  "process_start_time": 1767887944.332236,
  "process_end_time": 1767887988.333841,
  "total_elapsed_time_seconds": 44.0,
  "rounds_time_stats": {
    "round_1": 17.15,
    "round_2": 26.62,
    "round_3": 0.23
  }
}