{
  "process_start_time": 1767680278.3487701,
  "process_end_time": 1767680558.4167504,
  "total_elapsed_time_seconds": 280.07,
  "rounds_time_stats": {
    "round_1": 60.51,
    "round_2": 42.94,
    "round_3": 40.56,
    "round_4": 47.15,
    "round_5": 44.21,
    "round_6": 44.69
  }
}