{
  "process_start_time": 1767884662.795293,
  "process_end_time": 1767884700.3222244,
  "total_elapsed_time_seconds": 37.53,
  "rounds_time_stats": {
    "round_1": 21.27,
    "round_2": 16.25
  }
}