{
  "process_start_time": 1767886209.9303384,
  "process_end_time": 1767886228.1699088,
  "total_elapsed_time_seconds": 18.24,
  "rounds_time_stats": {
    "round_1": 18.22
  }
}