{
  "process_start_time": 1767664926.1095858,
  "process_end_time": 1767665167.1449425,
  "total_elapsed_time_seconds": 241.04,
  "rounds_time_stats": {
    "round_1": 36.89,
    "round_2": 33.59,
    "round_3": 40.19,
    "round_4": 38.79,
    "round_5": 45.08,
    "round_6": 46.49
  }
}