{
  "process_start_time": 1767684734.1678393,
  "process_end_time": 1767685032.10096,
  "total_elapsed_time_seconds": 297.93,
  "rounds_time_stats": {
    "round_1": 48.32,
    "round_2": 52.86,
    "round_3": 42.99,
    "round_4": 51.83,
    "round_5": 42.26,
    "round_6": 59.67
  }
}