{
  "process_start_time": 1767676032.3587997,
  "process_end_time": 1767676297.8765228,
  "total_elapsed_time_seconds": 265.52,
  "rounds_time_stats": {
    "round_1": 59.29,
    "round_2": 34.16,
    "round_3": 46.97,
    "round_4": 34.03,
    "round_5": 43.01,
    "round_6": 48.05
  }
}