{
  "process_start_time": 1767883929.32331,
  "process_end_time": 1767884037.0448291,
  "total_elapsed_time_seconds": 107.72,
  "rounds_time_stats": {
    "round_1": 15.89,
    "round_2": 17.66,
    "round_3": 21.47,
    "round_4": 14.27,
    "round_5": 19.1,
    "round_6": 19.33
  }
}