{
  "process_start_time": 1768115003.979499,
  "process_end_time": 1768115239.6781027,
  "total_elapsed_time_seconds": 235.7,
  "rounds_time_stats": {
    "round_1": 28.18,
    "round_2": 39.22,
    "round_3": 47.76,
    "round_4": 43.96,
    "round_5": 29.96,
    "round_6": 46.62
  }
}