{
  "process_start_time": 1767677447.705958,
  "process_end_time": 1767677646.4487422,
  "total_elapsed_time_seconds": 198.74,
  "rounds_time_stats": {
    "round_1": 38.41,
    "round_2": 38.27,
    "round_3": 38.25,
    "round_4": 35.82,
    "round_5": 30.54,
    "round_6": 17.46
  }
}