{
  "process_start_time": 1768550712.1484234,
  "process_end_time": 1768550819.5890005,
  "total_elapsed_time_seconds": 107.44,
  "rounds_time_stats": {
    "round_1": 107.4
  }
}