{
  "process_start_time": 1767890038.7616518,
  "process_end_time": 1767890084.551429,
  "total_elapsed_time_seconds": 45.79,
  "rounds_time_stats": {
    "round_1": 45.79
  }
}