{
  "process_start_time": 1767975136.2557333,
  "process_end_time": 1767975305.0349028,
  "total_elapsed_time_seconds": 168.78,
  "rounds_time_stats": {
    "round_1": 28.94,
    "round_2": 24.6,
    "round_3": 30.42,
    "round_4": 26.17,
    "round_5": 29.43,
    "round_6": 29.22
  }
}