{
  "process_start_time": 1768748393.5603268,
  "process_end_time": 1768748630.3713374,
  "total_elapsed_time_seconds": 236.81,
  "rounds_time_stats": {
    "round_1": 31.38,
    "round_2": 46.36,
    "round_3": 43.92,
    "round_4": 42.31,
    "round_5": 40.14,
    "round_6": 32.69
  }
}