{
  "process_start_time": 1767886324.8595614,
  "process_end_time": 1767886395.1014736,
  "total_elapsed_time_seconds": 70.24,
  "rounds_time_stats": {
    "round_1": 26.63,
    "round_2": 22.79,
    "round_3": 20.37,
    "round_4": 0.44
  }
}