{
  "process_start_time": 1767979168.3757813,
  "process_end_time": 1767979321.2845917,
  "total_elapsed_time_seconds": 152.91,
  "rounds_time_stats": {
    "round_1": 31.37,
    "round_2": 29.1,
    "round_3": 25.88,
    "round_4": 26.37,
    "round_5": 18.99,
    "round_6": 21.19
  }
}