{
  "process_start_time": 1767883386.607923,
  "process_end_time": 1767883475.2947772,
  "total_elapsed_time_seconds": 88.69,
  "rounds_time_stats": {
    "round_1": 18.39,
    "round_2": 17.06,
    "round_3": 10.26,
    "round_4": 16.28,
    "round_5": 12.57,
    "round_6": 14.13
  }
}