{
  "process_start_time": 1767889091.1368625,
  "process_end_time": 1767889100.1777136,
  "total_elapsed_time_seconds": 9.04,
  "rounds_time_stats": {
    "round_1": 9.04
  }
}