{
  "process_start_time": 1767883185.3112059,
  "process_end_time": 1767883226.5363617,
  "total_elapsed_time_seconds": 41.23,
  "rounds_time_stats": {
    "round_1": 17.48,
    "round_2": 23.56,
    "round_3": 0.18
  }
}