{
  "process_start_time": 1767975762.436549,
  "process_end_time": 1767975932.0993779,
  "total_elapsed_time_seconds": 169.66,
  "rounds_time_stats": {
    "round_1": 26.88,
    "round_2": 23.04,
    "round_3": 28.22,
    "round_4": 34.35,
    "round_5": 31.33,
    "round_6": 25.84
  }
}