{
  "process_start_time": 1767886997.43744,
  "process_end_time": 1767887020.1271467,
  "total_elapsed_time_seconds": 22.69,
  "rounds_time_stats": {
    "round_1": 22.68
  }
}