{
  "process_start_time": 1768117914.567411,
  "process_end_time": 1768118190.208063,
  "total_elapsed_time_seconds": 275.64,
  "rounds_time_stats": {
    "round_1": 43.42,
    "round_2": 39.87,
    "round_3": 61.58,
    "round_4": 57.13,
    "round_5": 48.18,
    "round_6": 25.46
  }
}