{
  "process_start_time": 1767886214.8991272,
  "process_end_time": 1767886261.013579,
  "total_elapsed_time_seconds": 46.11,
  "rounds_time_stats": {
    "round_1": 21.32,
    "round_2": 24.79
  }
}