{
  "process_start_time": 1767890093.1481884,
  "process_end_time": 1767890104.072441,
  "total_elapsed_time_seconds": 10.92,
  "rounds_time_stats": {
    "round_1": 10.92
  }
}