{
  "process_start_time": 1767678073.9665363,
  "process_end_time": 1767678388.10752,
  "total_elapsed_time_seconds": 314.14,
  "rounds_time_stats": {
    "round_1": 87.91,
    "round_2": 38.25,
    "round_3": 45.69,
    "round_4": 48.48,
    "round_5": 41.17,
    "round_6": 52.64
  }
}