{
  "process_start_time": 1767888436.7629294,
  "process_end_time": 1767888497.9896858,
  "total_elapsed_time_seconds": 61.23,
  "rounds_time_stats": {
    "round_1": 25.09,
    "round_2": 36.12
  }
}