{
  "process_start_time": 1767887190.5523303,
  "process_end_time": 1767887316.4601734,
  "total_elapsed_time_seconds": 125.91,
  "rounds_time_stats": {
    "round_1": 16.53,
    "round_2": 19.46,
    "round_3": 27.23,
    "round_4": 14.21,
    "round_5": 31.5,
    "round_6": 16.97
  }
}