{
  "process_start_time": 1767690418.504416,
  "process_end_time": 1767690614.6754482,
  "total_elapsed_time_seconds": 196.17,
  "rounds_time_stats": {
    "round_1": 48.35,
    "round_2": 43.92,
    "round_3": 39.8,
    "round_4": 28.86,
    "round_5": 20.32,
    "round_6": 14.92
  }
}