{
  "process_start_time": 1767688958.7647417,
  "process_end_time": 1767689275.034378,
  "total_elapsed_time_seconds": 316.27,
  "rounds_time_stats": {
    "round_1": 43.39,
    "round_2": 54.88,
    "round_3": 46.03,
    "round_4": 61.45,
    "round_5": 48.5,
    "round_6": 62.03
  }
}