{
  "process_start_time": 1768551669.2692466,
  "process_end_time": 1768551819.4332952,
  "total_elapsed_time_seconds": 150.16,
  "rounds_time_stats": {
    "round_1": 25.63,
    "round_2": 22.54,
    "round_3": 26.07,
    "round_4": 28.16,
    "round_5": 20.87,
    "round_6": 26.89
  }
}