{
  "process_start_time": 1767976671.0394964,
  "process_end_time": 1767976868.2276993,
  "total_elapsed_time_seconds": 197.19,
  "rounds_time_stats": {
    "round_1": 21.64,
    "round_2": 26.99,
    "round_3": 40.79,
    "round_4": 33.87,
    "round_5": 34.29,
    "round_6": 39.62
  }
}