{
  "process_start_time": 1767884682.8938801,
  "process_end_time": 1767884830.9565136,
  "total_elapsed_time_seconds": 148.06,
  "rounds_time_stats": {
    "round_1": 51.65,
    "round_2": 41.72,
    "round_3": 24.33,
    "round_4": 29.89,
    "round_5": 0.46
  }
}