{
  "process_start_time": 1768552043.4495826,
  "process_end_time": 1768552208.941364,
  "total_elapsed_time_seconds": 165.49,
  "rounds_time_stats": {
    "round_1": 28.92,
    "round_2": 25.32,
    "round_3": 28.47,
    "round_4": 30.18,
    "round_5": 26.14,
    "round_6": 26.45
  }
}