{
  "process_start_time": 1767886116.871017,
  "process_end_time": 1767886361.0762808,
  "total_elapsed_time_seconds": 244.21,
  "rounds_time_stats": {
    "round_1": 26.48,
    "round_2": 40.2,
    "round_3": 33.95,
    "round_4": 46.69,
    "round_5": 45.78,
    "round_6": 51.11
  }
}