{
  "process_start_time": 1767886344.7706213,
  "process_end_time": 1767886465.1647756,
  "total_elapsed_time_seconds": 120.39,
  "rounds_time_stats": {
    "round_1": 19.43,
    "round_2": 20.31,
    "round_3": 21.34,
    "round_4": 16.53,
    "round_5": 23.13,
    "round_6": 19.66
  }
}