{
  "process_start_time": 1767883979.8880622,
  "process_end_time": 1767884078.7529328,
  "total_elapsed_time_seconds": 98.86,
  "rounds_time_stats": {
    "round_1": 27.09,
    "round_2": 32.29,
    "round_3": 39.46
  }
}