{
  "process_start_time": 1767888953.4841666,
  "process_end_time": 1767888988.0693583,
  "total_elapsed_time_seconds": 34.59,
  "rounds_time_stats": {
    "round_1": 34.57
  }
}