{
  "process_start_time": 1767888444.4656348,
  "process_end_time": 1767888459.65025,
  "total_elapsed_time_seconds": 15.18,
  "rounds_time_stats": {
    "round_1": 15.16
  }
}