{
  "process_start_time": 1767975762.443416,
  "process_end_time": 1767975970.9897215,
  "total_elapsed_time_seconds": 208.55,
  "rounds_time_stats": {
    "round_1": 33.42,
    "round_2": 36.36,
    "round_3": 40.01,
    "round_4": 32.26,
    "round_5": 29.98,
    "round_6": 36.52
  }
}