{
  "process_start_time": 1767976260.7550871,
  "process_end_time": 1767976300.721633,
  "total_elapsed_time_seconds": 39.97,
  "rounds_time_stats": {
    "round_1": 39.95
  }
}