{
  "process_start_time": 1767889582.7963495,
  "process_end_time": 1767889634.801785,
  "total_elapsed_time_seconds": 52.01,
  "rounds_time_stats": {
    "round_1": 6.14,
    "round_2": 11.48,
    "round_3": 6.34,
    "round_4": 12.1,
    "round_5": 6.48,
    "round_6": 9.47
  }
}