{
  "process_start_time": 1767687609.1802323,
  "process_end_time": 1767687664.2025733,
  "total_elapsed_time_seconds": 55.02,
  "rounds_time_stats": {
    "round_1": 55.0
  }
}