{
  "process_start_time": 1767885966.9974864,
  "process_end_time": 1767886169.655272,
  "total_elapsed_time_seconds": 202.66,
  "rounds_time_stats": {
    "round_1": 27.83,
    "round_2": 34.88,
    "round_3": 61.43,
    "round_4": 46.67,
    "round_5": 31.82
  }
}