{
  "process_start_time": 1767888888.73768,
  "process_end_time": 1767888912.947443,
  "total_elapsed_time_seconds": 24.21,
  "rounds_time_stats": {
    "round_1": 24.21
  }
}