{
  "process_start_time": 1767890114.6958823,
  "process_end_time": 1767890134.0721602,
  "total_elapsed_time_seconds": 19.38,
  "rounds_time_stats": {
    "round_1": 19.37
  }
}