{
  "process_start_time": 1767683881.5849864,
  "process_end_time": 1767684166.2294178,
  "total_elapsed_time_seconds": 284.64,
  "rounds_time_stats": {
    "round_1": 41.22,
    "round_2": 55.04,
    "round_3": 44.8,
    "round_4": 48.19,
    "round_5": 46.93,
    "round_6": 48.47
  }
}