{
  "process_start_time": 1767974270.571372,
  "process_end_time": 1767974689.5500789,
  "total_elapsed_time_seconds": 418.98,
  "rounds_time_stats": {
    "round_1": 65.75,
    "round_2": 69.91,
    "round_3": 55.98,
    "round_4": 66.33,
    "round_5": 108.44,
    "round_6": 52.57
  }
}