{
  "process_start_time": 1767885875.920834,
  "process_end_time": 1767885896.7828066,
  "total_elapsed_time_seconds": 20.86,
  "rounds_time_stats": {
    "round_1": 20.86
  }
}