{
  "process_start_time": 1767884130.45353,
  "process_end_time": 1767884151.2193449,
  "total_elapsed_time_seconds": 20.77,
  "rounds_time_stats": {
    "round_1": 20.76
  }
}