{
  "process_start_time": 1767970266.0981526,
  "process_end_time": 1767970674.6178298,
  "total_elapsed_time_seconds": 408.52,
  "rounds_time_stats": {
    "round_1": 75.22,
    "round_2": 91.29,
    "round_3": 63.67,
    "round_4": 48.37,
    "round_5": 74.08,
    "round_6": 55.88
  }
}