{
  "process_start_time": 1768116956.1322923,
  "process_end_time": 1768117210.6653135,
  "total_elapsed_time_seconds": 254.53,
  "rounds_time_stats": {
    "round_1": 32.42,
    "round_2": 45.95,
    "round_3": 44.06,
    "round_4": 47.68,
    "round_5": 36.45,
    "round_6": 47.96
  }
}