{
  "process_start_time": 1767687062.3414233,
  "process_end_time": 1767687356.553497,
  "total_elapsed_time_seconds": 294.21,
  "rounds_time_stats": {
    "round_1": 37.41,
    "round_2": 57.54,
    "round_3": 43.13,
    "round_4": 47.67,
    "round_5": 46.92,
    "round_6": 61.54
  }
}