{
  "process_start_time": 1767886849.5234072,
  "process_end_time": 1767886964.473439,
  "total_elapsed_time_seconds": 114.95,
  "rounds_time_stats": {
    "round_1": 17.38,
    "round_2": 20.97,
    "round_3": 19.38,
    "round_4": 18.4,
    "round_5": 23.03,
    "round_6": 15.8
  }
}