{
  "process_start_time": 1767886648.957146,
  "process_end_time": 1767886680.8341389,
  "total_elapsed_time_seconds": 31.88,
  "rounds_time_stats": {
    "round_1": 31.87
  }
}