{
  "process_start_time": 1768748393.5588686,
  "process_end_time": 1768748591.2007096,
  "total_elapsed_time_seconds": 197.64,
  "rounds_time_stats": {
    "round_1": 36.97,
    "round_2": 30.15,
    "round_3": 32.38,
    "round_4": 32.0,
    "round_5": 32.56,
    "round_6": 33.58
  }
}