{
  "process_start_time": 1768556421.6312828,
  "process_end_time": 1768556626.8615425,
  "total_elapsed_time_seconds": 205.23,
  "rounds_time_stats": {
    "round_1": 29.97,
    "round_2": 36.69,
    "round_3": 30.61,
    "round_4": 37.55,
    "round_5": 38.36,
    "round_6": 32.05
  }
}