{
  "process_start_time": 1767976145.4037926,
  "process_end_time": 1767976318.8698158,
  "total_elapsed_time_seconds": 173.47,
  "rounds_time_stats": {
    "round_1": 31.53,
    "round_2": 32.35,
    "round_3": 28.57,
    "round_4": 30.42,
    "round_5": 23.55,
    "round_6": 27.05
  }
}