{
  "process_start_time": 1767885590.7220457,
  "process_end_time": 1767885718.941672,
  "total_elapsed_time_seconds": 128.22,
  "rounds_time_stats": {
    "round_1": 23.45,
    "round_2": 15.77,
    "round_3": 22.65,
    "round_4": 20.45,
    "round_5": 24.63,
    "round_6": 21.26
  }
}