{
  "process_start_time": 1768114788.8076513,
  "process_end_time": 1768115056.5554042,
  "total_elapsed_time_seconds": 267.75,
  "rounds_time_stats": {
    "round_1": 37.58,
    "round_2": 33.98,
    "round_3": 51.48,
    "round_4": 47.35,
    "round_5": 51.05,
    "round_6": 46.3
  }
}