{
  "process_start_time": 1767684086.048407,
  "process_end_time": 1767684368.0240443,
  "total_elapsed_time_seconds": 281.98,
  "rounds_time_stats": {
    "round_1": 46.64,
    "round_2": 47.72,
    "round_3": 45.73,
    "round_4": 49.29,
    "round_5": 46.74,
    "round_6": 45.86
  }
}