{
  "process_start_time": 1767884865.2298431,
  "process_end_time": 1767884907.4845169,
  "total_elapsed_time_seconds": 42.25,
  "rounds_time_stats": {
    "round_1": 15.31,
    "round_2": 26.94
  }
}