{
  "process_start_time": 1767886186.7670674,
  "process_end_time": 1767886205.9721348,
  "total_elapsed_time_seconds": 19.21,
  "rounds_time_stats": {
    "round_1": 19.2
  }
}