{
  "process_start_time": 1767887654.5305595,
  "process_end_time": 1767887772.2278535,
  "total_elapsed_time_seconds": 117.7,
  "rounds_time_stats": {
    "round_1": 26.82,
    "round_2": 25.28,
    "round_3": 40.33,
    "round_4": 25.26
  }
}