{
  "process_start_time": 1767889819.0422165,
  "process_end_time": 1767890002.645719,
  "total_elapsed_time_seconds": 183.6,
  "rounds_time_stats": {
    "round_1": 26.77,
    "round_2": 25.38,
    "round_3": 48.74,
    "round_4": 25.95,
    "round_5": 25.98,
    "round_6": 30.77
  }
}