{
  "process_start_time": 1768108956.995486,
  "process_end_time": 1768109205.0689416,
  "total_elapsed_time_seconds": 248.07,
  "rounds_time_stats": {
    "round_1": 29.71,
    "round_2": 35.61,
    "round_3": 49.21,
    "round_4": 47.03,
    "round_5": 44.4,
    "round_6": 42.12
  }
}