{
  "process_start_time": 1767890257.7833061,
  "process_end_time": 1767890379.9277031,
  "total_elapsed_time_seconds": 122.14,
  "rounds_time_stats": {
    "round_1": 19.53,
    "round_2": 20.76,
    "round_3": 23.15,
    "round_4": 17.94,
    "round_5": 18.46,
    "round_6": 22.31
  }
}