{
  "process_start_time": 1768554964.7745862,
  "process_end_time": 1768555136.6217375,
  "total_elapsed_time_seconds": 171.85,
  "rounds_time_stats": {
    "round_1": 27.38,
    "round_2": 19.19,
    "round_3": 29.95,
    "round_4": 25.93,
    "round_5": 30.62,
    "round_6": 38.76
  }
}