{
  "process_start_time": 1767687357.8977478,
  "process_end_time": 1767687664.6487617,
  "total_elapsed_time_seconds": 306.75,
  "rounds_time_stats": {
    "round_1": 47.16,
    "round_2": 44.19,
    "round_3": 67.59,
    "round_4": 47.01,
    "round_5": 59.57,
    "round_6": 41.22
  }
}