{
  "process_start_time": 1767884288.4396434,
  "process_end_time": 1767884310.0831246,
  "total_elapsed_time_seconds": 21.64,
  "rounds_time_stats": {
    "round_1": 21.64
  }
}