{
  "process_start_time": 1767886439.0229745,
  "process_end_time": 1767886461.007714,
  "total_elapsed_time_seconds": 21.98,
  "rounds_time_stats": {
    "round_1": 21.98
  }
}