{
  "process_start_time": 1767887147.8071823,
  "process_end_time": 1767887188.8364189,
  "total_elapsed_time_seconds": 41.03,
  "rounds_time_stats": {
    "round_1": 41.02
  }
}