{
  "process_start_time": 1767890640.3870873,
  "process_end_time": 1767890686.298953,
  "total_elapsed_time_seconds": 45.91,
  "rounds_time_stats": {
    "round_1": 45.87
  }
}