{
  "process_start_time": 1767969222.4538605,
  "process_end_time": 1767969588.095221,
  "total_elapsed_time_seconds": 365.64,
  "rounds_time_stats": {
    "round_1": 27.38,
    "round_2": 69.95,
    "round_3": 50.92,
    "round_4": 75.06,
    "round_5": 52.69,
    "round_6": 89.65
  }
}