{
  "process_start_time": 1768114960.6093693,
  "process_end_time": 1768115209.170977,
  "total_elapsed_time_seconds": 248.56,
  "rounds_time_stats": {
    "round_1": 36.71,
    "round_2": 43.98,
    "round_3": 57.96,
    "round_4": 36.12,
    "round_5": 43.24,
    "round_6": 30.55
  }
}