{
  "process_start_time": 1768107972.6213527,
  "process_end_time": 1768108226.2156785,
  "total_elapsed_time_seconds": 253.59,
  "rounds_time_stats": {
    "round_1": 37.28,
    "round_2": 33.04,
    "round_3": 44.03,
    "round_4": 46.71,
    "round_5": 48.36,
    "round_6": 44.17
  }
}