{
  "process_start_time": 1767885284.1827817,
  "process_end_time": 1767885322.4169204,
  "total_elapsed_time_seconds": 38.23,
  "rounds_time_stats": {
    "round_1": 17.68,
    "round_2": 20.4,
    "round_3": 0.16
  }
}