{
  "process_start_time": 1767688120.746671,
  "process_end_time": 1767688399.3738244,
  "total_elapsed_time_seconds": 278.63,
  "rounds_time_stats": {
    "round_1": 50.49,
    "round_2": 46.88,
    "round_3": 47.7,
    "round_4": 44.24,
    "round_5": 42.87,
    "round_6": 46.44
  }
}