{
  "process_start_time": 1767977833.1325648,
  "process_end_time": 1767978024.5527482,
  "total_elapsed_time_seconds": 191.42,
  "rounds_time_stats": {
    "round_1": 21.8,
    "round_2": 38.16,
    "round_3": 40.26,
    "round_4": 32.88,
    "round_5": 30.65,
    "round_6": 27.68
  }
}