{
  "process_start_time": 1767888898.4651535,
  "process_end_time": 1767888964.3534338,
  "total_elapsed_time_seconds": 65.89,
  "rounds_time_stats": {
    "round_1": 21.15,
    "round_2": 23.37,
    "round_3": 21.36
  }
}