{
  "process_start_time": 1767886400.6285827,
  "process_end_time": 1767886439.021842,
  "total_elapsed_time_seconds": 38.39,
  "rounds_time_stats": {
    "round_1": 16.8,
    "round_2": 21.52,
    "round_3": 0.07
  }
}