{
  "process_start_time": 1767890703.306671,
  "process_end_time": 1767890762.493657,
  "total_elapsed_time_seconds": 59.19,
  "rounds_time_stats": {
    "round_1": 26.56,
    "round_2": 32.62
  }
}