{
  "process_start_time": 1767887589.107338,
  "process_end_time": 1767887602.2733965,
  "total_elapsed_time_seconds": 13.17,
  "rounds_time_stats": {
    "round_1": 13.16
  }
}