{
  "process_start_time": 1767888351.7237194,
  "process_end_time": 1767888402.1394355,
  "total_elapsed_time_seconds": 50.42,
  "rounds_time_stats": {
    "round_1": 10.78,
    "round_2": 7.76,
    "round_3": 8.17,
    "round_4": 8.22,
    "round_5": 6.4,
    "round_6": 9.08
  }
}