{
  "process_start_time": 1767974732.2143874,
  "process_end_time": 1767975011.7440999,
  "total_elapsed_time_seconds": 279.53,
  "rounds_time_stats": {
    "round_1": 42.03,
    "round_2": 38.73,
    "round_3": 53.74,
    "round_4": 76.37,
    "round_5": 34.38,
    "round_6": 34.27
  }
}