{
  "process_start_time": 1767969222.4951158,
  "process_end_time": 1767969534.766789,
  "total_elapsed_time_seconds": 312.27,
  "rounds_time_stats": {
    "round_1": 68.74,
    "round_2": 80.08,
    "round_3": 42.83,
    "round_4": 45.05,
    "round_5": 33.13,
    "round_6": 42.45
  }
}