{
  "process_start_time": 1767889472.7814944,
  "process_end_time": 1767889485.5935602,
  "total_elapsed_time_seconds": 12.81,
  "rounds_time_stats": {
    "round_1": 12.71,
    "round_2": 0.1
  }
}