{
  "process_start_time": 1767884852.6126087,
  "process_end_time": 1767885058.9710405,
  "total_elapsed_time_seconds": 206.36,
  "rounds_time_stats": {
    "round_1": 19.81,
    "round_2": 24.56,
    "round_3": 17.99,
    "round_4": 144.0
  }
}