{
  "process_start_time": 1768117931.1535404,
  "process_end_time": 1768118153.6941426,
  "total_elapsed_time_seconds": 222.54,
  "rounds_time_stats": {
    "round_1": 27.59,
    "round_2": 33.19,
    "round_3": 36.88,
    "round_4": 46.1,
    "round_5": 43.07,
    "round_6": 35.7
  }
}