{
  "process_start_time": 1768115387.5259328,
  "process_end_time": 1768115655.7917686,
  "total_elapsed_time_seconds": 268.27,
  "rounds_time_stats": {
    "round_1": 39.17,
    "round_2": 33.91,
    "round_3": 49.68,
    "round_4": 48.5,
    "round_5": 36.72,
    "round_6": 60.28
  }
}