{
  "process_start_time": 1768556644.1809847,
  "process_end_time": 1768556782.9733493,
  "total_elapsed_time_seconds": 138.79,
  "rounds_time_stats": {
    "round_1": 21.5,
    "round_2": 28.57,
    "round_3": 19.92,
    "round_4": 21.48,
    "round_5": 26.87,
    "round_6": 20.45
  }
}