{
  "process_start_time": 1767888270.0953653,
  "process_end_time": 1767888365.035682,
  "total_elapsed_time_seconds": 94.94,
  "rounds_time_stats": {
    "round_1": 38.46,
    "round_2": 33.06,
    "round_3": 23.41
  }
}