{
  "process_start_time": 1767888694.5338185,
  "process_end_time": 1767888734.1930625,
  "total_elapsed_time_seconds": 39.66,
  "rounds_time_stats": {
    "round_1": 20.45,
    "round_2": 19.2
  }
}