{
  "process_start_time": 1767664926.1101265,
  "process_end_time": 1767665185.2461915,
  "total_elapsed_time_seconds": 259.14,
  "rounds_time_stats": {
    "round_1": 42.64,
    "round_2": 40.59,
    "round_3": 33.25,
    "round_4": 47.96,
    "round_5": 48.43,
    "round_6": 46.27
  }
}