{
  "process_start_time": 1768555382.750373,
  "process_end_time": 1768555538.3606637,
  "total_elapsed_time_seconds": 155.61,
  "rounds_time_stats": {
    "round_1": 21.46,
    "round_2": 21.65,
    "round_3": 26.22,
    "round_4": 25.93,
    "round_5": 28.3,
    "round_6": 32.05
  }
}