{
  "process_start_time": 1767975136.2528374,
  "process_end_time": 1767975303.7721205,
  "total_elapsed_time_seconds": 167.52,
  "rounds_time_stats": {
    "round_1": 28.44,
    "round_2": 35.15,
    "round_3": 19.09,
    "round_4": 24.16,
    "round_5": 31.3,
    "round_6": 29.36
  }
}