{
  "process_start_time": 1767885585.8619006,
  "process_end_time": 1767885617.8904681,
  "total_elapsed_time_seconds": 32.03,
  "rounds_time_stats": {
    "round_1": 18.11,
    "round_2": 13.79,
    "round_3": 0.12
  }
}