{
  "process_start_time": 1767889696.6464243,
  "process_end_time": 1767889777.0623596,
  "total_elapsed_time_seconds": 80.42,
  "rounds_time_stats": {
    "round_1": 13.95,
    "round_2": 19.24,
    "round_3": 24.68,
    "round_4": 22.53
  }
}