{
  "process_start_time": 1767886750.4584532,
  "process_end_time": 1767886879.5699337,
  "total_elapsed_time_seconds": 129.11,
  "rounds_time_stats": {
    "round_1": 17.17,
    "round_2": 27.13,
    "round_3": 24.81,
    "round_4": 21.12,
    "round_5": 38.88
  }
}