{
  "process_start_time": 1767889693.410418,
  "process_end_time": 1767889773.8215833,
  "total_elapsed_time_seconds": 80.41,
  "rounds_time_stats": {
    "round_1": 22.31,
    "round_2": 16.18,
    "round_3": 20.86,
    "round_4": 20.69,
    "round_5": 0.37
  }
}