{
  "process_start_time": 1767682699.703618,
  "process_end_time": 1767682965.71664,
  "total_elapsed_time_seconds": 266.01,
  "rounds_time_stats": {
    "round_1": 31.24,
    "round_2": 54.7,
    "round_3": 38.67,
    "round_4": 48.0,
    "round_5": 46.11,
    "round_6": 47.29
  }
}