{
  "process_start_time": 1767886826.6521165,
  "process_end_time": 1767886858.5506198,
  "total_elapsed_time_seconds": 31.9,
  "rounds_time_stats": {
    "round_1": 31.53,
    "round_2": 0.37
  }
}