{
  "process_start_time": 1767977656.3871636,
  "process_end_time": 1767977851.7779996,
  "total_elapsed_time_seconds": 195.39,
  "rounds_time_stats": {
    "round_1": 24.22,
    "round_2": 32.76,
    "round_3": 35.52,
    "round_4": 41.88,
    "round_5": 31.57,
    "round_6": 29.44
  }
}