{
  "process_start_time": 1767889120.7519262,
  "process_end_time": 1767889135.1291733,
  "total_elapsed_time_seconds": 14.38,
  "rounds_time_stats": {
    "round_1": 14.37
  }
}