{
  "process_start_time": 1767890587.7437208,
  "process_end_time": 1767890610.312932,
  "total_elapsed_time_seconds": 22.57,
  "rounds_time_stats": {
    "round_1": 22.55
  }
}