{
  "process_start_time": 1767888320.35742,
  "process_end_time": 1767888345.4154458,
  "total_elapsed_time_seconds": 25.06,
  "rounds_time_stats": {
    "round_1": 25.05
  }
}