{
  "process_start_time": 1767884425.5111706,
  "process_end_time": 1767884478.1518664,
  "total_elapsed_time_seconds": 52.64,
  "rounds_time_stats": {
    "round_1": 24.78,
    "round_2": 27.86
  }
}