{
  "process_start_time": 1768555262.296053,
  "process_end_time": 1768555411.507195,
  "total_elapsed_time_seconds": 149.21,
  "rounds_time_stats": {
    "round_1": 18.2,
    "round_2": 27.27,
    "round_3": 29.68,
    "round_4": 25.01,
    "round_5": 20.46,
    "round_6": 28.59
  }
}