{
  "process_start_time": 1767888999.6862242,
  "process_end_time": 1767889018.5988142,
  "total_elapsed_time_seconds": 18.91,
  "rounds_time_stats": {
    "round_1": 18.91
  }
}