{
  "process_start_time": 1767888046.6650872,
  "process_end_time": 1767888179.5050032,
  "total_elapsed_time_seconds": 132.84,
  "rounds_time_stats": {
    "round_1": 23.35,
    "round_2": 16.39,
    "round_3": 22.64,
    "round_4": 23.81,
    "round_5": 22.89,
    "round_6": 23.76
  }
}