{
  "process_start_time": 1768108431.8017075,
  "process_end_time": 1768108694.8999443,
  "total_elapsed_time_seconds": 263.1,
  "rounds_time_stats": {
    "round_1": 38.98,
    "round_2": 35.52,
    "round_3": 48.25,
    "round_4": 45.17,
    "round_5": 46.79,
    "round_6": 48.38
  }
}