{
  "process_start_time": 1767683915.6832085,
  "process_end_time": 1767684181.5666616,
  "total_elapsed_time_seconds": 265.88,
  "rounds_time_stats": {
    "round_1": 35.2,
    "round_2": 41.95,
    "round_3": 43.83,
    "round_4": 46.12,
    "round_5": 50.93,
    "round_6": 47.84
  }
}