{
  "process_start_time": 1767691714.0503829,
  "process_end_time": 1767691989.8648503,
  "total_elapsed_time_seconds": 275.81,
  "rounds_time_stats": {
    "round_1": 45.22,
    "round_2": 38.67,
    "round_3": 46.34,
    "round_4": 50.27,
    "round_5": 45.97,
    "round_6": 49.34
  }
}