{
  "process_start_time": 1767890363.8401175,
  "process_end_time": 1767890485.0978074,
  "total_elapsed_time_seconds": 121.26,
  "rounds_time_stats": {
    "round_1": 21.51,
    "round_2": 30.84,
    "round_3": 28.43,
    "round_4": 40.46
  }
}