{
  "process_start_time": 1767680352.8897128,
  "process_end_time": 1767680608.4855506,
  "total_elapsed_time_seconds": 255.6,
  "rounds_time_stats": {
    "round_1": 39.32,
    "round_2": 47.28,
    "round_3": 42.09,
    "round_4": 45.04,
    "round_5": 43.95,
    "round_6": 37.91
  }
}