{
  "process_start_time": 1767973697.0786672,
  "process_end_time": 1767973860.6849117,
  "total_elapsed_time_seconds": 163.61,
  "rounds_time_stats": {
    "round_1": 30.98,
    "round_2": 22.51,
    "round_3": 23.71,
    "round_4": 35.28,
    "round_5": 30.96,
    "round_6": 20.15
  }
}