{
  "process_start_time": 1767884098.7992399,
  "process_end_time": 1767884215.4645455,
  "total_elapsed_time_seconds": 116.67,
  "rounds_time_stats": {
    "round_1": 16.2,
    "round_2": 21.99,
    "round_3": 22.21,
    "round_4": 15.9,
    "round_5": 21.09,
    "round_6": 19.27
  }
}