{
  "process_start_time": 1767888742.908992,
  "process_end_time": 1767888775.449653,
  "total_elapsed_time_seconds": 32.54,
  "rounds_time_stats": {
    "round_1": 12.28,
    "round_2": 20.26
  }
}