{
  "process_start_time": 1767688558.277339,
  "process_end_time": 1767688853.3451467,
  "total_elapsed_time_seconds": 295.07,
  "rounds_time_stats": {
    "round_1": 50.1,
    "round_2": 49.34,
    "round_3": 50.88,
    "round_4": 46.74,
    "round_5": 49.71,
    "round_6": 48.31
  }
}