{
  "process_start_time": 1767682688.1576886,
  "process_end_time": 1767682951.5870693,
  "total_elapsed_time_seconds": 263.43,
  "rounds_time_stats": {
    "round_1": 41.63,
    "round_2": 31.3,
    "round_3": 48.04,
    "round_4": 43.42,
    "round_5": 51.85,
    "round_6": 47.18
  }
}