{
  "process_start_time": 1767682370.3185952,
  "process_end_time": 1767682672.4733171,
  "total_elapsed_time_seconds": 302.15,
  "rounds_time_stats": {
    "round_1": 85.2,
    "round_2": 39.29,
    "round_3": 36.6,
    "round_4": 48.1,
    "round_5": 43.81,
    "round_6": 49.15
  }
}