{
  "process_start_time": 1767975932.1217515,
  "process_end_time": 1767976166.9870768,
  "total_elapsed_time_seconds": 234.87,
  "rounds_time_stats": {
    "round_1": 38.72,
    "round_2": 42.42,
    "round_3": 40.63,
    "round_4": 39.01,
    "round_5": 32.1,
    "round_6": 41.98
  }
}