{
  "process_start_time": 1767890006.311602,
  "process_end_time": 1767890038.7598743,
  "total_elapsed_time_seconds": 32.45,
  "rounds_time_stats": {
    "round_1": 14.38,
    "round_2": 18.06
  }
}