{
  "process_start_time": 1767888735.0078359,
  "process_end_time": 1767888753.2548535,
  "total_elapsed_time_seconds": 18.25,
  "rounds_time_stats": {
    "round_1": 18.24
  }
}