{
  "process_start_time": 1767889517.1374893,
  "process_end_time": 1767889681.076341,
  "total_elapsed_time_seconds": 163.94,
  "rounds_time_stats": {
    "round_1": 21.09,
    "round_2": 30.26,
    "round_3": 25.49,
    "round_4": 30.72,
    "round_5": 36.5,
    "round_6": 19.88
  }
}