{
  "process_start_time": 1768555627.2380047,
  "process_end_time": 1768555774.9677072,
  "total_elapsed_time_seconds": 147.73,
  "rounds_time_stats": {
    "round_1": 21.95,
    "round_2": 30.06,
    "round_3": 27.42,
    "round_4": 27.96,
    "round_5": 26.23,
    "round_6": 14.11
  }
}