{
  "process_start_time": 1767889119.9055045,
  "process_end_time": 1767889135.474291,
  "total_elapsed_time_seconds": 15.57,
  "rounds_time_stats": {
    "round_1": 15.57
  }
}