{
  "process_start_time": 1768116695.122021,
  "process_end_time": 1768116959.121728,
  "total_elapsed_time_seconds": 264.0,
  "rounds_time_stats": {
    "round_1": 34.1,
    "round_2": 42.74,
    "round_3": 42.49,
    "round_4": 46.18,
    "round_5": 47.26,
    "round_6": 51.22
  }
}