{
  "process_start_time": 1767681161.1606555,
  "process_end_time": 1767681214.7668974,
  "total_elapsed_time_seconds": 53.61,
  "rounds_time_stats": {
    "round_1": 53.57
  }
}