{
  "process_start_time": 1767887496.4236617,
  "process_end_time": 1767887518.7147708,
  "total_elapsed_time_seconds": 22.29,
  "rounds_time_stats": {
    "round_1": 22.29
  }
}