{
  "process_start_time": 1767886883.6647074,
  "process_end_time": 1767887033.108394,
  "total_elapsed_time_seconds": 149.44,
  "rounds_time_stats": {
    "round_1": 22.05,
    "round_2": 20.18,
    "round_3": 22.75,
    "round_4": 27.07,
    "round_5": 29.24,
    "round_6": 28.16
  }
}