{
  "process_start_time": 1768554749.2785134,
  "process_end_time": 1768554902.5673196,
  "total_elapsed_time_seconds": 153.29,
  "rounds_time_stats": {
    "round_1": 26.15,
    "round_2": 31.81,
    "round_3": 19.84,
    "round_4": 27.83,
    "round_5": 21.56,
    "round_6": 26.1
  }
}