{
  "process_start_time": 1767692015.4079452,
  "process_end_time": 1767692259.6331077,
  "total_elapsed_time_seconds": 244.23,
  "rounds_time_stats": {
    "round_1": 40.9,
    "round_2": 49.34,
    "round_3": 37.88,
    "round_4": 31.96,
    "round_5": 34.92,
    "round_6": 49.23
  }
}