{
  "process_start_time": 1767687592.2869246,
  "process_end_time": 1767687876.3617718,
  "total_elapsed_time_seconds": 284.07,
  "rounds_time_stats": {
    "round_1": 44.09,
    "round_2": 57.13,
    "round_3": 46.43,
    "round_4": 46.87,
    "round_5": 46.95,
    "round_6": 42.61
  }
}