{
  "process_start_time": 1767883343.40146,
  "process_end_time": 1767883373.9211028,
  "total_elapsed_time_seconds": 30.52,
  "rounds_time_stats": {
    "round_1": 30.52
  }
}