{
  "process_start_time": 1767883112.0377023,
  "process_end_time": 1767883205.8885322,
  "total_elapsed_time_seconds": 93.85,
  "rounds_time_stats": {
    "round_1": 20.7,
    "round_2": 21.35,
    "round_3": 26.27,
    "round_4": 25.53
  }
}