{
  "process_start_time": 1767885865.448208,
  "process_end_time": 1767885981.5624166,
  "total_elapsed_time_seconds": 116.11,
  "rounds_time_stats": {
    "round_1": 13.63,
    "round_2": 24.56,
    "round_3": 17.71,
    "round_4": 19.73,
    "round_5": 23.68,
    "round_6": 16.82
  }
}