{
  "process_start_time": 1767889084.3781486,
  "process_end_time": 1767889095.7514663,
  "total_elapsed_time_seconds": 11.37,
  "rounds_time_stats": {
    "round_1": 11.37
  }
}