{
  "process_start_time": 1767675998.0434506,
  "process_end_time": 1767676297.3809614,
  "total_elapsed_time_seconds": 299.34,
  "rounds_time_stats": {
    "round_1": 48.39,
    "round_2": 45.71,
    "round_3": 67.18,
    "round_4": 46.5,
    "round_5": 29.17,
    "round_6": 62.38
  }
}