{
  "process_start_time": 1767885819.1975458,
  "process_end_time": 1767885925.5740669,
  "total_elapsed_time_seconds": 106.38,
  "rounds_time_stats": {
    "round_1": 34.47,
    "round_2": 22.07,
    "round_3": 27.84,
    "round_4": 21.59,
    "round_5": 0.41
  }
}