{
  "process_start_time": 1767969222.468347,
  "process_end_time": 1767969655.3053617,
  "total_elapsed_time_seconds": 432.84,
  "rounds_time_stats": {
    "round_1": 82.21,
    "round_2": 64.28,
    "round_3": 50.33,
    "round_4": 52.02,
    "round_5": 116.48,
    "round_6": 67.5
  }
}