{
  "process_start_time": 1767885841.4335876,
  "process_end_time": 1767885862.0653207,
  "total_elapsed_time_seconds": 20.63,
  "rounds_time_stats": {
    "round_1": 20.63
  }
}