{
  "process_start_time": 1767889333.3587995,
  "process_end_time": 1767889344.2706885,
  "total_elapsed_time_seconds": 10.91,
  "rounds_time_stats": {
    "round_1": 10.91
  }
}