{
  "process_start_time": 1768551223.9420555,
  "process_end_time": 1768551387.562558,
  "total_elapsed_time_seconds": 163.62,
  "rounds_time_stats": {
    "round_1": 22.45,
    "round_2": 27.93,
    "round_3": 29.49,
    "round_4": 27.5,
    "round_5": 27.81,
    "round_6": 28.43
  }
}