{
  "process_start_time": 1767883045.2292569,
  "process_end_time": 1767883236.1863756,
  "total_elapsed_time_seconds": 190.96,
  "rounds_time_stats": {
    "round_1": 34.22,
    "round_2": 33.1,
    "round_3": 29.31,
    "round_4": 30.38,
    "round_5": 31.55,
    "round_6": 32.39
  }
}