{
  "process_start_time": 1768117542.0668535,
  "process_end_time": 1768117900.715924,
  "total_elapsed_time_seconds": 358.65,
  "rounds_time_stats": {
    "round_1": 51.19,
    "round_2": 58.86,
    "round_3": 62.41,
    "round_4": 44.67,
    "round_5": 91.45,
    "round_6": 50.06
  }
}