{
  "process_start_time": 1768117097.811336,
  "process_end_time": 1768117342.7646217,
  "total_elapsed_time_seconds": 244.95,
  "rounds_time_stats": {
    "round_1": 36.88,
    "round_2": 36.02,
    "round_3": 35.02,
    "round_4": 42.53,
    "round_5": 32.72,
    "round_6": 61.77
  }
}