{
  "process_start_time": 1767976815.8800569,
  "process_end_time": 1767976996.208385,
  "total_elapsed_time_seconds": 180.33,
  "rounds_time_stats": {
    "round_1": 32.74,
    "round_2": 31.5,
    "round_3": 30.76,
    "round_4": 31.05,
    "round_5": 28.13,
    "round_6": 26.15
  }
}