{
  "process_start_time": 1767888958.5895796,
  "process_end_time": 1767889060.4541726,
  "total_elapsed_time_seconds": 101.86,
  "rounds_time_stats": {
    "round_1": 17.2,
    "round_2": 19.0,
    "round_3": 18.93,
    "round_4": 13.9,
    "round_5": 14.89,
    "round_6": 17.96
  }
}