{
  "process_start_time": 1767885761.8782275,
  "process_end_time": 1767885788.5353591,
  "total_elapsed_time_seconds": 26.66,
  "rounds_time_stats": {
    "round_1": 26.65
  }
}