{
  "process_start_time": 1767883719.9729865,
  "process_end_time": 1767883870.1833532,
  "total_elapsed_time_seconds": 150.21,
  "rounds_time_stats": {
    "round_1": 15.06,
    "round_2": 30.48,
    "round_3": 24.26,
    "round_4": 27.14,
    "round_5": 24.89,
    "round_6": 28.37
  }
}