{
  "process_start_time": 1767687289.4654338,
  "process_end_time": 1767687592.4886572,
  "total_elapsed_time_seconds": 303.02,
  "rounds_time_stats": {
    "round_1": 51.63,
    "round_2": 46.5,
    "round_3": 49.53,
    "round_4": 48.28,
    "round_5": 48.36,
    "round_6": 58.71
  }
}