{
  "process_start_time": 1768556793.2408328,
  "process_end_time": 1768556962.1783245,
  "total_elapsed_time_seconds": 168.94,
  "rounds_time_stats": {
    "round_1": 24.77,
    "round_2": 29.65,
    "round_3": 29.68,
    "round_4": 29.9,
    "round_5": 29.18,
    "round_6": 25.76
  }
}