{
  "process_start_time": 1768556457.4329526,
  "process_end_time": 1768556614.1110716,
  "total_elapsed_time_seconds": 156.68,
  "rounds_time_stats": {
    "round_1": 21.96,
    "round_2": 29.23,
    "round_3": 28.5,
    "round_4": 29.34,
    "round_5": 20.89,
    "round_6": 26.76
  }
}