{
  "process_start_time": 1767884658.677432,
  "process_end_time": 1767884694.098836,
  "total_elapsed_time_seconds": 35.42,
  "rounds_time_stats": {
    "round_1": 22.47,
    "round_2": 12.95
  }
}