{
  "process_start_time": 1767884038.359611,
  "process_end_time": 1767884119.3759115,
  "total_elapsed_time_seconds": 81.02,
  "rounds_time_stats": {
    "round_1": 7.54,
    "round_2": 14.29,
    "round_3": 15.21,
    "round_4": 11.58,
    "round_5": 19.39,
    "round_6": 12.99
  }
}