{
  "process_start_time": 1767887493.192964,
  "process_end_time": 1767887530.7527523,
  "total_elapsed_time_seconds": 37.56,
  "rounds_time_stats": {
    "round_1": 16.09,
    "round_2": 21.27,
    "round_3": 0.2
  }
}