{
  "process_start_time": 1767887021.4918923,
  "process_end_time": 1767887085.0305405,
  "total_elapsed_time_seconds": 63.54,
  "rounds_time_stats": {
    "round_1": 63.43
  }
}