{
  "process_start_time": 1767884259.6780462,
  "process_end_time": 1767884317.5281634,
  "total_elapsed_time_seconds": 57.85,
  "rounds_time_stats": {
    "round_1": 35.33,
    "round_2": 22.52
  }
}