{
  "process_start_time": 1767887910.8177032,
  "process_end_time": 1767887924.287495,
  "total_elapsed_time_seconds": 13.47,
  "rounds_time_stats": {
    "round_1": 13.47
  }
}