{
  "process_start_time": 1768108517.1653945,
  "process_end_time": 1768108774.213976,
  "total_elapsed_time_seconds": 257.05,
  "rounds_time_stats": {
    "round_1": 31.37,
    "round_2": 35.09,
    "round_3": 46.44,
    "round_4": 46.82,
    "round_5": 48.72,
    "round_6": 48.6
  }
}