{
  "process_start_time": 1767975282.8114865,
  "process_end_time": 1767975489.267624,
  "total_elapsed_time_seconds": 206.46,
  "rounds_time_stats": {
    "round_1": 30.95,
    "round_2": 31.85,
    "round_3": 32.56,
    "round_4": 39.98,
    "round_5": 38.47,
    "round_6": 32.65
  }
}