{
  "process_start_time": 1767682370.3178043,
  "process_end_time": 1767682669.4449747,
  "total_elapsed_time_seconds": 299.13,
  "rounds_time_stats": {
    "round_1": 85.78,
    "round_2": 38.65,
    "round_3": 38.58,
    "round_4": 43.53,
    "round_5": 47.15,
    "round_6": 45.44
  }
}