{
  "process_start_time": 1767887123.5763915,
  "process_end_time": 1767887148.1175559,
  "total_elapsed_time_seconds": 24.54,
  "rounds_time_stats": {
    "round_1": 24.54
  }
}