{
  "process_start_time": 1767676325.097698,
  "process_end_time": 1767676573.4529023,
  "total_elapsed_time_seconds": 248.36,
  "rounds_time_stats": {
    "round_1": 37.46,
    "round_2": 42.85,
    "round_3": 44.42,
    "round_4": 34.7,
    "round_5": 44.11,
    "round_6": 44.82
  }
}