{
  "process_start_time": 1768108014.9283931,
  "process_end_time": 1768108285.7717333,
  "total_elapsed_time_seconds": 270.84,
  "rounds_time_stats": {
    "round_1": 38.36,
    "round_2": 49.3,
    "round_3": 47.46,
    "round_4": 46.91,
    "round_5": 43.66,
    "round_6": 45.15
  }
}