{
  "process_start_time": 1768107778.4791968,
  "process_end_time": 1768108030.6893659,
  "total_elapsed_time_seconds": 252.21,
  "rounds_time_stats": {
    "round_1": 35.97,
    "round_2": 39.89,
    "round_3": 44.26,
    "round_4": 44.58,
    "round_5": 44.74,
    "round_6": 42.76
  }
}