{
  "process_start_time": 1767973452.3711514,
  "process_end_time": 1767973697.07717,
  "total_elapsed_time_seconds": 244.71,
  "rounds_time_stats": {
    "round_1": 30.06,
    "round_2": 33.21,
    "round_3": 50.19,
    "round_4": 47.79,
    "round_5": 37.38,
    "round_6": 46.07
  }
}