{
  "process_start_time": 1767883132.2338579,
  "process_end_time": 1767883149.4039602,
  "total_elapsed_time_seconds": 17.17,
  "rounds_time_stats": {
    "round_1": 17.17
  }
}