{
  "process_start_time": 1768551322.6979454,
  "process_end_time": 1768551544.5753827,
  "total_elapsed_time_seconds": 221.88,
  "rounds_time_stats": {
    "round_1": 26.37,
    "round_2": 40.71,
    "round_3": 37.37,
    "round_4": 39.86,
    "round_5": 37.0,
    "round_6": 40.55
  }
}