{
  "process_start_time": 1767890385.1419315,
  "process_end_time": 1767890407.5822558,
  "total_elapsed_time_seconds": 22.44,
  "rounds_time_stats": {
    "round_1": 22.44
  }
}