{
  "process_start_time": 1767890788.37275,
  "process_end_time": 1767890811.1930113,
  "total_elapsed_time_seconds": 22.82,
  "rounds_time_stats": {
    "round_1": 22.81
  }
}