{
  "process_start_time": 1768117947.671358,
  "process_end_time": 1768118205.6954176,
  "total_elapsed_time_seconds": 258.02,
  "rounds_time_stats": {
    "round_1": 50.86,
    "round_2": 61.08,
    "round_3": 70.22,
    "round_4": 35.09,
    "round_5": 25.03,
    "round_6": 15.74
  }
}