{
  "process_start_time": 1767679760.8532276,
  "process_end_time": 1767680045.2414038,
  "total_elapsed_time_seconds": 284.39,
  "rounds_time_stats": {
    "round_1": 52.97,
    "round_2": 45.71,
    "round_3": 47.07,
    "round_4": 48.64,
    "round_5": 44.9,
    "round_6": 45.1
  }
}