{
  "process_start_time": 1768109400.793343,
  "process_end_time": 1768109586.9369125,
  "total_elapsed_time_seconds": 186.14,
  "rounds_time_stats": {
    "round_1": 34.27,
    "round_2": 34.83,
    "round_3": 30.17,
    "round_4": 29.18,
    "round_5": 26.89,
    "round_6": 30.8
  }
}