{
  "process_start_time": 1768107778.4747317,
  "process_end_time": 1768108057.247688,
  "total_elapsed_time_seconds": 278.77,
  "rounds_time_stats": {
    "round_1": 30.69,
    "round_2": 44.31,
    "round_3": 45.24,
    "round_4": 45.56,
    "round_5": 72.1,
    "round_6": 40.87
  }
}