{
  "process_start_time": 1768551407.1585069,
  "process_end_time": 1768551571.7496908,
  "total_elapsed_time_seconds": 164.59,
  "rounds_time_stats": {
    "round_1": 26.98,
    "round_2": 23.39,
    "round_3": 28.46,
    "round_4": 29.19,
    "round_5": 28.99,
    "round_6": 27.58
  }
}