{
  "process_start_time": 1767976124.447148,
  "process_end_time": 1767976288.5517225,
  "total_elapsed_time_seconds": 164.1,
  "rounds_time_stats": {
    "round_1": 31.34,
    "round_2": 28.33,
    "round_3": 23.69,
    "round_4": 22.53,
    "round_5": 31.12,
    "round_6": 27.1
  }
}