{
  "process_start_time": 1767890407.5831382,
  "process_end_time": 1767890437.668647,
  "total_elapsed_time_seconds": 30.09,
  "rounds_time_stats": {
    "round_1": 30.08
  }
}