{
  "process_start_time": 1767889020.2416458,
  "process_end_time": 1767889580.5119781,
  "total_elapsed_time_seconds": 560.27,
  "rounds_time_stats": {
    "round_1": 23.08,
    "round_2": 492.03,
    "round_3": 14.23,
    "round_4": 14.12,
    "round_5": 16.57,
    "round_6": 0.23
  }
}