{
  "process_start_time": 1768555232.6065848,
  "process_end_time": 1768555384.4211228,
  "total_elapsed_time_seconds": 151.81,
  "rounds_time_stats": {
    "round_1": 27.61,
    "round_2": 18.4,
    "round_3": 20.41,
    "round_4": 29.43,
    "round_5": 27.58,
    "round_6": 28.39
  }
}