{
  "process_start_time": 1767975136.2541356,
  "process_end_time": 1767975331.5275276,
  "total_elapsed_time_seconds": 195.27,
  "rounds_time_stats": {
    "round_1": 28.55,
    "round_2": 27.73,
    "round_3": 35.05,
    "round_4": 32.18,
    "round_5": 34.51,
    "round_6": 37.24
  }
}