{
  "process_start_time": 1767889024.6378305,
  "process_end_time": 1767889045.1509728,
  "total_elapsed_time_seconds": 20.51,
  "rounds_time_stats": {
    "round_1": 20.36,
    "round_2": 0.15
  }
}