{
  "process_start_time": 1767888131.6656468,
  "process_end_time": 1767888153.9829683,
  "total_elapsed_time_seconds": 22.32,
  "rounds_time_stats": {
    "round_1": 9.03,
    "round_2": 13.28
  }
}