{
  "process_start_time": 1767969730.0027232,
  "process_end_time": 1767970067.8541667,
  "total_elapsed_time_seconds": 337.85,
  "rounds_time_stats": {
    "round_1": 35.26,
    "round_2": 43.53,
    "round_3": 69.19,
    "round_4": 73.07,
    "round_5": 47.8,
    "round_6": 69.0
  }
}