{
  "process_start_time": 1767678657.121509,
  "process_end_time": 1767678942.2793741,
  "total_elapsed_time_seconds": 285.16,
  "rounds_time_stats": {
    "round_1": 56.95,
    "round_2": 46.26,
    "round_3": 49.77,
    "round_4": 47.14,
    "round_5": 41.09,
    "round_6": 43.95
  }
}