{
  "process_start_time": 1767888824.851563,
  "process_end_time": 1767888844.7898932,
  "total_elapsed_time_seconds": 19.94,
  "rounds_time_stats": {
    "round_1": 19.93
  }
}