{
  "process_start_time": 1767886397.4466953,
  "process_end_time": 1767886486.8195386,
  "total_elapsed_time_seconds": 89.37,
  "rounds_time_stats": {
    "round_1": 15.15,
    "round_2": 14.74,
    "round_3": 14.56,
    "round_4": 15.39,
    "round_5": 13.78,
    "round_6": 15.75
  }
}