{
  "process_start_time": 1768551716.188367,
  "process_end_time": 1768551925.3194764,
  "total_elapsed_time_seconds": 209.13,
  "rounds_time_stats": {
    "round_1": 33.62,
    "round_2": 30.44,
    "round_3": 30.98,
    "round_4": 39.08,
    "round_5": 35.44,
    "round_6": 39.57
  }
}