{
  "process_start_time": 1767676920.6305916,
  "process_end_time": 1767677178.7647464,
  "total_elapsed_time_seconds": 258.13,
  "rounds_time_stats": {
    "round_1": 37.13,
    "round_2": 36.35,
    "round_3": 43.94,
    "round_4": 45.8,
    "round_5": 45.24,
    "round_6": 49.67
  }
}