{
  "process_start_time": 1767886656.6365263,
  "process_end_time": 1767886684.4733388,
  "total_elapsed_time_seconds": 27.84,
  "rounds_time_stats": {
    "round_1": 27.83
  }
}