{
  "process_start_time": 1767970266.0879567,
  "process_end_time": 1767970645.2665339,
  "total_elapsed_time_seconds": 379.18,
  "rounds_time_stats": {
    "round_1": 22.8,
    "round_2": 73.33,
    "round_3": 41.5,
    "round_4": 57.98,
    "round_5": 111.2,
    "round_6": 72.38
  }
}