{
  "process_start_time": 1767978777.4266737,
  "process_end_time": 1767978950.2552037,
  "total_elapsed_time_seconds": 172.83,
  "rounds_time_stats": {
    "round_1": 23.87,
    "round_2": 28.24,
    "round_3": 30.95,
    "round_4": 28.09,
    "round_5": 31.61,
    "round_6": 30.06
  }
}