{
  "process_start_time": 1767883918.1268284,
  "process_end_time": 1767884099.0809433,
  "total_elapsed_time_seconds": 180.95,
  "rounds_time_stats": {
    "round_1": 27.58,
    "round_2": 21.6,
    "round_3": 26.11,
    "round_4": 33.1,
    "round_5": 37.1,
    "round_6": 35.46
  }
}