{
  "process_start_time": 1767884332.657501,
  "process_end_time": 1767884447.3238244,
  "total_elapsed_time_seconds": 114.67,
  "rounds_time_stats": {
    "round_1": 18.7,
    "round_2": 23.46,
    "round_3": 23.44,
    "round_4": 24.16,
    "round_5": 24.9
  }
}