{
  "process_start_time": 1768551407.3869736,
  "process_end_time": 1768551555.0600295,
  "total_elapsed_time_seconds": 147.67,
  "rounds_time_stats": {
    "round_1": 28.28,
    "round_2": 29.21,
    "round_3": 22.68,
    "round_4": 24.8,
    "round_5": 20.31,
    "round_6": 22.38
  }
}