{
  "process_start_time": 1767677206.6726413,
  "process_end_time": 1767677461.119984,
  "total_elapsed_time_seconds": 254.45,
  "rounds_time_stats": {
    "round_1": 47.26,
    "round_2": 44.02,
    "round_3": 43.68,
    "round_4": 38.6,
    "round_5": 35.88,
    "round_6": 45.01
  }
}