{
  "process_start_time": 1767885950.0851018,
  "process_end_time": 1767885968.9572072,
  "total_elapsed_time_seconds": 18.87,
  "rounds_time_stats": {
    "round_1": 18.87
  }
}