{
  "process_start_time": 1767883473.762764,
  "process_end_time": 1767883500.261487,
  "total_elapsed_time_seconds": 26.5,
  "rounds_time_stats": {
    "round_1": 26.49
  }
}