{
  "process_start_time": 1767689173.9821985,
  "process_end_time": 1767689446.2292488,
  "total_elapsed_time_seconds": 272.25,
  "rounds_time_stats": {
    "round_1": 39.26,
    "round_2": 46.83,
    "round_3": 40.66,
    "round_4": 55.28,
    "round_5": 43.67,
    "round_6": 46.54
  }
}