{
  "process_start_time": 1767889536.6339135,
  "process_end_time": 1767889546.6126769,
  "total_elapsed_time_seconds": 9.98,
  "rounds_time_stats": {
    "round_1": 9.98
  }
}