{
  "process_start_time": 1768550474.058854,
  "process_end_time": 1768550748.4969563,
  "total_elapsed_time_seconds": 274.44,
  "rounds_time_stats": {
    "round_1": 36.95,
    "round_2": 40.38,
    "round_3": 55.11,
    "round_4": 45.34,
    "round_5": 53.04,
    "round_6": 43.61
  }
}