{
  "process_start_time": 1767978777.4283588,
  "process_end_time": 1767978950.2687562,
  "total_elapsed_time_seconds": 172.84,
  "rounds_time_stats": {
    "round_1": 19.04,
    "round_2": 30.9,
    "round_3": 34.21,
    "round_4": 27.14,
    "round_5": 30.26,
    "round_6": 31.29
  }
}