{
  "process_start_time": 1768115238.7486706,
  "process_end_time": 1768115528.3856616,
  "total_elapsed_time_seconds": 289.64,
  "rounds_time_stats": {
    "round_1": 37.95,
    "round_2": 89.48,
    "round_3": 36.24,
    "round_4": 43.31,
    "round_5": 43.83,
    "round_6": 38.82
  }
}