{
  "process_start_time": 1767976291.6734557,
  "process_end_time": 1767976526.9230611,
  "total_elapsed_time_seconds": 235.25,
  "rounds_time_stats": {
    "round_1": 35.62,
    "round_2": 32.7,
    "round_3": 40.57,
    "round_4": 49.58,
    "round_5": 40.41,
    "round_6": 36.37
  }
}