{
  "process_start_time": 1767889521.6864915,
  "process_end_time": 1767889535.2255697,
  "total_elapsed_time_seconds": 13.54,
  "rounds_time_stats": {
    "round_1": 13.53
  }
}