{
  "process_start_time": 1767887447.64348,
  "process_end_time": 1767887599.178027,
  "total_elapsed_time_seconds": 151.53,
  "rounds_time_stats": {
    "round_1": 20.37,
    "round_2": 23.09,
    "round_3": 32.17,
    "round_4": 40.89,
    "round_5": 35.01
  }
}