{
  "process_start_time": 1767680541.720312,
  "process_end_time": 1767680818.641717,
  "total_elapsed_time_seconds": 276.92,
  "rounds_time_stats": {
    "round_1": 47.52,
    "round_2": 29.54,
    "round_3": 29.99,
    "round_4": 65.59,
    "round_5": 60.85,
    "round_6": 43.42
  }
}