{
  "process_start_time": 1767887079.7665067,
  "process_end_time": 1767887158.9751747,
  "total_elapsed_time_seconds": 79.21,
  "rounds_time_stats": {
    "round_1": 12.21,
    "round_2": 12.49,
    "round_3": 13.58,
    "round_4": 15.04,
    "round_5": 13.4,
    "round_6": 12.48
  }
}