{
  "process_start_time": 1767883507.623622,
  "process_end_time": 1767883529.925542,
  "total_elapsed_time_seconds": 22.3,
  "rounds_time_stats": {
    "round_1": 22.3
  }
}