{
  "process_start_time": 1767886472.0993168,
  "process_end_time": 1767886561.1899555,
  "total_elapsed_time_seconds": 89.09,
  "rounds_time_stats": {
    "round_1": 25.48,
    "round_2": 32.36,
    "round_3": 30.77,
    "round_4": 0.47
  }
}