{
  "process_start_time": 1767887813.963054,
  "process_end_time": 1767887970.0057898,
  "total_elapsed_time_seconds": 156.04,
  "rounds_time_stats": {
    "round_1": 30.88,
    "round_2": 30.61,
    "round_3": 24.27,
    "round_4": 21.05,
    "round_5": 29.54,
    "round_6": 19.69
  }
}