{
  "process_start_time": 1768556772.1022754,
  "process_end_time": 1768556812.1328058,
  "total_elapsed_time_seconds": 40.03,
  "rounds_time_stats": {
    "round_1": 40.0
  }
}