{
  "process_start_time": 1767889044.9684165,
  "process_end_time": 1767889056.9448597,
  "total_elapsed_time_seconds": 11.98,
  "rounds_time_stats": {
    "round_1": 11.97
  }
}