{
  "process_start_time": 1767883768.2911768,
  "process_end_time": 1767883829.1361327,
  "total_elapsed_time_seconds": 60.84,
  "rounds_time_stats": {
    "round_1": 33.25,
    "round_2": 27.57
  }
}