{
  "process_start_time": 1767883067.3415942,
  "process_end_time": 1767883253.5911007,
  "total_elapsed_time_seconds": 186.25,
  "rounds_time_stats": {
    "round_1": 31.84,
    "round_2": 26.72,
    "round_3": 38.66,
    "round_4": 33.22,
    "round_5": 55.76
  }
}