{
  "process_start_time": 1767890566.2594821,
  "process_end_time": 1767890631.8751657,
  "total_elapsed_time_seconds": 65.62,
  "rounds_time_stats": {
    "round_1": 35.84,
    "round_2": 29.75
  }
}