{
  "process_start_time": 1767888537.6294546,
  "process_end_time": 1767888545.7255902,
  "total_elapsed_time_seconds": 8.1,
  "rounds_time_stats": {
    "round_1": 8.09
  }
}