{
  "process_start_time": 1767978355.0105104,
  "process_end_time": 1767978548.3630857,
  "total_elapsed_time_seconds": 193.35,
  "rounds_time_stats": {
    "round_1": 27.42,
    "round_2": 32.21,
    "round_3": 34.85,
    "round_4": 26.04,
    "round_5": 42.14,
    "round_6": 30.68
  }
}