{
  "process_start_time": 1767974689.1568701,
  "process_end_time": 1767975000.1249905,
  "total_elapsed_time_seconds": 310.97,
  "rounds_time_stats": {
    "round_1": 82.53,
    "round_2": 52.48,
    "round_3": 56.06,
    "round_4": 39.16,
    "round_5": 47.4,
    "round_6": 33.35
  }
}