{
  "process_start_time": 1767888630.871949,
  "process_end_time": 1767888672.1238394,
  "total_elapsed_time_seconds": 41.25,
  "rounds_time_stats": {
    "round_1": 16.24,
    "round_2": 24.81,
    "round_3": 0.2
  }
}