{
  "process_start_time": 1767884422.1065063,
  "process_end_time": 1767884467.9763594,
  "total_elapsed_time_seconds": 45.87,
  "rounds_time_stats": {
    "round_1": 19.96,
    "round_2": 25.9
  }
}