{
  "process_start_time": 1767687025.3018692,
  "process_end_time": 1767687356.6774912,
  "total_elapsed_time_seconds": 331.38,
  "rounds_time_stats": {
    "round_1": 36.06,
    "round_2": 62.52,
    "round_3": 91.66,
    "round_4": 45.2,
    "round_5": 49.52,
    "round_6": 46.42
  }
}