{
  "process_start_time": 1767886307.6956692,
  "process_end_time": 1767886355.464965,
  "total_elapsed_time_seconds": 47.77,
  "rounds_time_stats": {
    "round_1": 22.37,
    "round_2": 25.39
  }
}