{
  "process_start_time": 1768114788.019946,
  "process_end_time": 1768115024.7954805,
  "total_elapsed_time_seconds": 236.78,
  "rounds_time_stats": {
    "round_1": 37.1,
    "round_2": 30.58,
    "round_3": 39.73,
    "round_4": 50.97,
    "round_5": 44.6,
    "round_6": 33.79
  }
}