{
  "process_start_time": 1768550461.445842,
  "process_end_time": 1768550717.6920984,
  "total_elapsed_time_seconds": 256.25,
  "rounds_time_stats": {
    "round_1": 35.75,
    "round_2": 40.56,
    "round_3": 39.31,
    "round_4": 47.71,
    "round_5": 49.65,
    "round_6": 43.26
  }
}