{
  "process_start_time": 1767885537.051216,
  "process_end_time": 1767885610.4307954,
  "total_elapsed_time_seconds": 73.38,
  "rounds_time_stats": {
    "round_1": 20.6,
    "round_2": 52.77
  }
}