{
  "process_start_time": 1767889445.9596844,
  "process_end_time": 1767889543.502538,
  "total_elapsed_time_seconds": 97.54,
  "rounds_time_stats": {
    "round_1": 16.72,
    "round_2": 14.84,
    "round_3": 14.33,
    "round_4": 14.44,
    "round_5": 14.22,
    "round_6": 23.0
  }
}