{
  "process_start_time": 1767887222.2588298,
  "process_end_time": 1767887295.3454037,
  "total_elapsed_time_seconds": 73.09,
  "rounds_time_stats": {
    "round_1": 17.95,
    "round_2": 19.3,
    "round_3": 35.81
  }
}