{
  "process_start_time": 1767889650.787451,
  "process_end_time": 1767889678.8505476,
  "total_elapsed_time_seconds": 28.06,
  "rounds_time_stats": {
    "round_1": 12.12,
    "round_2": 15.94
  }
}