{
  "process_start_time": 1767883963.7323499,
  "process_end_time": 1767883979.873837,
  "total_elapsed_time_seconds": 16.14,
  "rounds_time_stats": {
    "round_1": 16.14
  }
}