{
  "process_start_time": 1768555440.1505504,
  "process_end_time": 1768555619.4306407,
  "total_elapsed_time_seconds": 179.28,
  "rounds_time_stats": {
    "round_1": 28.12,
    "round_2": 28.34,
    "round_3": 20.8,
    "round_4": 30.99,
    "round_5": 31.37,
    "round_6": 39.65
  }
}