{
  "process_start_time": 1768109491.0666513,
  "process_end_time": 1768109745.2893693,
  "total_elapsed_time_seconds": 254.22,
  "rounds_time_stats": {
    "round_1": 37.7,
    "round_2": 35.11,
    "round_3": 45.64,
    "round_4": 47.19,
    "round_5": 45.23,
    "round_6": 43.36
  }
}