{
  "process_start_time": 1767850138.8182526,
  "process_end_time": 1767850251.9783173,
  "total_elapsed_time_seconds": 113.16,
  "rounds_time_stats": {
    "round_1": 26.16,
    "round_2": 27.0,
    "round_3": 13.71,
    "round_4": 16.68,
    "round_5": 14.36,
    "round_6": 15.25
  }
}