{
  "process_start_time": 1767689989.8967834,
  "process_end_time": 1767690278.9519053,
  "total_elapsed_time_seconds": 289.06,
  "rounds_time_stats": {
    "round_1": 45.64,
    "round_2": 45.95,
    "round_3": 46.27,
    "round_4": 57.12,
    "round_5": 50.21,
    "round_6": 43.86
  }
}