{
  "process_start_time": 1767688310.5464725,
  "process_end_time": 1767688591.6342013,
  "total_elapsed_time_seconds": 281.09,
  "rounds_time_stats": {
    "round_1": 32.23,
    "round_2": 42.55,
    "round_3": 43.22,
    "round_4": 49.61,
    "round_5": 62.18,
    "round_6": 51.29
  }
}