{
  "process_start_time": 1767676047.845301,
  "process_end_time": 1767676327.9728913,
  "total_elapsed_time_seconds": 280.13,
  "rounds_time_stats": {
    "round_1": 48.36,
    "round_2": 45.3,
    "round_3": 47.54,
    "round_4": 44.79,
    "round_5": 47.28,
    "round_6": 46.86
  }
}