{
  "process_start_time": 1768551729.9039288,
  "process_end_time": 1768551875.7465913,
  "total_elapsed_time_seconds": 145.84,
  "rounds_time_stats": {
    "round_1": 23.82,
    "round_2": 26.81,
    "round_3": 21.85,
    "round_4": 26.0,
    "round_5": 22.71,
    "round_6": 24.65
  }
}