{
  "process_start_time": 1767889042.5090778,
  "process_end_time": 1767889055.3441238,
  "total_elapsed_time_seconds": 12.84,
  "rounds_time_stats": {
    "round_1": 12.83
  }
}