{
  "process_start_time": 1767969222.4521103,
  "process_end_time": 1767969523.400286,
  "total_elapsed_time_seconds": 300.95,
  "rounds_time_stats": {
    "round_1": 45.06,
    "round_2": 41.73,
    "round_3": 49.32,
    "round_4": 60.37,
    "round_5": 52.99,
    "round_6": 51.47
  }
}