{
  "process_start_time": 1767680368.9288387,
  "process_end_time": 1767680622.1950872,
  "total_elapsed_time_seconds": 253.27,
  "rounds_time_stats": {
    "round_1": 40.74,
    "round_2": 43.87,
    "round_3": 44.14,
    "round_4": 45.25,
    "round_5": 34.96,
    "round_6": 44.31
  }
}