{
  "process_start_time": 1767679284.9896379,
  "process_end_time": 1767679560.4073687,
  "total_elapsed_time_seconds": 275.42,
  "rounds_time_stats": {
    "round_1": 41.96,
    "round_2": 48.65,
    "round_3": 46.0,
    "round_4": 40.62,
    "round_5": 57.68,
    "round_6": 40.51
  }
}