{
  "process_start_time": 1767678656.5259354,
  "process_end_time": 1767678924.0851874,
  "total_elapsed_time_seconds": 267.56,
  "rounds_time_stats": {
    "round_1": 45.54,
    "round_2": 59.12,
    "round_3": 45.35,
    "round_4": 36.48,
    "round_5": 40.47,
    "round_6": 40.61
  }
}