{
  "process_start_time": 1767883512.2709708,
  "process_end_time": 1767883533.9825616,
  "total_elapsed_time_seconds": 21.71,
  "rounds_time_stats": {
    "round_1": 21.71
  }
}