{
  "process_start_time": 1768550790.9879239,
  "process_end_time": 1768551073.46068,
  "total_elapsed_time_seconds": 282.47,
  "rounds_time_stats": {
    "round_1": 51.72,
    "round_2": 42.57,
    "round_3": 45.02,
    "round_4": 44.24,
    "round_5": 56.55,
    "round_6": 42.36
  }
}