{
  "process_start_time": 1767882890.7310019,
  "process_end_time": 1767882930.5634792,
  "total_elapsed_time_seconds": 39.83,
  "rounds_time_stats": {
    "round_1": 39.8
  }
}