{
  "process_start_time": 1767675475.972567,
  "process_end_time": 1767675770.981527,
  "total_elapsed_time_seconds": 295.01,
  "rounds_time_stats": {
    "round_1": 69.14,
    "round_2": 37.32,
    "round_3": 53.91,
    "round_4": 55.09,
    "round_5": 39.86,
    "round_6": 39.68
  }
}