{
  "process_start_time": 1767886658.407627,
  "process_end_time": 1767886726.703884,
  "total_elapsed_time_seconds": 68.3,
  "rounds_time_stats": {
    "round_1": 24.31,
    "round_2": 18.17,
    "round_3": 25.81
  }
}