{
  "process_start_time": 1767889262.179937,
  "process_end_time": 1767889340.373968,
  "total_elapsed_time_seconds": 78.19,
  "rounds_time_stats": {
    "round_1": 30.49,
    "round_2": 27.45,
    "round_3": 20.24
  }
}