{
  "process_start_time": 1767688053.2755067,
  "process_end_time": 1767688353.8739123,
  "total_elapsed_time_seconds": 300.6,
  "rounds_time_stats": {
    "round_1": 51.46,
    "round_2": 48.1,
    "round_3": 50.61,
    "round_4": 63.49,
    "round_5": 43.42,
    "round_6": 43.52
  }
}