{
  "process_start_time": 1767678870.1273682,
  "process_end_time": 1767679168.8647578,
  "total_elapsed_time_seconds": 298.74,
  "rounds_time_stats": {
    "round_1": 38.27,
    "round_2": 48.1,
    "round_3": 45.15,
    "round_4": 57.6,
    "round_5": 48.78,
    "round_6": 60.83
  }
}