{
  "process_start_time": 1767885503.3400462,
  "process_end_time": 1767885585.8375523,
  "total_elapsed_time_seconds": 82.5,
  "rounds_time_stats": {
    "round_1": 19.55,
    "round_2": 27.29,
    "round_3": 35.26,
    "round_4": 0.39
  }
}