{
  "process_start_time": 1768114486.977981,
  "process_end_time": 1768114754.6646657,
  "total_elapsed_time_seconds": 267.69,
  "rounds_time_stats": {
    "round_1": 32.13,
    "round_2": 34.55,
    "round_3": 48.37,
    "round_4": 50.82,
    "round_5": 68.13,
    "round_6": 33.68
  }
}