{
  "process_start_time": 1767882972.83355,
  "process_end_time": 1767883099.3437037,
  "total_elapsed_time_seconds": 126.51,
  "rounds_time_stats": {
    "round_1": 24.8,
    "round_2": 22.49,
    "round_3": 34.01,
    "round_4": 45.17
  }
}