{
  "process_start_time": 1767886779.7955313,
  "process_end_time": 1767886800.1108341,
  "total_elapsed_time_seconds": 20.32,
  "rounds_time_stats": {
    "round_1": 20.31
  }
}