{
  "process_start_time": 1767890924.5789387,
  "process_end_time": 1767891156.4349082,
  "total_elapsed_time_seconds": 231.86,
  "rounds_time_stats": {
    "round_1": 42.11,
    "round_2": 39.51,
    "round_3": 36.82,
    "round_4": 35.97,
    "round_5": 39.14,
    "round_6": 38.3
  }
}