{
  "process_start_time": 1767682672.010989,
  "process_end_time": 1767682949.992102,
  "total_elapsed_time_seconds": 277.98,
  "rounds_time_stats": {
    "round_1": 46.91,
    "round_2": 41.46,
    "round_3": 50.81,
    "round_4": 42.32,
    "round_5": 49.93,
    "round_6": 46.56
  }
}