{
  "process_start_time": 1768117965.2370503,
  "process_end_time": 1768118202.2510357,
  "total_elapsed_time_seconds": 237.01,
  "rounds_time_stats": {
    "round_1": 59.36,
    "round_2": 49.79,
    "round_3": 43.23,
    "round_4": 35.23,
    "round_5": 28.63,
    "round_6": 20.78
  }
}