{
  "process_start_time": 1767886602.851341,
  "process_end_time": 1767886728.5856988,
  "total_elapsed_time_seconds": 125.73,
  "rounds_time_stats": {
    "round_1": 21.0,
    "round_2": 27.57,
    "round_3": 21.33,
    "round_4": 22.3,
    "round_5": 16.37,
    "round_6": 17.16
  }
}