{
  "process_start_time": 1767683235.2972667,
  "process_end_time": 1767683517.284348,
  "total_elapsed_time_seconds": 281.99,
  "rounds_time_stats": {
    "round_1": 47.29,
    "round_2": 45.86,
    "round_3": 45.15,
    "round_4": 50.54,
    "round_5": 43.83,
    "round_6": 49.3
  }
}