{
  "process_start_time": 1767883077.3385684,
  "process_end_time": 1767883112.0358052,
  "total_elapsed_time_seconds": 34.7,
  "rounds_time_stats": {
    "round_1": 16.86,
    "round_2": 17.83
  }
}