{
  "process_start_time": 1767889017.881973,
  "process_end_time": 1767889145.080011,
  "total_elapsed_time_seconds": 127.2,
  "rounds_time_stats": {
    "round_1": 20.42,
    "round_2": 20.29,
    "round_3": 21.71,
    "round_4": 20.95,
    "round_5": 21.69,
    "round_6": 22.13
  }
}