{
  "process_start_time": 1767890489.49401,
  "process_end_time": 1767890510.5119755,
  "total_elapsed_time_seconds": 21.02,
  "rounds_time_stats": {
    "round_1": 21.01
  }
}