{
  "process_start_time": 1768114722.7933128,
  "process_end_time": 1768114993.5700665,
  "total_elapsed_time_seconds": 270.78,
  "rounds_time_stats": {
    "round_1": 45.61,
    "round_2": 34.43,
    "round_3": 44.43,
    "round_4": 48.92,
    "round_5": 49.29,
    "round_6": 48.1
  }
}