{
  "process_start_time": 1767970265.8780687,
  "process_end_time": 1767970659.4552965,
  "total_elapsed_time_seconds": 393.58,
  "rounds_time_stats": {
    "round_1": 49.52,
    "round_2": 60.59,
    "round_3": 126.22,
    "round_4": 84.32,
    "round_5": 37.61,
    "round_6": 35.31
  }
}