{
  "process_start_time": 1767975762.43739,
  "process_end_time": 1767975924.159589,
  "total_elapsed_time_seconds": 161.72,
  "rounds_time_stats": {
    "round_1": 26.81,
    "round_2": 22.34,
    "round_3": 31.2,
    "round_4": 31.86,
    "round_5": 27.98,
    "round_6": 21.52
  }
}