{
  "process_start_time": 1768109071.9837232,
  "process_end_time": 1768109255.6337984,
  "total_elapsed_time_seconds": 183.65,
  "rounds_time_stats": {
    "round_1": 40.16,
    "round_2": 25.01,
    "round_3": 34.11,
    "round_4": 28.74,
    "round_5": 26.28,
    "round_6": 29.35
  }
}