{
  "process_start_time": 1767886434.426878,
  "process_end_time": 1767886466.7425578,
  "total_elapsed_time_seconds": 32.32,
  "rounds_time_stats": {
    "round_1": 32.31
  }
}