{
  "process_start_time": 1767889657.361156,
  "process_end_time": 1767889668.646808,
  "total_elapsed_time_seconds": 11.29,
  "rounds_time_stats": {
    "round_1": 11.28
  }
}