{
  "process_start_time": 1767664926.111429,
  "process_end_time": 1767665231.9620845,
  "total_elapsed_time_seconds": 305.85,
  "rounds_time_stats": {
    "round_1": 41.0,
    "round_2": 47.89,
    "round_3": 44.95,
    "round_4": 63.84,
    "round_5": 46.51,
    "round_6": 61.66
  }
}