{
  "process_start_time": 1767889463.4857817,
  "process_end_time": 1767889482.153665,
  "total_elapsed_time_seconds": 18.67,
  "rounds_time_stats": {
    "round_1": 18.66
  }
}