{
  "process_start_time": 1767978446.7974122,
  "process_end_time": 1767978497.0004525,
  "total_elapsed_time_seconds": 50.2,
  "rounds_time_stats": {
    "round_1": 50.16
  }
}