{
  "process_start_time": 1767890569.536125,
  "process_end_time": 1767890714.4551868,
  "total_elapsed_time_seconds": 144.92,
  "rounds_time_stats": {
    "round_1": 31.28,
    "round_2": 29.55,
    "round_3": 26.68,
    "round_4": 31.06,
    "round_5": 25.96,
    "round_6": 0.39
  }
}