{
  "process_start_time": 1767975762.4400587,
  "process_end_time": 1767975915.0466697,
  "total_elapsed_time_seconds": 152.61,
  "rounds_time_stats": {
    "round_1": 17.49,
    "round_2": 21.01,
    "round_3": 29.51,
    "round_4": 32.49,
    "round_5": 23.03,
    "round_6": 29.07
  }
}