{
  "process_start_time": 1767889547.1726718,
  "process_end_time": 1767889586.1251323,
  "total_elapsed_time_seconds": 38.95,
  "rounds_time_stats": {
    "round_1": 21.57,
    "round_2": 17.37
  }
}