{
  "process_start_time": 1767887157.550779,
  "process_end_time": 1767887277.6867578,
  "total_elapsed_time_seconds": 120.14,
  "rounds_time_stats": {
    "round_1": 29.55,
    "round_2": 16.08,
    "round_3": 21.93,
    "round_4": 19.26,
    "round_5": 17.8,
    "round_6": 15.51
  }
}