{
  "process_start_time": 1767973961.539099,
  "process_end_time": 1767974022.779785,
  "total_elapsed_time_seconds": 61.24,
  "rounds_time_stats": {
    "round_1": 61.22
  }
}