{
  "process_start_time": 1768554893.1712317,
  "process_end_time": 1768555052.6149867,
  "total_elapsed_time_seconds": 159.44,
  "rounds_time_stats": {
    "round_1": 22.51,
    "round_2": 25.66,
    "round_3": 23.64,
    "round_4": 26.78,
    "round_5": 29.84,
    "round_6": 31.01
  }
}