{
  "process_start_time": 1767886909.7029076,
  "process_end_time": 1767886997.432333,
  "total_elapsed_time_seconds": 87.73,
  "rounds_time_stats": {
    "round_1": 30.3,
    "round_2": 57.39
  }
}