{
  "process_start_time": 1767692199.2018807,
  "process_end_time": 1767692424.9019094,
  "total_elapsed_time_seconds": 225.7,
  "rounds_time_stats": {
    "round_1": 53.02,
    "round_2": 37.56,
    "round_3": 38.22,
    "round_4": 34.95,
    "round_5": 29.96,
    "round_6": 32.0
  }
}