{
  "process_start_time": 1767975136.2534285,
  "process_end_time": 1767975316.0057144,
  "total_elapsed_time_seconds": 179.75,
  "rounds_time_stats": {
    "round_1": 25.96,
    "round_2": 20.53,
    "round_3": 36.44,
    "round_4": 28.47,
    "round_5": 36.24,
    "round_6": 32.1
  }
}