{
  "process_start_time": 1768117210.6659548,
  "process_end_time": 1768117444.737068,
  "total_elapsed_time_seconds": 234.07,
  "rounds_time_stats": {
    "round_1": 37.98,
    "round_2": 28.66,
    "round_3": 39.75,
    "round_4": 43.91,
    "round_5": 34.2,
    "round_6": 49.57
  }
}