{
  "process_start_time": 1768554902.9674325,
  "process_end_time": 1768555049.7487082,
  "total_elapsed_time_seconds": 146.78,
  "rounds_time_stats": {
    "round_1": 20.53,
    "round_2": 19.26,
    "round_3": 27.62,
    "round_4": 23.59,
    "round_5": 27.99,
    "round_6": 27.79
  }
}