{
  "process_start_time": 1767976838.040841,
  "process_end_time": 1767977052.910409,
  "total_elapsed_time_seconds": 214.87,
  "rounds_time_stats": {
    "round_1": 31.22,
    "round_2": 35.92,
    "round_3": 37.08,
    "round_4": 37.65,
    "round_5": 34.87,
    "round_6": 38.12
  }
}