{
  "process_start_time": 1767890081.2119384,
  "process_end_time": 1767890094.6921897,
  "total_elapsed_time_seconds": 13.48,
  "rounds_time_stats": {
    "round_1": 13.48
  }
}