{
  "process_start_time": 1767678672.0429614,
  "process_end_time": 1767678941.0219517,
  "total_elapsed_time_seconds": 268.98,
  "rounds_time_stats": {
    "round_1": 34.65,
    "round_2": 39.67,
    "round_3": 47.72,
    "round_4": 49.69,
    "round_5": 54.17,
    "round_6": 43.08
  }
}