{
  "process_start_time": 1767890792.5924711,
  "process_end_time": 1767890929.97666,
  "total_elapsed_time_seconds": 137.38,
  "rounds_time_stats": {
    "round_1": 20.32,
    "round_2": 25.52,
    "round_3": 22.19,
    "round_4": 24.26,
    "round_5": 22.31,
    "round_6": 22.78
  }
}