{
  "process_start_time": 1767680481.0220528,
  "process_end_time": 1767680746.405808,
  "total_elapsed_time_seconds": 265.38,
  "rounds_time_stats": {
    "round_1": 42.36,
    "round_2": 35.29,
    "round_3": 50.96,
    "round_4": 44.74,
    "round_5": 43.54,
    "round_6": 48.49
  }
}