{
  "process_start_time": 1767678387.4255824,
  "process_end_time": 1767678672.2327857,
  "total_elapsed_time_seconds": 284.81,
  "rounds_time_stats": {
    "round_1": 50.73,
    "round_2": 49.42,
    "round_3": 44.44,
    "round_4": 48.25,
    "round_5": 47.25,
    "round_6": 44.72
  }
}