{
  "process_start_time": 1767680381.0039065,
  "process_end_time": 1767680654.1305246,
  "total_elapsed_time_seconds": 273.13,
  "rounds_time_stats": {
    "round_1": 44.27,
    "round_2": 54.44,
    "round_3": 33.53,
    "round_4": 42.12,
    "round_5": 53.98,
    "round_6": 44.78
  }
}