{
  "process_start_time": 1767974216.8096938,
  "process_end_time": 1767974502.303683,
  "total_elapsed_time_seconds": 285.49,
  "rounds_time_stats": {
    "round_1": 67.52,
    "round_2": 37.52,
    "round_3": 56.91,
    "round_4": 43.98,
    "round_5": 39.38,
    "round_6": 40.18
  }
}