{
  "process_start_time": 1767969822.9207275,
  "process_end_time": 1767970138.018595,
  "total_elapsed_time_seconds": 315.1,
  "rounds_time_stats": {
    "round_1": 54.82,
    "round_2": 74.33,
    "round_3": 57.99,
    "round_4": 46.8,
    "round_5": 50.4,
    "round_6": 30.76
  }
}