{
  "process_start_time": 1768114486.9781435,
  "process_end_time": 1768114740.4229782,
  "total_elapsed_time_seconds": 253.44,
  "rounds_time_stats": {
    "round_1": 26.6,
    "round_2": 39.9,
    "round_3": 49.14,
    "round_4": 47.61,
    "round_5": 38.34,
    "round_6": 51.85
  }
}