{
  "process_start_time": 1767675755.6278195,
  "process_end_time": 1767675798.962325,
  "total_elapsed_time_seconds": 43.33,
  "rounds_time_stats": {
    "round_1": 43.29,
    "round_2": 0.04
  }
}