{
  "process_start_time": 1767975943.1880014,
  "process_end_time": 1767976114.6580374,
  "total_elapsed_time_seconds": 171.47,
  "rounds_time_stats": {
    "round_1": 26.37,
    "round_2": 23.42,
    "round_3": 27.96,
    "round_4": 25.71,
    "round_5": 28.67,
    "round_6": 39.34
  }
}