{
  "process_start_time": 1767890102.0794196,
  "process_end_time": 1767890193.32897,
  "total_elapsed_time_seconds": 91.25,
  "rounds_time_stats": {
    "round_1": 27.47,
    "round_2": 32.63,
    "round_3": 30.99,
    "round_4": 0.16
  }
}