{
  "process_start_time": 1768555676.6254656,
  "process_end_time": 1768555820.8242452,
  "total_elapsed_time_seconds": 144.2,
  "rounds_time_stats": {
    "round_1": 20.54,
    "round_2": 26.96,
    "round_3": 28.21,
    "round_4": 20.97,
    "round_5": 25.55,
    "round_6": 21.96
  }
}