{
  "process_start_time": 1767888870.8044708,
  "process_end_time": 1767888987.4610016,
  "total_elapsed_time_seconds": 116.66,
  "rounds_time_stats": {
    "round_1": 21.91,
    "round_2": 19.52,
    "round_3": 19.58,
    "round_4": 17.61,
    "round_5": 16.84,
    "round_6": 21.19
  }
}