{
  "process_start_time": 1768550515.9389713,
  "process_end_time": 1768550790.986733,
  "total_elapsed_time_seconds": 275.05,
  "rounds_time_stats": {
    "round_1": 48.73,
    "round_2": 48.73,
    "round_3": 46.83,
    "round_4": 43.99,
    "round_5": 44.26,
    "round_6": 42.51
  }
}