{
  "process_start_time": 1767677417.54647,
  "process_end_time": 1767677479.23236,
  "total_elapsed_time_seconds": 61.69,
  "rounds_time_stats": {
    "round_1": 61.53
  }
}