{
  "process_start_time": 1767889561.4763296,
  "process_end_time": 1767889657.3561003,
  "total_elapsed_time_seconds": 95.88,
  "rounds_time_stats": {
    "round_1": 10.54,
    "round_2": 20.74,
    "round_3": 20.71,
    "round_4": 24.48,
    "round_5": 19.4
  }
}