{
  "process_start_time": 1768108774.2677214,
  "process_end_time": 1768109009.0747972,
  "total_elapsed_time_seconds": 234.81,
  "rounds_time_stats": {
    "round_1": 38.5,
    "round_2": 37.44,
    "round_3": 49.31,
    "round_4": 42.52,
    "round_5": 32.24,
    "round_6": 34.8
  }
}