{
  "process_start_time": 1767885504.7820816,
  "process_end_time": 1767885679.0021014,
  "total_elapsed_time_seconds": 174.22,
  "rounds_time_stats": {
    "round_1": 29.37,
    "round_2": 24.88,
    "round_3": 31.9,
    "round_4": 27.95,
    "round_5": 31.26,
    "round_6": 28.86
  }
}