{
  "process_start_time": 1767975762.439684,
  "process_end_time": 1767975930.9871063,
  "total_elapsed_time_seconds": 168.55,
  "rounds_time_stats": {
    "round_1": 27.36,
    "round_2": 32.1,
    "round_3": 30.06,
    "round_4": 28.42,
    "round_5": 25.99,
    "round_6": 24.61
  }
}