{
  "process_start_time": 1767883443.5656812,
  "process_end_time": 1767883482.7891068,
  "total_elapsed_time_seconds": 39.22,
  "rounds_time_stats": {
    "round_1": 17.59,
    "round_2": 20.9,
    "round_3": 0.73
  }
}