{
  "process_start_time": 1767884611.1756523,
  "process_end_time": 1767884840.016227,
  "total_elapsed_time_seconds": 228.84,
  "rounds_time_stats": {
    "round_1": 35.16,
    "round_2": 39.13,
    "round_3": 39.87,
    "round_4": 36.2,
    "round_5": 40.37,
    "round_6": 38.09
  }
}