{
  "process_start_time": 1767886369.9507003,
  "process_end_time": 1767886515.424401,
  "total_elapsed_time_seconds": 145.47,
  "rounds_time_stats": {
    "round_1": 22.63,
    "round_2": 23.99,
    "round_3": 25.83,
    "round_4": 25.94,
    "round_5": 22.66,
    "round_6": 24.42
  }
}