{
  "process_start_time": 1767889114.8503227,
  "process_end_time": 1767889123.280138,
  "total_elapsed_time_seconds": 8.43,
  "rounds_time_stats": {
    "round_1": 8.43
  }
}