{
  "process_start_time": 1768556577.5537786,
  "process_end_time": 1768556752.540777,
  "total_elapsed_time_seconds": 174.99,
  "rounds_time_stats": {
    "round_1": 29.07,
    "round_2": 29.27,
    "round_3": 28.94,
    "round_4": 22.61,
    "round_5": 35.68,
    "round_6": 29.41
  }
}