{
  "process_start_time": 1767884803.2763207,
  "process_end_time": 1767884813.9353192,
  "total_elapsed_time_seconds": 10.66,
  "rounds_time_stats": {
    "round_1": 10.65
  }
}