{
  "process_start_time": 1767884808.9300592,
  "process_end_time": 1767884864.9969091,
  "total_elapsed_time_seconds": 56.07,
  "rounds_time_stats": {
    "round_1": 13.98,
    "round_2": 14.75,
    "round_3": 27.33
  }
}