{
  "process_start_time": 1767692089.614282,
  "process_end_time": 1767692340.5783353,
  "total_elapsed_time_seconds": 250.96,
  "rounds_time_stats": {
    "round_1": 45.79,
    "round_2": 44.73,
    "round_3": 41.43,
    "round_4": 41.92,
    "round_5": 41.83,
    "round_6": 35.26
  }
}