{
  "process_start_time": 1768109255.63478,
  "process_end_time": 1768109506.6989741,
  "total_elapsed_time_seconds": 251.06,
  "rounds_time_stats": {
    "round_1": 51.2,
    "round_2": 43.15,
    "round_3": 34.82,
    "round_4": 44.78,
    "round_5": 31.58,
    "round_6": 45.54
  }
}