{
  "process_start_time": 1767889118.0081167,
  "process_end_time": 1767889132.1202276,
  "total_elapsed_time_seconds": 14.11,
  "rounds_time_stats": {
    "round_1": 14.11
  }
}