{
  "process_start_time": 1767681309.5082943,
  "process_end_time": 1767681578.7234612,
  "total_elapsed_time_seconds": 269.22,
  "rounds_time_stats": {
    "round_1": 46.15,
    "round_2": 47.38,
    "round_3": 48.34,
    "round_4": 42.38,
    "round_5": 45.84,
    "round_6": 39.13
  }
}