{
  "process_start_time": 1768117606.7053378,
  "process_end_time": 1768117931.9863389,
  "total_elapsed_time_seconds": 325.28,
  "rounds_time_stats": {
    "round_1": 78.83,
    "round_2": 60.11,
    "round_3": 63.01,
    "round_4": 43.76,
    "round_5": 44.65,
    "round_6": 34.92
  }
}