{
  "process_start_time": 1767885526.7970946,
  "process_end_time": 1767885543.4766827,
  "total_elapsed_time_seconds": 16.68,
  "rounds_time_stats": {
    "round_1": 16.47,
    "round_2": 0.2
  }
}