{
  "process_start_time": 1767677354.8312259,
  "process_end_time": 1767677611.226551,
  "total_elapsed_time_seconds": 256.4,
  "rounds_time_stats": {
    "round_1": 47.22,
    "round_2": 41.85,
    "round_3": 40.58,
    "round_4": 52.91,
    "round_5": 36.07,
    "round_6": 37.77
  }
}