{
  "process_start_time": 1767682672.4751337,
  "process_end_time": 1767682966.466822,
  "total_elapsed_time_seconds": 293.99,
  "rounds_time_stats": {
    "round_1": 43.16,
    "round_2": 44.4,
    "round_3": 65.41,
    "round_4": 47.04,
    "round_5": 45.85,
    "round_6": 48.12
  }
}