{
  "process_start_time": 1767686727.6043444,
  "process_end_time": 1767687046.380573,
  "total_elapsed_time_seconds": 318.78,
  "rounds_time_stats": {
    "round_1": 78.98,
    "round_2": 45.09,
    "round_3": 48.47,
    "round_4": 55.53,
    "round_5": 44.42,
    "round_6": 46.28
  }
}