{
  "process_start_time": 1768109518.749151,
  "process_end_time": 1768109778.6926916,
  "total_elapsed_time_seconds": 259.94,
  "rounds_time_stats": {
    "round_1": 41.33,
    "round_2": 49.56,
    "round_3": 47.58,
    "round_4": 44.78,
    "round_5": 43.87,
    "round_6": 32.82
  }
}