{
  "process_start_time": 1767885581.383452,
  "process_end_time": 1767885674.9008114,
  "total_elapsed_time_seconds": 93.52,
  "rounds_time_stats": {
    "round_1": 17.14,
    "round_2": 16.55,
    "round_3": 13.93,
    "round_4": 15.17,
    "round_5": 14.85,
    "round_6": 15.87
  }
}