{
  "process_start_time": 1768116629.999973,
  "process_end_time": 1768116869.5089235,
  "total_elapsed_time_seconds": 239.51,
  "rounds_time_stats": {
    "round_1": 40.83,
    "round_2": 37.04,
    "round_3": 30.51,
    "round_4": 41.69,
    "round_5": 46.4,
    "round_6": 43.03
  }
}