{
  "process_start_time": 1767887622.596939,
  "process_end_time": 1767887651.4474547,
  "total_elapsed_time_seconds": 28.85,
  "rounds_time_stats": {
    "round_1": 28.83
  }
}