{
  "process_start_time": 1767889157.0833132,
  "process_end_time": 1767889218.3213754,
  "total_elapsed_time_seconds": 61.24,
  "rounds_time_stats": {
    "round_1": 7.95,
    "round_2": 9.76,
    "round_3": 9.11,
    "round_4": 11.58,
    "round_5": 12.75,
    "round_6": 10.09
  }
}