{
  "process_start_time": 1767886495.8663888,
  "process_end_time": 1767886550.782248,
  "total_elapsed_time_seconds": 54.92,
  "rounds_time_stats": {
    "round_1": 16.23,
    "round_2": 19.74,
    "round_3": 18.54,
    "round_4": 0.41
  }
}