{
  "process_start_time": 1767686727.6042118,
  "process_end_time": 1767687030.347951,
  "total_elapsed_time_seconds": 302.74,
  "rounds_time_stats": {
    "round_1": 79.16,
    "round_2": 45.54,
    "round_3": 45.48,
    "round_4": 46.86,
    "round_5": 43.2,
    "round_6": 42.5
  }
}