{
  "process_start_time": 1768114722.9879632,
  "process_end_time": 1768115009.7599509,
  "total_elapsed_time_seconds": 286.77,
  "rounds_time_stats": {
    "round_1": 47.45,
    "round_2": 44.49,
    "round_3": 46.59,
    "round_4": 48.25,
    "round_5": 36.11,
    "round_6": 63.89
  }
}