{
  "process_start_time": 1767886955.2557266,
  "process_end_time": 1767886978.5339384,
  "total_elapsed_time_seconds": 23.28,
  "rounds_time_stats": {
    "round_1": 23.28
  }
}