{
  "process_start_time": 1767975762.4372573,
  "process_end_time": 1767975923.8568048,
  "total_elapsed_time_seconds": 161.42,
  "rounds_time_stats": {
    "round_1": 27.43,
    "round_2": 22.93,
    "round_3": 29.85,
    "round_4": 30.81,
    "round_5": 30.27,
    "round_6": 20.12
  }
}