{
  "process_start_time": 1767970816.4984946,
  "process_end_time": 1767973020.759312,
  "total_elapsed_time_seconds": 2204.26,
  "rounds_time_stats": {
    "round_1": 125.17,
    "round_2": 122.53,
    "round_3": 75.82,
    "round_4": 98.37,
    "round_5": 299.79,
    "round_6": 1482.57
  }
}