{
  "process_start_time": 1767888231.105647,
  "process_end_time": 1767888249.0210576,
  "total_elapsed_time_seconds": 17.92,
  "rounds_time_stats": {
    "round_1": 17.91
  }
}