{
  "process_start_time": 1767888762.9902291,
  "process_end_time": 1767888776.9189482,
  "total_elapsed_time_seconds": 13.93,
  "rounds_time_stats": {
    "round_1": 13.93
  }
}