{
  "process_start_time": 1767978965.307498,
  "process_end_time": 1767979127.125646,
  "total_elapsed_time_seconds": 161.82,
  "rounds_time_stats": {
    "round_1": 15.43,
    "round_2": 25.28,
    "round_3": 30.24,
    "round_4": 29.38,
    "round_5": 29.78,
    "round_6": 31.72
  }
}