{
  "process_start_time": 1767887369.0879648,
  "process_end_time": 1767887386.9376647,
  "total_elapsed_time_seconds": 17.85,
  "rounds_time_stats": {
    "round_1": 17.85
  }
}