{
  "process_start_time": 1767683516.675539,
  "process_end_time": 1767683746.446231,
  "total_elapsed_time_seconds": 229.77,
  "rounds_time_stats": {
    "round_1": 37.28,
    "round_2": 24.73,
    "round_3": 30.26,
    "round_4": 45.4,
    "round_5": 43.86,
    "round_6": 48.25
  }
}