{
  "process_start_time": 1767678073.947552,
  "process_end_time": 1767678399.690663,
  "total_elapsed_time_seconds": 325.74,
  "rounds_time_stats": {
    "round_1": 75.17,
    "round_2": 36.9,
    "round_3": 51.58,
    "round_4": 37.64,
    "round_5": 51.87,
    "round_6": 72.58
  }
}