{
  "process_start_time": 1768116092.8819048,
  "process_end_time": 1768116381.9415257,
  "total_elapsed_time_seconds": 289.06,
  "rounds_time_stats": {
    "round_1": 36.43,
    "round_2": 36.99,
    "round_3": 34.95,
    "round_4": 45.14,
    "round_5": 95.61,
    "round_6": 39.93
  }
}