{
  "process_start_time": 1767973675.0045595,
  "process_end_time": 1767973882.6172833,
  "total_elapsed_time_seconds": 207.61,
  "rounds_time_stats": {
    "round_1": 29.48,
    "round_2": 36.2,
    "round_3": 45.07,
    "round_4": 53.07,
    "round_5": 22.67,
    "round_6": 21.13
  }
}