{
  "process_start_time": 1767889124.0713224,
  "process_end_time": 1767889280.1159792,
  "total_elapsed_time_seconds": 156.04,
  "rounds_time_stats": {
    "round_1": 33.05,
    "round_2": 20.13,
    "round_3": 22.69,
    "round_4": 26.83,
    "round_5": 27.83,
    "round_6": 25.52
  }
}