{
  "process_start_time": 1767889579.2747657,
  "process_end_time": 1767889593.83037,
  "total_elapsed_time_seconds": 14.56,
  "rounds_time_stats": {
    "round_1": 14.55
  }
}