{
  "process_start_time": 1767885029.0385408,
  "process_end_time": 1767885126.2149096,
  "total_elapsed_time_seconds": 97.18,
  "rounds_time_stats": {
    "round_1": 12.84,
    "round_2": 16.46,
    "round_3": 8.91,
    "round_4": 30.87,
    "round_5": 9.94,
    "round_6": 18.15
  }
}