{
  "process_start_time": 1767886483.742549,
  "process_end_time": 1767886570.9426646,
  "total_elapsed_time_seconds": 87.2,
  "rounds_time_stats": {
    "round_1": 11.41,
    "round_2": 13.89,
    "round_3": 17.4,
    "round_4": 14.69,
    "round_5": 13.41,
    "round_6": 16.39
  }
}