{
  "process_start_time": 1767885770.2112546,
  "process_end_time": 1767885797.0436804,
  "total_elapsed_time_seconds": 26.83,
  "rounds_time_stats": {
    "round_1": 26.83
  }
}