{
  "process_start_time": 1767890510.5138206,
  "process_end_time": 1767890615.6428218,
  "total_elapsed_time_seconds": 105.13,
  "rounds_time_stats": {
    "round_1": 18.66,
    "round_2": 17.63,
    "round_3": 21.6,
    "round_4": 12.57,
    "round_5": 17.85,
    "round_6": 16.81
  }
}