{
  "process_start_time": 1767886093.597734,
  "process_end_time": 1767886148.1065078,
  "total_elapsed_time_seconds": 54.51,
  "rounds_time_stats": {
    "round_1": 54.49
  }
}