{
  "process_start_time": 1767686925.7448545,
  "process_end_time": 1767687200.8351872,
  "total_elapsed_time_seconds": 275.09,
  "rounds_time_stats": {
    "round_1": 44.15,
    "round_2": 47.79,
    "round_3": 42.61,
    "round_4": 39.8,
    "round_5": 58.54,
    "round_6": 42.19
  }
}