{
  "process_start_time": 1767685833.839568,
  "process_end_time": 1767686047.8710442,
  "total_elapsed_time_seconds": 214.03,
  "rounds_time_stats": {
    "round_1": 32.94,
    "round_2": 40.9,
    "round_3": 41.16,
    "round_4": 40.72,
    "round_5": 31.05,
    "round_6": 27.26
  }
}