{
  "process_start_time": 1767886105.685004,
  "process_end_time": 1767886164.7251902,
  "total_elapsed_time_seconds": 59.04,
  "rounds_time_stats": {
    "round_1": 16.71,
    "round_2": 20.19,
    "round_3": 22.12
  }
}