{
  "process_start_time": 1767691696.9819303,
  "process_end_time": 1767691971.8529289,
  "total_elapsed_time_seconds": 274.87,
  "rounds_time_stats": {
    "round_1": 46.75,
    "round_2": 39.02,
    "round_3": 45.65,
    "round_4": 49.61,
    "round_5": 48.78,
    "round_6": 45.07
  }
}