{
  "process_start_time": 1767886971.6066842,
  "process_end_time": 1767887015.8684933,
  "total_elapsed_time_seconds": 44.26,
  "rounds_time_stats": {
    "round_1": 44.24
  }
}