{
  "process_start_time": 1767682729.0019972,
  "process_end_time": 1767682965.4267747,
  "total_elapsed_time_seconds": 236.42,
  "rounds_time_stats": {
    "round_1": 32.19,
    "round_2": 47.55,
    "round_3": 28.69,
    "round_4": 49.69,
    "round_5": 45.35,
    "round_6": 32.96
  }
}