{
  "process_start_time": 1767973270.7916389,
  "process_end_time": 1767973506.6468217,
  "total_elapsed_time_seconds": 235.86,
  "rounds_time_stats": {
    "round_1": 32.61,
    "round_2": 41.23,
    "round_3": 45.69,
    "round_4": 39.43,
    "round_5": 41.69,
    "round_6": 35.21
  }
}