{
  "process_start_time": 1767691407.0433667,
  "process_end_time": 1767691680.0882306,
  "total_elapsed_time_seconds": 273.04,
  "rounds_time_stats": {
    "round_1": 70.67,
    "round_2": 25.83,
    "round_3": 37.41,
    "round_4": 44.95,
    "round_5": 48.48,
    "round_6": 45.71
  }
}