{
  "process_start_time": 1768117526.1606967,
  "process_end_time": 1768117775.2929175,
  "total_elapsed_time_seconds": 249.13,
  "rounds_time_stats": {
    "round_1": 41.68,
    "round_2": 46.87,
    "round_3": 37.62,
    "round_4": 44.3,
    "round_5": 32.13,
    "round_6": 46.54
  }
}