{
  "process_start_time": 1767971360.058854,
  "process_end_time": 1767973026.4673536,
  "total_elapsed_time_seconds": 1666.41,
  "rounds_time_stats": {
    "round_1": 1666.37
  }
}