{
  "process_start_time": 1767678073.947406,
  "process_end_time": 1767678369.0424147,
  "total_elapsed_time_seconds": 295.1,
  "rounds_time_stats": {
    "round_1": 59.73,
    "round_2": 57.89,
    "round_3": 45.67,
    "round_4": 43.93,
    "round_5": 46.07,
    "round_6": 41.79
  }
}