{
  "process_start_time": 1767691407.0449424,
  "process_end_time": 1767691759.5641375,
  "total_elapsed_time_seconds": 352.52,
  "rounds_time_stats": {
    "round_1": 74.35,
    "round_2": 60.08,
    "round_3": 60.36,
    "round_4": 45.63,
    "round_5": 49.6,
    "round_6": 62.49
  }
}