{
  "process_start_time": 1767883922.0634537,
  "process_end_time": 1767883972.9131505,
  "total_elapsed_time_seconds": 50.85,
  "rounds_time_stats": {
    "round_1": 12.56,
    "round_2": 18.09,
    "round_3": 20.2
  }
}