{
  "process_start_time": 1768109473.2398086,
  "process_end_time": 1768109732.3538227,
  "total_elapsed_time_seconds": 259.11,
  "rounds_time_stats": {
    "round_1": 33.55,
    "round_2": 43.39,
    "round_3": 44.2,
    "round_4": 46.97,
    "round_5": 46.96,
    "round_6": 44.04
  }
}