{
  "process_start_time": 1767887476.2950902,
  "process_end_time": 1767887502.4894068,
  "total_elapsed_time_seconds": 26.19,
  "rounds_time_stats": {
    "round_1": 26.19
  }
}