{
  "process_start_time": 1767890206.1031628,
  "process_end_time": 1767890215.2078438,
  "total_elapsed_time_seconds": 9.1,
  "rounds_time_stats": {
    "round_1": 9.1
  }
}