{
  "process_start_time": 1768552155.2749534,
  "process_end_time": 1768552385.2563503,
  "total_elapsed_time_seconds": 229.98,
  "rounds_time_stats": {
    "round_1": 31.88,
    "round_2": 41.99,
    "round_3": 36.92,
    "round_4": 35.85,
    "round_5": 43.91,
    "round_6": 39.44
  }
}