{
  "process_start_time": 1767676281.5964234,
  "process_end_time": 1767676560.3068428,
  "total_elapsed_time_seconds": 278.71,
  "rounds_time_stats": {
    "round_1": 44.96,
    "round_2": 46.55,
    "round_3": 46.28,
    "round_4": 46.84,
    "round_5": 44.78,
    "round_6": 49.29
  }
}