{
  "process_start_time": 1767889118.250812,
  "process_end_time": 1767889136.8239021,
  "total_elapsed_time_seconds": 18.57,
  "rounds_time_stats": {
    "round_1": 18.57
  }
}