{
  "process_start_time": 1768555743.8623602,
  "process_end_time": 1768555818.1162224,
  "total_elapsed_time_seconds": 74.25,
  "rounds_time_stats": {
    "round_1": 35.72,
    "round_2": 38.5
  }
}