{
  "process_start_time": 1767887533.9310546,
  "process_end_time": 1767887555.8991787,
  "total_elapsed_time_seconds": 21.97,
  "rounds_time_stats": {
    "round_1": 21.97
  }
}