{
  "process_start_time": 1768555060.2767332,
  "process_end_time": 1768555232.535312,
  "total_elapsed_time_seconds": 172.26,
  "rounds_time_stats": {
    "round_1": 29.27,
    "round_2": 28.23,
    "round_3": 29.31,
    "round_4": 28.82,
    "round_5": 28.05,
    "round_6": 28.57
  }
}