{
  "process_start_time": 1767890595.8373904,
  "process_end_time": 1767890705.5721142,
  "total_elapsed_time_seconds": 109.73,
  "rounds_time_stats": {
    "round_1": 15.86,
    "round_2": 18.22,
    "round_3": 18.03,
    "round_4": 19.21,
    "round_5": 17.31,
    "round_6": 21.11
  }
}