{
  "process_start_time": 1767978960.598092,
  "process_end_time": 1767979128.952126,
  "total_elapsed_time_seconds": 168.35,
  "rounds_time_stats": {
    "round_1": 18.04,
    "round_2": 28.01,
    "round_3": 29.71,
    "round_4": 27.08,
    "round_5": 33.08,
    "round_6": 32.44
  }
}