{
  "process_start_time": 1767685199.930196,
  "process_end_time": 1767685445.9937713,
  "total_elapsed_time_seconds": 246.06,
  "rounds_time_stats": {
    "round_1": 45.01,
    "round_2": 53.01,
    "round_3": 27.09,
    "round_4": 34.69,
    "round_5": 44.5,
    "round_6": 41.76
  }
}