{
  "process_start_time": 1767888855.7201433,
  "process_end_time": 1767888959.793617,
  "total_elapsed_time_seconds": 104.07,
  "rounds_time_stats": {
    "round_1": 15.86,
    "round_2": 16.72,
    "round_3": 17.08,
    "round_4": 20.16,
    "round_5": 17.01,
    "round_6": 17.25
  }
}