{
  "process_start_time": 1768551237.7205043,
  "process_end_time": 1768551388.524227,
  "total_elapsed_time_seconds": 150.8,
  "rounds_time_stats": {
    "round_1": 26.77,
    "round_2": 26.5,
    "round_3": 23.61,
    "round_4": 24.26,
    "round_5": 21.76,
    "round_6": 27.9
  }
}