{
  "process_start_time": 1767889526.0182211,
  "process_end_time": 1767889558.3291063,
  "total_elapsed_time_seconds": 32.31,
  "rounds_time_stats": {
    "round_1": 19.59,
    "round_2": 12.72
  }
}