{
  "process_start_time": 1767888622.0102777,
  "process_end_time": 1767888705.4090278,
  "total_elapsed_time_seconds": 83.4,
  "rounds_time_stats": {
    "round_1": 13.32,
    "round_2": 12.22,
    "round_3": 15.47,
    "round_4": 17.27,
    "round_5": 11.9,
    "round_6": 13.21
  }
}