{
  "process_start_time": 1767884715.972516,
  "process_end_time": 1767884843.91339,
  "total_elapsed_time_seconds": 127.94,
  "rounds_time_stats": {
    "round_1": 14.74,
    "round_2": 19.4,
    "round_3": 30.52,
    "round_4": 19.52,
    "round_5": 18.76,
    "round_6": 25.0
  }
}