{
  "process_start_time": 1767675802.6702378,
  "process_end_time": 1767676095.2723076,
  "total_elapsed_time_seconds": 292.6,
  "rounds_time_stats": {
    "round_1": 45.25,
    "round_2": 42.33,
    "round_3": 76.27,
    "round_4": 44.8,
    "round_5": 37.27,
    "round_6": 46.68
  }
}