{
  "process_start_time": 1767887635.8816833,
  "process_end_time": 1767887669.4597116,
  "total_elapsed_time_seconds": 33.58,
  "rounds_time_stats": {
    "round_1": 33.57
  }
}