{
  "process_start_time": 1767688805.2618327,
  "process_end_time": 1767689099.9868944,
  "total_elapsed_time_seconds": 294.73,
  "rounds_time_stats": {
    "round_1": 45.83,
    "round_2": 45.97,
    "round_3": 79.32,
    "round_4": 46.36,
    "round_5": 45.92,
    "round_6": 31.3
  }
}