{
  "process_start_time": 1767685141.3084135,
  "process_end_time": 1767685407.2019868,
  "total_elapsed_time_seconds": 265.89,
  "rounds_time_stats": {
    "round_1": 36.8,
    "round_2": 47.68,
    "round_3": 45.95,
    "round_4": 47.16,
    "round_5": 40.92,
    "round_6": 47.39
  }
}