{
  "process_start_time": 1767682701.703073,
  "process_end_time": 1767682993.0279472,
  "total_elapsed_time_seconds": 291.32,
  "rounds_time_stats": {
    "round_1": 60.18,
    "round_2": 49.23,
    "round_3": 43.13,
    "round_4": 46.23,
    "round_5": 50.34,
    "round_6": 42.21
  }
}