{
  "process_start_time": 1768114719.435024,
  "process_end_time": 1768114960.6086493,
  "total_elapsed_time_seconds": 241.17,
  "rounds_time_stats": {
    "round_1": 33.22,
    "round_2": 36.01,
    "round_3": 43.69,
    "round_4": 59.6,
    "round_5": 33.11,
    "round_6": 35.54
  }
}