{
  "process_start_time": 1768556140.6779354,
  "process_end_time": 1768556193.132894,
  "total_elapsed_time_seconds": 52.45,
  "rounds_time_stats": {
    "round_1": 52.42
  }
}