{
  "process_start_time": 1768554749.2788367,
  "process_end_time": 1768554815.0753407,
  "total_elapsed_time_seconds": 65.8,
  "rounds_time_stats": {
    "round_1": 21.83,
    "round_2": 43.94
  }
}