{
  "process_start_time": 1768551216.2209656,
  "process_end_time": 1768551396.0908103,
  "total_elapsed_time_seconds": 179.87,
  "rounds_time_stats": {
    "round_1": 24.87,
    "round_2": 33.83,
    "round_3": 28.66,
    "round_4": 28.08,
    "round_5": 36.56,
    "round_6": 27.87
  }
}