{
  "process_start_time": 1767675475.9880147,
  "process_end_time": 1767675774.4238372,
  "total_elapsed_time_seconds": 298.44,
  "rounds_time_stats": {
    "round_1": 63.58,
    "round_2": 52.46,
    "round_3": 45.64,
    "round_4": 42.09,
    "round_5": 55.39,
    "round_6": 39.28
  }
}