{
  "process_start_time": 1768556042.7744703,
  "process_end_time": 1768556258.4723628,
  "total_elapsed_time_seconds": 215.7,
  "rounds_time_stats": {
    "round_1": 37.93,
    "round_2": 35.72,
    "round_3": 34.28,
    "round_4": 31.37,
    "round_5": 36.8,
    "round_6": 39.59
  }
}