{
  "process_start_time": 1767886061.0617836,
  "process_end_time": 1767886081.6452918,
  "total_elapsed_time_seconds": 20.58,
  "rounds_time_stats": {
    "round_1": 20.58
  }
}