{
  "process_start_time": 1767887150.3222451,
  "process_end_time": 1767887204.2417943,
  "total_elapsed_time_seconds": 53.92,
  "rounds_time_stats": {
    "round_1": 25.65,
    "round_2": 28.25
  }
}