{
  "process_start_time": 1767890379.8652167,
  "process_end_time": 1767890497.4441645,
  "total_elapsed_time_seconds": 117.58,
  "rounds_time_stats": {
    "round_1": 14.94,
    "round_2": 19.49,
    "round_3": 21.45,
    "round_4": 23.92,
    "round_5": 20.32,
    "round_6": 17.46
  }
}