{
  "process_start_time": 1767882890.5954611,
  "process_end_time": 1767882930.5194862,
  "total_elapsed_time_seconds": 39.92,
  "rounds_time_stats": {
    "round_1": 18.4,
    "round_2": 21.52
  }
}