{
  "process_start_time": 1767887005.5293572,
  "process_end_time": 1767887058.016651,
  "total_elapsed_time_seconds": 52.49,
  "rounds_time_stats": {
    "round_1": 52.48
  }
}