{
  "process_start_time": 1767886613.279575,
  "process_end_time": 1767886633.5717611,
  "total_elapsed_time_seconds": 20.29,
  "rounds_time_stats": {
    "round_1": 20.29
  }
}