{
  "process_start_time": 1767887092.355284,
  "process_end_time": 1767887197.544383,
  "total_elapsed_time_seconds": 105.19,
  "rounds_time_stats": {
    "round_1": 16.15,
    "round_2": 20.92,
    "round_3": 21.66,
    "round_4": 12.61,
    "round_5": 23.08,
    "round_6": 10.77
  }
}