{
  "process_start_time": 1767883429.8726904,
  "process_end_time": 1767883447.9682548,
  "total_elapsed_time_seconds": 18.1,
  "rounds_time_stats": {
    "round_1": 18.09
  }
}