{
  "process_start_time": 1767889433.6653833,
  "process_end_time": 1767889448.8530314,
  "total_elapsed_time_seconds": 15.19,
  "rounds_time_stats": {
    "round_1": 15.18
  }
}