{
  "process_start_time": 1767888108.0486598,
  "process_end_time": 1767888122.449322,
  "total_elapsed_time_seconds": 14.4,
  "rounds_time_stats": {
    "round_1": 14.4
  }
}