{
  "process_start_time": 1767888752.4820566,
  "process_end_time": 1767888761.6625326,
  "total_elapsed_time_seconds": 9.18,
  "rounds_time_stats": {
    "round_1": 9.18
  }
}