{
  "process_start_time": 1767969886.742865,
  "process_end_time": 1767970145.8541975,
  "total_elapsed_time_seconds": 259.11,
  "rounds_time_stats": {
    "round_1": 35.03,
    "round_2": 88.12,
    "round_3": 34.91,
    "round_4": 33.32,
    "round_5": 40.81,
    "round_6": 26.92
  }
}