{
  "process_start_time": 1767885153.2625299,
  "process_end_time": 1767885193.126165,
  "total_elapsed_time_seconds": 39.86,
  "rounds_time_stats": {
    "round_1": 15.7,
    "round_2": 24.16
  }
}