{
  "process_start_time": 1767890471.1150277,
  "process_end_time": 1767890573.5294938,
  "total_elapsed_time_seconds": 102.41,
  "rounds_time_stats": {
    "round_1": 18.8,
    "round_2": 19.39,
    "round_3": 22.06,
    "round_4": 21.66,
    "round_5": 19.99,
    "round_6": 0.51
  }
}