{
  "process_start_time": 1767884309.9752045,
  "process_end_time": 1767884456.3437526,
  "total_elapsed_time_seconds": 146.37,
  "rounds_time_stats": {
    "round_1": 24.6,
    "round_2": 24.86,
    "round_3": 56.34,
    "round_4": 40.54
  }
}