{
  "process_start_time": 1768550210.644726,
  "process_end_time": 1768550461.8407235,
  "total_elapsed_time_seconds": 251.2,
  "rounds_time_stats": {
    "round_1": 34.29,
    "round_2": 34.28,
    "round_3": 41.92,
    "round_4": 47.98,
    "round_5": 46.19,
    "round_6": 46.54
  }
}