{
  "process_start_time": 1767683867.0621026,
  "process_end_time": 1767684152.319422,
  "total_elapsed_time_seconds": 285.26,
  "rounds_time_stats": {
    "round_1": 47.95,
    "round_2": 43.67,
    "round_3": 50.4,
    "round_4": 47.67,
    "round_5": 39.5,
    "round_6": 56.07
  }
}