{
  "process_start_time": 1767884412.9288154,
  "process_end_time": 1767884448.801943,
  "total_elapsed_time_seconds": 35.87,
  "rounds_time_stats": {
    "round_1": 12.77,
    "round_2": 23.1
  }
}