{
  "process_start_time": 1767884411.402628,
  "process_end_time": 1767884447.5576272,
  "total_elapsed_time_seconds": 36.15,
  "rounds_time_stats": {
    "round_1": 13.5,
    "round_2": 22.65
  }
}