{
  "process_start_time": 1767691743.7323492,
  "process_end_time": 1767692018.0546904,
  "total_elapsed_time_seconds": 274.32,
  "rounds_time_stats": {
    "round_1": 36.03,
    "round_2": 48.79,
    "round_3": 49.48,
    "round_4": 47.54,
    "round_5": 45.63,
    "round_6": 46.85
  }
}