{
  "process_start_time": 1767885892.4549158,
  "process_end_time": 1767885932.6083326,
  "total_elapsed_time_seconds": 40.15,
  "rounds_time_stats": {
    "round_1": 40.13
  }
}