{
  "process_start_time": 1767884809.8688312,
  "process_end_time": 1767884877.9768572,
  "total_elapsed_time_seconds": 68.11,
  "rounds_time_stats": {
    "round_1": 13.65,
    "round_2": 27.28,
    "round_3": 27.17
  }
}