{
  "process_start_time": 1767682370.3180866,
  "process_end_time": 1767682672.6988792,
  "total_elapsed_time_seconds": 302.38,
  "rounds_time_stats": {
    "round_1": 84.47,
    "round_2": 42.69,
    "round_3": 35.15,
    "round_4": 44.4,
    "round_5": 47.14,
    "round_6": 48.53
  }
}