{
  "process_start_time": 1767678637.4120524,
  "process_end_time": 1767678869.9473248,
  "total_elapsed_time_seconds": 232.54,
  "rounds_time_stats": {
    "round_1": 31.85,
    "round_2": 32.2,
    "round_3": 45.63,
    "round_4": 41.79,
    "round_5": 34.77,
    "round_6": 46.3
  }
}