{
  "process_start_time": 1767887001.012094,
  "process_end_time": 1767887021.162642,
  "total_elapsed_time_seconds": 20.15,
  "rounds_time_stats": {
    "round_1": 19.73,
    "round_2": 0.41
  }
}