{
  "process_start_time": 1767884651.615632,
  "process_end_time": 1767884806.8048377,
  "total_elapsed_time_seconds": 155.19,
  "rounds_time_stats": {
    "round_1": 34.29,
    "round_2": 30.02,
    "round_3": 28.56,
    "round_4": 28.61,
    "round_5": 33.7
  }
}