{
  "process_start_time": 1767889685.9536877,
  "process_end_time": 1767889701.6342947,
  "total_elapsed_time_seconds": 15.68,
  "rounds_time_stats": {
    "round_1": 15.68
  }
}