{
  "process_start_time": 1767678616.0793755,
  "process_end_time": 1767678910.7186096,
  "total_elapsed_time_seconds": 294.64,
  "rounds_time_stats": {
    "round_1": 41.91,
    "round_2": 44.82,
    "round_3": 43.42,
    "round_4": 43.59,
    "round_5": 49.21,
    "round_6": 71.69
  }
}