{
  "process_start_time": 1768108217.449864,
  "process_end_time": 1768108507.0006912,
  "total_elapsed_time_seconds": 289.55,
  "rounds_time_stats": {
    "round_1": 42.13,
    "round_2": 53.41,
    "round_3": 41.0,
    "round_4": 47.98,
    "round_5": 44.43,
    "round_6": 60.61
  }
}