{
  "process_start_time": 1767975353.8863676,
  "process_end_time": 1767975517.0598617,
  "total_elapsed_time_seconds": 163.17,
  "rounds_time_stats": {
    "round_1": 22.3,
    "round_2": 30.85,
    "round_3": 29.87,
    "round_4": 29.48,
    "round_5": 24.19,
    "round_6": 26.49
  }
}