{
  "process_start_time": 1767687650.512229,
  "process_end_time": 1767687919.1530514,
  "total_elapsed_time_seconds": 268.64,
  "rounds_time_stats": {
    "round_1": 58.77,
    "round_2": 40.86,
    "round_3": 36.88,
    "round_4": 45.87,
    "round_5": 42.26,
    "round_6": 44.0
  }
}