{
  "process_start_time": 1767885647.4297352,
  "process_end_time": 1767885768.4467735,
  "total_elapsed_time_seconds": 121.02,
  "rounds_time_stats": {
    "round_1": 12.61,
    "round_2": 22.43,
    "round_3": 26.63,
    "round_4": 18.83,
    "round_5": 17.3,
    "round_6": 23.22
  }
}