{
  "process_start_time": 1767687770.341992,
  "process_end_time": 1767688070.7762756,
  "total_elapsed_time_seconds": 300.43,
  "rounds_time_stats": {
    "round_1": 48.39,
    "round_2": 59.47,
    "round_3": 41.54,
    "round_4": 43.07,
    "round_5": 63.89,
    "round_6": 44.06
  }
}