{
  "process_start_time": 1767976101.725585,
  "process_end_time": 1767976280.2534165,
  "total_elapsed_time_seconds": 178.53,
  "rounds_time_stats": {
    "round_1": 22.13,
    "round_2": 31.71,
    "round_3": 31.57,
    "round_4": 31.86,
    "round_5": 31.55,
    "round_6": 29.7
  }
}