{
  "process_start_time": 1767888809.4678524,
  "process_end_time": 1767888821.7169836,
  "total_elapsed_time_seconds": 12.25,
  "rounds_time_stats": {
    "round_1": 12.25
  }
}