{
  "process_start_time": 1767683808.6691732,
  "process_end_time": 1767684071.9510148,
  "total_elapsed_time_seconds": 263.28,
  "rounds_time_stats": {
    "round_1": 38.97,
    "round_2": 41.81,
    "round_3": 39.66,
    "round_4": 47.26,
    "round_5": 46.25,
    "round_6": 49.33
  }
}