{
  "process_start_time": 1767889405.269388,
  "process_end_time": 1767889435.7177238,
  "total_elapsed_time_seconds": 30.45,
  "rounds_time_stats": {
    "round_1": 30.44
  }
}