{
  "process_start_time": 1767886522.584191,
  "process_end_time": 1767886550.8330753,
  "total_elapsed_time_seconds": 28.25,
  "rounds_time_stats": {
    "round_1": 12.44,
    "round_2": 15.8
  }
}