{
  "process_start_time": 1768551585.4213798,
  "process_end_time": 1768551774.5935209,
  "total_elapsed_time_seconds": 189.17,
  "rounds_time_stats": {
    "round_1": 24.53,
    "round_2": 31.85,
    "round_3": 36.45,
    "round_4": 37.5,
    "round_5": 28.83,
    "round_6": 30.01
  }
}