{
  "process_start_time": 1768556178.6428227,
  "process_end_time": 1768556345.836251,
  "total_elapsed_time_seconds": 167.19,
  "rounds_time_stats": {
    "round_1": 28.25,
    "round_2": 20.32,
    "round_3": 27.89,
    "round_4": 31.27,
    "round_5": 28.42,
    "round_6": 31.04
  }
}