{
  "process_start_time": 1767850138.7421982,
  "process_end_time": 1767850251.0133677,
  "total_elapsed_time_seconds": 112.27,
  "rounds_time_stats": {
    "round_1": 27.69,
    "round_2": 25.27,
    "round_3": 14.83,
    "round_4": 16.5,
    "round_5": 14.05,
    "round_6": 13.92
  }
}