{
  "process_start_time": 1767976319.6721816,
  "process_end_time": 1767976499.276711,
  "total_elapsed_time_seconds": 179.6,
  "rounds_time_stats": {
    "round_1": 31.12,
    "round_2": 28.59,
    "round_3": 29.28,
    "round_4": 29.42,
    "round_5": 29.84,
    "round_6": 31.35
  }
}