{
  "process_start_time": 1768108460.530935,
  "process_end_time": 1768108727.9481547,
  "total_elapsed_time_seconds": 267.42,
  "rounds_time_stats": {
    "round_1": 47.08,
    "round_2": 47.21,
    "round_3": 44.4,
    "round_4": 47.77,
    "round_5": 44.18,
    "round_6": 36.79
  }
}