{
  "process_start_time": 1767887192.3945258,
  "process_end_time": 1767887222.2063024,
  "total_elapsed_time_seconds": 29.81,
  "rounds_time_stats": {
    "round_1": 29.81
  }
}