{
  "process_start_time": 1767888769.318385,
  "process_end_time": 1767888813.1231341,
  "total_elapsed_time_seconds": 43.8,
  "rounds_time_stats": {
    "round_1": 19.25,
    "round_2": 24.24,
    "round_3": 0.32
  }
}