{
  "process_start_time": 1768551230.842164,
  "process_end_time": 1768551397.391159,
  "total_elapsed_time_seconds": 166.55,
  "rounds_time_stats": {
    "round_1": 23.83,
    "round_2": 30.12,
    "round_3": 29.85,
    "round_4": 26.2,
    "round_5": 29.54,
    "round_6": 27.02
  }
}