{
  "process_start_time": 1767890619.5777786,
  "process_end_time": 1767890761.8753357,
  "total_elapsed_time_seconds": 142.3,
  "rounds_time_stats": {
    "round_1": 19.99,
    "round_2": 25.7,
    "round_3": 21.78,
    "round_4": 22.49,
    "round_5": 26.85,
    "round_6": 25.49
  }
}