{
  "process_start_time": 1768555002.177877,
  "process_end_time": 1768555174.40119,
  "total_elapsed_time_seconds": 172.22,
  "rounds_time_stats": {
    "round_1": 29.14,
    "round_2": 28.75,
    "round_3": 28.39,
    "round_4": 27.64,
    "round_5": 30.01,
    "round_6": 28.29
  }
}