{
  "process_start_time": 1767886546.847833,
  "process_end_time": 1767886722.726763,
  "total_elapsed_time_seconds": 175.88,
  "rounds_time_stats": {
    "round_1": 14.6,
    "round_2": 26.28,
    "round_3": 38.54,
    "round_4": 34.82,
    "round_5": 33.78,
    "round_6": 27.86
  }
}