{
  "process_start_time": 1767683409.9136722,
  "process_end_time": 1767683493.7100537,
  "total_elapsed_time_seconds": 83.8,
  "rounds_time_stats": {
    "round_1": 37.85,
    "round_2": 45.93
  }
}