{
  "process_start_time": 1767883214.8776283,
  "process_end_time": 1767883307.0765107,
  "total_elapsed_time_seconds": 92.2,
  "rounds_time_stats": {
    "round_1": 20.17,
    "round_2": 32.3,
    "round_3": 39.72
  }
}