{
  "process_start_time": 1767884713.1348486,
  "process_end_time": 1767884809.8674643,
  "total_elapsed_time_seconds": 96.73,
  "rounds_time_stats": {
    "round_1": 15.53,
    "round_2": 14.11,
    "round_3": 18.06,
    "round_4": 15.79,
    "round_5": 17.0,
    "round_6": 16.25
  }
}