{
  "process_start_time": 1767882997.4027994,
  "process_end_time": 1767883024.2961426,
  "total_elapsed_time_seconds": 26.89,
  "rounds_time_stats": {
    "round_1": 26.89
  }
}