{
  "process_start_time": 1767977627.074573,
  "process_end_time": 1767977790.9120374,
  "total_elapsed_time_seconds": 163.84,
  "rounds_time_stats": {
    "round_1": 24.48,
    "round_2": 25.84,
    "round_3": 27.92,
    "round_4": 33.63,
    "round_5": 17.8,
    "round_6": 34.17
  }
}