{
  "process_start_time": 1767974648.7287729,
  "process_end_time": 1767974944.3072035,
  "total_elapsed_time_seconds": 295.58,
  "rounds_time_stats": {
    "round_1": 35.91,
    "round_2": 46.88,
    "round_3": 42.26,
    "round_4": 68.47,
    "round_5": 65.46,
    "round_6": 36.6
  }
}