{
  "process_start_time": 1768116151.6609204,
  "process_end_time": 1768116473.6656933,
  "total_elapsed_time_seconds": 322.0,
  "rounds_time_stats": {
    "round_1": 50.26,
    "round_2": 45.64,
    "round_3": 93.89,
    "round_4": 41.14,
    "round_5": 46.82,
    "round_6": 44.25
  }
}