{
  "process_start_time": 1767887692.522511,
  "process_end_time": 1767887720.1480196,
  "total_elapsed_time_seconds": 27.63,
  "rounds_time_stats": {
    "round_1": 27.62
  }
}