{
  "process_start_time": 1767688184.2115917,
  "process_end_time": 1767688461.7428627,
  "total_elapsed_time_seconds": 277.53,
  "rounds_time_stats": {
    "round_1": 49.89,
    "round_2": 44.08,
    "round_3": 45.98,
    "round_4": 48.53,
    "round_5": 42.75,
    "round_6": 46.29
  }
}