{
  "process_start_time": 1767883417.7519703,
  "process_end_time": 1767883467.3242867,
  "total_elapsed_time_seconds": 49.57,
  "rounds_time_stats": {
    "round_1": 17.75,
    "round_2": 31.82
  }
}