{
  "process_start_time": 1768108030.798069,
  "process_end_time": 1768108299.268996,
  "total_elapsed_time_seconds": 268.47,
  "rounds_time_stats": {
    "round_1": 46.03,
    "round_2": 40.6,
    "round_3": 47.35,
    "round_4": 45.61,
    "round_5": 43.78,
    "round_6": 45.09
  }
}