{
  "process_start_time": 1767885324.285297,
  "process_end_time": 1767885352.816158,
  "total_elapsed_time_seconds": 28.53,
  "rounds_time_stats": {
    "round_1": 28.52
  }
}