{
  "process_start_time": 1767975981.9901056,
  "process_end_time": 1767976166.8802447,
  "total_elapsed_time_seconds": 184.89,
  "rounds_time_stats": {
    "round_1": 30.77,
    "round_2": 33.63,
    "round_3": 27.81,
    "round_4": 29.97,
    "round_5": 30.42,
    "round_6": 32.29
  }
}