{
  "process_start_time": 1767888264.3168926,
  "process_end_time": 1767888274.6799023,
  "total_elapsed_time_seconds": 10.36,
  "rounds_time_stats": {
    "round_1": 10.36
  }
}