{
  "process_start_time": 1767692003.8184507,
  "process_end_time": 1767692275.114167,
  "total_elapsed_time_seconds": 271.3,
  "rounds_time_stats": {
    "round_1": 42.01,
    "round_2": 43.47,
    "round_3": 46.4,
    "round_4": 44.4,
    "round_5": 43.38,
    "round_6": 51.63
  }
}