{
  "process_start_time": 1767680381.8157215,
  "process_end_time": 1767680622.9125931,
  "total_elapsed_time_seconds": 241.1,
  "rounds_time_stats": {
    "round_1": 42.55,
    "round_2": 45.38,
    "round_3": 42.05,
    "round_4": 37.6,
    "round_5": 32.92,
    "round_6": 40.6
  }
}