{
  "process_start_time": 1767682965.4276364,
  "process_end_time": 1767683252.241279,
  "total_elapsed_time_seconds": 286.81,
  "rounds_time_stats": {
    "round_1": 40.53,
    "round_2": 46.54,
    "round_3": 41.46,
    "round_4": 49.4,
    "round_5": 56.56,
    "round_6": 52.33
  }
}