{
  "process_start_time": 1767679169.7037644,
  "process_end_time": 1767679403.065949,
  "total_elapsed_time_seconds": 233.36,
  "rounds_time_stats": {
    "round_1": 38.34,
    "round_2": 39.48,
    "round_3": 48.97,
    "round_4": 33.91,
    "round_5": 42.27,
    "round_6": 30.38
  }
}