{
  "process_start_time": 1768556624.5360742,
  "process_end_time": 1768556784.311348,
  "total_elapsed_time_seconds": 159.78,
  "rounds_time_stats": {
    "round_1": 21.82,
    "round_2": 30.27,
    "round_3": 27.5,
    "round_4": 31.36,
    "round_5": 28.56,
    "round_6": 20.25
  }
}