{
  "process_start_time": 1767849999.4736984,
  "process_end_time": 1767850192.4539993,
  "total_elapsed_time_seconds": 192.98,
  "rounds_time_stats": {
    "round_1": 27.65,
    "round_2": 33.93,
    "round_3": 39.51,
    "round_4": 37.32,
    "round_5": 34.41,
    "round_6": 20.15
  }
}