{
  "process_start_time": 1767887816.4902287,
  "process_end_time": 1767887846.3587449,
  "total_elapsed_time_seconds": 29.87,
  "rounds_time_stats": {
    "round_1": 29.86
  }
}