{
  "process_start_time": 1767685255.1266336,
  "process_end_time": 1767685528.6214006,
  "total_elapsed_time_seconds": 273.49,
  "rounds_time_stats": {
    "round_1": 47.54,
    "round_2": 44.08,
    "round_3": 42.19,
    "round_4": 46.72,
    "round_5": 49.17,
    "round_6": 43.78
  }
}