{
  "process_start_time": 1767887148.129547,
  "process_end_time": 1767887349.8520575,
  "total_elapsed_time_seconds": 201.72,
  "rounds_time_stats": {
    "round_1": 34.34,
    "round_2": 34.33,
    "round_3": 33.97,
    "round_4": 33.4,
    "round_5": 33.95,
    "round_6": 31.73
  }
}