{
  "process_start_time": 1767679092.7542224,
  "process_end_time": 1767679375.641045,
  "total_elapsed_time_seconds": 282.89,
  "rounds_time_stats": {
    "round_1": 45.35,
    "round_2": 41.39,
    "round_3": 57.12,
    "round_4": 47.55,
    "round_5": 46.72,
    "round_6": 44.75
  }
}