{
  "process_start_time": 1767889627.377999,
  "process_end_time": 1767889698.6879973,
  "total_elapsed_time_seconds": 71.31,
  "rounds_time_stats": {
    "round_1": 9.37,
    "round_2": 11.32,
    "round_3": 10.03,
    "round_4": 12.56,
    "round_5": 13.22,
    "round_6": 14.81
  }
}