{
  "process_start_time": 1767686727.5963385,
  "process_end_time": 1767687057.9581444,
  "total_elapsed_time_seconds": 330.36,
  "rounds_time_stats": {
    "round_1": 91.55,
    "round_2": 45.95,
    "round_3": 47.85,
    "round_4": 44.35,
    "round_5": 59.51,
    "round_6": 41.14
  }
}