{
  "process_start_time": 1767887437.110493,
  "process_end_time": 1767887496.4118078,
  "total_elapsed_time_seconds": 59.3,
  "rounds_time_stats": {
    "round_1": 28.07,
    "round_2": 31.23
  }
}