{
  "process_start_time": 1767976549.4737484,
  "process_end_time": 1767976698.6864247,
  "total_elapsed_time_seconds": 149.21,
  "rounds_time_stats": {
    "round_1": 26.68,
    "round_2": 26.94,
    "round_3": 19.5,
    "round_4": 28.79,
    "round_5": 27.54,
    "round_6": 19.76
  }
}