{
  "process_start_time": 1768108977.409797,
  "process_end_time": 1768109182.042096,
  "total_elapsed_time_seconds": 204.63,
  "rounds_time_stats": {
    "round_1": 39.55,
    "round_2": 27.91,
    "round_3": 31.52,
    "round_4": 30.97,
    "round_5": 31.92,
    "round_6": 42.76
  }
}