{
  "process_start_time": 1767886231.6008828,
  "process_end_time": 1767886251.3180902,
  "total_elapsed_time_seconds": 19.72,
  "rounds_time_stats": {
    "round_1": 19.71
  }
}