{
  "process_start_time": 1767883324.6364708,
  "process_end_time": 1767883390.506484,
  "total_elapsed_time_seconds": 65.87,
  "rounds_time_stats": {
    "round_1": 65.81
  }
}