{
  "process_start_time": 1767976113.2083278,
  "process_end_time": 1767976299.39752,
  "total_elapsed_time_seconds": 186.19,
  "rounds_time_stats": {
    "round_1": 30.33,
    "round_2": 33.35,
    "round_3": 31.15,
    "round_4": 32.19,
    "round_5": 30.45,
    "round_6": 28.73
  }
}