{
  "process_start_time": 1767884214.1895957,
  "process_end_time": 1767884328.810941,
  "total_elapsed_time_seconds": 114.62,
  "rounds_time_stats": {
    "round_1": 18.39,
    "round_2": 26.33,
    "round_3": 18.91,
    "round_4": 26.26,
    "round_5": 24.72
  }
}