{
  "process_start_time": 1767978314.5433319,
  "process_end_time": 1767978493.1148224,
  "total_elapsed_time_seconds": 178.57,
  "rounds_time_stats": {
    "round_1": 31.23,
    "round_2": 24.97,
    "round_3": 31.47,
    "round_4": 27.79,
    "round_5": 32.45,
    "round_6": 30.66
  }
}