{
  "process_start_time": 1767888539.319875,
  "process_end_time": 1767888577.0096903,
  "total_elapsed_time_seconds": 37.69,
  "rounds_time_stats": {
    "round_1": 17.74,
    "round_2": 19.95
  }
}