{
  "process_start_time": 1768549937.2137454,
  "process_end_time": 1768550210.8682551,
  "total_elapsed_time_seconds": 273.65,
  "rounds_time_stats": {
    "round_1": 43.67,
    "round_2": 48.48,
    "round_3": 44.17,
    "round_4": 43.92,
    "round_5": 44.68,
    "round_6": 48.74
  }
}