{
  "process_start_time": 1767886281.9154174,
  "process_end_time": 1767886344.7461648,
  "total_elapsed_time_seconds": 62.83,
  "rounds_time_stats": {
    "round_1": 29.44,
    "round_2": 33.38
  }
}