{
  "process_start_time": 1768556606.2633836,
  "process_end_time": 1768556765.029067,
  "total_elapsed_time_seconds": 158.77,
  "rounds_time_stats": {
    "round_1": 20.42,
    "round_2": 27.61,
    "round_3": 22.24,
    "round_4": 29.88,
    "round_5": 27.84,
    "round_6": 30.77
  }
}