{
  "process_start_time": 1767679448.9033368,
  "process_end_time": 1767679716.5106752,
  "total_elapsed_time_seconds": 267.61,
  "rounds_time_stats": {
    "round_1": 41.46,
    "round_2": 40.22,
    "round_3": 48.16,
    "round_4": 46.9,
    "round_5": 45.57,
    "round_6": 45.3
  }
}