{
  "process_start_time": 1767974552.1571827,
  "process_end_time": 1767974866.8770962,
  "total_elapsed_time_seconds": 314.72,
  "rounds_time_stats": {
    "round_1": 66.97,
    "round_2": 57.57,
    "round_3": 54.54,
    "round_4": 55.63,
    "round_5": 39.63,
    "round_6": 40.38
  }
}