{
  "process_start_time": 1767886755.4216318,
  "process_end_time": 1767886774.5015628,
  "total_elapsed_time_seconds": 19.08,
  "rounds_time_stats": {
    "round_1": 18.74,
    "round_2": 0.34
  }
}