{
  "process_start_time": 1767665407.5312886,
  "process_end_time": 1767665567.8002415,
  "total_elapsed_time_seconds": 160.27,
  "rounds_time_stats": {
    "round_1": 39.03,
    "round_2": 44.53,
    "round_3": 20.89,
    "round_4": 20.05,
    "round_5": 18.92,
    "round_6": 16.84
  }
}