{
  "process_start_time": 1767884912.071592,
  "process_end_time": 1767885070.4178045,
  "total_elapsed_time_seconds": 158.35,
  "rounds_time_stats": {
    "round_1": 141.73,
    "round_2": 16.61
  }
}