{
  "process_start_time": 1767887224.5135152,
  "process_end_time": 1767887381.1815965,
  "total_elapsed_time_seconds": 156.67,
  "rounds_time_stats": {
    "round_1": 28.15,
    "round_2": 24.53,
    "round_3": 28.69,
    "round_4": 29.25,
    "round_5": 24.95,
    "round_6": 21.09
  }
}