{
  "process_start_time": 1767888518.6042328,
  "process_end_time": 1767888533.3958392,
  "total_elapsed_time_seconds": 14.79,
  "rounds_time_stats": {
    "round_1": 14.79
  }
}