{
  "process_start_time": 1767888219.403417,
  "process_end_time": 1767888260.3870106,
  "total_elapsed_time_seconds": 40.98,
  "rounds_time_stats": {
    "round_1": 40.96
  }
}