{
  "process_start_time": 1767890318.865201,
  "process_end_time": 1767890371.4136019,
  "total_elapsed_time_seconds": 52.55,
  "rounds_time_stats": {
    "round_1": 9.43,
    "round_2": 17.34,
    "round_3": 9.55,
    "round_4": 16.22
  }
}