{
  "process_start_time": 1767884161.1418636,
  "process_end_time": 1767884226.4354732,
  "total_elapsed_time_seconds": 65.29,
  "rounds_time_stats": {
    "round_1": 34.32,
    "round_2": 30.58,
    "round_3": 0.39
  }
}