{
  "process_start_time": 1767682977.60726,
  "process_end_time": 1767683037.1308775,
  "total_elapsed_time_seconds": 59.52,
  "rounds_time_stats": {
    "round_1": 59.49
  }
}