{
  "process_start_time": 1767850156.798016,
  "process_end_time": 1767850267.4297783,
  "total_elapsed_time_seconds": 110.63,
  "rounds_time_stats": {
    "round_1": 26.73,
    "round_2": 13.53,
    "round_3": 21.53,
    "round_4": 14.87,
    "round_5": 15.24,
    "round_6": 18.72
  }
}