{
  "process_start_time": 1767976881.237075,
  "process_end_time": 1767977054.1713603,
  "total_elapsed_time_seconds": 172.93,
  "rounds_time_stats": {
    "round_1": 30.5,
    "round_2": 30.56,
    "round_3": 29.95,
    "round_4": 24.11,
    "round_5": 29.09,
    "round_6": 28.73
  }
}