{
  "process_start_time": 1768116989.4326408,
  "process_end_time": 1768117205.702227,
  "total_elapsed_time_seconds": 216.27,
  "rounds_time_stats": {
    "round_1": 43.12,
    "round_2": 41.75,
    "round_3": 28.86,
    "round_4": 36.46,
    "round_5": 30.9,
    "round_6": 35.19
  }
}