{
  "process_start_time": 1767970658.263046,
  "process_end_time": 1767973021.141067,
  "total_elapsed_time_seconds": 2362.88,
  "rounds_time_stats": {
    "round_1": 74.15,
    "round_2": 179.15,
    "round_3": 79.3,
    "round_4": 202.52,
    "round_5": 168.83,
    "round_6": 1658.92
  }
}