{
  "process_start_time": 1767687046.4744122,
  "process_end_time": 1767687311.2912571,
  "total_elapsed_time_seconds": 264.82,
  "rounds_time_stats": {
    "round_1": 41.99,
    "round_2": 36.35,
    "round_3": 47.29,
    "round_4": 46.51,
    "round_5": 46.03,
    "round_6": 46.65
  }
}