{
  "process_start_time": 1767886071.4148462,
  "process_end_time": 1767886138.4282796,
  "total_elapsed_time_seconds": 67.01,
  "rounds_time_stats": {
    "round_1": 22.48,
    "round_2": 44.52
  }
}