{
  "process_start_time": 1767888076.0473855,
  "process_end_time": 1767888156.6550288,
  "total_elapsed_time_seconds": 80.61,
  "rounds_time_stats": {
    "round_1": 41.52,
    "round_2": 39.08
  }
}