{
  "process_start_time": 1767691407.0445452,
  "process_end_time": 1767691713.841711,
  "total_elapsed_time_seconds": 306.8,
  "rounds_time_stats": {
    "round_1": 73.91,
    "round_2": 42.9,
    "round_3": 47.2,
    "round_4": 46.14,
    "round_5": 44.95,
    "round_6": 51.7
  }
}