{
  "process_start_time": 1767973270.8066864,
  "process_end_time": 1767973472.1446526,
  "total_elapsed_time_seconds": 201.34,
  "rounds_time_stats": {
    "round_1": 21.47,
    "round_2": 40.54,
    "round_3": 34.42,
    "round_4": 29.68,
    "round_5": 44.62,
    "round_6": 30.6
  }
}