{
  "process_start_time": 1768115579.612764,
  "process_end_time": 1768115795.013161,
  "total_elapsed_time_seconds": 215.4,
  "rounds_time_stats": {
    "round_1": 40.26,
    "round_2": 26.2,
    "round_3": 47.32,
    "round_4": 30.88,
    "round_5": 42.97,
    "round_6": 27.76
  }
}