{
  "process_start_time": 1767684611.8715353,
  "process_end_time": 1767684898.8181827,
  "total_elapsed_time_seconds": 286.95,
  "rounds_time_stats": {
    "round_1": 47.13,
    "round_2": 46.39,
    "round_3": 47.6,
    "round_4": 46.85,
    "round_5": 50.1,
    "round_6": 48.87
  }
}