{
  "process_start_time": 1767884588.1959064,
  "process_end_time": 1767884696.7697651,
  "total_elapsed_time_seconds": 108.57,
  "rounds_time_stats": {
    "round_1": 19.79,
    "round_2": 15.56,
    "round_3": 20.24,
    "round_4": 16.27,
    "round_5": 20.34,
    "round_6": 16.37
  }
}