{
  "process_start_time": 1768115830.7197907,
  "process_end_time": 1768116075.2928483,
  "total_elapsed_time_seconds": 244.57,
  "rounds_time_stats": {
    "round_1": 30.71,
    "round_2": 36.75,
    "round_3": 48.63,
    "round_4": 32.83,
    "round_5": 48.95,
    "round_6": 46.7
  }
}