{
  "process_start_time": 1767676800.50309,
  "process_end_time": 1767677040.980133,
  "total_elapsed_time_seconds": 240.48,
  "rounds_time_stats": {
    "round_1": 44.65,
    "round_2": 46.3,
    "round_3": 46.24,
    "round_4": 40.42,
    "round_5": 29.56,
    "round_6": 33.3
  }
}