{
  "process_start_time": 1767888854.9447668,
  "process_end_time": 1767888876.4732566,
  "total_elapsed_time_seconds": 21.53,
  "rounds_time_stats": {
    "round_1": 10.77,
    "round_2": 10.76
  }
}