{
  "process_start_time": 1767888240.5343962,
  "process_end_time": 1767888389.8892767,
  "total_elapsed_time_seconds": 149.35,
  "rounds_time_stats": {
    "round_1": 25.25,
    "round_2": 21.66,
    "round_3": 23.62,
    "round_4": 25.66,
    "round_5": 26.38,
    "round_6": 26.78
  }
}