{
  "process_start_time": 1768554942.4701355,
  "process_end_time": 1768555146.9356704,
  "total_elapsed_time_seconds": 204.47,
  "rounds_time_stats": {
    "round_1": 40.13,
    "round_2": 28.68,
    "round_3": 27.93,
    "round_4": 30.51,
    "round_5": 39.09,
    "round_6": 38.13
  }
}