{
  "process_start_time": 1767889375.0103204,
  "process_end_time": 1767889451.508921,
  "total_elapsed_time_seconds": 76.5,
  "rounds_time_stats": {
    "round_1": 18.85,
    "round_2": 20.3,
    "round_3": 16.42,
    "round_4": 20.93
  }
}