{
  "process_start_time": 1767678869.9481213,
  "process_end_time": 1767679154.0473113,
  "total_elapsed_time_seconds": 284.1,
  "rounds_time_stats": {
    "round_1": 57.03,
    "round_2": 43.42,
    "round_3": 46.03,
    "round_4": 42.89,
    "round_5": 48.52,
    "round_6": 46.21
  }
}