{
  "process_start_time": 1767885916.2219605,
  "process_end_time": 1767885936.678269,
  "total_elapsed_time_seconds": 20.46,
  "rounds_time_stats": {
    "round_1": 20.45
  }
}