{
  "process_start_time": 1767677383.8010933,
  "process_end_time": 1767677619.8570094,
  "total_elapsed_time_seconds": 236.06,
  "rounds_time_stats": {
    "round_1": 48.1,
    "round_2": 40.1,
    "round_3": 38.43,
    "round_4": 37.39,
    "round_5": 39.99,
    "round_6": 32.04
  }
}