{
  "process_start_time": 1768115007.2304773,
  "process_end_time": 1768115254.8638878,
  "total_elapsed_time_seconds": 247.63,
  "rounds_time_stats": {
    "round_1": 25.15,
    "round_2": 38.59,
    "round_3": 47.18,
    "round_4": 46.39,
    "round_5": 42.78,
    "round_6": 47.53
  }
}