{
  "process_start_time": 1768551007.921759,
  "process_end_time": 1768551230.8411887,
  "total_elapsed_time_seconds": 222.92,
  "rounds_time_stats": {
    "round_1": 57.88,
    "round_2": 41.23,
    "round_3": 37.34,
    "round_4": 30.34,
    "round_5": 31.82,
    "round_6": 24.3
  }
}