{
  "process_start_time": 1767883427.6407888,
  "process_end_time": 1767883483.657286,
  "total_elapsed_time_seconds": 56.02,
  "rounds_time_stats": {
    "round_1": 21.18,
    "round_2": 17.46,
    "round_3": 17.38
  }
}