{
  "process_start_time": 1767883683.7966037,
  "process_end_time": 1767883727.270825,
  "total_elapsed_time_seconds": 43.47,
  "rounds_time_stats": {
    "round_1": 17.14,
    "round_2": 26.33
  }
}