{
  "process_start_time": 1768554749.2821043,
  "process_end_time": 1768554923.911183,
  "total_elapsed_time_seconds": 174.63,
  "rounds_time_stats": {
    "round_1": 26.61,
    "round_2": 33.16,
    "round_3": 26.59,
    "round_4": 27.74,
    "round_5": 31.1,
    "round_6": 29.42
  }
}