{
  "process_start_time": 1768115946.8782694,
  "process_end_time": 1768116182.0532758,
  "total_elapsed_time_seconds": 235.18,
  "rounds_time_stats": {
    "round_1": 22.35,
    "round_2": 43.46,
    "round_3": 43.67,
    "round_4": 36.14,
    "round_5": 44.81,
    "round_6": 44.74
  }
}