{
  "process_start_time": 1768117932.9085763,
  "process_end_time": 1768118190.7908387,
  "total_elapsed_time_seconds": 257.88,
  "rounds_time_stats": {
    "round_1": 60.93,
    "round_2": 46.65,
    "round_3": 47.76,
    "round_4": 40.54,
    "round_5": 36.66,
    "round_6": 25.34
  }
}