{
  "process_start_time": 1768117411.0764718,
  "process_end_time": 1768117652.4021375,
  "total_elapsed_time_seconds": 241.33,
  "rounds_time_stats": {
    "round_1": 41.72,
    "round_2": 39.31,
    "round_3": 33.87,
    "round_4": 49.38,
    "round_5": 31.44,
    "round_6": 45.6
  }
}