{
  "process_start_time": 1768552626.213086,
  "process_end_time": 1768552993.178806,
  "total_elapsed_time_seconds": 366.97,
  "rounds_time_stats": {
    "round_1": 33.91,
    "round_2": 39.71,
    "round_3": 41.33,
    "round_4": 58.41,
    "round_5": 17.49,
    "round_6": 176.13
  }
}