{
  "process_start_time": 1767890272.0838919,
  "process_end_time": 1767890358.6890779,
  "total_elapsed_time_seconds": 86.61,
  "rounds_time_stats": {
    "round_1": 13.68,
    "round_2": 14.39,
    "round_3": 16.33,
    "round_4": 13.31,
    "round_5": 14.8,
    "round_6": 14.1
  }
}