{
  "process_start_time": 1767887945.7392313,
  "process_end_time": 1767888131.1975253,
  "total_elapsed_time_seconds": 185.46,
  "rounds_time_stats": {
    "round_1": 27.02,
    "round_2": 27.11,
    "round_3": 40.17,
    "round_4": 34.86,
    "round_5": 26.41,
    "round_6": 29.88
  }
}