{
  "process_start_time": 1767885178.1844454,
  "process_end_time": 1767885200.1589322,
  "total_elapsed_time_seconds": 21.97,
  "rounds_time_stats": {
    "round_1": 21.97
  }
}