{
  "process_start_time": 1767884355.1838818,
  "process_end_time": 1767884379.2127333,
  "total_elapsed_time_seconds": 24.03,
  "rounds_time_stats": {
    "round_1": 24.03
  }
}