{
  "process_start_time": 1767888581.000966,
  "process_end_time": 1767888611.8512945,
  "total_elapsed_time_seconds": 30.85,
  "rounds_time_stats": {
    "round_1": 30.85
  }
}