{
  "process_start_time": 1767974713.876556,
  "process_end_time": 1767975019.8045297,
  "total_elapsed_time_seconds": 305.93,
  "rounds_time_stats": {
    "round_1": 72.18,
    "round_2": 55.39,
    "round_3": 50.28,
    "round_4": 52.0,
    "round_5": 46.97,
    "round_6": 29.1
  }
}