{
  "process_start_time": 1767887522.1736543,
  "process_end_time": 1767887585.5471296,
  "total_elapsed_time_seconds": 63.37,
  "rounds_time_stats": {
    "round_1": 35.43,
    "round_2": 27.94
  }
}