{
  "process_start_time": 1767683484.9811468,
  "process_end_time": 1767683764.214659,
  "total_elapsed_time_seconds": 279.23,
  "rounds_time_stats": {
    "round_1": 42.25,
    "round_2": 43.84,
    "round_3": 54.64,
    "round_4": 41.29,
    "round_5": 48.48,
    "round_6": 48.74
  }
}