{
  "process_start_time": 1767888912.8989716,
  "process_end_time": 1767888927.6251297,
  "total_elapsed_time_seconds": 14.73,
  "rounds_time_stats": {
    "round_1": 14.72
  }
}