{
  "process_start_time": 1767680185.6573112,
  "process_end_time": 1767680435.996392,
  "total_elapsed_time_seconds": 250.34,
  "rounds_time_stats": {
    "round_1": 29.51,
    "round_2": 50.83,
    "round_3": 44.99,
    "round_4": 32.98,
    "round_5": 49.33,
    "round_6": 42.7
  }
}