{
  "process_start_time": 1767681178.4881902,
  "process_end_time": 1767681499.0004377,
  "total_elapsed_time_seconds": 320.51,
  "rounds_time_stats": {
    "round_1": 33.99,
    "round_2": 47.62,
    "round_3": 44.92,
    "round_4": 59.8,
    "round_5": 79.64,
    "round_6": 54.53
  }
}