{
  "process_start_time": 1767885356.3949878,
  "process_end_time": 1767885386.5171094,
  "total_elapsed_time_seconds": 30.12,
  "rounds_time_stats": {
    "round_1": 30.07
  }
}