{
  "process_start_time": 1767888317.6877365,
  "process_end_time": 1767888369.7929003,
  "total_elapsed_time_seconds": 52.11,
  "rounds_time_stats": {
    "round_1": 22.79,
    "round_2": 29.28
  }
}