{
  "process_start_time": 1767974256.665967,
  "process_end_time": 1767974650.3616695,
  "total_elapsed_time_seconds": 393.7,
  "rounds_time_stats": {
    "round_1": 50.79,
    "round_2": 56.43,
    "round_3": 44.27,
    "round_4": 83.01,
    "round_5": 88.5,
    "round_6": 70.7
  }
}