{
  "process_start_time": 1767887921.9419365,
  "process_end_time": 1767887942.6501913,
  "total_elapsed_time_seconds": 20.71,
  "rounds_time_stats": {
    "round_1": 20.7
  }
}