{
  "process_start_time": 1767890036.9003823,
  "process_end_time": 1767890103.2465398,
  "total_elapsed_time_seconds": 66.35,
  "rounds_time_stats": {
    "round_1": 48.83,
    "round_2": 17.51
  }
}