{
  "process_start_time": 1767665436.023909,
  "process_end_time": 1767665582.5908148,
  "total_elapsed_time_seconds": 146.57,
  "rounds_time_stats": {
    "round_1": 44.0,
    "round_2": 25.16,
    "round_3": 20.77,
    "round_4": 17.52,
    "round_5": 21.53,
    "round_6": 17.59
  }
}