{
  "process_start_time": 1767889450.2501411,
  "process_end_time": 1767889460.6595428,
  "total_elapsed_time_seconds": 10.41,
  "rounds_time_stats": {
    "round_1": 10.41
  }
}