{
  "process_start_time": 1768555940.5742025,
  "process_end_time": 1768556131.8709939,
  "total_elapsed_time_seconds": 191.3,
  "rounds_time_stats": {
    "round_1": 36.16,
    "round_2": 34.25,
    "round_3": 32.08,
    "round_4": 36.93,
    "round_5": 21.51,
    "round_6": 30.36
  }
}