{
  "process_start_time": 1768115025.4594731,
  "process_end_time": 1768115297.1416597,
  "total_elapsed_time_seconds": 271.68,
  "rounds_time_stats": {
    "round_1": 53.61,
    "round_2": 29.3,
    "round_3": 42.38,
    "round_4": 43.42,
    "round_5": 61.04,
    "round_6": 41.92
  }
}