{
  "process_start_time": 1767888471.2036462,
  "process_end_time": 1767888531.6588368,
  "total_elapsed_time_seconds": 60.46,
  "rounds_time_stats": {
    "round_1": 15.23,
    "round_2": 25.03,
    "round_3": 20.19
  }
}