{
  "process_start_time": 1767883121.0385942,
  "process_end_time": 1767883349.5247564,
  "total_elapsed_time_seconds": 228.49,
  "rounds_time_stats": {
    "round_1": 36.37,
    "round_2": 25.64,
    "round_3": 27.94,
    "round_4": 38.67,
    "round_5": 47.07,
    "round_6": 52.8
  }
}