{
  "process_start_time": 1767977822.7952807,
  "process_end_time": 1767978068.6024842,
  "total_elapsed_time_seconds": 245.81,
  "rounds_time_stats": {
    "round_1": 40.13,
    "round_2": 50.53,
    "round_3": 43.92,
    "round_4": 48.07,
    "round_5": 27.54,
    "round_6": 35.62
  }
}