{
  "process_start_time": 1767890485.1160133,
  "process_end_time": 1767890667.248836,
  "total_elapsed_time_seconds": 182.13,
  "rounds_time_stats": {
    "round_1": 17.51,
    "round_2": 28.45,
    "round_3": 27.68,
    "round_4": 33.45,
    "round_5": 33.07,
    "round_6": 41.97
  }
}