{
  "process_start_time": 1767889933.7164574,
  "process_end_time": 1767889943.5272205,
  "total_elapsed_time_seconds": 9.81,
  "rounds_time_stats": {
    "round_1": 9.81
  }
}