{
  "process_start_time": 1767677040.9810717,
  "process_end_time": 1767677281.24898,
  "total_elapsed_time_seconds": 240.27,
  "rounds_time_stats": {
    "round_1": 32.54,
    "round_2": 42.39,
    "round_3": 43.61,
    "round_4": 34.64,
    "round_5": 57.31,
    "round_6": 29.77
  }
}