{
  "process_start_time": 1767681147.8747573,
  "process_end_time": 1767681449.57701,
  "total_elapsed_time_seconds": 301.7,
  "rounds_time_stats": {
    "round_1": 60.02,
    "round_2": 58.96,
    "round_3": 40.41,
    "round_4": 49.98,
    "round_5": 45.7,
    "round_6": 46.62
  }
}