{
  "process_start_time": 1768114486.978274,
  "process_end_time": 1768114789.0482872,
  "total_elapsed_time_seconds": 302.07,
  "rounds_time_stats": {
    "round_1": 24.15,
    "round_2": 43.47,
    "round_3": 45.38,
    "round_4": 70.12,
    "round_5": 53.0,
    "round_6": 65.94
  }
}