{
  "process_start_time": 1767684688.0194373,
  "process_end_time": 1767684912.9089868,
  "total_elapsed_time_seconds": 224.89,
  "rounds_time_stats": {
    "round_1": 29.14,
    "round_2": 38.44,
    "round_3": 43.4,
    "round_4": 36.09,
    "round_5": 41.34,
    "round_6": 36.48
  }
}