{
  "process_start_time": 1767677163.611271,
  "process_end_time": 1767677447.0466444,
  "total_elapsed_time_seconds": 283.44,
  "rounds_time_stats": {
    "round_1": 45.39,
    "round_2": 41.39,
    "round_3": 45.97,
    "round_4": 60.93,
    "round_5": 44.48,
    "round_6": 45.28
  }
}