{
  "process_start_time": 1767978777.428496,
  "process_end_time": 1767978968.199259,
  "total_elapsed_time_seconds": 190.77,
  "rounds_time_stats": {
    "round_1": 28.93,
    "round_2": 31.36,
    "round_3": 31.41,
    "round_4": 38.46,
    "round_5": 32.26,
    "round_6": 28.35
  }
}