{
  "process_start_time": 1768115528.3862436,
  "process_end_time": 1768115800.7842264,
  "total_elapsed_time_seconds": 272.4,
  "rounds_time_stats": {
    "round_1": 50.82,
    "round_2": 44.78,
    "round_3": 43.02,
    "round_4": 40.92,
    "round_5": 47.9,
    "round_6": 44.95
  }
}