{
  "process_start_time": 1767888194.9901314,
  "process_end_time": 1767888240.532167,
  "total_elapsed_time_seconds": 45.54,
  "rounds_time_stats": {
    "round_1": 20.65,
    "round_2": 24.89
  }
}