{
  "process_start_time": 1767978328.6887171,
  "process_end_time": 1767978452.6018207,
  "total_elapsed_time_seconds": 123.91,
  "rounds_time_stats": {
    "round_1": 10.71,
    "round_2": 23.35,
    "round_3": 22.67,
    "round_4": 24.02,
    "round_5": 19.64,
    "round_6": 23.53
  }
}