{
  "process_start_time": 1767683760.5647511,
  "process_end_time": 1767684025.130801,
  "total_elapsed_time_seconds": 264.57,
  "rounds_time_stats": {
    "round_1": 47.65,
    "round_2": 43.7,
    "round_3": 44.02,
    "round_4": 30.75,
    "round_5": 51.18,
    "round_6": 47.26
  }
}