{
  "process_start_time": 1767973270.7915232,
  "process_end_time": 1767973452.9143763,
  "total_elapsed_time_seconds": 182.12,
  "rounds_time_stats": {
    "round_1": 22.37,
    "round_2": 29.58,
    "round_3": 33.32,
    "round_4": 32.71,
    "round_5": 32.84,
    "round_6": 31.3
  }
}