{
  "process_start_time": 1767973504.1519935,
  "process_end_time": 1767973707.0339992,
  "total_elapsed_time_seconds": 202.88,
  "rounds_time_stats": {
    "round_1": 24.78,
    "round_2": 38.42,
    "round_3": 35.49,
    "round_4": 31.84,
    "round_5": 38.0,
    "round_6": 34.35
  }
}