{
  "process_start_time": 1767889911.4907374,
  "process_end_time": 1767889927.0966728,
  "total_elapsed_time_seconds": 15.61,
  "rounds_time_stats": {
    "round_1": 15.6
  }
}