{
  "process_start_time": 1767883304.241099,
  "process_end_time": 1767883356.7979116,
  "total_elapsed_time_seconds": 52.56,
  "rounds_time_stats": {
    "round_1": 23.73,
    "round_2": 28.82
  }
}