{
  "process_start_time": 1767885065.0433977,
  "process_end_time": 1767885263.7955763,
  "total_elapsed_time_seconds": 198.75,
  "rounds_time_stats": {
    "round_1": 35.48,
    "round_2": 37.07,
    "round_3": 37.38,
    "round_4": 30.3,
    "round_5": 34.06,
    "round_6": 24.45
  }
}