{
  "process_start_time": 1768555958.3744438,
  "process_end_time": 1768556106.0940921,
  "total_elapsed_time_seconds": 147.72,
  "rounds_time_stats": {
    "round_1": 25.44,
    "round_2": 20.57,
    "round_3": 27.66,
    "round_4": 28.02,
    "round_5": 27.38,
    "round_6": 18.65
  }
}