{
  "process_start_time": 1767883251.554934,
  "process_end_time": 1767883307.8577077,
  "total_elapsed_time_seconds": 56.3,
  "rounds_time_stats": {
    "round_1": 29.29,
    "round_2": 27.01
  }
}