{
  "process_start_time": 1767973961.5387006,
  "process_end_time": 1767974391.923229,
  "total_elapsed_time_seconds": 430.38,
  "rounds_time_stats": {
    "round_1": 46.85,
    "round_2": 80.75,
    "round_3": 70.06,
    "round_4": 81.84,
    "round_5": 96.37,
    "round_6": 54.51
  }
}