{
  "process_start_time": 1768108818.1274927,
  "process_end_time": 1768109118.7102652,
  "total_elapsed_time_seconds": 300.58,
  "rounds_time_stats": {
    "round_1": 48.41,
    "round_2": 61.43,
    "round_3": 47.24,
    "round_4": 48.53,
    "round_5": 46.65,
    "round_6": 48.32
  }
}