{
  "process_start_time": 1768116680.2980325,
  "process_end_time": 1768116956.1313157,
  "total_elapsed_time_seconds": 275.83,
  "rounds_time_stats": {
    "round_1": 60.76,
    "round_2": 44.02,
    "round_3": 31.04,
    "round_4": 44.28,
    "round_5": 47.49,
    "round_6": 48.25
  }
}