{
  "process_start_time": 1768117729.1758626,
  "process_end_time": 1768117982.799259,
  "total_elapsed_time_seconds": 253.62,
  "rounds_time_stats": {
    "round_1": 43.22,
    "round_2": 35.8,
    "round_3": 44.97,
    "round_4": 44.3,
    "round_5": 34.66,
    "round_6": 50.67
  }
}