{
  "process_start_time": 1767680014.7990825,
  "process_end_time": 1767680277.47861,
  "total_elapsed_time_seconds": 262.68,
  "rounds_time_stats": {
    "round_1": 23.7,
    "round_2": 49.64,
    "round_3": 51.15,
    "round_4": 46.44,
    "round_5": 48.28,
    "round_6": 43.47
  }
}