{
  "process_start_time": 1767677143.6812155,
  "process_end_time": 1767677417.5455778,
  "total_elapsed_time_seconds": 273.86,
  "rounds_time_stats": {
    "round_1": 35.58,
    "round_2": 70.74,
    "round_3": 29.78,
    "round_4": 47.72,
    "round_5": 44.55,
    "round_6": 45.49
  }
}