{
  "process_start_time": 1767685544.6358595,
  "process_end_time": 1767685849.486632,
  "total_elapsed_time_seconds": 304.85,
  "rounds_time_stats": {
    "round_1": 43.51,
    "round_2": 64.2,
    "round_3": 45.38,
    "round_4": 48.26,
    "round_5": 60.37,
    "round_6": 43.14
  }
}