{
  "process_start_time": 1767886690.1555083,
  "process_end_time": 1767886814.220939,
  "total_elapsed_time_seconds": 124.07,
  "rounds_time_stats": {
    "round_1": 25.97,
    "round_2": 33.16,
    "round_3": 29.58,
    "round_4": 35.34
  }
}