{
  "process_start_time": 1767883787.5949001,
  "process_end_time": 1767883808.0011258,
  "total_elapsed_time_seconds": 20.41,
  "rounds_time_stats": {
    "round_1": 20.22,
    "round_2": 0.18
  }
}