{
  "process_start_time": 1767883644.2824838,
  "process_end_time": 1767883689.7940915,
  "total_elapsed_time_seconds": 45.51,
  "rounds_time_stats": {
    "round_1": 45.48
  }
}