{
  "process_start_time": 1767889278.2603416,
  "process_end_time": 1767889354.5515587,
  "total_elapsed_time_seconds": 76.29,
  "rounds_time_stats": {
    "round_1": 30.6,
    "round_2": 20.74,
    "round_3": 24.95
  }
}