{
  "process_start_time": 1767885450.6725855,
  "process_end_time": 1767885590.7206354,
  "total_elapsed_time_seconds": 140.05,
  "rounds_time_stats": {
    "round_1": 25.87,
    "round_2": 21.74,
    "round_3": 22.82,
    "round_4": 23.69,
    "round_5": 18.43,
    "round_6": 27.49
  }
}