{
  "process_start_time": 1767887959.1000226,
  "process_end_time": 1767888022.8658953,
  "total_elapsed_time_seconds": 63.77,
  "rounds_time_stats": {
    "round_1": 11.16,
    "round_2": 17.94,
    "round_3": 16.24,
    "round_4": 18.41
  }
}