{
  "process_start_time": 1768748557.7993274,
  "process_end_time": 1768748695.5456953,
  "total_elapsed_time_seconds": 137.75,
  "rounds_time_stats": {
    "round_1": 32.72,
    "round_2": 25.34,
    "round_3": 24.15,
    "round_4": 19.35,
    "round_5": 19.71,
    "round_6": 16.46
  }
}