{
  "process_start_time": 1768551583.3909984,
  "process_end_time": 1768551751.9313698,
  "total_elapsed_time_seconds": 168.54,
  "rounds_time_stats": {
    "round_1": 24.8,
    "round_2": 33.47,
    "round_3": 27.82,
    "round_4": 29.2,
    "round_5": 27.62,
    "round_6": 25.62
  }
}