{
  "process_start_time": 1767886256.8447256,
  "process_end_time": 1767886281.4308176,
  "total_elapsed_time_seconds": 24.59,
  "rounds_time_stats": {
    "round_1": 24.58
  }
}