{
  "process_start_time": 1767686727.6047761,
  "process_end_time": 1767686815.8945317,
  "total_elapsed_time_seconds": 88.29,
  "rounds_time_stats": {
    "round_1": 88.27
  }
}