{
  "process_start_time": 1767888625.6489532,
  "process_end_time": 1767888731.490812,
  "total_elapsed_time_seconds": 105.84,
  "rounds_time_stats": {
    "round_1": 14.05,
    "round_2": 18.55,
    "round_3": 20.36,
    "round_4": 16.58,
    "round_5": 17.98,
    "round_6": 18.31
  }
}