{
  "process_start_time": 1767887652.8178573,
  "process_end_time": 1767887679.4300718,
  "total_elapsed_time_seconds": 26.61,
  "rounds_time_stats": {
    "round_1": 26.6
  }
}