{
  "process_start_time": 1767887742.4871628,
  "process_end_time": 1767887919.6843963,
  "total_elapsed_time_seconds": 177.2,
  "rounds_time_stats": {
    "round_1": 13.51,
    "round_2": 33.07,
    "round_3": 17.98,
    "round_4": 33.31,
    "round_5": 42.58,
    "round_6": 36.75
  }
}