{
  "process_start_time": 1767886440.991213,
  "process_end_time": 1767886578.040129,
  "total_elapsed_time_seconds": 137.05,
  "rounds_time_stats": {
    "round_1": 23.76,
    "round_2": 21.72,
    "round_3": 19.58,
    "round_4": 25.19,
    "round_5": 22.77,
    "round_6": 24.04
  }
}