{
  "process_start_time": 1767885299.747525,
  "process_end_time": 1767885317.5341477,
  "total_elapsed_time_seconds": 17.79,
  "rounds_time_stats": {
    "round_1": 17.78
  }
}