{
  "process_start_time": 1767885548.6519215,
  "process_end_time": 1767885671.4133546,
  "total_elapsed_time_seconds": 122.76,
  "rounds_time_stats": {
    "round_1": 30.3,
    "round_2": 41.87,
    "round_3": 24.84,
    "round_4": 25.74
  }
}