{
  "process_start_time": 1768552353.7055666,
  "process_end_time": 1768552741.0844083,
  "total_elapsed_time_seconds": 387.38,
  "rounds_time_stats": {
    "round_1": 34.29,
    "round_2": 162.3,
    "round_3": 63.82,
    "round_4": 30.69,
    "round_5": 68.31,
    "round_6": 27.97
  }
}