{
  "process_start_time": 1767890769.18659,
  "process_end_time": 1767890791.3326132,
  "total_elapsed_time_seconds": 22.15,
  "rounds_time_stats": {
    "round_1": 22.14
  }
}