{
  "process_start_time": 1767889982.8866372,
  "process_end_time": 1767889995.2694056,
  "total_elapsed_time_seconds": 12.38,
  "rounds_time_stats": {
    "round_1": 12.38
  }
}