{
  "process_start_time": 1767690356.7731435,
  "process_end_time": 1767690594.3067856,
  "total_elapsed_time_seconds": 237.53,
  "rounds_time_stats": {
    "round_1": 48.58,
    "round_2": 48.41,
    "round_3": 45.87,
    "round_4": 39.79,
    "round_5": 30.79,
    "round_6": 24.09
  }
}