{
  "process_start_time": 1767888238.360322,
  "process_end_time": 1767888251.6382854,
  "total_elapsed_time_seconds": 13.28,
  "rounds_time_stats": {
    "round_1": 13.27
  }
}