{
  "process_start_time": 1767687979.9705966,
  "process_end_time": 1767688262.9001596,
  "total_elapsed_time_seconds": 282.93,
  "rounds_time_stats": {
    "round_1": 45.63,
    "round_2": 48.0,
    "round_3": 47.97,
    "round_4": 48.25,
    "round_5": 50.13,
    "round_6": 42.94
  }
}