{
  "process_start_time": 1767886081.6675956,
  "process_end_time": 1767886116.8626473,
  "total_elapsed_time_seconds": 35.2,
  "rounds_time_stats": {
    "round_1": 35.17
  }
}