{
  "process_start_time": 1767884376.3439007,
  "process_end_time": 1767884398.403984,
  "total_elapsed_time_seconds": 22.06,
  "rounds_time_stats": {
    "round_1": 22.06
  }
}