{
  "process_start_time": 1767885097.4679987,
  "process_end_time": 1767885129.6413603,
  "total_elapsed_time_seconds": 32.17,
  "rounds_time_stats": {
    "round_1": 32.17
  }
}