{
  "process_start_time": 1767888980.6417687,
  "process_end_time": 1767889104.2869995,
  "total_elapsed_time_seconds": 123.65,
  "rounds_time_stats": {
    "round_1": 13.15,
    "round_2": 22.52,
    "round_3": 16.77,
    "round_4": 23.91,
    "round_5": 23.84,
    "round_6": 23.45
  }
}