{
  "process_start_time": 1767888830.582777,
  "process_end_time": 1767888850.9500809,
  "total_elapsed_time_seconds": 20.37,
  "rounds_time_stats": {
    "round_1": 20.36
  }
}