{
  "process_start_time": 1767681193.5146608,
  "process_end_time": 1767681466.5908177,
  "total_elapsed_time_seconds": 273.08,
  "rounds_time_stats": {
    "round_1": 36.53,
    "round_2": 44.92,
    "round_3": 50.36,
    "round_4": 42.44,
    "round_5": 50.19,
    "round_6": 48.64
  }
}