{
  "process_start_time": 1768114706.37542,
  "process_end_time": 1768114993.7201872,
  "total_elapsed_time_seconds": 287.34,
  "rounds_time_stats": {
    "round_1": 57.93,
    "round_2": 37.91,
    "round_3": 43.69,
    "round_4": 50.49,
    "round_5": 62.66,
    "round_6": 34.66
  }
}