{
  "process_start_time": 1767684699.17303,
  "process_end_time": 1767684960.0846274,
  "total_elapsed_time_seconds": 260.91,
  "rounds_time_stats": {
    "round_1": 37.41,
    "round_2": 45.22,
    "round_3": 36.51,
    "round_4": 48.03,
    "round_5": 48.07,
    "round_6": 45.67
  }
}