{
  "process_start_time": 1768115897.6565576,
  "process_end_time": 1768116184.4581635,
  "total_elapsed_time_seconds": 286.8,
  "rounds_time_stats": {
    "round_1": 64.44,
    "round_2": 48.84,
    "round_3": 33.93,
    "round_4": 47.68,
    "round_5": 46.7,
    "round_6": 45.2
  }
}