{
  "process_start_time": 1767884877.980001,
  "process_end_time": 1767885040.0507312,
  "total_elapsed_time_seconds": 162.07,
  "rounds_time_stats": {
    "round_1": 29.87,
    "round_2": 132.19
  }
}