{
  "process_start_time": 1767689914.3352795,
  "process_end_time": 1767690201.7689624,
  "total_elapsed_time_seconds": 287.43,
  "rounds_time_stats": {
    "round_1": 60.41,
    "round_2": 46.81,
    "round_3": 45.11,
    "round_4": 47.75,
    "round_5": 42.57,
    "round_6": 44.79
  }
}