{
  "process_start_time": 1767976849.0196218,
  "process_end_time": 1767977044.0617785,
  "total_elapsed_time_seconds": 195.04,
  "rounds_time_stats": {
    "round_1": 31.98,
    "round_2": 31.04,
    "round_3": 37.74,
    "round_4": 31.29,
    "round_5": 33.48,
    "round_6": 29.51
  }
}