{
  "process_start_time": 1767976537.5766973,
  "process_end_time": 1767976688.6989756,
  "total_elapsed_time_seconds": 151.12,
  "rounds_time_stats": {
    "round_1": 30.88,
    "round_2": 27.1,
    "round_3": 24.86,
    "round_4": 21.13,
    "round_5": 19.3,
    "round_6": 27.85
  }
}