{
  "process_start_time": 1767890633.805064,
  "process_end_time": 1767890792.5819461,
  "total_elapsed_time_seconds": 158.78,
  "rounds_time_stats": {
    "round_1": 23.58,
    "round_2": 25.45,
    "round_3": 22.31,
    "round_4": 42.68,
    "round_5": 44.75
  }
}