{
  "process_start_time": 1767664926.1100075,
  "process_end_time": 1767665217.205068,
  "total_elapsed_time_seconds": 291.1,
  "rounds_time_stats": {
    "round_1": 42.09,
    "round_2": 44.66,
    "round_3": 62.42,
    "round_4": 46.93,
    "round_5": 49.02,
    "round_6": 45.97
  }
}