{
  "process_start_time": 1767890876.5276325,
  "process_end_time": 1767890923.8840272,
  "total_elapsed_time_seconds": 47.36,
  "rounds_time_stats": {
    "round_1": 47.31
  }
}