{
  "process_start_time": 1767676647.480161,
  "process_end_time": 1767676920.6297112,
  "total_elapsed_time_seconds": 273.15,
  "rounds_time_stats": {
    "round_1": 39.97,
    "round_2": 36.17,
    "round_3": 44.38,
    "round_4": 44.9,
    "round_5": 45.11,
    "round_6": 62.61
  }
}