{
  "process_start_time": 1767886001.550266,
  "process_end_time": 1767886080.1837318,
  "total_elapsed_time_seconds": 78.63,
  "rounds_time_stats": {
    "round_1": 26.27,
    "round_2": 52.36
  }
}