{
  "process_start_time": 1767886144.9816287,
  "process_end_time": 1767886188.7887683,
  "total_elapsed_time_seconds": 43.81,
  "rounds_time_stats": {
    "round_1": 15.59,
    "round_2": 28.21
  }
}