{
  "process_start_time": 1767883561.4130468,
  "process_end_time": 1767883671.0758529,
  "total_elapsed_time_seconds": 109.66,
  "rounds_time_stats": {
    "round_1": 17.71,
    "round_2": 20.22,
    "round_3": 17.07,
    "round_4": 21.77,
    "round_5": 19.04,
    "round_6": 13.86
  }
}