{
  "process_start_time": 1767687357.5143821,
  "process_end_time": 1767687650.6616929,
  "total_elapsed_time_seconds": 293.15,
  "rounds_time_stats": {
    "round_1": 45.91,
    "round_2": 49.91,
    "round_3": 64.73,
    "round_4": 44.93,
    "round_5": 45.75,
    "round_6": 41.92
  }
}