{
  "process_start_time": 1767665200.8175418,
  "process_end_time": 1767665461.5103006,
  "total_elapsed_time_seconds": 260.69,
  "rounds_time_stats": {
    "round_1": 45.88,
    "round_2": 46.71,
    "round_3": 49.88,
    "round_4": 40.45,
    "round_5": 36.48,
    "round_6": 41.3
  }
}