{
  "process_start_time": 1767976690.26007,
  "process_end_time": 1767976870.9737494,
  "total_elapsed_time_seconds": 180.71,
  "rounds_time_stats": {
    "round_1": 23.0,
    "round_2": 30.44,
    "round_3": 33.9,
    "round_4": 29.06,
    "round_5": 31.45,
    "round_6": 32.87
  }
}