{
  "process_start_time": 1767890765.296696,
  "process_end_time": 1767890786.8122694,
  "total_elapsed_time_seconds": 21.52,
  "rounds_time_stats": {
    "round_1": 21.51
  }
}