{
  "process_start_time": 1767889962.8003745,
  "process_end_time": 1767889978.5589414,
  "total_elapsed_time_seconds": 15.76,
  "rounds_time_stats": {
    "round_1": 15.76
  }
}