{
  "process_start_time": 1768550776.9527361,
  "process_end_time": 1768551037.391433,
  "total_elapsed_time_seconds": 260.44,
  "rounds_time_stats": {
    "round_1": 36.35,
    "round_2": 49.77,
    "round_3": 44.52,
    "round_4": 41.33,
    "round_5": 45.67,
    "round_6": 42.79
  }
}