{
  "process_start_time": 1767884123.7444484,
  "process_end_time": 1767884301.3844361,
  "total_elapsed_time_seconds": 177.64,
  "rounds_time_stats": {
    "round_1": 35.74,
    "round_2": 27.2,
    "round_3": 22.0,
    "round_4": 24.69,
    "round_5": 34.39,
    "round_6": 33.61
  }
}