{
  "process_start_time": 1767884141.2903347,
  "process_end_time": 1767884161.1393814,
  "total_elapsed_time_seconds": 19.85,
  "rounds_time_stats": {
    "round_1": 19.85
  }
}