{
  "process_start_time": 1767890815.2561858,
  "process_end_time": 1767890975.245262,
  "total_elapsed_time_seconds": 159.99,
  "rounds_time_stats": {
    "round_1": 15.59,
    "round_2": 34.49,
    "round_3": 30.76,
    "round_4": 32.91,
    "round_5": 20.65,
    "round_6": 25.58
  }
}