{
  "process_start_time": 1767886686.443735,
  "process_end_time": 1767886728.198367,
  "total_elapsed_time_seconds": 41.75,
  "rounds_time_stats": {
    "round_1": 18.15,
    "round_2": 23.6
  }
}