{
  "process_start_time": 1767690142.8523738,
  "process_end_time": 1767690435.446402,
  "total_elapsed_time_seconds": 292.59,
  "rounds_time_stats": {
    "round_1": 42.24,
    "round_2": 48.9,
    "round_3": 58.54,
    "round_4": 46.22,
    "round_5": 48.95,
    "round_6": 47.74
  }
}