{
  "process_start_time": 1767888179.7415361,
  "process_end_time": 1767888199.4777381,
  "total_elapsed_time_seconds": 19.74,
  "rounds_time_stats": {
    "round_1": 19.73
  }
}