{
  "process_start_time": 1767888630.2261071,
  "process_end_time": 1767888714.3031104,
  "total_elapsed_time_seconds": 84.08,
  "rounds_time_stats": {
    "round_1": 10.77,
    "round_2": 16.15,
    "round_3": 12.89,
    "round_4": 15.93,
    "round_5": 13.75,
    "round_6": 14.58
  }
}