{
  "process_start_time": 1767681080.185462,
  "process_end_time": 1767681341.7826135,
  "total_elapsed_time_seconds": 261.6,
  "rounds_time_stats": {
    "round_1": 35.18,
    "round_2": 47.89,
    "round_3": 44.73,
    "round_4": 43.41,
    "round_5": 44.01,
    "round_6": 46.38
  }
}