{
  "process_start_time": 1767888614.8763428,
  "process_end_time": 1767888648.1813407,
  "total_elapsed_time_seconds": 33.3,
  "rounds_time_stats": {
    "round_1": 17.51,
    "round_2": 15.79
  }
}