{
  "process_start_time": 1767888981.8525562,
  "process_end_time": 1767889186.3915372,
  "total_elapsed_time_seconds": 204.54,
  "rounds_time_stats": {
    "round_1": 32.98,
    "round_2": 27.88,
    "round_3": 26.55,
    "round_4": 31.12,
    "round_5": 34.98,
    "round_6": 51.04
  }
}