{
  "process_start_time": 1767688789.7682638,
  "process_end_time": 1767689101.052738,
  "total_elapsed_time_seconds": 311.28,
  "rounds_time_stats": {
    "round_1": 76.2,
    "round_2": 46.53,
    "round_3": 45.87,
    "round_4": 50.3,
    "round_5": 48.32,
    "round_6": 44.07
  }
}