{
  "process_start_time": 1767976996.2095191,
  "process_end_time": 1767977174.054969,
  "total_elapsed_time_seconds": 177.85,
  "rounds_time_stats": {
    "round_1": 26.35,
    "round_2": 31.87,
    "round_3": 26.38,
    "round_4": 27.42,
    "round_5": 28.0,
    "round_6": 37.83
  }
}