{
  "process_start_time": 1767884498.2419121,
  "process_end_time": 1767884543.1815152,
  "total_elapsed_time_seconds": 44.94,
  "rounds_time_stats": {
    "round_1": 44.92
  }
}