{
  "process_start_time": 1767884417.5711367,
  "process_end_time": 1767884463.8174267,
  "total_elapsed_time_seconds": 46.25,
  "rounds_time_stats": {
    "round_1": 22.28,
    "round_2": 23.96
  }
}