{
  "process_start_time": 1767683764.773472,
  "process_end_time": 1767684021.7179232,
  "total_elapsed_time_seconds": 256.94,
  "rounds_time_stats": {
    "round_1": 40.41,
    "round_2": 32.77,
    "round_3": 43.86,
    "round_4": 46.25,
    "round_5": 47.15,
    "round_6": 46.49
  }
}