{
  "process_start_time": 1767886267.797451,
  "process_end_time": 1767886287.5190065,
  "total_elapsed_time_seconds": 19.72,
  "rounds_time_stats": {
    "round_1": 19.72
  }
}