{
  "process_start_time": 1767675475.974401,
  "process_end_time": 1767675749.0801897,
  "total_elapsed_time_seconds": 273.11,
  "rounds_time_stats": {
    "round_1": 70.82,
    "round_2": 38.69,
    "round_3": 40.01,
    "round_4": 41.51,
    "round_5": 40.14,
    "round_6": 41.91
  }
}