{
  "process_start_time": 1767886228.175584,
  "process_end_time": 1767886260.6327045,
  "total_elapsed_time_seconds": 32.46,
  "rounds_time_stats": {
    "round_1": 32.45
  }
}