{
  "process_start_time": 1767888266.088661,
  "process_end_time": 1767888470.4770248,
  "total_elapsed_time_seconds": 204.39,
  "rounds_time_stats": {
    "round_1": 31.53,
    "round_2": 37.34,
    "round_3": 58.83,
    "round_4": 21.73,
    "round_5": 25.93,
    "round_6": 29.03
  }
}