{
  "process_start_time": 1767889640.7733622,
  "process_end_time": 1767889650.8372827,
  "total_elapsed_time_seconds": 10.06,
  "rounds_time_stats": {
    "round_1": 10.06
  }
}