{
  "process_start_time": 1767975136.257926,
  "process_end_time": 1767975351.787293,
  "total_elapsed_time_seconds": 215.53,
  "rounds_time_stats": {
    "round_1": 26.47,
    "round_2": 39.58,
    "round_3": 36.59,
    "round_4": 35.83,
    "round_5": 39.01,
    "round_6": 38.05
  }
}