{
  "process_start_time": 1768556978.4350357,
  "process_end_time": 1768557127.5670304,
  "total_elapsed_time_seconds": 149.13,
  "rounds_time_stats": {
    "round_1": 29.43,
    "round_2": 23.02,
    "round_3": 22.17,
    "round_4": 25.0,
    "round_5": 23.93,
    "round_6": 25.58
  }
}