{
  "process_start_time": 1767888846.9856215,
  "process_end_time": 1767888855.792007,
  "total_elapsed_time_seconds": 8.81,
  "rounds_time_stats": {
    "round_1": 8.8
  }
}