{
  "process_start_time": 1767976114.6256373,
  "process_end_time": 1767976291.672794,
  "total_elapsed_time_seconds": 177.05,
  "rounds_time_stats": {
    "round_1": 30.94,
    "round_2": 31.44,
    "round_3": 31.27,
    "round_4": 30.93,
    "round_5": 29.48,
    "round_6": 22.98
  }
}