{
  "process_start_time": 1767885591.5684862,
  "process_end_time": 1767885617.972292,
  "total_elapsed_time_seconds": 26.4,
  "rounds_time_stats": {
    "round_1": 26.4
  }
}