{
  "process_start_time": 1767890409.1950629,
  "process_end_time": 1767890470.2831776,
  "total_elapsed_time_seconds": 61.09,
  "rounds_time_stats": {
    "round_1": 29.83,
    "round_2": 31.25
  }
}