{
  "process_start_time": 1767884556.3629165,
  "process_end_time": 1767884586.4163423,
  "total_elapsed_time_seconds": 30.05,
  "rounds_time_stats": {
    "round_1": 30.05
  }
}