{
  "process_start_time": 1767678370.7041032,
  "process_end_time": 1767678657.2263434,
  "total_elapsed_time_seconds": 286.52,
  "rounds_time_stats": {
    "round_1": 38.3,
    "round_2": 48.93,
    "round_3": 45.28,
    "round_4": 58.84,
    "round_5": 47.91,
    "round_6": 47.27
  }
}