{
  "process_start_time": 1767678985.8852267,
  "process_end_time": 1767679249.8368223,
  "total_elapsed_time_seconds": 263.95,
  "rounds_time_stats": {
    "round_1": 37.45,
    "round_2": 37.54,
    "round_3": 44.14,
    "round_4": 49.19,
    "round_5": 53.7,
    "round_6": 41.94
  }
}