{
  "process_start_time": 1767676374.0598667,
  "process_end_time": 1767676647.905979,
  "total_elapsed_time_seconds": 273.85,
  "rounds_time_stats": {
    "round_1": 45.56,
    "round_2": 47.71,
    "round_3": 44.89,
    "round_4": 48.17,
    "round_5": 42.78,
    "round_6": 44.73
  }
}