{
  "process_start_time": 1767680351.0349503,
  "process_end_time": 1767680639.9884953,
  "total_elapsed_time_seconds": 288.95,
  "rounds_time_stats": {
    "round_1": 38.96,
    "round_2": 40.5,
    "round_3": 52.73,
    "round_4": 45.58,
    "round_5": 65.71,
    "round_6": 45.47
  }
}