{
  "process_start_time": 1767885960.0656495,
  "process_end_time": 1767885975.0844147,
  "total_elapsed_time_seconds": 15.02,
  "rounds_time_stats": {
    "round_1": 15.02
  }
}