{
  "process_start_time": 1767682370.3198888,
  "process_end_time": 1767682667.8325064,
  "total_elapsed_time_seconds": 297.51,
  "rounds_time_stats": {
    "round_1": 63.27,
    "round_2": 48.52,
    "round_3": 51.59,
    "round_4": 39.55,
    "round_5": 52.04,
    "round_6": 42.54
  }
}