{
  "process_start_time": 1767886919.4026268,
  "process_end_time": 1767886950.5605989,
  "total_elapsed_time_seconds": 31.16,
  "rounds_time_stats": {
    "round_1": 12.03,
    "round_2": 18.91,
    "round_3": 0.22
  }
}