{
  "process_start_time": 1767890478.3325565,
  "process_end_time": 1767890508.0404153,
  "total_elapsed_time_seconds": 29.71,
  "rounds_time_stats": {
    "round_1": 29.7
  }
}