{
  "process_start_time": 1767884912.7171025,
  "process_end_time": 1767885081.5276542,
  "total_elapsed_time_seconds": 168.81,
  "rounds_time_stats": {
    "round_1": 145.73,
    "round_2": 23.08
  }
}