{
  "process_start_time": 1768551963.8712714,
  "process_end_time": 1768552116.591955,
  "total_elapsed_time_seconds": 152.72,
  "rounds_time_stats": {
    "round_1": 27.81,
    "round_2": 24.77,
    "round_3": 17.84,
    "round_4": 27.52,
    "round_5": 28.7,
    "round_6": 26.08
  }
}