{
  "process_start_time": 1767684690.6412475,
  "process_end_time": 1767684909.775296,
  "total_elapsed_time_seconds": 219.13,
  "rounds_time_stats": {
    "round_1": 44.02,
    "round_2": 31.66,
    "round_3": 34.17,
    "round_4": 28.91,
    "round_5": 36.83,
    "round_6": 43.54
  }
}