{
  "process_start_time": 1767884467.5493774,
  "process_end_time": 1767884575.2305646,
  "total_elapsed_time_seconds": 107.68,
  "rounds_time_stats": {
    "round_1": 11.1,
    "round_2": 12.3,
    "round_3": 21.08,
    "round_4": 25.54,
    "round_5": 26.0,
    "round_6": 11.65
  }
}