{
  "process_start_time": 1768556401.5384614,
  "process_end_time": 1768556568.220555,
  "total_elapsed_time_seconds": 166.68,
  "rounds_time_stats": {
    "round_1": 29.36,
    "round_2": 28.57,
    "round_3": 29.16,
    "round_4": 27.41,
    "round_5": 30.68,
    "round_6": 21.51
  }
}