{
  "process_start_time": 1767890238.9261315,
  "process_end_time": 1767890256.3716142,
  "total_elapsed_time_seconds": 17.45,
  "rounds_time_stats": {
    "round_1": 17.44
  }
}