{
  "process_start_time": 1768556645.5048785,
  "process_end_time": 1768556809.1010902,
  "total_elapsed_time_seconds": 163.6,
  "rounds_time_stats": {
    "round_1": 31.47,
    "round_2": 30.13,
    "round_3": 25.9,
    "round_4": 32.28,
    "round_5": 24.3,
    "round_6": 19.51
  }
}