{
  "process_start_time": 1767887861.9680903,
  "process_end_time": 1767887877.8179827,
  "total_elapsed_time_seconds": 15.85,
  "rounds_time_stats": {
    "round_1": 15.85
  }
}