{
  "process_start_time": 1767889784.0827792,
  "process_end_time": 1767889901.0748377,
  "total_elapsed_time_seconds": 116.99,
  "rounds_time_stats": {
    "round_1": 20.17,
    "round_2": 28.37,
    "round_3": 32.51,
    "round_4": 35.94
  }
}