{
  "process_start_time": 1767887856.0835946,
  "process_end_time": 1767887876.1879933,
  "total_elapsed_time_seconds": 20.1,
  "rounds_time_stats": {
    "round_1": 20.1
  }
}