{
  "process_start_time": 1767886452.3156538,
  "process_end_time": 1767886594.1469738,
  "total_elapsed_time_seconds": 141.83,
  "rounds_time_stats": {
    "round_1": 17.09,
    "round_2": 17.67,
    "round_3": 24.13,
    "round_4": 26.84,
    "round_5": 28.28,
    "round_6": 27.83
  }
}