{
  "process_start_time": 1767888402.0555859,
  "process_end_time": 1767888419.0249784,
  "total_elapsed_time_seconds": 16.97,
  "rounds_time_stats": {
    "round_1": 16.97
  }
}