{
  "process_start_time": 1767884133.589324,
  "process_end_time": 1767884156.9493027,
  "total_elapsed_time_seconds": 23.36,
  "rounds_time_stats": {
    "round_1": 23.35
  }
}