{
  "process_start_time": 1767889244.318998,
  "process_end_time": 1767889321.2434742,
  "total_elapsed_time_seconds": 76.92,
  "rounds_time_stats": {
    "round_1": 10.16,
    "round_2": 11.98,
    "round_3": 14.62,
    "round_4": 15.11,
    "round_5": 13.33,
    "round_6": 11.72
  }
}