{
  "process_start_time": 1767680250.5576603,
  "process_end_time": 1767680528.6596882,
  "total_elapsed_time_seconds": 278.1,
  "rounds_time_stats": {
    "round_1": 42.67,
    "round_2": 42.38,
    "round_3": 46.82,
    "round_4": 41.8,
    "round_5": 58.36,
    "round_6": 46.07
  }
}