{
  "process_start_time": 1767886344.0651796,
  "process_end_time": 1767886380.7385275,
  "total_elapsed_time_seconds": 36.67,
  "rounds_time_stats": {
    "round_1": 36.67
  }
}