{
  "process_start_time": 1767689181.3063827,
  "process_end_time": 1767689465.1232762,
  "total_elapsed_time_seconds": 283.82,
  "rounds_time_stats": {
    "round_1": 46.18,
    "round_2": 46.97,
    "round_3": 45.21,
    "round_4": 49.16,
    "round_5": 48.93,
    "round_6": 47.37
  }
}