{
  "process_start_time": 1767888332.351396,
  "process_end_time": 1767888482.000514,
  "total_elapsed_time_seconds": 149.65,
  "rounds_time_stats": {
    "round_1": 26.4,
    "round_2": 22.33,
    "round_3": 21.76,
    "round_4": 25.81,
    "round_5": 28.58,
    "round_6": 24.76
  }
}