{
  "process_start_time": 1767664926.1113117,
  "process_end_time": 1767665152.7819521,
  "total_elapsed_time_seconds": 226.67,
  "rounds_time_stats": {
    "round_1": 40.42,
    "round_2": 29.08,
    "round_3": 43.34,
    "round_4": 35.86,
    "round_5": 46.84,
    "round_6": 31.12
  }
}