{
  "process_start_time": 1767883506.4230075,
  "process_end_time": 1767883576.6686316,
  "total_elapsed_time_seconds": 70.25,
  "rounds_time_stats": {
    "round_1": 70.21
  }
}