{
  "process_start_time": 1767888376.982871,
  "process_end_time": 1767888387.5211928,
  "total_elapsed_time_seconds": 10.54,
  "rounds_time_stats": {
    "round_1": 10.54
  }
}