{
  "process_start_time": 1767885625.902602,
  "process_end_time": 1767885645.5285404,
  "total_elapsed_time_seconds": 19.63,
  "rounds_time_stats": {
    "round_1": 19.62
  }
}