{
  "process_start_time": 1767888697.6235664,
  "process_end_time": 1767888708.137194,
  "total_elapsed_time_seconds": 10.51,
  "rounds_time_stats": {
    "round_1": 10.51
  }
}