{
  "process_start_time": 1768551037.0455499,
  "process_end_time": 1768551238.6499138,
  "total_elapsed_time_seconds": 201.6,
  "rounds_time_stats": {
    "round_1": 43.27,
    "round_2": 41.95,
    "round_3": 33.23,
    "round_4": 27.62,
    "round_5": 30.02,
    "round_6": 25.51
  }
}