{
  "process_start_time": 1767679533.0927722,
  "process_end_time": 1767679857.1213222,
  "total_elapsed_time_seconds": 324.03,
  "rounds_time_stats": {
    "round_1": 74.75,
    "round_2": 59.53,
    "round_3": 33.35,
    "round_4": 73.41,
    "round_5": 39.11,
    "round_6": 43.89
  }
}