{
  "process_start_time": 1767976960.8122463,
  "process_end_time": 1767977108.76868,
  "total_elapsed_time_seconds": 147.96,
  "rounds_time_stats": {
    "round_1": 22.62,
    "round_2": 26.49,
    "round_3": 19.15,
    "round_4": 29.05,
    "round_5": 25.53,
    "round_6": 25.12
  }
}