{
  "process_start_time": 1767689054.370027,
  "process_end_time": 1767689333.7247775,
  "total_elapsed_time_seconds": 279.35,
  "rounds_time_stats": {
    "round_1": 41.15,
    "round_2": 55.59,
    "round_3": 46.24,
    "round_4": 43.54,
    "round_5": 48.93,
    "round_6": 43.9
  }
}