{
  "process_start_time": 1768117541.7597854,
  "process_end_time": 1768117852.018633,
  "total_elapsed_time_seconds": 310.26,
  "rounds_time_stats": {
    "round_1": 50.98,
    "round_2": 57.99,
    "round_3": 46.43,
    "round_4": 48.9,
    "round_5": 49.94,
    "round_6": 56.01
  }
}