{
  "process_start_time": 1767680622.197238,
  "process_end_time": 1767680899.6255646,
  "total_elapsed_time_seconds": 277.43,
  "rounds_time_stats": {
    "round_1": 33.53,
    "round_2": 41.76,
    "round_3": 47.06,
    "round_4": 31.05,
    "round_5": 59.74,
    "round_6": 64.28
  }
}