{
  "process_start_time": 1767885279.7321587,
  "process_end_time": 1767885318.583583,
  "total_elapsed_time_seconds": 38.85,
  "rounds_time_stats": {
    "round_1": 19.24,
    "round_2": 19.61
  }
}