{
  "process_start_time": 1767978950.6097765,
  "process_end_time": 1767979110.9943366,
  "total_elapsed_time_seconds": 160.38,
  "rounds_time_stats": {
    "round_1": 25.42,
    "round_2": 25.62,
    "round_3": 24.43,
    "round_4": 24.51,
    "round_5": 35.01,
    "round_6": 25.38
  }
}