{
  "process_start_time": 1767678073.9484804,
  "process_end_time": 1767678387.3747938,
  "total_elapsed_time_seconds": 313.43,
  "rounds_time_stats": {
    "round_1": 82.53,
    "round_2": 47.81,
    "round_3": 45.36,
    "round_4": 42.08,
    "round_5": 47.27,
    "round_6": 48.37
  }
}