{
  "process_start_time": 1768116614.9505608,
  "process_end_time": 1768116875.7409468,
  "total_elapsed_time_seconds": 260.79,
  "rounds_time_stats": {
    "round_1": 44.75,
    "round_2": 41.3,
    "round_3": 44.87,
    "round_4": 42.64,
    "round_5": 43.64,
    "round_6": 43.6
  }
}