{
  "process_start_time": 1768748393.560653,
  "process_end_time": 1768748601.145192,
  "total_elapsed_time_seconds": 207.58,
  "rounds_time_stats": {
    "round_1": 36.96,
    "round_2": 40.31,
    "round_3": 32.47,
    "round_4": 32.28,
    "round_5": 34.14,
    "round_6": 31.42
  }
}