{
  "process_start_time": 1767689775.8238964,
  "process_end_time": 1767690053.1213768,
  "total_elapsed_time_seconds": 277.3,
  "rounds_time_stats": {
    "round_1": 43.24,
    "round_2": 45.49,
    "round_3": 52.07,
    "round_4": 46.6,
    "round_5": 43.05,
    "round_6": 46.84
  }
}