{
  "process_start_time": 1767887876.1890745,
  "process_end_time": 1767887910.8166249,
  "total_elapsed_time_seconds": 34.63,
  "rounds_time_stats": {
    "round_1": 21.17,
    "round_2": 13.45
  }
}