{
  "process_start_time": 1767685835.6765249,
  "process_end_time": 1767686053.2370887,
  "total_elapsed_time_seconds": 217.56,
  "rounds_time_stats": {
    "round_1": 42.11,
    "round_2": 42.54,
    "round_3": 41.34,
    "round_4": 36.72,
    "round_5": 32.3,
    "round_6": 22.55
  }
}