{
  "process_start_time": 1767889979.2449062,
  "process_end_time": 1767890021.828121,
  "total_elapsed_time_seconds": 42.58,
  "rounds_time_stats": {
    "round_1": 20.85,
    "round_2": 21.72
  }
}