{
  "process_start_time": 1767882929.926205,
  "process_end_time": 1767882950.8630154,
  "total_elapsed_time_seconds": 20.94,
  "rounds_time_stats": {
    "round_1": 20.93
  }
}