{
  "process_start_time": 1767683037.9963093,
  "process_end_time": 1767683328.7645051,
  "total_elapsed_time_seconds": 290.77,
  "rounds_time_stats": {
    "round_1": 42.45,
    "round_2": 49.81,
    "round_3": 57.75,
    "round_4": 49.36,
    "round_5": 47.97,
    "round_6": 43.43
  }
}