{
  "process_start_time": 1767682370.3210757,
  "process_end_time": 1767682671.7192583,
  "total_elapsed_time_seconds": 301.4,
  "rounds_time_stats": {
    "round_1": 85.33,
    "round_2": 41.28,
    "round_3": 35.64,
    "round_4": 43.01,
    "round_5": 49.16,
    "round_6": 46.95
  }
}