{
  "process_start_time": 1767685317.8865664,
  "process_end_time": 1767685544.6348834,
  "total_elapsed_time_seconds": 226.75,
  "rounds_time_stats": {
    "round_1": 50.52,
    "round_2": 28.15,
    "round_3": 31.4,
    "round_4": 31.99,
    "round_5": 39.49,
    "round_6": 45.2
  }
}