{
  "process_start_time": 1767886219.1278532,
  "process_end_time": 1767886251.9546533,
  "total_elapsed_time_seconds": 32.83,
  "rounds_time_stats": {
    "round_1": 13.24,
    "round_2": 19.32,
    "round_3": 0.27
  }
}