{
  "process_start_time": 1768109518.9005084,
  "process_end_time": 1768109769.248442,
  "total_elapsed_time_seconds": 250.35,
  "rounds_time_stats": {
    "round_1": 38.68,
    "round_2": 37.43,
    "round_3": 45.57,
    "round_4": 46.97,
    "round_5": 46.3,
    "round_6": 35.4
  }
}