{
  "process_start_time": 1767684267.5649114,
  "process_end_time": 1767684592.6909015,
  "total_elapsed_time_seconds": 325.13,
  "rounds_time_stats": {
    "round_1": 50.42,
    "round_2": 52.23,
    "round_3": 70.5,
    "round_4": 47.41,
    "round_5": 63.21,
    "round_6": 41.35
  }
}