{
  "process_start_time": 1767886778.5312755,
  "process_end_time": 1767886825.3052852,
  "total_elapsed_time_seconds": 46.77,
  "rounds_time_stats": {
    "round_1": 25.4,
    "round_2": 21.37
  }
}