{
  "process_start_time": 1767884216.1035705,
  "process_end_time": 1767884232.1126938,
  "total_elapsed_time_seconds": 16.01,
  "rounds_time_stats": {
    "round_1": 16.01
  }
}