{
  "process_start_time": 1767976166.9877062,
  "process_end_time": 1767976387.7829356,
  "total_elapsed_time_seconds": 220.8,
  "rounds_time_stats": {
    "round_1": 32.31,
    "round_2": 40.97,
    "round_3": 40.45,
    "round_4": 37.37,
    "round_5": 31.71,
    "round_6": 37.98
  }
}