{
  "process_start_time": 1767886398.6204834,
  "process_end_time": 1767886480.9962175,
  "total_elapsed_time_seconds": 82.38,
  "rounds_time_stats": {
    "round_1": 14.37,
    "round_2": 11.67,
    "round_3": 16.16,
    "round_4": 15.54,
    "round_5": 12.9,
    "round_6": 11.74
  }
}