{
  "process_start_time": 1767689627.8726928,
  "process_end_time": 1767689900.3172238,
  "total_elapsed_time_seconds": 272.44,
  "rounds_time_stats": {
    "round_1": 39.68,
    "round_2": 43.97,
    "round_3": 50.45,
    "round_4": 41.43,
    "round_5": 47.14,
    "round_6": 49.78
  }
}