{
  "process_start_time": 1768549937.2142608,
  "process_end_time": 1768550204.8993146,
  "total_elapsed_time_seconds": 267.69,
  "rounds_time_stats": {
    "round_1": 35.6,
    "round_2": 36.05,
    "round_3": 49.08,
    "round_4": 50.14,
    "round_5": 54.35,
    "round_6": 42.46
  }
}