{
  "process_start_time": 1767889588.7761238,
  "process_end_time": 1767889636.253606,
  "total_elapsed_time_seconds": 47.48,
  "rounds_time_stats": {
    "round_1": 6.47,
    "round_2": 8.05,
    "round_3": 7.25,
    "round_4": 10.12,
    "round_5": 8.73,
    "round_6": 6.85
  }
}