{
  "process_start_time": 1767977850.1334624,
  "process_end_time": 1767978026.695909,
  "total_elapsed_time_seconds": 176.56,
  "rounds_time_stats": {
    "round_1": 30.32,
    "round_2": 32.67,
    "round_3": 30.74,
    "round_4": 31.89,
    "round_5": 28.87,
    "round_6": 22.08
  }
}