{
  "process_start_time": 1767976778.347179,
  "process_end_time": 1767976942.3038259,
  "total_elapsed_time_seconds": 163.96,
  "rounds_time_stats": {
    "round_1": 17.07,
    "round_2": 30.71,
    "round_3": 33.93,
    "round_4": 30.71,
    "round_5": 28.14,
    "round_6": 23.4
  }
}