{
  "process_start_time": 1768551894.0636477,
  "process_end_time": 1768552044.2972136,
  "total_elapsed_time_seconds": 150.23,
  "rounds_time_stats": {
    "round_1": 19.61,
    "round_2": 22.34,
    "round_3": 27.62,
    "round_4": 28.01,
    "round_5": 26.31,
    "round_6": 26.35
  }
}