{
  "process_start_time": 1767886156.342429,
  "process_end_time": 1767886261.8035986,
  "total_elapsed_time_seconds": 105.46,
  "rounds_time_stats": {
    "round_1": 17.97,
    "round_2": 24.76,
    "round_3": 29.84,
    "round_4": 32.87
  }
}