{
  "process_start_time": 1767887381.1839669,
  "process_end_time": 1767887408.1122255,
  "total_elapsed_time_seconds": 26.93,
  "rounds_time_stats": {
    "round_1": 26.92
  }
}