{
  "process_start_time": 1767886989.7136204,
  "process_end_time": 1767887100.810738,
  "total_elapsed_time_seconds": 111.1,
  "rounds_time_stats": {
    "round_1": 18.1,
    "round_2": 18.45,
    "round_3": 19.36,
    "round_4": 19.27,
    "round_5": 17.65,
    "round_6": 18.26
  }
}