{
  "process_start_time": 1768552002.8977137,
  "process_end_time": 1768552219.1084538,
  "total_elapsed_time_seconds": 216.21,
  "rounds_time_stats": {
    "round_1": 40.08,
    "round_2": 29.94,
    "round_3": 36.04,
    "round_4": 37.25,
    "round_5": 37.01,
    "round_6": 35.88
  }
}