{
  "process_start_time": 1767886871.3434298,
  "process_end_time": 1767886916.9045887,
  "total_elapsed_time_seconds": 45.56,
  "rounds_time_stats": {
    "round_1": 14.73,
    "round_2": 14.68,
    "round_3": 16.15
  }
}