{
  "process_start_time": 1767970265.8695648,
  "process_end_time": 1767970669.8610115,
  "total_elapsed_time_seconds": 403.99,
  "rounds_time_stats": {
    "round_1": 130.9,
    "round_2": 50.28,
    "round_3": 49.81,
    "round_4": 55.64,
    "round_5": 66.37,
    "round_6": 50.99
  }
}