{
  "process_start_time": 1767886524.8920054,
  "process_end_time": 1767886572.4036515,
  "total_elapsed_time_seconds": 47.51,
  "rounds_time_stats": {
    "round_1": 14.14,
    "round_2": 16.91,
    "round_3": 16.08,
    "round_4": 0.38
  }
}