{
  "process_start_time": 1767685807.6148465,
  "process_end_time": 1767686040.7580385,
  "total_elapsed_time_seconds": 233.14,
  "rounds_time_stats": {
    "round_1": 39.67,
    "round_2": 46.65,
    "round_3": 42.18,
    "round_4": 40.94,
    "round_5": 34.06,
    "round_6": 29.63
  }
}