{
  "process_start_time": 1767975762.4395077,
  "process_end_time": 1767975934.4573143,
  "total_elapsed_time_seconds": 172.02,
  "rounds_time_stats": {
    "round_1": 27.38,
    "round_2": 32.65,
    "round_3": 29.66,
    "round_4": 30.09,
    "round_5": 30.25,
    "round_6": 21.99
  }
}