{
  "process_start_time": 1768552661.5398715,
  "process_end_time": 1768553006.9377484,
  "total_elapsed_time_seconds": 345.4,
  "rounds_time_stats": {
    "round_1": 70.96,
    "round_2": 26.25,
    "round_3": 48.54,
    "round_4": 12.8,
    "round_5": 173.8,
    "round_6": 13.04
  }
}