{
  "process_start_time": 1767890343.798686,
  "process_end_time": 1767890356.7657175,
  "total_elapsed_time_seconds": 12.97,
  "rounds_time_stats": {
    "round_1": 12.96
  }
}