{
  "process_start_time": 1767685198.7470446,
  "process_end_time": 1767685466.8722286,
  "total_elapsed_time_seconds": 268.13,
  "rounds_time_stats": {
    "round_1": 39.78,
    "round_2": 47.43,
    "round_3": 44.82,
    "round_4": 42.97,
    "round_5": 45.45,
    "round_6": 47.67
  }
}