{
  "process_start_time": 1767886214.4752026,
  "process_end_time": 1767886360.6629417,
  "total_elapsed_time_seconds": 146.19,
  "rounds_time_stats": {
    "round_1": 21.73,
    "round_2": 23.75,
    "round_3": 25.46,
    "round_4": 25.11,
    "round_5": 26.26,
    "round_6": 23.88
  }
}