{
  "process_start_time": 1767890549.7372785,
  "process_end_time": 1767890579.336134,
  "total_elapsed_time_seconds": 29.6,
  "rounds_time_stats": {
    "round_1": 29.59
  }
}