{
  "process_start_time": 1767885241.040566,
  "process_end_time": 1767885282.4611135,
  "total_elapsed_time_seconds": 41.42,
  "rounds_time_stats": {
    "round_1": 12.28,
    "round_2": 29.13
  }
}