{
  "process_start_time": 1767883373.9421294,
  "process_end_time": 1767883421.9731107,
  "total_elapsed_time_seconds": 48.03,
  "rounds_time_stats": {
    "round_1": 22.95,
    "round_2": 25.07
  }
}