{
  "process_start_time": 1767688463.6293793,
  "process_end_time": 1767688541.486967,
  "total_elapsed_time_seconds": 77.86,
  "rounds_time_stats": {
    "round_1": 77.83
  }
}