{
  "process_start_time": 1767850137.49679,
  "process_end_time": 1767850864.0776675,
  "total_elapsed_time_seconds": 726.58,
  "rounds_time_stats": {
    "round_1": 28.2,
    "round_2": 26.21,
    "round_3": 15.97,
    "round_4": 18.3,
    "round_5": 16.47,
    "round_6": 621.43
  }
}