{
  "process_start_time": 1768109306.237493,
  "process_end_time": 1768109594.2283666,
  "total_elapsed_time_seconds": 287.99,
  "rounds_time_stats": {
    "round_1": 44.8,
    "round_2": 49.44,
    "round_3": 45.42,
    "round_4": 45.34,
    "round_5": 58.07,
    "round_6": 44.93
  }
}