{
  "process_start_time": 1767685228.009592,
  "process_end_time": 1767685502.2575479,
  "total_elapsed_time_seconds": 274.25,
  "rounds_time_stats": {
    "round_1": 43.8,
    "round_2": 43.77,
    "round_3": 46.39,
    "round_4": 43.66,
    "round_5": 44.81,
    "round_6": 51.82
  }
}