{
  "process_start_time": 1768554891.692608,
  "process_end_time": 1768555051.101091,
  "total_elapsed_time_seconds": 159.41,
  "rounds_time_stats": {
    "round_1": 24.12,
    "round_2": 26.91,
    "round_3": 26.97,
    "round_4": 23.96,
    "round_5": 28.91,
    "round_6": 28.54
  }
}