{
  "process_start_time": 1767680791.4701507,
  "process_end_time": 1767681084.1485806,
  "total_elapsed_time_seconds": 292.68,
  "rounds_time_stats": {
    "round_1": 44.22,
    "round_2": 64.9,
    "round_3": 42.96,
    "round_4": 46.58,
    "round_5": 45.24,
    "round_6": 48.77
  }
}