{
  "process_start_time": 1768550790.988274,
  "process_end_time": 1768551050.7551184,
  "total_elapsed_time_seconds": 259.77,
  "rounds_time_stats": {
    "round_1": 38.67,
    "round_2": 48.04,
    "round_3": 43.49,
    "round_4": 43.41,
    "round_5": 42.99,
    "round_6": 43.16
  }
}