{
  "process_start_time": 1767682370.3177044,
  "process_end_time": 1767682686.0164888,
  "total_elapsed_time_seconds": 315.7,
  "rounds_time_stats": {
    "round_1": 85.05,
    "round_2": 45.45,
    "round_3": 46.45,
    "round_4": 42.81,
    "round_5": 49.05,
    "round_6": 46.88
  }
}