{
  "process_start_time": 1767885029.0673912,
  "process_end_time": 1767885122.5390332,
  "total_elapsed_time_seconds": 93.47,
  "rounds_time_stats": {
    "round_1": 29.95,
    "round_2": 17.21,
    "round_3": 12.88,
    "round_4": 33.42
  }
}