{
  "process_start_time": 1767849999.482818,
  "process_end_time": 1767850146.3664787,
  "total_elapsed_time_seconds": 146.88,
  "rounds_time_stats": {
    "round_1": 24.33,
    "round_2": 23.62,
    "round_3": 23.14,
    "round_4": 21.6,
    "round_5": 25.02,
    "round_6": 29.18
  }
}