{
  "process_start_time": 1767973463.4991856,
  "process_end_time": 1767973697.5241454,
  "total_elapsed_time_seconds": 234.02,
  "rounds_time_stats": {
    "round_1": 43.33,
    "round_2": 38.84,
    "round_3": 39.58,
    "round_4": 39.64,
    "round_5": 29.67,
    "round_6": 42.97
  }
}