{
  "process_start_time": 1767883630.5973523,
  "process_end_time": 1767883655.9589775,
  "total_elapsed_time_seconds": 25.36,
  "rounds_time_stats": {
    "round_1": 25.35
  }
}