{
  "process_start_time": 1767890364.8917797,
  "process_end_time": 1767890374.1814244,
  "total_elapsed_time_seconds": 9.29,
  "rounds_time_stats": {
    "round_1": 9.29
  }
}