{
  "process_start_time": 1767888940.2148874,
  "process_end_time": 1767888954.33641,
  "total_elapsed_time_seconds": 14.12,
  "rounds_time_stats": {
    "round_1": 14.11
  }
}