{
  "process_start_time": 1767889586.126666,
  "process_end_time": 1767889639.1607606,
  "total_elapsed_time_seconds": 53.03,
  "rounds_time_stats": {
    "round_1": 6.29,
    "round_2": 9.34,
    "round_3": 6.03,
    "round_4": 12.28,
    "round_5": 6.61,
    "round_6": 12.48
  }
}