{
  "process_start_time": 1768117635.7763362,
  "process_end_time": 1768117965.2361498,
  "total_elapsed_time_seconds": 329.46,
  "rounds_time_stats": {
    "round_1": 33.26,
    "round_2": 76.18,
    "round_3": 50.71,
    "round_4": 70.62,
    "round_5": 47.61,
    "round_6": 51.07
  }
}