{
  "process_start_time": 1767974690.2311878,
  "process_end_time": 1767974967.1342525,
  "total_elapsed_time_seconds": 276.9,
  "rounds_time_stats": {
    "round_1": 54.67,
    "round_2": 42.36,
    "round_3": 54.68,
    "round_4": 49.26,
    "round_5": 37.94,
    "round_6": 37.99
  }
}