{
  "process_start_time": 1768115372.7436984,
  "process_end_time": 1768115623.2531712,
  "total_elapsed_time_seconds": 250.51,
  "rounds_time_stats": {
    "round_1": 45.96,
    "round_2": 44.14,
    "round_3": 43.86,
    "round_4": 39.4,
    "round_5": 46.34,
    "round_6": 30.79
  }
}