{
  "process_start_time": 1767886975.5880253,
  "process_end_time": 1767887042.2029862,
  "total_elapsed_time_seconds": 66.61,
  "rounds_time_stats": {
    "round_1": 35.01,
    "round_2": 31.59
  }
}