{
  "process_start_time": 1767885723.9177191,
  "process_end_time": 1767885890.6766207,
  "total_elapsed_time_seconds": 166.76,
  "rounds_time_stats": {
    "round_1": 33.68,
    "round_2": 26.23,
    "round_3": 24.17,
    "round_4": 26.95,
    "round_5": 29.13,
    "round_6": 26.59
  }
}