{
  "process_start_time": 1767691990.2548494,
  "process_end_time": 1767692291.7584364,
  "total_elapsed_time_seconds": 301.5,
  "rounds_time_stats": {
    "round_1": 47.33,
    "round_2": 36.14,
    "round_3": 43.41,
    "round_4": 45.15,
    "round_5": 60.28,
    "round_6": 69.18
  }
}