{
  "process_start_time": 1767889460.6616812,
  "process_end_time": 1767889473.1467028,
  "total_elapsed_time_seconds": 12.49,
  "rounds_time_stats": {
    "round_1": 12.48
  }
}