{
  "process_start_time": 1767886699.3193321,
  "process_end_time": 1767886706.5032842,
  "total_elapsed_time_seconds": 7.18,
  "rounds_time_stats": {
    "round_1": 7.18
  }
}