{
  "process_start_time": 1767889056.994943,
  "process_end_time": 1767889192.1428843,
  "total_elapsed_time_seconds": 135.15,
  "rounds_time_stats": {
    "round_1": 25.29,
    "round_2": 22.89,
    "round_3": 21.47,
    "round_4": 22.35,
    "round_5": 22.49,
    "round_6": 20.66
  }
}