{
  "process_start_time": 1767884928.3317244,
  "process_end_time": 1767885126.8927786,
  "total_elapsed_time_seconds": 198.56,
  "rounds_time_stats": {
    "round_1": 114.22,
    "round_2": 17.5,
    "round_3": 11.76,
    "round_4": 22.51,
    "round_5": 12.39,
    "round_6": 20.18
  }
}