{
  "process_start_time": 1768551954.0213044,
  "process_end_time": 1768552128.0562043,
  "total_elapsed_time_seconds": 174.03,
  "rounds_time_stats": {
    "round_1": 29.28,
    "round_2": 28.86,
    "round_3": 30.92,
    "round_4": 26.34,
    "round_5": 30.19,
    "round_6": 28.44
  }
}