{
  "process_start_time": 1767883316.701355,
  "process_end_time": 1767883375.950897,
  "total_elapsed_time_seconds": 59.25,
  "rounds_time_stats": {
    "round_1": 26.55,
    "round_2": 32.7
  }
}