{
  "process_start_time": 1767677074.0623436,
  "process_end_time": 1767677342.1526935,
  "total_elapsed_time_seconds": 268.09,
  "rounds_time_stats": {
    "round_1": 43.03,
    "round_2": 43.99,
    "round_3": 44.99,
    "round_4": 46.77,
    "round_5": 41.05,
    "round_6": 48.26
  }
}