{
  "process_start_time": 1767888752.402693,
  "process_end_time": 1767888766.8416576,
  "total_elapsed_time_seconds": 14.44,
  "rounds_time_stats": {
    "round_1": 14.44
  }
}