{
  "process_start_time": 1767678073.966687,
  "process_end_time": 1767678386.457042,
  "total_elapsed_time_seconds": 312.49,
  "rounds_time_stats": {
    "round_1": 81.57,
    "round_2": 49.02,
    "round_3": 45.21,
    "round_4": 43.64,
    "round_5": 46.62,
    "round_6": 46.43
  }
}