{
  "process_start_time": 1767884156.2155004,
  "process_end_time": 1767884210.265841,
  "total_elapsed_time_seconds": 54.05,
  "rounds_time_stats": {
    "round_1": 17.02,
    "round_2": 37.02
  }
}