{
  "process_start_time": 1767664926.1271675,
  "process_end_time": 1767665200.8166645,
  "total_elapsed_time_seconds": 274.69,
  "rounds_time_stats": {
    "round_1": 40.78,
    "round_2": 43.79,
    "round_3": 48.32,
    "round_4": 43.74,
    "round_5": 53.36,
    "round_6": 44.69
  }
}