{
  "process_start_time": 1767680117.2492683,
  "process_end_time": 1767680379.9135582,
  "total_elapsed_time_seconds": 262.66,
  "rounds_time_stats": {
    "round_1": 38.76,
    "round_2": 48.36,
    "round_3": 44.7,
    "round_4": 45.49,
    "round_5": 54.54,
    "round_6": 30.81
  }
}