{
  "process_start_time": 1767969458.5301282,
  "process_end_time": 1767969850.276498,
  "total_elapsed_time_seconds": 391.75,
  "rounds_time_stats": {
    "round_1": 116.46,
    "round_2": 37.59,
    "round_3": 92.09,
    "round_4": 63.87,
    "round_5": 42.08,
    "round_6": 39.65
  }
}