{
  "process_start_time": 1767686727.6380782,
  "process_end_time": 1767687075.1995494,
  "total_elapsed_time_seconds": 347.56,
  "rounds_time_stats": {
    "round_1": 77.98,
    "round_2": 46.87,
    "round_3": 46.72,
    "round_4": 59.99,
    "round_5": 56.51,
    "round_6": 59.49
  }
}