{
  "process_start_time": 1767682370.319448,
  "process_end_time": 1767682730.5453491,
  "total_elapsed_time_seconds": 360.23,
  "rounds_time_stats": {
    "round_1": 94.63,
    "round_2": 67.61,
    "round_3": 44.31,
    "round_4": 46.29,
    "round_5": 60.55,
    "round_6": 46.83
  }
}