{
  "process_start_time": 1767890255.315721,
  "process_end_time": 1767890324.0890498,
  "total_elapsed_time_seconds": 68.77,
  "rounds_time_stats": {
    "round_1": 7.79,
    "round_2": 8.64,
    "round_3": 10.65,
    "round_4": 11.34,
    "round_5": 18.48,
    "round_6": 11.86
  }
}