{
  "process_start_time": 1767675790.0844886,
  "process_end_time": 1767676065.0850687,
  "total_elapsed_time_seconds": 275.0,
  "rounds_time_stats": {
    "round_1": 36.13,
    "round_2": 50.11,
    "round_3": 45.53,
    "round_4": 46.88,
    "round_5": 46.75,
    "round_6": 49.6
  }
}