{
  "process_start_time": 1768115040.5109022,
  "process_end_time": 1768115387.5253172,
  "total_elapsed_time_seconds": 347.01,
  "rounds_time_stats": {
    "round_1": 42.49,
    "round_2": 34.34,
    "round_3": 90.2,
    "round_4": 46.98,
    "round_5": 42.21,
    "round_6": 90.8
  }
}