{
  "process_start_time": 1767884226.9450147,
  "process_end_time": 1767884297.6688535,
  "total_elapsed_time_seconds": 70.72,
  "rounds_time_stats": {
    "round_1": 24.54,
    "round_2": 46.18
  }
}