{
  "process_start_time": 1767688605.1326134,
  "process_end_time": 1767688913.2615948,
  "total_elapsed_time_seconds": 308.13,
  "rounds_time_stats": {
    "round_1": 53.93,
    "round_2": 49.28,
    "round_3": 46.89,
    "round_4": 49.11,
    "round_5": 48.75,
    "round_6": 60.16
  }
}