{
  "process_start_time": 1767888605.2730472,
  "process_end_time": 1767888652.2172723,
  "total_elapsed_time_seconds": 46.94,
  "rounds_time_stats": {
    "round_1": 15.47,
    "round_2": 31.25,
    "round_3": 0.23
  }
}