{
  "process_start_time": 1767884064.6469598,
  "process_end_time": 1767884086.928051,
  "total_elapsed_time_seconds": 22.28,
  "rounds_time_stats": {
    "round_1": 22.28
  }
}