{
  "process_start_time": 1767680322.9392335,
  "process_end_time": 1767680647.708892,
  "total_elapsed_time_seconds": 324.77,
  "rounds_time_stats": {
    "round_1": 38.0,
    "round_2": 68.97,
    "round_3": 55.25,
    "round_4": 58.33,
    "round_5": 50.79,
    "round_6": 53.43
  }
}