{
  "process_start_time": 1767687831.359752,
  "process_end_time": 1767688102.0134082,
  "total_elapsed_time_seconds": 270.65,
  "rounds_time_stats": {
    "round_1": 55.26,
    "round_2": 42.02,
    "round_3": 45.31,
    "round_4": 46.27,
    "round_5": 37.29,
    "round_6": 44.51
  }
}