{
  "process_start_time": 1767690068.357198,
  "process_end_time": 1767690356.7720673,
  "total_elapsed_time_seconds": 288.41,
  "rounds_time_stats": {
    "round_1": 45.46,
    "round_2": 56.42,
    "round_3": 47.37,
    "round_4": 47.13,
    "round_5": 44.18,
    "round_6": 47.87
  }
}