{
  "process_start_time": 1767679168.0679948,
  "process_end_time": 1767679434.33566,
  "total_elapsed_time_seconds": 266.27,
  "rounds_time_stats": {
    "round_1": 40.62,
    "round_2": 43.21,
    "round_3": 47.76,
    "round_4": 44.39,
    "round_5": 47.94,
    "round_6": 42.35
  }
}