{
  "process_start_time": 1767683943.6229255,
  "process_end_time": 1767684275.844498,
  "total_elapsed_time_seconds": 332.22,
  "rounds_time_stats": {
    "round_1": 48.98,
    "round_2": 44.07,
    "round_3": 64.32,
    "round_4": 51.43,
    "round_5": 62.21,
    "round_6": 61.2
  }
}