{
  "process_start_time": 1767882911.4813387,
  "process_end_time": 1767882952.3702455,
  "total_elapsed_time_seconds": 40.89,
  "rounds_time_stats": {
    "round_1": 22.18,
    "round_2": 18.7
  }
}