{
  "process_start_time": 1767889123.109432,
  "process_end_time": 1767889137.4009738,
  "total_elapsed_time_seconds": 14.29,
  "rounds_time_stats": {
    "round_1": 14.29
  }
}