{
  "process_start_time": 1768555156.4443703,
  "process_end_time": 1768555346.0827532,
  "total_elapsed_time_seconds": 189.64,
  "rounds_time_stats": {
    "round_1": 36.47,
    "round_2": 31.39,
    "round_3": 29.73,
    "round_4": 28.7,
    "round_5": 25.83,
    "round_6": 37.51
  }
}