{
  "process_start_time": 1767688802.1450837,
  "process_end_time": 1767689100.665655,
  "total_elapsed_time_seconds": 298.52,
  "rounds_time_stats": {
    "round_1": 48.82,
    "round_2": 43.9,
    "round_3": 63.37,
    "round_4": 49.88,
    "round_5": 47.33,
    "round_6": 45.21
  }
}