{
  "process_start_time": 1767884276.9945567,
  "process_end_time": 1767884305.3673086,
  "total_elapsed_time_seconds": 28.37,
  "rounds_time_stats": {
    "round_1": 28.37
  }
}