{
  "process_start_time": 1767682370.3338687,
  "process_end_time": 1767682456.1271262,
  "total_elapsed_time_seconds": 85.79,
  "rounds_time_stats": {
    "round_1": 85.77
  }
}