{
  "process_start_time": 1768108284.9465988,
  "process_end_time": 1768108554.1904252,
  "total_elapsed_time_seconds": 269.24,
  "rounds_time_stats": {
    "round_1": 38.45,
    "round_2": 49.2,
    "round_3": 44.36,
    "round_4": 43.73,
    "round_5": 48.12,
    "round_6": 45.4
  }
}