{
  "process_start_time": 1767889429.6325073,
  "process_end_time": 1767889445.9582846,
  "total_elapsed_time_seconds": 16.33,
  "rounds_time_stats": {
    "round_1": 16.32
  }
}