{
  "process_start_time": 1767890098.973332,
  "process_end_time": 1767890121.5877044,
  "total_elapsed_time_seconds": 22.61,
  "rounds_time_stats": {
    "round_1": 22.61
  }
}