{
  "process_start_time": 1768748393.5645049,
  "process_end_time": 1768748589.8553624,
  "total_elapsed_time_seconds": 196.29,
  "rounds_time_stats": {
    "round_1": 36.2,
    "round_2": 27.94,
    "round_3": 32.78,
    "round_4": 33.09,
    "round_5": 34.33,
    "round_6": 31.94
  }
}