{
  "process_start_time": 1767974594.8556888,
  "process_end_time": 1767974954.9157383,
  "total_elapsed_time_seconds": 360.06,
  "rounds_time_stats": {
    "round_1": 68.03,
    "round_2": 52.56,
    "round_3": 84.8,
    "round_4": 42.29,
    "round_5": 64.69,
    "round_6": 47.69
  }
}