{
  "process_start_time": 1767676029.6507943,
  "process_end_time": 1767676310.6993663,
  "total_elapsed_time_seconds": 281.05,
  "rounds_time_stats": {
    "round_1": 48.93,
    "round_2": 44.87,
    "round_3": 35.88,
    "round_4": 48.5,
    "round_5": 55.12,
    "round_6": 47.75
  }
}