{
  "process_start_time": 1768748393.5640068,
  "process_end_time": 1768748579.4323344,
  "total_elapsed_time_seconds": 185.87,
  "rounds_time_stats": {
    "round_1": 32.11,
    "round_2": 22.45,
    "round_3": 33.62,
    "round_4": 33.01,
    "round_5": 31.47,
    "round_6": 33.19
  }
}