{
  "process_start_time": 1767886066.0503266,
  "process_end_time": 1767886092.943416,
  "total_elapsed_time_seconds": 26.89,
  "rounds_time_stats": {
    "round_1": 26.89
  }
}