{
  "process_start_time": 1767682454.822574,
  "process_end_time": 1767682732.951175,
  "total_elapsed_time_seconds": 278.13,
  "rounds_time_stats": {
    "round_1": 44.5,
    "round_2": 46.37,
    "round_3": 47.65,
    "round_4": 47.08,
    "round_5": 47.15,
    "round_6": 45.38
  }
}