{
  "process_start_time": 1767888242.2744856,
  "process_end_time": 1767888365.7443683,
  "total_elapsed_time_seconds": 123.47,
  "rounds_time_stats": {
    "round_1": 20.1,
    "round_2": 17.43,
    "round_3": 21.14,
    "round_4": 17.69,
    "round_5": 25.75,
    "round_6": 21.36
  }
}