{
  "process_start_time": 1767887443.3869624,
  "process_end_time": 1767887477.9691653,
  "total_elapsed_time_seconds": 34.58,
  "rounds_time_stats": {
    "round_1": 34.58
  }
}