{
  "process_start_time": 1767978190.898894,
  "process_end_time": 1767978368.8201804,
  "total_elapsed_time_seconds": 177.92,
  "rounds_time_stats": {
    "round_1": 29.05,
    "round_2": 29.37,
    "round_3": 28.34,
    "round_4": 29.96,
    "round_5": 32.3,
    "round_6": 28.91
  }
}