{
  "process_start_time": 1767978190.8906627,
  "process_end_time": 1767978325.8523033,
  "total_elapsed_time_seconds": 134.96,
  "rounds_time_stats": {
    "round_1": 12.11,
    "round_2": 20.91,
    "round_3": 19.54,
    "round_4": 26.33,
    "round_5": 27.33,
    "round_6": 28.74
  }
}