{
  "process_start_time": 1767675760.3617213,
  "process_end_time": 1767676032.3454885,
  "total_elapsed_time_seconds": 271.98,
  "rounds_time_stats": {
    "round_1": 39.47,
    "round_2": 44.01,
    "round_3": 47.31,
    "round_4": 45.87,
    "round_5": 45.09,
    "round_6": 50.23
  }
}