{
  "process_start_time": 1768555001.8195825,
  "process_end_time": 1768555174.7315123,
  "total_elapsed_time_seconds": 172.91,
  "rounds_time_stats": {
    "round_1": 28.75,
    "round_2": 28.08,
    "round_3": 30.8,
    "round_4": 28.49,
    "round_5": 28.41,
    "round_6": 28.37
  }
}