{
  "process_start_time": 1768556695.917616,
  "process_end_time": 1768556896.2098382,
  "total_elapsed_time_seconds": 200.29,
  "rounds_time_stats": {
    "round_1": 29.15,
    "round_2": 39.93,
    "round_3": 33.17,
    "round_4": 27.44,
    "round_5": 31.78,
    "round_6": 38.81
  }
}