{
  "process_start_time": 1767885444.4911277,
  "process_end_time": 1767885577.7119126,
  "total_elapsed_time_seconds": 133.22,
  "rounds_time_stats": {
    "round_1": 32.01,
    "round_2": 17.19,
    "round_3": 21.92,
    "round_4": 17.84,
    "round_5": 20.26,
    "round_6": 24.01
  }
}