{
  "process_start_time": 1768108741.471998,
  "process_end_time": 1768109022.3401055,
  "total_elapsed_time_seconds": 280.87,
  "rounds_time_stats": {
    "round_1": 46.47,
    "round_2": 45.72,
    "round_3": 45.7,
    "round_4": 33.15,
    "round_5": 64.56,
    "round_6": 45.27
  }
}