{
  "process_start_time": 1767975302.3341422,
  "process_end_time": 1767975427.2807653,
  "total_elapsed_time_seconds": 124.95,
  "rounds_time_stats": {
    "round_1": 25.38,
    "round_2": 19.3,
    "round_3": 19.64,
    "round_4": 26.59,
    "round_5": 12.91,
    "round_6": 21.12
  }
}