{
  "process_start_time": 1767888508.978062,
  "process_end_time": 1767888526.2888634,
  "total_elapsed_time_seconds": 17.31,
  "rounds_time_stats": {
    "round_1": 17.31
  }
}