{
  "process_start_time": 1768116800.6462739,
  "process_end_time": 1768117051.770463,
  "total_elapsed_time_seconds": 251.12,
  "rounds_time_stats": {
    "round_1": 44.22,
    "round_2": 45.92,
    "round_3": 31.0,
    "round_4": 37.83,
    "round_5": 44.29,
    "round_6": 47.85
  }
}