{
  "process_start_time": 1767882911.215658,
  "process_end_time": 1767882955.622445,
  "total_elapsed_time_seconds": 44.41,
  "rounds_time_stats": {
    "round_1": 24.49,
    "round_2": 19.91
  }
}