{
  "process_start_time": 1767889128.9482288,
  "process_end_time": 1767889149.4647384,
  "total_elapsed_time_seconds": 20.52,
  "rounds_time_stats": {
    "round_1": 20.5
  }
}