{
  "process_start_time": 1767888528.4460354,
  "process_end_time": 1767888540.7133336,
  "total_elapsed_time_seconds": 12.27,
  "rounds_time_stats": {
    "round_1": 12.26
  }
}