{
  "process_start_time": 1768108803.287516,
  "process_end_time": 1768109086.01667,
  "total_elapsed_time_seconds": 282.73,
  "rounds_time_stats": {
    "round_1": 46.83,
    "round_2": 49.11,
    "round_3": 44.63,
    "round_4": 49.44,
    "round_5": 44.53,
    "round_6": 48.18
  }
}