{
  "process_start_time": 1767887655.949664,
  "process_end_time": 1767887792.9091828,
  "total_elapsed_time_seconds": 136.96,
  "rounds_time_stats": {
    "round_1": 20.47,
    "round_2": 22.89,
    "round_3": 37.5,
    "round_4": 25.43,
    "round_5": 14.03,
    "round_6": 16.64
  }
}