{
  "process_start_time": 1767890008.6069355,
  "process_end_time": 1767890114.9135067,
  "total_elapsed_time_seconds": 106.31,
  "rounds_time_stats": {
    "round_1": 9.37,
    "round_2": 11.54,
    "round_3": 15.04,
    "round_4": 39.7,
    "round_5": 15.53,
    "round_6": 15.12
  }
}