{
  "process_start_time": 1768117443.6497092,
  "process_end_time": 1768117729.17526,
  "total_elapsed_time_seconds": 285.53,
  "rounds_time_stats": {
    "round_1": 48.46,
    "round_2": 49.85,
    "round_3": 51.24,
    "round_4": 43.95,
    "round_5": 48.7,
    "round_6": 43.34
  }
}