{
  "process_start_time": 1768555678.543244,
  "process_end_time": 1768555891.0994506,
  "total_elapsed_time_seconds": 212.56,
  "rounds_time_stats": {
    "round_1": 27.98,
    "round_2": 27.75,
    "round_3": 38.57,
    "round_4": 36.87,
    "round_5": 39.17,
    "round_6": 42.21
  }
}