{
  "process_start_time": 1767679759.959408,
  "process_end_time": 1767680018.0694134,
  "total_elapsed_time_seconds": 258.11,
  "rounds_time_stats": {
    "round_1": 53.14,
    "round_2": 44.25,
    "round_3": 48.33,
    "round_4": 32.33,
    "round_5": 44.76,
    "round_6": 35.3
  }
}