{
  "process_start_time": 1767665216.9061544,
  "process_end_time": 1767665489.685417,
  "total_elapsed_time_seconds": 272.78,
  "rounds_time_stats": {
    "round_1": 47.46,
    "round_2": 42.79,
    "round_3": 49.26,
    "round_4": 47.88,
    "round_5": 42.34,
    "round_6": 43.03
  }
}