{
  "process_start_time": 1767883529.927606,
  "process_end_time": 1767883556.9969034,
  "total_elapsed_time_seconds": 27.07,
  "rounds_time_stats": {
    "round_1": 27.07
  }
}