{
  "process_start_time": 1767884410.5813107,
  "process_end_time": 1767884427.452616,
  "total_elapsed_time_seconds": 16.87,
  "rounds_time_stats": {
    "round_1": 16.87
  }
}