{
  "process_start_time": 1767682730.5462654,
  "process_end_time": 1767683052.298419,
  "total_elapsed_time_seconds": 321.75,
  "rounds_time_stats": {
    "round_1": 54.24,
    "round_2": 40.75,
    "round_3": 61.55,
    "round_4": 47.9,
    "round_5": 55.43,
    "round_6": 61.88
  }
}