{
  "process_start_time": 1768550461.841625,
  "process_end_time": 1768550712.1475034,
  "total_elapsed_time_seconds": 250.31,
  "rounds_time_stats": {
    "round_1": 33.66,
    "round_2": 42.06,
    "round_3": 46.64,
    "round_4": 37.12,
    "round_5": 48.7,
    "round_6": 42.13
  }
}