{
  "process_start_time": 1767887585.1382592,
  "process_end_time": 1767887600.3365824,
  "total_elapsed_time_seconds": 15.2,
  "rounds_time_stats": {
    "round_1": 15.19
  }
}