{
  "process_start_time": 1767978190.891611,
  "process_end_time": 1767978363.3598797,
  "total_elapsed_time_seconds": 172.47,
  "rounds_time_stats": {
    "round_1": 19.7,
    "round_2": 21.41,
    "round_3": 37.99,
    "round_4": 37.01,
    "round_5": 27.52,
    "round_6": 28.84
  }
}