{
  "process_start_time": 1767886769.6274457,
  "process_end_time": 1767886809.4258652,
  "total_elapsed_time_seconds": 39.8,
  "rounds_time_stats": {
    "round_1": 19.04,
    "round_2": 20.75
  }
}