{
  "process_start_time": 1767687200.8361125,
  "process_end_time": 1767687481.4931424,
  "total_elapsed_time_seconds": 280.66,
  "rounds_time_stats": {
    "round_1": 47.19,
    "round_2": 43.7,
    "round_3": 49.26,
    "round_4": 47.28,
    "round_5": 48.16,
    "round_6": 45.06
  }
}