{
  "process_start_time": 1767887961.1364286,
  "process_end_time": 1767888093.1090624,
  "total_elapsed_time_seconds": 131.97,
  "rounds_time_stats": {
    "round_1": 22.0,
    "round_2": 18.44,
    "round_3": 19.13,
    "round_4": 23.59,
    "round_5": 27.0,
    "round_6": 21.82
  }
}