{
  "process_start_time": 1767887521.7493432,
  "process_end_time": 1767887596.1865373,
  "total_elapsed_time_seconds": 74.44,
  "rounds_time_stats": {
    "round_1": 36.91,
    "round_2": 37.53
  }
}