{
  "process_start_time": 1767888750.5921211,
  "process_end_time": 1767888789.25352,
  "total_elapsed_time_seconds": 38.66,
  "rounds_time_stats": {
    "round_1": 17.36,
    "round_2": 21.3
  }
}