{
  "process_start_time": 1768554749.2779372,
  "process_end_time": 1768554891.6914585,
  "total_elapsed_time_seconds": 142.41,
  "rounds_time_stats": {
    "round_1": 15.3,
    "round_2": 24.73,
    "round_3": 19.17,
    "round_4": 28.07,
    "round_5": 29.68,
    "round_6": 25.46
  }
}