{
  "process_start_time": 1767688958.1078777,
  "process_end_time": 1767689259.5635076,
  "total_elapsed_time_seconds": 301.46,
  "rounds_time_stats": {
    "round_1": 49.45,
    "round_2": 50.05,
    "round_3": 45.7,
    "round_4": 43.07,
    "round_5": 49.84,
    "round_6": 63.34
  }
}