{
  "process_start_time": 1767679986.8032253,
  "process_end_time": 1767680278.8321946,
  "total_elapsed_time_seconds": 292.03,
  "rounds_time_stats": {
    "round_1": 42.62,
    "round_2": 62.22,
    "round_3": 46.08,
    "round_4": 50.49,
    "round_5": 45.9,
    "round_6": 44.72
  }
}