{
  "process_start_time": 1767676618.9659398,
  "process_end_time": 1767676891.8143969,
  "total_elapsed_time_seconds": 272.85,
  "rounds_time_stats": {
    "round_1": 43.2,
    "round_2": 47.37,
    "round_3": 42.71,
    "round_4": 49.01,
    "round_5": 44.96,
    "round_6": 45.59
  }
}