{
  "process_start_time": 1768551194.88874,
  "process_end_time": 1768551235.073647,
  "total_elapsed_time_seconds": 40.18,
  "rounds_time_stats": {
    "round_1": 40.14
  }
}