{
  "process_start_time": 1767883505.7887118,
  "process_end_time": 1767883568.647265,
  "total_elapsed_time_seconds": 62.86,
  "rounds_time_stats": {
    "round_1": 62.82
  }
}