{
  "process_start_time": 1767976310.6920097,
  "process_end_time": 1767976488.6816225,
  "total_elapsed_time_seconds": 177.99,
  "rounds_time_stats": {
    "round_1": 28.75,
    "round_2": 31.62,
    "round_3": 27.93,
    "round_4": 30.65,
    "round_5": 31.01,
    "round_6": 28.02
  }
}