{
  "process_start_time": 1768108313.2719858,
  "process_end_time": 1768108554.1175277,
  "total_elapsed_time_seconds": 240.85,
  "rounds_time_stats": {
    "round_1": 35.23,
    "round_2": 36.28,
    "round_3": 48.34,
    "round_4": 39.79,
    "round_5": 34.72,
    "round_6": 46.48
  }
}