{
  "process_start_time": 1767885617.8922534,
  "process_end_time": 1767885647.5042927,
  "total_elapsed_time_seconds": 29.61,
  "rounds_time_stats": {
    "round_1": 29.59
  }
}