{
  "process_start_time": 1767889136.8040566,
  "process_end_time": 1767889153.894041,
  "total_elapsed_time_seconds": 17.09,
  "rounds_time_stats": {
    "round_1": 17.09
  }
}