{
  "process_start_time": 1767685541.0705552,
  "process_end_time": 1767685833.8372204,
  "total_elapsed_time_seconds": 292.77,
  "rounds_time_stats": {
    "round_1": 47.35,
    "round_2": 45.85,
    "round_3": 60.13,
    "round_4": 50.26,
    "round_5": 45.11,
    "round_6": 44.05
  }
}