{
  "process_start_time": 1767683839.2250786,
  "process_end_time": 1767684133.2471588,
  "total_elapsed_time_seconds": 294.02,
  "rounds_time_stats": {
    "round_1": 37.15,
    "round_2": 69.28,
    "round_3": 48.5,
    "round_4": 44.7,
    "round_5": 46.39,
    "round_6": 47.99
  }
}