{
  "process_start_time": 1767680543.4595814,
  "process_end_time": 1767680791.4645085,
  "total_elapsed_time_seconds": 248.0,
  "rounds_time_stats": {
    "round_1": 36.35,
    "round_2": 35.11,
    "round_3": 33.41,
    "round_4": 50.23,
    "round_5": 46.61,
    "round_6": 46.29
  }
}