{
  "process_start_time": 1767684707.0629573,
  "process_end_time": 1767684991.3230846,
  "total_elapsed_time_seconds": 284.26,
  "rounds_time_stats": {
    "round_1": 48.74,
    "round_2": 44.68,
    "round_3": 49.8,
    "round_4": 47.19,
    "round_5": 46.59,
    "round_6": 47.26
  }
}