{
  "process_start_time": 1767888531.6705785,
  "process_end_time": 1767888541.888399,
  "total_elapsed_time_seconds": 10.22,
  "rounds_time_stats": {
    "round_1": 10.21
  }
}