{
  "process_start_time": 1767689726.8480566,
  "process_end_time": 1767690019.1867495,
  "total_elapsed_time_seconds": 292.34,
  "rounds_time_stats": {
    "round_1": 49.67,
    "round_2": 43.77,
    "round_3": 44.41,
    "round_4": 51.08,
    "round_5": 46.9,
    "round_6": 56.51
  }
}