{
  "process_start_time": 1767888770.4556272,
  "process_end_time": 1767888859.9160025,
  "total_elapsed_time_seconds": 89.46,
  "rounds_time_stats": {
    "round_1": 13.09,
    "round_2": 13.77,
    "round_3": 19.12,
    "round_4": 15.54,
    "round_5": 15.57,
    "round_6": 12.37
  }
}