{
  "process_start_time": 1767678073.9468927,
  "process_end_time": 1767678385.3851159,
  "total_elapsed_time_seconds": 311.44,
  "rounds_time_stats": {
    "round_1": 80.31,
    "round_2": 49.06,
    "round_3": 44.47,
    "round_4": 45.57,
    "round_5": 45.19,
    "round_6": 46.83
  }
}