{
  "process_start_time": 1767885183.2476988,
  "process_end_time": 1767885208.1758072,
  "total_elapsed_time_seconds": 24.93,
  "rounds_time_stats": {
    "round_1": 24.93
  }
}