{
  "process_start_time": 1767885517.7511284,
  "process_end_time": 1767885671.1008554,
  "total_elapsed_time_seconds": 153.35,
  "rounds_time_stats": {
    "round_1": 20.31,
    "round_2": 22.38,
    "round_3": 30.21,
    "round_4": 22.77,
    "round_5": 24.75,
    "round_6": 32.92
  }
}