{
  "process_start_time": 1767885864.5549839,
  "process_end_time": 1767885984.9615722,
  "total_elapsed_time_seconds": 120.41,
  "rounds_time_stats": {
    "round_1": 22.16,
    "round_2": 23.05,
    "round_3": 18.74,
    "round_4": 16.38,
    "round_5": 22.67,
    "round_6": 17.41
  }
}