{
  "process_start_time": 1767882992.941752,
  "process_end_time": 1767883021.0482798,
  "total_elapsed_time_seconds": 28.11,
  "rounds_time_stats": {
    "round_1": 28.11
  }
}