{
  "process_start_time": 1767977831.0348177,
  "process_end_time": 1767978087.996825,
  "total_elapsed_time_seconds": 256.96,
  "rounds_time_stats": {
    "round_1": 51.48,
    "round_2": 52.31,
    "round_3": 41.48,
    "round_4": 45.95,
    "round_5": 34.05,
    "round_6": 31.7
  }
}