{
  "process_start_time": 1767890929.9789925,
  "process_end_time": 1767891152.5898342,
  "total_elapsed_time_seconds": 222.61,
  "rounds_time_stats": {
    "round_1": 32.01,
    "round_2": 49.77,
    "round_3": 31.94,
    "round_4": 35.95,
    "round_5": 33.18,
    "round_6": 39.76
  }
}