{
  "process_start_time": 1768555517.1772895,
  "process_end_time": 1768555697.530436,
  "total_elapsed_time_seconds": 180.35,
  "rounds_time_stats": {
    "round_1": 32.26,
    "round_2": 29.8,
    "round_3": 29.2,
    "round_4": 30.01,
    "round_5": 28.77,
    "round_6": 30.31
  }
}