{
  "process_start_time": 1767889020.816393,
  "process_end_time": 1767889157.6791906,
  "total_elapsed_time_seconds": 136.86,
  "rounds_time_stats": {
    "round_1": 19.1,
    "round_2": 21.62,
    "round_3": 24.99,
    "round_4": 21.73,
    "round_5": 21.98,
    "round_6": 27.44
  }
}