{
  "process_start_time": 1768550211.4566164,
  "process_end_time": 1768550473.2620678,
  "total_elapsed_time_seconds": 261.81,
  "rounds_time_stats": {
    "round_1": 30.13,
    "round_2": 52.14,
    "round_3": 45.18,
    "round_4": 45.85,
    "round_5": 45.68,
    "round_6": 42.82
  }
}