{
  "process_start_time": 1767887709.1435256,
  "process_end_time": 1767887769.342987,
  "total_elapsed_time_seconds": 60.2,
  "rounds_time_stats": {
    "round_1": 31.84,
    "round_2": 28.36
  }
}