{
  "process_start_time": 1768551435.9329746,
  "process_end_time": 1768551609.5931592,
  "total_elapsed_time_seconds": 173.66,
  "rounds_time_stats": {
    "round_1": 29.72,
    "round_2": 27.74,
    "round_3": 33.08,
    "round_4": 26.73,
    "round_5": 28.57,
    "round_6": 27.83
  }
}