{
  "process_start_time": 1767883999.907509,
  "process_end_time": 1767884030.1765954,
  "total_elapsed_time_seconds": 30.27,
  "rounds_time_stats": {
    "round_1": 30.27
  }
}