{
  "process_start_time": 1767690170.7493844,
  "process_end_time": 1767690453.483673,
  "total_elapsed_time_seconds": 282.73,
  "rounds_time_stats": {
    "round_1": 45.07,
    "round_2": 50.47,
    "round_3": 41.69,
    "round_4": 47.3,
    "round_5": 49.27,
    "round_6": 48.94
  }
}