{
  "process_start_time": 1767885893.9192204,
  "process_end_time": 1767885936.8585575,
  "total_elapsed_time_seconds": 42.94,
  "rounds_time_stats": {
    "round_1": 42.92
  }
}