{
  "process_start_time": 1767884725.7869542,
  "process_end_time": 1767885065.0376184,
  "total_elapsed_time_seconds": 339.25,
  "rounds_time_stats": {
    "round_1": 16.08,
    "round_2": 18.86,
    "round_3": 38.35,
    "round_4": 43.95,
    "round_5": 71.83,
    "round_6": 150.17
  }
}