{
  "process_start_time": 1767686866.7392542,
  "process_end_time": 1767686925.7442918,
  "total_elapsed_time_seconds": 59.01,
  "rounds_time_stats": {
    "round_1": 58.99
  }
}