{
  "process_start_time": 1768554749.2779596,
  "process_end_time": 1768554971.2872415,
  "total_elapsed_time_seconds": 222.01,
  "rounds_time_stats": {
    "round_1": 24.6,
    "round_2": 35.25,
    "round_3": 39.34,
    "round_4": 46.79,
    "round_5": 38.13,
    "round_6": 37.89
  }
}