{
  "process_start_time": 1767884528.6833086,
  "process_end_time": 1767884629.8294408,
  "total_elapsed_time_seconds": 101.15,
  "rounds_time_stats": {
    "round_1": 31.12,
    "round_2": 41.45,
    "round_3": 28.57
  }
}