{
  "process_start_time": 1768109593.491768,
  "process_end_time": 1768109816.2073822,
  "total_elapsed_time_seconds": 222.72,
  "rounds_time_stats": {
    "round_1": 63.14,
    "round_2": 45.96,
    "round_3": 44.37,
    "round_4": 33.32,
    "round_5": 23.45,
    "round_6": 12.49
  }
}