{
  "process_start_time": 1767888428.7786222,
  "process_end_time": 1767888455.026914,
  "total_elapsed_time_seconds": 26.25,
  "rounds_time_stats": {
    "round_1": 26.24
  }
}