{
  "process_start_time": 1767684613.2531934,
  "process_end_time": 1767684897.658741,
  "total_elapsed_time_seconds": 284.41,
  "rounds_time_stats": {
    "round_1": 46.41,
    "round_2": 46.92,
    "round_3": 48.95,
    "round_4": 44.0,
    "round_5": 46.82,
    "round_6": 51.3
  }
}