{
  "process_start_time": 1767889539.3022351,
  "process_end_time": 1767889565.288886,
  "total_elapsed_time_seconds": 25.99,
  "rounds_time_stats": {
    "round_1": 25.97
  }
}