{
  "process_start_time": 1768554991.1408496,
  "process_end_time": 1768555165.177555,
  "total_elapsed_time_seconds": 174.04,
  "rounds_time_stats": {
    "round_1": 31.86,
    "round_2": 28.73,
    "round_3": 28.81,
    "round_4": 27.32,
    "round_5": 27.6,
    "round_6": 29.7
  }
}