{
  "process_start_time": 1767884814.6276784,
  "process_end_time": 1767884878.8407285,
  "total_elapsed_time_seconds": 64.21,
  "rounds_time_stats": {
    "round_1": 23.85,
    "round_2": 13.98,
    "round_3": 26.38
  }
}