{
  "process_start_time": 1767890654.1138039,
  "process_end_time": 1767890703.9024558,
  "total_elapsed_time_seconds": 49.79,
  "rounds_time_stats": {
    "round_1": 22.43,
    "round_2": 26.79,
    "round_3": 0.56
  }
}