{
  "process_start_time": 1767885482.610598,
  "process_end_time": 1767885500.3839195,
  "total_elapsed_time_seconds": 17.77,
  "rounds_time_stats": {
    "round_1": 17.77
  }
}