{
  "process_start_time": 1767883407.2266471,
  "process_end_time": 1767883431.9480615,
  "total_elapsed_time_seconds": 24.72,
  "rounds_time_stats": {
    "round_1": 24.71
  }
}