{
  "process_start_time": 1767684151.6470726,
  "process_end_time": 1767684429.552595,
  "total_elapsed_time_seconds": 277.91,
  "rounds_time_stats": {
    "round_1": 47.49,
    "round_2": 45.59,
    "round_3": 47.83,
    "round_4": 46.71,
    "round_5": 42.8,
    "round_6": 47.47
  }
}