{
  "process_start_time": 1767975136.2543943,
  "process_end_time": 1767975342.9679995,
  "total_elapsed_time_seconds": 206.71,
  "rounds_time_stats": {
    "round_1": 33.37,
    "round_2": 32.5,
    "round_3": 36.54,
    "round_4": 37.23,
    "round_5": 36.32,
    "round_6": 30.75
  }
}