{
  "process_start_time": 1767680637.201299,
  "process_end_time": 1767680900.024993,
  "total_elapsed_time_seconds": 262.82,
  "rounds_time_stats": {
    "round_1": 30.86,
    "round_2": 44.51,
    "round_3": 47.39,
    "round_4": 45.85,
    "round_5": 45.58,
    "round_6": 48.62
  }
}