{
  "process_start_time": 1767889970.9910314,
  "process_end_time": 1767889994.3162205,
  "total_elapsed_time_seconds": 23.33,
  "rounds_time_stats": {
    "round_1": 10.49,
    "round_2": 12.83
  }
}