{
  "process_start_time": 1767682717.5364645,
  "process_end_time": 1767682966.0599935,
  "total_elapsed_time_seconds": 248.52,
  "rounds_time_stats": {
    "round_1": 45.72,
    "round_2": 43.05,
    "round_3": 33.78,
    "round_4": 47.91,
    "round_5": 42.95,
    "round_6": 35.11
  }
}