{
  "process_start_time": 1768107937.1153138,
  "process_end_time": 1768108178.7974625,
  "total_elapsed_time_seconds": 241.68,
  "rounds_time_stats": {
    "round_1": 26.27,
    "round_2": 37.46,
    "round_3": 42.39,
    "round_4": 42.85,
    "round_5": 46.97,
    "round_6": 45.74
  }
}