{
  "process_start_time": 1767885080.4503064,
  "process_end_time": 1767885112.4159505,
  "total_elapsed_time_seconds": 31.97,
  "rounds_time_stats": {
    "round_1": 17.58,
    "round_2": 13.98,
    "round_3": 0.39
  }
}