{
  "process_start_time": 1768550687.9453425,
  "process_end_time": 1768550948.6306224,
  "total_elapsed_time_seconds": 260.69,
  "rounds_time_stats": {
    "round_1": 46.34,
    "round_2": 42.66,
    "round_3": 42.82,
    "round_4": 44.68,
    "round_5": 43.3,
    "round_6": 40.89
  }
}