{
  "process_start_time": 1767969222.5115464,
  "process_end_time": 1767969561.1400926,
  "total_elapsed_time_seconds": 338.63,
  "rounds_time_stats": {
    "round_1": 33.27,
    "round_2": 76.96,
    "round_3": 50.47,
    "round_4": 75.93,
    "round_5": 51.75,
    "round_6": 50.24
  }
}