{
  "process_start_time": 1767681193.1757793,
  "process_end_time": 1767681495.4290075,
  "total_elapsed_time_seconds": 302.25,
  "rounds_time_stats": {
    "round_1": 33.34,
    "round_2": 45.38,
    "round_3": 44.35,
    "round_4": 55.85,
    "round_5": 80.45,
    "round_6": 42.88
  }
}