{
  "process_start_time": 1768551132.560354,
  "process_end_time": 1768551281.6955948,
  "total_elapsed_time_seconds": 149.14,
  "rounds_time_stats": {
    "round_1": 22.93,
    "round_2": 27.58,
    "round_3": 23.05,
    "round_4": 24.46,
    "round_5": 23.92,
    "round_6": 27.19
  }
}