{
  "process_start_time": 1767885213.4290144,
  "process_end_time": 1767885360.893205,
  "total_elapsed_time_seconds": 147.46,
  "rounds_time_stats": {
    "round_1": 23.88,
    "round_2": 23.01,
    "round_3": 24.28,
    "round_4": 24.57,
    "round_5": 24.81,
    "round_6": 26.91
  }
}