{
  "process_start_time": 1767888459.6519186,
  "process_end_time": 1767888483.3386054,
  "total_elapsed_time_seconds": 23.69,
  "rounds_time_stats": {
    "round_1": 23.68
  }
}