{
  "process_start_time": 1767889954.7342513,
  "process_end_time": 1767889965.257327,
  "total_elapsed_time_seconds": 10.52,
  "rounds_time_stats": {
    "round_1": 10.52
  }
}