{
  "process_start_time": 1767884447.3334162,
  "process_end_time": 1767884475.9427526,
  "total_elapsed_time_seconds": 28.61,
  "rounds_time_stats": {
    "round_1": 28.61
  }
}