{
  "process_start_time": 1767682452.1177235,
  "process_end_time": 1767682729.001298,
  "total_elapsed_time_seconds": 276.88,
  "rounds_time_stats": {
    "round_1": 29.74,
    "round_2": 50.45,
    "round_3": 46.63,
    "round_4": 44.57,
    "round_5": 46.02,
    "round_6": 59.48
  }
}