{
  "process_start_time": 1767684942.573197,
  "process_end_time": 1767685255.2545912,
  "total_elapsed_time_seconds": 312.68,
  "rounds_time_stats": {
    "round_1": 76.36,
    "round_2": 44.46,
    "round_3": 50.64,
    "round_4": 49.75,
    "round_5": 50.13,
    "round_6": 41.34
  }
}