{
  "process_start_time": 1767688724.9787066,
  "process_end_time": 1767689019.56683,
  "total_elapsed_time_seconds": 294.59,
  "rounds_time_stats": {
    "round_1": 47.73,
    "round_2": 48.57,
    "round_3": 60.15,
    "round_4": 46.43,
    "round_5": 46.6,
    "round_6": 45.11
  }
}