{
  "process_start_time": 1767884232.0015454,
  "process_end_time": 1767884284.3244803,
  "total_elapsed_time_seconds": 52.32,
  "rounds_time_stats": {
    "round_1": 26.05,
    "round_2": 26.25
  }
}