{
  "process_start_time": 1767889792.8925333,
  "process_end_time": 1767889819.0408316,
  "total_elapsed_time_seconds": 26.15,
  "rounds_time_stats": {
    "round_1": 26.14
  }
}