{
  "process_start_time": 1767683266.8572316,
  "process_end_time": 1767683527.909731,
  "total_elapsed_time_seconds": 261.05,
  "rounds_time_stats": {
    "round_1": 43.87,
    "round_2": 49.7,
    "round_3": 39.92,
    "round_4": 35.91,
    "round_5": 45.96,
    "round_6": 45.67
  }
}