{
  "process_start_time": 1767690032.5011086,
  "process_end_time": 1767690358.1750364,
  "total_elapsed_time_seconds": 325.67,
  "rounds_time_stats": {
    "round_1": 64.01,
    "round_2": 44.35,
    "round_3": 46.22,
    "round_4": 46.23,
    "round_5": 48.13,
    "round_6": 76.73
  }
}