{
  "process_start_time": 1767976797.3285997,
  "process_end_time": 1767976973.5992377,
  "total_elapsed_time_seconds": 176.27,
  "rounds_time_stats": {
    "round_1": 30.34,
    "round_2": 31.22,
    "round_3": 30.88,
    "round_4": 30.52,
    "round_5": 31.4,
    "round_6": 21.91
  }
}