{
  "process_start_time": 1767685514.3868976,
  "process_end_time": 1767685831.4752612,
  "total_elapsed_time_seconds": 317.09,
  "rounds_time_stats": {
    "round_1": 46.09,
    "round_2": 57.61,
    "round_3": 63.44,
    "round_4": 64.73,
    "round_5": 42.33,
    "round_6": 42.88
  }
}