{
  "process_start_time": 1767885035.404124,
  "process_end_time": 1767885180.4647508,
  "total_elapsed_time_seconds": 145.06,
  "rounds_time_stats": {
    "round_1": 25.78,
    "round_2": 22.13,
    "round_3": 21.52,
    "round_4": 25.06,
    "round_5": 24.51,
    "round_6": 26.07
  }
}