{
  "process_start_time": 1768107778.4742846,
  "process_end_time": 1768108001.9010959,
  "total_elapsed_time_seconds": 223.43,
  "rounds_time_stats": {
    "round_1": 23.22,
    "round_2": 40.71,
    "round_3": 40.79,
    "round_4": 43.4,
    "round_5": 30.23,
    "round_6": 45.08
  }
}