{
  "process_start_time": 1768556324.6213796,
  "process_end_time": 1768556489.5576732,
  "total_elapsed_time_seconds": 164.94,
  "rounds_time_stats": {
    "round_1": 28.68,
    "round_2": 27.79,
    "round_3": 30.75,
    "round_4": 28.33,
    "round_5": 26.84,
    "round_6": 22.55
  }
}