{
  "process_start_time": 1768551744.3870385,
  "process_end_time": 1768551894.0627854,
  "total_elapsed_time_seconds": 149.68,
  "rounds_time_stats": {
    "round_1": 29.37,
    "round_2": 28.57,
    "round_3": 25.38,
    "round_4": 23.81,
    "round_5": 24.55,
    "round_6": 18.0
  }
}