{
  "process_start_time": 1767973270.7913878,
  "process_end_time": 1767973452.370118,
  "total_elapsed_time_seconds": 181.58,
  "rounds_time_stats": {
    "round_1": 21.17,
    "round_2": 31.21,
    "round_3": 31.69,
    "round_4": 35.01,
    "round_5": 31.11,
    "round_6": 31.39
  }
}