{
  "process_start_time": 1767678889.3445992,
  "process_end_time": 1767678954.042687,
  "total_elapsed_time_seconds": 64.7,
  "rounds_time_stats": {
    "round_1": 64.66
  }
}