{
  "process_start_time": 1768552613.5006413,
  "process_end_time": 1768552822.1972592,
  "total_elapsed_time_seconds": 208.7,
  "rounds_time_stats": {
    "round_1": 32.99,
    "round_2": 41.46,
    "round_3": 44.17,
    "round_4": 23.91,
    "round_5": 50.94,
    "round_6": 15.23
  }
}