{
  "process_start_time": 1767680350.3149753,
  "process_end_time": 1767680609.6294992,
  "total_elapsed_time_seconds": 259.31,
  "rounds_time_stats": {
    "round_1": 39.99,
    "round_2": 42.81,
    "round_3": 50.81,
    "round_4": 44.82,
    "round_5": 40.68,
    "round_6": 40.21
  }
}