{
  "process_start_time": 1767889497.9967349,
  "process_end_time": 1767889511.3877027,
  "total_elapsed_time_seconds": 13.39,
  "rounds_time_stats": {
    "round_1": 13.39
  }
}