{
  "process_start_time": 1768116797.9122484,
  "process_end_time": 1768117032.2349703,
  "total_elapsed_time_seconds": 234.32,
  "rounds_time_stats": {
    "round_1": 28.11,
    "round_2": 33.82,
    "round_3": 46.29,
    "round_4": 36.08,
    "round_5": 46.06,
    "round_6": 43.95
  }
}