{
  "process_start_time": 1767886774.5324728,
  "process_end_time": 1767886887.4655411,
  "total_elapsed_time_seconds": 112.93,
  "rounds_time_stats": {
    "round_1": 24.4,
    "round_2": 14.63,
    "round_3": 17.16,
    "round_4": 18.73,
    "round_5": 19.74,
    "round_6": 18.26
  }
}