{
  "process_start_time": 1767889948.9994607,
  "process_end_time": 1767889958.669543,
  "total_elapsed_time_seconds": 9.67,
  "rounds_time_stats": {
    "round_1": 9.67
  }
}