{
  "process_start_time": 1768555772.2830048,
  "process_end_time": 1768555949.7513676,
  "total_elapsed_time_seconds": 177.47,
  "rounds_time_stats": {
    "round_1": 29.26,
    "round_2": 29.63,
    "round_3": 27.89,
    "round_4": 30.63,
    "round_5": 29.19,
    "round_6": 30.86
  }
}