{
  "process_start_time": 1767887079.321673,
  "process_end_time": 1767887168.3606303,
  "total_elapsed_time_seconds": 89.04,
  "rounds_time_stats": {
    "round_1": 12.28,
    "round_2": 13.8,
    "round_3": 12.87,
    "round_4": 19.09,
    "round_5": 16.62,
    "round_6": 14.38
  }
}