{
  "process_start_time": 1767975536.2670214,
  "process_end_time": 1767975622.2462227,
  "total_elapsed_time_seconds": 85.98,
  "rounds_time_stats": {
    "round_1": 39.78,
    "round_2": 46.18
  }
}