{
  "process_start_time": 1767883946.0756626,
  "process_end_time": 1767883963.1867635,
  "total_elapsed_time_seconds": 17.11,
  "rounds_time_stats": {
    "round_1": 17.1
  }
}