{
  "process_start_time": 1767685562.2182336,
  "process_end_time": 1767685806.306039,
  "total_elapsed_time_seconds": 244.09,
  "rounds_time_stats": {
    "round_1": 34.06,
    "round_2": 40.67,
    "round_3": 43.95,
    "round_4": 43.77,
    "round_5": 37.94,
    "round_6": 43.69
  }
}