{
  "process_start_time": 1767890870.9927125,
  "process_end_time": 1767890889.6374223,
  "total_elapsed_time_seconds": 18.64,
  "rounds_time_stats": {
    "round_1": 18.55,
    "round_2": 0.1
  }
}