{
  "process_start_time": 1767888133.8772733,
  "process_end_time": 1767888145.2782593,
  "total_elapsed_time_seconds": 11.4,
  "rounds_time_stats": {
    "round_1": 11.4
  }
}