{
  "process_start_time": 1767976125.0002916,
  "process_end_time": 1767976309.6912103,
  "total_elapsed_time_seconds": 184.69,
  "rounds_time_stats": {
    "round_1": 30.73,
    "round_2": 31.13,
    "round_3": 32.29,
    "round_4": 31.28,
    "round_5": 30.61,
    "round_6": 28.64
  }
}