{
  "process_start_time": 1767885843.2352688,
  "process_end_time": 1767885864.5535614,
  "total_elapsed_time_seconds": 21.32,
  "rounds_time_stats": {
    "round_1": 21.31
  }
}