{
  "process_start_time": 1767885794.1957943,
  "process_end_time": 1767885828.8171456,
  "total_elapsed_time_seconds": 34.62,
  "rounds_time_stats": {
    "round_1": 15.11,
    "round_2": 19.5
  }
}