{
  "process_start_time": 1767973316.291743,
  "process_end_time": 1767973460.0734894,
  "total_elapsed_time_seconds": 143.78,
  "rounds_time_stats": {
    "round_1": 46.59,
    "round_2": 50.39,
    "round_3": 46.79
  }
}