{
  "process_start_time": 1767687592.4895823,
  "process_end_time": 1767687874.512814,
  "total_elapsed_time_seconds": 282.02,
  "rounds_time_stats": {
    "round_1": 43.38,
    "round_2": 43.63,
    "round_3": 43.86,
    "round_4": 63.51,
    "round_5": 45.72,
    "round_6": 41.93
  }
}