{
  "process_start_time": 1767682669.3550248,
  "process_end_time": 1767682949.6133678,
  "total_elapsed_time_seconds": 280.26,
  "rounds_time_stats": {
    "round_1": 45.77,
    "round_2": 47.9,
    "round_3": 42.61,
    "round_4": 49.35,
    "round_5": 45.19,
    "round_6": 49.43
  }
}