{
  "process_start_time": 1767691407.043201,
  "process_end_time": 1767691726.9806306,
  "total_elapsed_time_seconds": 319.94,
  "rounds_time_stats": {
    "round_1": 78.38,
    "round_2": 54.96,
    "round_3": 46.63,
    "round_4": 47.53,
    "round_5": 48.35,
    "round_6": 44.09
  }
}