{
  "process_start_time": 1767882955.6723924,
  "process_end_time": 1767883023.2751994,
  "total_elapsed_time_seconds": 67.6,
  "rounds_time_stats": {
    "round_1": 22.73,
    "round_2": 14.23,
    "round_3": 14.41,
    "round_4": 15.91,
    "round_5": 0.32
  }
}