{
  "process_start_time": 1767886461.0277872,
  "process_end_time": 1767886473.0350742,
  "total_elapsed_time_seconds": 12.01,
  "rounds_time_stats": {
    "round_1": 12.0
  }
}