{
  "process_start_time": 1767688541.490049,
  "process_end_time": 1767688837.591275,
  "total_elapsed_time_seconds": 296.1,
  "rounds_time_stats": {
    "round_1": 48.89,
    "round_2": 50.09,
    "round_3": 46.78,
    "round_4": 50.89,
    "round_5": 51.08,
    "round_6": 48.35
  }
}