{
  "process_start_time": 1768108224.2637663,
  "process_end_time": 1768108461.7840905,
  "total_elapsed_time_seconds": 237.52,
  "rounds_time_stats": {
    "round_1": 25.38,
    "round_2": 34.69,
    "round_3": 43.43,
    "round_4": 42.75,
    "round_5": 48.05,
    "round_6": 43.22
  }
}