{
  "process_start_time": 1767885801.8278885,
  "process_end_time": 1767885819.1903865,
  "total_elapsed_time_seconds": 17.36,
  "rounds_time_stats": {
    "round_1": 17.36
  }
}