{
  "process_start_time": 1767884008.804009,
  "process_end_time": 1767884030.4444304,
  "total_elapsed_time_seconds": 21.64,
  "rounds_time_stats": {
    "round_1": 21.64
  }
}