{
  "process_start_time": 1768117095.6448479,
  "process_end_time": 1768117363.997466,
  "total_elapsed_time_seconds": 268.35,
  "rounds_time_stats": {
    "round_1": 34.02,
    "round_2": 48.55,
    "round_3": 46.71,
    "round_4": 47.55,
    "round_5": 45.95,
    "round_6": 45.57
  }
}