{
  "process_start_time": 1767975313.8473592,
  "process_end_time": 1767975499.9095268,
  "total_elapsed_time_seconds": 186.06,
  "rounds_time_stats": {
    "round_1": 35.73,
    "round_2": 29.18,
    "round_3": 29.39,
    "round_4": 27.42,
    "round_5": 30.55,
    "round_6": 33.79
  }
}