{
  "process_start_time": 1768556228.7430422,
  "process_end_time": 1768556394.5528955,
  "total_elapsed_time_seconds": 165.81,
  "rounds_time_stats": {
    "round_1": 25.7,
    "round_2": 31.51,
    "round_3": 30.15,
    "round_4": 29.41,
    "round_5": 29.08,
    "round_6": 19.95
  }
}