{
  "process_start_time": 1767882890.7308168,
  "process_end_time": 1767882917.965163,
  "total_elapsed_time_seconds": 27.23,
  "rounds_time_stats": {
    "round_1": 26.79,
    "round_2": 0.44
  }
}