{
  "process_start_time": 1767973452.915352,
  "process_end_time": 1767973704.285855,
  "total_elapsed_time_seconds": 251.37,
  "rounds_time_stats": {
    "round_1": 43.19,
    "round_2": 39.75,
    "round_3": 40.74,
    "round_4": 45.77,
    "round_5": 39.63,
    "round_6": 42.29
  }
}