{
  "process_start_time": 1767678073.9458518,
  "process_end_time": 1767678388.0612102,
  "total_elapsed_time_seconds": 314.12,
  "rounds_time_stats": {
    "round_1": 82.97,
    "round_2": 46.69,
    "round_3": 44.74,
    "round_4": 42.87,
    "round_5": 49.22,
    "round_6": 47.61
  }
}