{
  "process_start_time": 1767890533.4848044,
  "process_end_time": 1767890574.2154727,
  "total_elapsed_time_seconds": 40.73,
  "rounds_time_stats": {
    "round_1": 21.55,
    "round_2": 18.99,
    "round_3": 0.18
  }
}