{
  "process_start_time": 1767886211.6677158,
  "process_end_time": 1767886233.7186441,
  "total_elapsed_time_seconds": 22.05,
  "rounds_time_stats": {
    "round_1": 22.05
  }
}