{
  "process_start_time": 1768748393.5652442,
  "process_end_time": 1768748591.4488537,
  "total_elapsed_time_seconds": 197.88,
  "rounds_time_stats": {
    "round_1": 36.79,
    "round_2": 30.34,
    "round_3": 32.24,
    "round_4": 33.57,
    "round_5": 33.26,
    "round_6": 31.68
  }
}