{
  "process_start_time": 1767976280.34834,
  "process_end_time": 1767976317.9044435,
  "total_elapsed_time_seconds": 37.56,
  "rounds_time_stats": {
    "round_1": 37.53
  }
}