{
  "process_start_time": 1768556115.4031706,
  "process_end_time": 1768556303.0275126,
  "total_elapsed_time_seconds": 187.62,
  "rounds_time_stats": {
    "round_1": 32.39,
    "round_2": 25.03,
    "round_3": 27.79,
    "round_4": 38.09,
    "round_5": 28.88,
    "round_6": 35.44
  }
}