{
  "process_start_time": 1767887885.330053,
  "process_end_time": 1767888003.6522677,
  "total_elapsed_time_seconds": 118.32,
  "rounds_time_stats": {
    "round_1": 21.75,
    "round_2": 23.47,
    "round_3": 18.38,
    "round_4": 20.92,
    "round_5": 17.64,
    "round_6": 16.16
  }
}