{
  "process_start_time": 1767685916.0280995,
  "process_end_time": 1767685983.9258132,
  "total_elapsed_time_seconds": 67.9,
  "rounds_time_stats": {
    "round_1": 67.76
  }
}