{
  "process_start_time": 1768552090.3688803,
  "process_end_time": 1768552247.945988,
  "total_elapsed_time_seconds": 157.58,
  "rounds_time_stats": {
    "round_1": 28.44,
    "round_2": 29.01,
    "round_3": 26.59,
    "round_4": 27.51,
    "round_5": 25.89,
    "round_6": 20.13
  }
}