{
  "process_start_time": 1767888043.1103988,
  "process_end_time": 1767888067.050302,
  "total_elapsed_time_seconds": 23.94,
  "rounds_time_stats": {
    "round_1": 23.94
  }
}