{
  "process_start_time": 1767970265.868295,
  "process_end_time": 1767970487.6102717,
  "total_elapsed_time_seconds": 221.74,
  "rounds_time_stats": {
    "round_1": 23.24,
    "round_2": 39.56,
    "round_3": 45.94,
    "round_4": 39.81,
    "round_5": 39.01,
    "round_6": 34.17
  }
}