{
  "process_start_time": 1767885274.2212467,
  "process_end_time": 1767885291.256555,
  "total_elapsed_time_seconds": 17.04,
  "rounds_time_stats": {
    "round_1": 17.03
  }
}