{
  "process_start_time": 1767884329.6418881,
  "process_end_time": 1767884460.5677083,
  "total_elapsed_time_seconds": 130.93,
  "rounds_time_stats": {
    "round_1": 15.48,
    "round_2": 25.73,
    "round_3": 22.39,
    "round_4": 14.53,
    "round_5": 27.3,
    "round_6": 25.5
  }
}