{
  "process_start_time": 1768550504.3496697,
  "process_end_time": 1768550746.4966598,
  "total_elapsed_time_seconds": 242.15,
  "rounds_time_stats": {
    "round_1": 34.51,
    "round_2": 30.71,
    "round_3": 43.87,
    "round_4": 43.55,
    "round_5": 47.88,
    "round_6": 41.62
  }
}