{
  "process_start_time": 1767886474.2852762,
  "process_end_time": 1767886499.4197266,
  "total_elapsed_time_seconds": 25.13,
  "rounds_time_stats": {
    "round_1": 25.13
  }
}