{
  "process_start_time": 1767885134.3780289,
  "process_end_time": 1767885313.663084,
  "total_elapsed_time_seconds": 179.29,
  "rounds_time_stats": {
    "round_1": 25.65,
    "round_2": 23.47,
    "round_3": 29.89,
    "round_4": 29.13,
    "round_5": 27.34,
    "round_6": 43.81
  }
}