{
  "process_start_time": 1768748393.561002,
  "process_end_time": 1768748590.0814219,
  "total_elapsed_time_seconds": 196.52,
  "rounds_time_stats": {
    "round_1": 34.67,
    "round_2": 33.13,
    "round_3": 30.72,
    "round_4": 33.83,
    "round_5": 33.71,
    "round_6": 30.45
  }
}