{
  "process_start_time": 1768109022.341004,
  "process_end_time": 1768109276.1312857,
  "total_elapsed_time_seconds": 253.79,
  "rounds_time_stats": {
    "round_1": 49.67,
    "round_2": 45.68,
    "round_3": 41.5,
    "round_4": 31.83,
    "round_5": 45.24,
    "round_6": 39.86
  }
}