{
  "process_start_time": 1767887743.0661764,
  "process_end_time": 1767887904.8608134,
  "total_elapsed_time_seconds": 161.79,
  "rounds_time_stats": {
    "round_1": 20.25,
    "round_2": 19.91,
    "round_3": 24.07,
    "round_4": 43.78,
    "round_5": 53.77
  }
}