{
  "process_start_time": 1767687310.3338425,
  "process_end_time": 1767687578.6759832,
  "total_elapsed_time_seconds": 268.34,
  "rounds_time_stats": {
    "round_1": 43.91,
    "round_2": 45.9,
    "round_3": 35.58,
    "round_4": 45.78,
    "round_5": 52.64,
    "round_6": 44.54
  }
}