{
  "process_start_time": 1767882968.709087,
  "process_end_time": 1767883154.1950834,
  "total_elapsed_time_seconds": 185.49,
  "rounds_time_stats": {
    "round_1": 24.81,
    "round_2": 23.4,
    "round_3": 30.52,
    "round_4": 34.66,
    "round_5": 34.54,
    "round_6": 37.55
  }
}