{
  "process_start_time": 1768555328.2965522,
  "process_end_time": 1768555371.984022,
  "total_elapsed_time_seconds": 43.69,
  "rounds_time_stats": {
    "round_1": 43.66
  }
}