{
  "process_start_time": 1768116745.209745,
  "process_end_time": 1768117019.5397005,
  "total_elapsed_time_seconds": 274.33,
  "rounds_time_stats": {
    "round_1": 42.93,
    "round_2": 45.11,
    "round_3": 45.42,
    "round_4": 47.34,
    "round_5": 48.76,
    "round_6": 44.76
  }
}