{
  "process_start_time": 1767973270.793984,
  "process_end_time": 1767973437.8685856,
  "total_elapsed_time_seconds": 167.07,
  "rounds_time_stats": {
    "round_1": 22.59,
    "round_2": 30.07,
    "round_3": 17.49,
    "round_4": 31.51,
    "round_5": 29.61,
    "round_6": 35.8
  }
}