{
  "process_start_time": 1768550388.6210396,
  "process_end_time": 1768550704.5708675,
  "total_elapsed_time_seconds": 315.95,
  "rounds_time_stats": {
    "round_1": 66.9,
    "round_2": 54.66,
    "round_3": 41.17,
    "round_4": 48.12,
    "round_5": 59.16,
    "round_6": 45.94
  }
}