{
  "process_start_time": 1767849999.4772172,
  "process_end_time": 1767850145.3225641,
  "total_elapsed_time_seconds": 145.85,
  "rounds_time_stats": {
    "round_1": 10.87,
    "round_2": 26.34,
    "round_3": 24.51,
    "round_4": 30.25,
    "round_5": 27.9,
    "round_6": 25.97
  }
}