{
  "process_start_time": 1767889957.0270996,
  "process_end_time": 1767889969.0971143,
  "total_elapsed_time_seconds": 12.07,
  "rounds_time_stats": {
    "round_1": 12.07
  }
}