{
  "process_start_time": 1767883606.728744,
  "process_end_time": 1767883623.6693685,
  "total_elapsed_time_seconds": 16.94,
  "rounds_time_stats": {
    "round_1": 16.94
  }
}