{
  "process_start_time": 1767975136.2553072,
  "process_end_time": 1767975342.2421935,
  "total_elapsed_time_seconds": 205.99,
  "rounds_time_stats": {
    "round_1": 25.96,
    "round_2": 26.69,
    "round_3": 40.47,
    "round_4": 36.15,
    "round_5": 39.77,
    "round_6": 36.93
  }
}