{
  "process_start_time": 1768555968.1873264,
  "process_end_time": 1768556124.9059317,
  "total_elapsed_time_seconds": 156.72,
  "rounds_time_stats": {
    "round_1": 26.56,
    "round_2": 27.19,
    "round_3": 31.14,
    "round_4": 26.15,
    "round_5": 22.38,
    "round_6": 23.29
  }
}