{
  "process_start_time": 1767887010.704815,
  "process_end_time": 1767887079.7543173,
  "total_elapsed_time_seconds": 69.05,
  "rounds_time_stats": {
    "round_1": 36.02,
    "round_2": 33.02
  }
}