{
  "process_start_time": 1768117508.0606213,
  "process_end_time": 1768117794.2133098,
  "total_elapsed_time_seconds": 286.15,
  "rounds_time_stats": {
    "round_1": 50.2,
    "round_2": 62.51,
    "round_3": 48.25,
    "round_4": 44.19,
    "round_5": 45.04,
    "round_6": 35.96
  }
}