{
  "process_start_time": 1767978341.7710962,
  "process_end_time": 1767978519.2926233,
  "total_elapsed_time_seconds": 177.52,
  "rounds_time_stats": {
    "round_1": 25.22,
    "round_2": 28.16,
    "round_3": 25.8,
    "round_4": 33.17,
    "round_5": 30.94,
    "round_6": 34.23
  }
}