{
  "process_start_time": 1767885735.396571,
  "process_end_time": 1767885761.876123,
  "total_elapsed_time_seconds": 26.48,
  "rounds_time_stats": {
    "round_1": 26.48
  }
}