{
  "process_start_time": 1767886681.5228584,
  "process_end_time": 1767886769.6240764,
  "total_elapsed_time_seconds": 88.1,
  "rounds_time_stats": {
    "round_1": 15.06,
    "round_2": 15.2,
    "round_3": 13.1,
    "round_4": 11.92,
    "round_5": 18.64,
    "round_6": 14.19
  }
}