{
  "process_start_time": 1767885649.816273,
  "process_end_time": 1767885800.2194273,
  "total_elapsed_time_seconds": 150.4,
  "rounds_time_stats": {
    "round_1": 14.76,
    "round_2": 25.41,
    "round_3": 26.97,
    "round_4": 35.53,
    "round_5": 23.9,
    "round_6": 23.83
  }
}