{
  "process_start_time": 1767978777.4290857,
  "process_end_time": 1767978951.3046901,
  "total_elapsed_time_seconds": 173.88,
  "rounds_time_stats": {
    "round_1": 23.11,
    "round_2": 28.79,
    "round_3": 31.17,
    "round_4": 28.27,
    "round_5": 30.07,
    "round_6": 32.47
  }
}