{
  "process_start_time": 1767889112.379496,
  "process_end_time": 1767889121.353054,
  "total_elapsed_time_seconds": 8.97,
  "rounds_time_stats": {
    "round_1": 8.97
  }
}