{
  "process_start_time": 1767678623.6470418,
  "process_end_time": 1767678908.8198814,
  "total_elapsed_time_seconds": 285.17,
  "rounds_time_stats": {
    "round_1": 48.6,
    "round_2": 42.82,
    "round_3": 46.72,
    "round_4": 44.87,
    "round_5": 50.23,
    "round_6": 51.94
  }
}