{
  "process_start_time": 1768116427.5740135,
  "process_end_time": 1768116638.0285738,
  "total_elapsed_time_seconds": 210.45,
  "rounds_time_stats": {
    "round_1": 35.58,
    "round_2": 32.11,
    "round_3": 42.56,
    "round_4": 37.49,
    "round_5": 29.75,
    "round_6": 32.96
  }
}