{
  "process_start_time": 1767683514.6361177,
  "process_end_time": 1767683808.6359594,
  "total_elapsed_time_seconds": 294.0,
  "rounds_time_stats": {
    "round_1": 45.93,
    "round_2": 78.91,
    "round_3": 46.74,
    "round_4": 41.18,
    "round_5": 35.75,
    "round_6": 45.49
  }
}