{
  "process_start_time": 1767888462.3815715,
  "process_end_time": 1767888503.9176896,
  "total_elapsed_time_seconds": 41.54,
  "rounds_time_stats": {
    "round_1": 21.82,
    "round_2": 19.55,
    "round_3": 0.16
  }
}