{
  "process_start_time": 1767683251.0132499,
  "process_end_time": 1767683558.7668738,
  "total_elapsed_time_seconds": 307.75,
  "rounds_time_stats": {
    "round_1": 76.61,
    "round_2": 47.44,
    "round_3": 48.76,
    "round_4": 38.99,
    "round_5": 36.99,
    "round_6": 58.96
  }
}