{
  "process_start_time": 1767883021.438491,
  "process_end_time": 1767883096.4499545,
  "total_elapsed_time_seconds": 75.01,
  "rounds_time_stats": {
    "round_1": 14.31,
    "round_2": 28.77,
    "round_3": 31.93
  }
}