{
  "process_start_time": 1767888753.2574432,
  "process_end_time": 1767888795.5215929,
  "total_elapsed_time_seconds": 42.26,
  "rounds_time_stats": {
    "round_1": 21.61,
    "round_2": 20.65
  }
}