{
  "process_start_time": 1767676388.62729,
  "process_end_time": 1767676692.5922163,
  "total_elapsed_time_seconds": 303.96,
  "rounds_time_stats": {
    "round_1": 47.6,
    "round_2": 74.1,
    "round_3": 45.97,
    "round_4": 45.96,
    "round_5": 43.65,
    "round_6": 46.67
  }
}