{
  "process_start_time": 1767889681.0773838,
  "process_end_time": 1767889695.7806067,
  "total_elapsed_time_seconds": 14.7,
  "rounds_time_stats": {
    "round_1": 14.7
  }
}