{
  "process_start_time": 1767676251.016859,
  "process_end_time": 1767676511.7616127,
  "total_elapsed_time_seconds": 260.74,
  "rounds_time_stats": {
    "round_1": 47.09,
    "round_2": 44.4,
    "round_3": 30.52,
    "round_4": 46.89,
    "round_5": 47.13,
    "round_6": 44.71
  }
}