{
  "process_start_time": 1767888577.0117927,
  "process_end_time": 1767888605.271682,
  "total_elapsed_time_seconds": 28.26,
  "rounds_time_stats": {
    "round_1": 28.26
  }
}