{
  "process_start_time": 1767884700.3246486,
  "process_end_time": 1767884715.9715047,
  "total_elapsed_time_seconds": 15.65,
  "rounds_time_stats": {
    "round_1": 15.64
  }
}