{
  "process_start_time": 1767890108.7113626,
  "process_end_time": 1767890183.2251751,
  "total_elapsed_time_seconds": 74.51,
  "rounds_time_stats": {
    "round_1": 18.79,
    "round_2": 27.5,
    "round_3": 28.22
  }
}