{
  "process_start_time": 1767889517.6537702,
  "process_end_time": 1767889529.7527516,
  "total_elapsed_time_seconds": 12.1,
  "rounds_time_stats": {
    "round_1": 12.1
  }
}