{
  "process_start_time": 1767889054.5789213,
  "process_end_time": 1767889076.023992,
  "total_elapsed_time_seconds": 21.45,
  "rounds_time_stats": {
    "round_1": 21.44
  }
}