{
  "process_start_time": 1767890381.2529483,
  "process_end_time": 1767890404.1284099,
  "total_elapsed_time_seconds": 22.88,
  "rounds_time_stats": {
    "round_1": 22.87
  }
}