{
  "process_start_time": 1767974308.140371,
  "process_end_time": 1767974688.7825427,
  "total_elapsed_time_seconds": 380.64,
  "rounds_time_stats": {
    "round_1": 42.4,
    "round_2": 42.3,
    "round_3": 82.07,
    "round_4": 65.99,
    "round_5": 95.27,
    "round_6": 52.61
  }
}