{
  "process_start_time": 1767888037.6649573,
  "process_end_time": 1767888059.5099268,
  "total_elapsed_time_seconds": 21.84,
  "rounds_time_stats": {
    "round_1": 21.84
  }
}