{
  "process_start_time": 1767885304.491299,
  "process_end_time": 1767885322.051753,
  "total_elapsed_time_seconds": 17.56,
  "rounds_time_stats": {
    "round_1": 17.55
  }
}