{
  "process_start_time": 1767886092.965317,
  "process_end_time": 1767886108.7063212,
  "total_elapsed_time_seconds": 15.74,
  "rounds_time_stats": {
    "round_1": 15.74
  }
}