{
  "process_start_time": 1767886459.3119137,
  "process_end_time": 1767886472.0912037,
  "total_elapsed_time_seconds": 12.78,
  "rounds_time_stats": {
    "round_1": 12.77
  }
}