{
  "process_start_time": 1767887093.1886249,
  "process_end_time": 1767887222.7658935,
  "total_elapsed_time_seconds": 129.58,
  "rounds_time_stats": {
    "round_1": 13.59,
    "round_2": 27.64,
    "round_3": 17.1,
    "round_4": 32.6,
    "round_5": 12.02,
    "round_6": 26.61
  }
}