{
  "process_start_time": 1767882890.730637,
  "process_end_time": 1767882928.1018422,
  "total_elapsed_time_seconds": 37.37,
  "rounds_time_stats": {
    "round_1": 37.35
  }
}