{
  "process_start_time": 1767975932.785227,
  "process_end_time": 1767976114.6245563,
  "total_elapsed_time_seconds": 181.84,
  "rounds_time_stats": {
    "round_1": 28.62,
    "round_2": 28.51,
    "round_3": 32.46,
    "round_4": 31.93,
    "round_5": 30.15,
    "round_6": 30.18
  }
}