{
  "process_start_time": 1768108977.0875974,
  "process_end_time": 1768109235.8908782,
  "total_elapsed_time_seconds": 258.8,
  "rounds_time_stats": {
    "round_1": 47.11,
    "round_2": 47.55,
    "round_3": 45.74,
    "round_4": 43.27,
    "round_5": 29.21,
    "round_6": 45.93
  }
}