{
  "process_start_time": 1767691728.609753,
  "process_end_time": 1767691824.753691,
  "total_elapsed_time_seconds": 96.14,
  "rounds_time_stats": {
    "round_1": 35.23,
    "round_2": 60.89
  }
}