{
  "process_start_time": 1768116799.9594567,
  "process_end_time": 1768117096.9462008,
  "total_elapsed_time_seconds": 296.99,
  "rounds_time_stats": {
    "round_1": 45.07,
    "round_2": 47.52,
    "round_3": 48.51,
    "round_4": 62.16,
    "round_5": 47.36,
    "round_6": 46.37
  }
}