{
  "process_start_time": 1767888198.6009042,
  "process_end_time": 1767888241.7426465,
  "total_elapsed_time_seconds": 43.14,
  "rounds_time_stats": {
    "round_1": 43.11
  }
}