{
  "process_start_time": 1767686727.6129777,
  "process_end_time": 1767687062.3407552,
  "total_elapsed_time_seconds": 334.73,
  "rounds_time_stats": {
    "round_1": 80.0,
    "round_2": 45.84,
    "round_3": 56.82,
    "round_4": 62.47,
    "round_5": 37.41,
    "round_6": 52.19
  }
}