{
  "process_start_time": 1768555514.849373,
  "process_end_time": 1768555685.5764108,
  "total_elapsed_time_seconds": 170.73,
  "rounds_time_stats": {
    "round_1": 26.71,
    "round_2": 28.28,
    "round_3": 28.66,
    "round_4": 29.85,
    "round_5": 30.14,
    "round_6": 27.09
  }
}