{
  "process_start_time": 1767888194.7546709,
  "process_end_time": 1767888261.915802,
  "total_elapsed_time_seconds": 67.16,
  "rounds_time_stats": {
    "round_1": 21.13,
    "round_2": 24.07,
    "round_3": 21.95
  }
}