{
  "process_start_time": 1767886772.0301008,
  "process_end_time": 1767886896.9622643,
  "total_elapsed_time_seconds": 124.93,
  "rounds_time_stats": {
    "round_1": 18.26,
    "round_2": 28.88,
    "round_3": 14.3,
    "round_4": 18.4,
    "round_5": 22.32,
    "round_6": 22.76
  }
}