{
  "process_start_time": 1767973961.5339952,
  "process_end_time": 1767974271.0558207,
  "total_elapsed_time_seconds": 309.52,
  "rounds_time_stats": {
    "round_1": 22.42,
    "round_2": 30.19,
    "round_3": 59.72,
    "round_4": 86.12,
    "round_5": 40.42,
    "round_6": 70.66
  }
}