{
  "process_start_time": 1767888152.829791,
  "process_end_time": 1767888194.7452397,
  "total_elapsed_time_seconds": 41.92,
  "rounds_time_stats": {
    "round_1": 17.8,
    "round_2": 24.1
  }
}