{
  "process_start_time": 1768551962.595947,
  "process_end_time": 1768552108.456632,
  "total_elapsed_time_seconds": 145.86,
  "rounds_time_stats": {
    "round_1": 27.2,
    "round_2": 22.35,
    "round_3": 22.19,
    "round_4": 25.25,
    "round_5": 21.73,
    "round_6": 27.15
  }
}