{
  "process_start_time": 1767889624.781011,
  "process_end_time": 1767889709.5555282,
  "total_elapsed_time_seconds": 84.77,
  "rounds_time_stats": {
    "round_1": 10.21,
    "round_2": 13.83,
    "round_3": 14.56,
    "round_4": 13.07,
    "round_5": 12.85,
    "round_6": 20.25
  }
}