{
  "process_start_time": 1768114752.8701098,
  "process_end_time": 1768115053.9956431,
  "total_elapsed_time_seconds": 301.13,
  "rounds_time_stats": {
    "round_1": 30.42,
    "round_2": 64.03,
    "round_3": 49.26,
    "round_4": 50.83,
    "round_5": 46.21,
    "round_6": 60.37
  }
}