{
  "process_start_time": 1768549937.2294705,
  "process_end_time": 1768550211.3768156,
  "total_elapsed_time_seconds": 274.15,
  "rounds_time_stats": {
    "round_1": 36.38,
    "round_2": 41.63,
    "round_3": 58.46,
    "round_4": 42.57,
    "round_5": 47.96,
    "round_6": 47.15
  }
}