{
  "process_start_time": 1767889966.3037944,
  "process_end_time": 1767889982.8849146,
  "total_elapsed_time_seconds": 16.58,
  "rounds_time_stats": {
    "round_1": 16.58
  }
}