{
  "process_start_time": 1768114699.9956312,
  "process_end_time": 1768114977.1278884,
  "total_elapsed_time_seconds": 277.13,
  "rounds_time_stats": {
    "round_1": 29.06,
    "round_2": 59.89,
    "round_3": 40.82,
    "round_4": 47.9,
    "round_5": 50.12,
    "round_6": 49.34
  }
}