{
  "process_start_time": 1767888469.9838572,
  "process_end_time": 1767888518.5960367,
  "total_elapsed_time_seconds": 48.61,
  "rounds_time_stats": {
    "round_1": 14.2,
    "round_2": 17.69,
    "round_3": 16.72
  }
}