{
  "process_start_time": 1767888128.0961869,
  "process_end_time": 1767888194.9892974,
  "total_elapsed_time_seconds": 66.89,
  "rounds_time_stats": {
    "round_1": 18.85,
    "round_2": 19.59,
    "round_3": 28.44
  }
}