{
  "process_start_time": 1768555030.189262,
  "process_end_time": 1768555184.4879882,
  "total_elapsed_time_seconds": 154.3,
  "rounds_time_stats": {
    "round_1": 22.44,
    "round_2": 28.02,
    "round_3": 26.11,
    "round_4": 21.04,
    "round_5": 28.22,
    "round_6": 28.47
  }
}