{
  "process_start_time": 1767888790.854535,
  "process_end_time": 1767888842.549592,
  "total_elapsed_time_seconds": 51.7,
  "rounds_time_stats": {
    "round_1": 26.03,
    "round_2": 25.66
  }
}