{
  "process_start_time": 1767978959.7111623,
  "process_end_time": 1767979010.4185054,
  "total_elapsed_time_seconds": 50.71,
  "rounds_time_stats": {
    "round_1": 50.68
  }
}