{
  "process_start_time": 1767888725.1467927,
  "process_end_time": 1767888742.9076014,
  "total_elapsed_time_seconds": 17.76,
  "rounds_time_stats": {
    "round_1": 17.76
  }
}