{
  "process_start_time": 1768108285.772356,
  "process_end_time": 1768108554.2664053,
  "total_elapsed_time_seconds": 268.49,
  "rounds_time_stats": {
    "round_1": 36.31,
    "round_2": 34.31,
    "round_3": 45.44,
    "round_4": 43.12,
    "round_5": 63.6,
    "round_6": 45.71
  }
}