{
  "process_start_time": 1767888535.4219668,
  "process_end_time": 1767888544.2338667,
  "total_elapsed_time_seconds": 8.81,
  "rounds_time_stats": {
    "round_1": 8.81
  }
}