{
  "process_start_time": 1767889363.0064058,
  "process_end_time": 1767889396.1423273,
  "total_elapsed_time_seconds": 33.14,
  "rounds_time_stats": {
    "round_1": 11.81,
    "round_2": 21.32
  }
}