{
  "process_start_time": 1767678373.0126517,
  "process_end_time": 1767678557.0456543,
  "total_elapsed_time_seconds": 184.03,
  "rounds_time_stats": {
    "round_1": 32.87,
    "round_2": 28.34,
    "round_3": 33.22,
    "round_4": 29.09,
    "round_5": 30.21,
    "round_6": 30.29
  }
}