{
  "process_start_time": 1767887956.404813,
  "process_end_time": 1767888014.3136365,
  "total_elapsed_time_seconds": 57.91,
  "rounds_time_stats": {
    "round_1": 9.09,
    "round_2": 19.45,
    "round_3": 15.5,
    "round_4": 13.85
  }
}