{
  "process_start_time": 1767975970.9909813,
  "process_end_time": 1767976135.2587254,
  "total_elapsed_time_seconds": 164.27,
  "rounds_time_stats": {
    "round_1": 21.75,
    "round_2": 29.98,
    "round_3": 23.6,
    "round_4": 28.77,
    "round_5": 29.25,
    "round_6": 30.91
  }
}