{
  "process_start_time": 1767890367.3461788,
  "process_end_time": 1767890379.457122,
  "total_elapsed_time_seconds": 12.11,
  "rounds_time_stats": {
    "round_1": 12.11
  }
}