{
  "process_start_time": 1768551650.4912097,
  "process_end_time": 1768551799.733119,
  "total_elapsed_time_seconds": 149.24,
  "rounds_time_stats": {
    "round_1": 22.99,
    "round_2": 24.55,
    "round_3": 26.8,
    "round_4": 28.74,
    "round_5": 26.25,
    "round_6": 19.91
  }
}