{
  "process_start_time": 1767974392.684379,
  "process_end_time": 1767974732.2136014,
  "total_elapsed_time_seconds": 339.53,
  "rounds_time_stats": {
    "round_1": 76.13,
    "round_2": 45.19,
    "round_3": 52.45,
    "round_4": 52.78,
    "round_5": 43.35,
    "round_6": 69.61
  }
}