{
  "process_start_time": 1767887730.6537151,
  "process_end_time": 1767887806.5586061,
  "total_elapsed_time_seconds": 75.9,
  "rounds_time_stats": {
    "round_1": 21.3,
    "round_2": 20.04,
    "round_3": 14.73,
    "round_4": 19.5,
    "round_5": 0.34
  }
}