{
  "process_start_time": 1767889398.0435104,
  "process_end_time": 1767889429.8358216,
  "total_elapsed_time_seconds": 31.79,
  "rounds_time_stats": {
    "round_1": 15.82,
    "round_2": 15.97
  }
}