{
  "process_start_time": 1767884707.6253376,
  "process_end_time": 1767884854.8449697,
  "total_elapsed_time_seconds": 147.22,
  "rounds_time_stats": {
    "round_1": 20.19,
    "round_2": 37.75,
    "round_3": 20.18,
    "round_4": 22.36,
    "round_5": 23.77,
    "round_6": 22.96
  }
}