{
  "process_start_time": 1767890273.410063,
  "process_end_time": 1767890360.9443245,
  "total_elapsed_time_seconds": 87.53,
  "rounds_time_stats": {
    "round_1": 19.95,
    "round_2": 25.15,
    "round_3": 19.3,
    "round_4": 23.13
  }
}