{
  "process_start_time": 1767687044.8468754,
  "process_end_time": 1767687294.917543,
  "total_elapsed_time_seconds": 250.07,
  "rounds_time_stats": {
    "round_1": 37.56,
    "round_2": 36.25,
    "round_3": 40.14,
    "round_4": 41.76,
    "round_5": 47.77,
    "round_6": 46.59
  }
}