{
  "process_start_time": 1767975762.437029,
  "process_end_time": 1767975932.1200309,
  "total_elapsed_time_seconds": 169.68,
  "rounds_time_stats": {
    "round_1": 26.72,
    "round_2": 34.07,
    "round_3": 27.7,
    "round_4": 29.95,
    "round_5": 25.33,
    "round_6": 25.9
  }
}