{
  "process_start_time": 1768551065.8750837,
  "process_end_time": 1768551244.7194576,
  "total_elapsed_time_seconds": 178.84,
  "rounds_time_stats": {
    "round_1": 32.58,
    "round_2": 35.84,
    "round_3": 28.87,
    "round_4": 32.24,
    "round_5": 26.39,
    "round_6": 22.92
  }
}