{
  "process_start_time": 1767973659.6578388,
  "process_end_time": 1767973883.7708337,
  "total_elapsed_time_seconds": 224.11,
  "rounds_time_stats": {
    "round_1": 36.47,
    "round_2": 40.97,
    "round_3": 38.91,
    "round_4": 65.35,
    "round_5": 20.92,
    "round_6": 21.5
  }
}