{
  "process_start_time": 1767886033.716374,
  "process_end_time": 1767886066.0411386,
  "total_elapsed_time_seconds": 32.32,
  "rounds_time_stats": {
    "round_1": 32.32
  }
}