{
  "process_start_time": 1767690099.633116,
  "process_end_time": 1767690152.3635538,
  "total_elapsed_time_seconds": 52.73,
  "rounds_time_stats": {
    "round_1": 52.69
  }
}