{
  "process_start_time": 1768116150.0154183,
  "process_end_time": 1768116429.7187948,
  "total_elapsed_time_seconds": 279.7,
  "rounds_time_stats": {
    "round_1": 35.64,
    "round_2": 46.0,
    "round_3": 38.83,
    "round_4": 70.6,
    "round_5": 40.53,
    "round_6": 48.11
  }
}