{
  "process_start_time": 1767888227.2783334,
  "process_end_time": 1767888242.9360957,
  "total_elapsed_time_seconds": 15.66,
  "rounds_time_stats": {
    "round_1": 15.65
  }
}