{
  "process_start_time": 1767886287.5217428,
  "process_end_time": 1767886330.8663237,
  "total_elapsed_time_seconds": 43.34,
  "rounds_time_stats": {
    "round_1": 23.5,
    "round_2": 19.84
  }
}