{
  "process_start_time": 1767978915.0942876,
  "process_end_time": 1767979157.2573352,
  "total_elapsed_time_seconds": 242.16,
  "rounds_time_stats": {
    "round_1": 42.78,
    "round_2": 33.21,
    "round_3": 46.53,
    "round_4": 39.14,
    "round_5": 40.55,
    "round_6": 39.95
  }
}