{
  "process_start_time": 1768109548.6490579,
  "process_end_time": 1768109788.6867485,
  "total_elapsed_time_seconds": 240.04,
  "rounds_time_stats": {
    "round_1": 38.06,
    "round_2": 37.21,
    "round_3": 47.74,
    "round_4": 45.72,
    "round_5": 40.31,
    "round_6": 31.01
  }
}