{
  "process_start_time": 1767886646.5316327,
  "process_end_time": 1767886664.9169197,
  "total_elapsed_time_seconds": 18.39,
  "rounds_time_stats": {
    "round_1": 18.38
  }
}