{
  "process_start_time": 1768551255.502776,
  "process_end_time": 1768551416.9450622,
  "total_elapsed_time_seconds": 161.44,
  "rounds_time_stats": {
    "round_1": 28.0,
    "round_2": 31.27,
    "round_3": 27.27,
    "round_4": 20.17,
    "round_5": 26.9,
    "round_6": 27.84
  }
}