{
  "process_start_time": 1767978968.2660875,
  "process_end_time": 1767979116.3216152,
  "total_elapsed_time_seconds": 148.06,
  "rounds_time_stats": {
    "round_1": 16.66,
    "round_2": 22.08,
    "round_3": 30.47,
    "round_4": 15.72,
    "round_5": 31.88,
    "round_6": 31.25
  }
}