{
  "process_start_time": 1767687688.561312,
  "process_end_time": 1767687734.024963,
  "total_elapsed_time_seconds": 45.46,
  "rounds_time_stats": {
    "round_1": 45.41
  }
}