{
  "process_start_time": 1767890848.9161239,
  "process_end_time": 1767890901.527186,
  "total_elapsed_time_seconds": 52.61,
  "rounds_time_stats": {
    "round_1": 26.38,
    "round_2": 26.23
  }
}