{
  "process_start_time": 1767884651.7608294,
  "process_end_time": 1767884779.7108169,
  "total_elapsed_time_seconds": 127.95,
  "rounds_time_stats": {
    "round_1": 26.15,
    "round_2": 20.16,
    "round_3": 29.74,
    "round_4": 25.92,
    "round_5": 25.92,
    "round_6": 0.06
  }
}