{
  "process_start_time": 1767887445.293306,
  "process_end_time": 1767887589.0921702,
  "total_elapsed_time_seconds": 143.8,
  "rounds_time_stats": {
    "round_1": 20.02,
    "round_2": 25.58,
    "round_3": 13.89,
    "round_4": 20.59,
    "round_5": 28.99,
    "round_6": 34.74
  }
}