{
  "process_start_time": 1767887116.3177326,
  "process_end_time": 1767887137.9782784,
  "total_elapsed_time_seconds": 21.66,
  "rounds_time_stats": {
    "round_1": 21.65
  }
}