{
  "process_start_time": 1767975136.2618446,
  "process_end_time": 1767975302.3327591,
  "total_elapsed_time_seconds": 166.07,
  "rounds_time_stats": {
    "round_1": 28.74,
    "round_2": 25.11,
    "round_3": 30.15,
    "round_4": 22.42,
    "round_5": 32.73,
    "round_6": 26.92
  }
}