{
  "process_start_time": 1767684549.4255102,
  "process_end_time": 1767684833.7121172,
  "total_elapsed_time_seconds": 284.29,
  "rounds_time_stats": {
    "round_1": 44.78,
    "round_2": 48.44,
    "round_3": 45.93,
    "round_4": 47.92,
    "round_5": 48.13,
    "round_6": 49.09
  }
}