{
  "process_start_time": 1768116092.3912818,
  "process_end_time": 1768116397.333019,
  "total_elapsed_time_seconds": 304.94,
  "rounds_time_stats": {
    "round_1": 39.41,
    "round_2": 53.57,
    "round_3": 44.84,
    "round_4": 40.51,
    "round_5": 71.89,
    "round_6": 54.72
  }
}