{
  "process_start_time": 1767889355.0716634,
  "process_end_time": 1767889461.6090817,
  "total_elapsed_time_seconds": 106.54,
  "rounds_time_stats": {
    "round_1": 26.76,
    "round_2": 43.54,
    "round_3": 36.21
  }
}