{
  "process_start_time": 1767888316.3176863,
  "process_end_time": 1767888341.3570719,
  "total_elapsed_time_seconds": 25.04,
  "rounds_time_stats": {
    "round_1": 25.01
  }
}