{
  "process_start_time": 1767675475.9721565,
  "process_end_time": 1767675783.8528035,
  "total_elapsed_time_seconds": 307.88,
  "rounds_time_stats": {
    "round_1": 76.87,
    "round_2": 41.11,
    "round_3": 42.96,
    "round_4": 50.39,
    "round_5": 46.02,
    "round_6": 50.53
  }
}