{
  "process_start_time": 1768552563.2871695,
  "process_end_time": 1768552807.7433546,
  "total_elapsed_time_seconds": 244.46,
  "rounds_time_stats": {
    "round_1": 60.46,
    "round_2": 24.45,
    "round_3": 37.62,
    "round_4": 46.9,
    "round_5": 26.26,
    "round_6": 48.76
  }
}