{
  "process_start_time": 1767886527.5667439,
  "process_end_time": 1767886629.4793522,
  "total_elapsed_time_seconds": 101.91,
  "rounds_time_stats": {
    "round_1": 18.27,
    "round_2": 17.47,
    "round_3": 20.22,
    "round_4": 13.51,
    "round_5": 14.43,
    "round_6": 18.02
  }
}