{
  "process_start_time": 1767888193.9555213,
  "process_end_time": 1767888238.3580394,
  "total_elapsed_time_seconds": 44.4,
  "rounds_time_stats": {
    "round_1": 21.99,
    "round_2": 22.41
  }
}