{
  "process_start_time": 1768115544.7949896,
  "process_end_time": 1768115799.3008022,
  "total_elapsed_time_seconds": 254.51,
  "rounds_time_stats": {
    "round_1": 41.03,
    "round_2": 31.13,
    "round_3": 38.9,
    "round_4": 42.46,
    "round_5": 57.14,
    "round_6": 43.84
  }
}