{
  "process_start_time": 1767886008.4824836,
  "process_end_time": 1767886032.8350868,
  "total_elapsed_time_seconds": 24.35,
  "rounds_time_stats": {
    "round_1": 24.15,
    "round_2": 0.2
  }
}