{
  "process_start_time": 1768116556.0272746,
  "process_end_time": 1768116797.9113278,
  "total_elapsed_time_seconds": 241.88,
  "rounds_time_stats": {
    "round_1": 51.74,
    "round_2": 29.02,
    "round_3": 30.74,
    "round_4": 41.62,
    "round_5": 41.17,
    "round_6": 47.59
  }
}