{
  "process_start_time": 1767883959.3545823,
  "process_end_time": 1767883983.949075,
  "total_elapsed_time_seconds": 24.59,
  "rounds_time_stats": {
    "round_1": 24.59
  }
}