{
  "process_start_time": 1767692033.4946647,
  "process_end_time": 1767692276.5553415,
  "total_elapsed_time_seconds": 243.06,
  "rounds_time_stats": {
    "round_1": 31.12,
    "round_2": 35.47,
    "round_3": 48.48,
    "round_4": 44.56,
    "round_5": 42.07,
    "round_6": 41.36
  }
}