{
  "process_start_time": 1767890455.5780344,
  "process_end_time": 1767890478.1567197,
  "total_elapsed_time_seconds": 22.58,
  "rounds_time_stats": {
    "round_1": 22.57
  }
}