{
  "process_start_time": 1767888362.0271823,
  "process_end_time": 1767888438.7180185,
  "total_elapsed_time_seconds": 76.69,
  "rounds_time_stats": {
    "round_1": 7.23,
    "round_2": 14.1,
    "round_3": 7.98,
    "round_4": 14.19,
    "round_5": 16.45,
    "round_6": 16.74
  }
}