{
  "process_start_time": 1767883021.7177792,
  "process_end_time": 1767883064.0107129,
  "total_elapsed_time_seconds": 42.29,
  "rounds_time_stats": {
    "round_1": 19.72,
    "round_2": 22.57
  }
}