{
  "process_start_time": 1767976144.825236,
  "process_end_time": 1767976320.8149211,
  "total_elapsed_time_seconds": 175.99,
  "rounds_time_stats": {
    "round_1": 31.74,
    "round_2": 29.8,
    "round_3": 33.19,
    "round_4": 31.03,
    "round_5": 27.54,
    "round_6": 22.69
  }
}