{
  "process_start_time": 1768556265.3650665,
  "process_end_time": 1768556430.4384894,
  "total_elapsed_time_seconds": 165.07,
  "rounds_time_stats": {
    "round_1": 28.58,
    "round_2": 29.81,
    "round_3": 22.35,
    "round_4": 27.24,
    "round_5": 27.57,
    "round_6": 29.52
  }
}