{
  "process_start_time": 1767888184.5854256,
  "process_end_time": 1767888221.960915,
  "total_elapsed_time_seconds": 37.38,
  "rounds_time_stats": {
    "round_1": 19.81,
    "round_2": 17.55
  }
}