{
  "process_start_time": 1768556429.1487374,
  "process_end_time": 1768556666.8601482,
  "total_elapsed_time_seconds": 237.71,
  "rounds_time_stats": {
    "round_1": 38.59,
    "round_2": 41.57,
    "round_3": 36.93,
    "round_4": 41.03,
    "round_5": 39.64,
    "round_6": 39.94
  }
}