{
  "process_start_time": 1768114960.5299141,
  "process_end_time": 1768115209.1045022,
  "total_elapsed_time_seconds": 248.57,
  "rounds_time_stats": {
    "round_1": 41.93,
    "round_2": 35.88,
    "round_3": 31.45,
    "round_4": 48.25,
    "round_5": 44.39,
    "round_6": 46.68
  }
}