{
  "process_start_time": 1767888951.932016,
  "process_end_time": 1767888987.0871394,
  "total_elapsed_time_seconds": 35.16,
  "rounds_time_stats": {
    "round_1": 35.14
  }
}