{
  "process_start_time": 1767889383.4036863,
  "process_end_time": 1767889403.5319376,
  "total_elapsed_time_seconds": 20.13,
  "rounds_time_stats": {
    "round_1": 20.13
  }
}