{
  "process_start_time": 1767687748.400262,
  "process_end_time": 1767687993.5163457,
  "total_elapsed_time_seconds": 245.12,
  "rounds_time_stats": {
    "round_1": 28.24,
    "round_2": 42.23,
    "round_3": 44.41,
    "round_4": 43.3,
    "round_5": 40.03,
    "round_6": 46.91
  }
}