{
  "process_start_time": 1768108758.3950462,
  "process_end_time": 1768109034.33238,
  "total_elapsed_time_seconds": 275.94,
  "rounds_time_stats": {
    "round_1": 38.76,
    "round_2": 35.68,
    "round_3": 49.4,
    "round_4": 60.11,
    "round_5": 50.65,
    "round_6": 41.34
  }
}