{
  "process_start_time": 1768116983.6022973,
  "process_end_time": 1768117226.5650766,
  "total_elapsed_time_seconds": 242.96,
  "rounds_time_stats": {
    "round_1": 44.56,
    "round_2": 30.17,
    "round_3": 31.68,
    "round_4": 38.29,
    "round_5": 48.32,
    "round_6": 49.94
  }
}