{
  "process_start_time": 1767685681.4968967,
  "process_end_time": 1767685956.3330963,
  "total_elapsed_time_seconds": 274.84,
  "rounds_time_stats": {
    "round_1": 63.78,
    "round_2": 37.32,
    "round_3": 45.73,
    "round_4": 44.33,
    "round_5": 48.69,
    "round_6": 34.98
  }
}