{
  "process_start_time": 1767883553.1699946,
  "process_end_time": 1767883571.219083,
  "total_elapsed_time_seconds": 18.05,
  "rounds_time_stats": {
    "round_1": 18.04
  }
}