{
  "process_start_time": 1767884118.5669212,
  "process_end_time": 1767884130.4419682,
  "total_elapsed_time_seconds": 11.88,
  "rounds_time_stats": {
    "round_1": 11.87
  }
}