{
  "process_start_time": 1767977812.7971997,
  "process_end_time": 1767977996.3586197,
  "total_elapsed_time_seconds": 183.56,
  "rounds_time_stats": {
    "round_1": 28.49,
    "round_2": 31.41,
    "round_3": 30.47,
    "round_4": 31.53,
    "round_5": 29.43,
    "round_6": 32.22
  }
}