{
  "process_start_time": 1767883671.0917823,
  "process_end_time": 1767883703.4510236,
  "total_elapsed_time_seconds": 32.36,
  "rounds_time_stats": {
    "round_1": 14.85,
    "round_2": 17.51
  }
}