{
  "process_start_time": 1767686727.6025217,
  "process_end_time": 1767687014.1266751,
  "total_elapsed_time_seconds": 286.52,
  "rounds_time_stats": {
    "round_1": 77.0,
    "round_2": 49.59,
    "round_3": 43.91,
    "round_4": 45.75,
    "round_5": 40.66,
    "round_6": 29.62
  }
}