{
  "process_start_time": 1767885671.1145666,
  "process_end_time": 1767885709.1590238,
  "total_elapsed_time_seconds": 38.04,
  "rounds_time_stats": {
    "round_1": 38.04
  }
}