{
  "process_start_time": 1767687433.955082,
  "process_end_time": 1767687708.3501763,
  "total_elapsed_time_seconds": 274.4,
  "rounds_time_stats": {
    "round_1": 52.06,
    "round_2": 47.31,
    "round_3": 45.42,
    "round_4": 44.3,
    "round_5": 40.62,
    "round_6": 44.68
  }
}