{
  "process_start_time": 1767889186.392724,
  "process_end_time": 1767889217.0601094,
  "total_elapsed_time_seconds": 30.67,
  "rounds_time_stats": {
    "round_1": 8.29,
    "round_2": 10.86,
    "round_3": 11.52
  }
}