{
  "process_start_time": 1768551380.402416,
  "process_end_time": 1768551611.9946644,
  "total_elapsed_time_seconds": 231.59,
  "rounds_time_stats": {
    "round_1": 24.52,
    "round_2": 43.45,
    "round_3": 35.66,
    "round_4": 42.68,
    "round_5": 47.26,
    "round_6": 38.02
  }
}