{
  "process_start_time": 1767883513.0919096,
  "process_end_time": 1767883535.4481287,
  "total_elapsed_time_seconds": 22.36,
  "rounds_time_stats": {
    "round_1": 22.35
  }
}