{
  "process_start_time": 1767884461.9726124,
  "process_end_time": 1767884589.6462538,
  "total_elapsed_time_seconds": 127.67,
  "rounds_time_stats": {
    "round_1": 14.38,
    "round_2": 18.51,
    "round_3": 26.56,
    "round_4": 23.45,
    "round_5": 26.32,
    "round_6": 18.45
  }
}