{
  "process_start_time": 1768109594.2292745,
  "process_end_time": 1768109804.264891,
  "total_elapsed_time_seconds": 210.04,
  "rounds_time_stats": {
    "round_1": 47.03,
    "round_2": 43.54,
    "round_3": 31.22,
    "round_4": 29.87,
    "round_5": 34.12,
    "round_6": 24.23
  }
}