{
  "process_start_time": 1768551108.161407,
  "process_end_time": 1768551291.4053276,
  "total_elapsed_time_seconds": 183.24,
  "rounds_time_stats": {
    "round_1": 38.47,
    "round_2": 27.78,
    "round_3": 31.89,
    "round_4": 24.54,
    "round_5": 33.66,
    "round_6": 26.9
  }
}