{
  "process_start_time": 1768108253.1711366,
  "process_end_time": 1768108507.2663052,
  "total_elapsed_time_seconds": 254.1,
  "rounds_time_stats": {
    "round_1": 40.65,
    "round_2": 33.57,
    "round_3": 44.64,
    "round_4": 46.29,
    "round_5": 42.87,
    "round_6": 46.07
  }
}