{
  "process_start_time": 1767889648.531943,
  "process_end_time": 1767889780.577651,
  "total_elapsed_time_seconds": 132.05,
  "rounds_time_stats": {
    "round_1": 15.55,
    "round_2": 14.94,
    "round_3": 35.59,
    "round_4": 37.22,
    "round_5": 28.74
  }
}