{
  "process_start_time": 1767688264.1711557,
  "process_end_time": 1767688541.9713569,
  "total_elapsed_time_seconds": 277.8,
  "rounds_time_stats": {
    "round_1": 35.78,
    "round_2": 36.65,
    "round_3": 64.33,
    "round_4": 46.61,
    "round_5": 44.7,
    "round_6": 49.73
  }
}