{
  "process_start_time": 1767978777.43013,
  "process_end_time": 1767978960.5253544,
  "total_elapsed_time_seconds": 183.1,
  "rounds_time_stats": {
    "round_1": 19.97,
    "round_2": 32.0,
    "round_3": 32.38,
    "round_4": 36.23,
    "round_5": 31.3,
    "round_6": 31.21
  }
}