{
  "process_start_time": 1767882890.7467434,
  "process_end_time": 1767883045.4492195,
  "total_elapsed_time_seconds": 154.7,
  "rounds_time_stats": {
    "round_1": 23.66,
    "round_2": 22.37,
    "round_3": 26.48,
    "round_4": 21.44,
    "round_5": 33.76,
    "round_6": 26.99
  }
}