{
  "process_start_time": 1767883980.042124,
  "process_end_time": 1767884035.3861096,
  "total_elapsed_time_seconds": 55.34,
  "rounds_time_stats": {
    "round_1": 23.42,
    "round_2": 31.89
  }
}