{
  "process_start_time": 1767883366.6974971,
  "process_end_time": 1767883414.7304115,
  "total_elapsed_time_seconds": 48.03,
  "rounds_time_stats": {
    "round_1": 25.73,
    "round_2": 22.3
  }
}