{
  "process_start_time": 1767977636.335796,
  "process_end_time": 1767977820.5963519,
  "total_elapsed_time_seconds": 184.26,
  "rounds_time_stats": {
    "round_1": 28.34,
    "round_2": 31.58,
    "round_3": 31.49,
    "round_4": 30.95,
    "round_5": 32.79,
    "round_6": 29.1
  }
}