{
  "process_start_time": 1767884912.7528067,
  "process_end_time": 1767885079.8783858,
  "total_elapsed_time_seconds": 167.13,
  "rounds_time_stats": {
    "round_1": 142.22,
    "round_2": 24.89
  }
}