{
  "process_start_time": 1767971464.8586364,
  "process_end_time": 1767973127.297509,
  "total_elapsed_time_seconds": 1662.44,
  "rounds_time_stats": {
    "round_1": 1555.86,
    "round_2": 27.24,
    "round_3": 19.67,
    "round_4": 17.46,
    "round_5": 22.52,
    "round_6": 19.69
  }
}