{
  "process_start_time": 1767883905.0743341,
  "process_end_time": 1767883929.615173,
  "total_elapsed_time_seconds": 24.54,
  "rounds_time_stats": {
    "round_1": 14.0,
    "round_2": 10.54
  }
}