{
  "process_start_time": 1767684972.9319746,
  "process_end_time": 1767685236.7970264,
  "total_elapsed_time_seconds": 263.87,
  "rounds_time_stats": {
    "round_1": 31.63,
    "round_2": 46.53,
    "round_3": 45.02,
    "round_4": 33.58,
    "round_5": 51.68,
    "round_6": 55.42
  }
}