{
  "process_start_time": 1768555763.1222148,
  "process_end_time": 1768555940.178005,
  "total_elapsed_time_seconds": 177.06,
  "rounds_time_stats": {
    "round_1": 29.5,
    "round_2": 28.79,
    "round_3": 28.33,
    "round_4": 30.63,
    "round_5": 28.79,
    "round_6": 31.02
  }
}