{
  "process_start_time": 1767684689.1188877,
  "process_end_time": 1767684941.963191,
  "total_elapsed_time_seconds": 252.84,
  "rounds_time_stats": {
    "round_1": 28.27,
    "round_2": 37.0,
    "round_3": 46.72,
    "round_4": 49.85,
    "round_5": 45.65,
    "round_6": 45.36
  }
}