{
  "process_start_time": 1767689354.5926576,
  "process_end_time": 1767689624.8802614,
  "total_elapsed_time_seconds": 270.29,
  "rounds_time_stats": {
    "round_1": 42.66,
    "round_2": 32.77,
    "round_3": 49.15,
    "round_4": 44.72,
    "round_5": 36.08,
    "round_6": 64.9
  }
}