{
  "process_start_time": 1767883412.1654572,
  "process_end_time": 1767883448.1931925,
  "total_elapsed_time_seconds": 36.03,
  "rounds_time_stats": {
    "round_1": 36.02
  }
}