{
  "process_start_time": 1767687592.5552263,
  "process_end_time": 1767687891.827796,
  "total_elapsed_time_seconds": 299.27,
  "rounds_time_stats": {
    "round_1": 44.66,
    "round_2": 41.74,
    "round_3": 60.56,
    "round_4": 59.85,
    "round_5": 48.31,
    "round_6": 44.15
  }
}