{
  "process_start_time": 1767887440.5932193,
  "process_end_time": 1767887512.8477342,
  "total_elapsed_time_seconds": 72.25,
  "rounds_time_stats": {
    "round_1": 40.77,
    "round_2": 31.47
  }
}