{
  "process_start_time": 1768552345.7349567,
  "process_end_time": 1768552733.6717694,
  "total_elapsed_time_seconds": 387.94,
  "rounds_time_stats": {
    "round_1": 28.87,
    "round_2": 139.98,
    "round_3": 48.24,
    "round_4": 73.11,
    "round_5": 36.22,
    "round_6": 61.51
  }
}