{
  "process_start_time": 1767977655.77212,
  "process_end_time": 1767977871.0373344,
  "total_elapsed_time_seconds": 215.27,
  "rounds_time_stats": {
    "round_1": 31.42,
    "round_2": 40.56,
    "round_3": 32.38,
    "round_4": 41.92,
    "round_5": 30.24,
    "round_6": 38.75
  }
}