{
  "process_start_time": 1767977458.8152096,
  "process_end_time": 1767977656.9135997,
  "total_elapsed_time_seconds": 198.1,
  "rounds_time_stats": {
    "round_1": 30.69,
    "round_2": 33.06,
    "round_3": 39.27,
    "round_4": 33.28,
    "round_5": 31.86,
    "round_6": 29.93
  }
}