{
  "process_start_time": 1767681084.149256,
  "process_end_time": 1767681357.0590029,
  "total_elapsed_time_seconds": 272.91,
  "rounds_time_stats": {
    "round_1": 35.87,
    "round_2": 42.19,
    "round_3": 59.71,
    "round_4": 43.91,
    "round_5": 43.17,
    "round_6": 48.06
  }
}