{
  "process_start_time": 1767882890.7315037,
  "process_end_time": 1767882905.7943802,
  "total_elapsed_time_seconds": 15.06,
  "rounds_time_stats": {
    "round_1": 15.06
  }
}