{
  "process_start_time": 1767890185.5119007,
  "process_end_time": 1767890220.2918096,
  "total_elapsed_time_seconds": 34.78,
  "rounds_time_stats": {
    "round_1": 34.76
  }
}