{
  "process_start_time": 1767885444.4957807,
  "process_end_time": 1767885591.566802,
  "total_elapsed_time_seconds": 147.07,
  "rounds_time_stats": {
    "round_1": 36.64,
    "round_2": 25.77,
    "round_3": 18.98,
    "round_4": 19.48,
    "round_5": 18.94,
    "round_6": 27.26
  }
}