{
  "process_start_time": 1767890512.6174154,
  "process_end_time": 1767890543.8421364,
  "total_elapsed_time_seconds": 31.22,
  "rounds_time_stats": {
    "round_1": 31.22
  }
}