{
  "process_start_time": 1768555707.9651573,
  "process_end_time": 1768555749.243819,
  "total_elapsed_time_seconds": 41.28,
  "rounds_time_stats": {
    "round_1": 41.22
  }
}