{
  "process_start_time": 1768555070.1361551,
  "process_end_time": 1768555226.2692897,
  "total_elapsed_time_seconds": 156.13,
  "rounds_time_stats": {
    "round_1": 27.19,
    "round_2": 29.1,
    "round_3": 28.35,
    "round_4": 22.26,
    "round_5": 28.82,
    "round_6": 20.41
  }
}