{
  "process_start_time": 1767887137.9876323,
  "process_end_time": 1767887173.0894034,
  "total_elapsed_time_seconds": 35.1,
  "rounds_time_stats": {
    "round_1": 35.1
  }
}