{
  "process_start_time": 1767974365.7675288,
  "process_end_time": 1767974758.0458598,
  "total_elapsed_time_seconds": 392.28,
  "rounds_time_stats": {
    "round_1": 49.77,
    "round_2": 75.17,
    "round_3": 74.4,
    "round_4": 54.08,
    "round_5": 84.25,
    "round_6": 54.61
  }
}