{
  "process_start_time": 1767883458.3934216,
  "process_end_time": 1767883506.018973,
  "total_elapsed_time_seconds": 47.63,
  "rounds_time_stats": {
    "round_1": 22.49,
    "round_2": 25.13
  }
}