{
  "process_start_time": 1767681019.6009996,
  "process_end_time": 1767681279.3262985,
  "total_elapsed_time_seconds": 259.73,
  "rounds_time_stats": {
    "round_1": 45.92,
    "round_2": 50.36,
    "round_3": 42.65,
    "round_4": 34.67,
    "round_5": 41.74,
    "round_6": 44.39
  }
}