{
  "process_start_time": 1767978190.895888,
  "process_end_time": 1767978355.0090594,
  "total_elapsed_time_seconds": 164.11,
  "rounds_time_stats": {
    "round_1": 20.85,
    "round_2": 18.77,
    "round_3": 30.02,
    "round_4": 36.71,
    "round_5": 28.22,
    "round_6": 29.55
  }
}