{
  "process_start_time": 1767683516.2176154,
  "process_end_time": 1767683793.7024755,
  "total_elapsed_time_seconds": 277.48,
  "rounds_time_stats": {
    "round_1": 44.14,
    "round_2": 36.04,
    "round_3": 56.14,
    "round_4": 45.69,
    "round_5": 49.93,
    "round_6": 45.54
  }
}