{
  "process_start_time": 1767689431.5565782,
  "process_end_time": 1767689711.534152,
  "total_elapsed_time_seconds": 279.98,
  "rounds_time_stats": {
    "round_1": 41.22,
    "round_2": 62.34,
    "round_3": 46.44,
    "round_4": 46.25,
    "round_5": 43.11,
    "round_6": 40.62
  }
}