{
  "process_start_time": 1767887916.4488988,
  "process_end_time": 1767887936.4000106,
  "total_elapsed_time_seconds": 19.95,
  "rounds_time_stats": {
    "round_1": 19.95
  }
}