{
  "process_start_time": 1767889012.963431,
  "process_end_time": 1767889022.041692,
  "total_elapsed_time_seconds": 9.08,
  "rounds_time_stats": {
    "round_1": 9.07
  }
}