{
  "process_start_time": 1767883896.421182,
  "process_end_time": 1767883913.726599,
  "total_elapsed_time_seconds": 17.31,
  "rounds_time_stats": {
    "round_1": 17.3
  }
}