{
  "process_start_time": 1768556951.9391158,
  "process_end_time": 1768557067.0328557,
  "total_elapsed_time_seconds": 115.09,
  "rounds_time_stats": {
    "round_1": 18.49,
    "round_2": 28.19,
    "round_3": 19.19,
    "round_4": 16.97,
    "round_5": 16.51,
    "round_6": 15.73
  }
}