{
  "process_start_time": 1767975991.76779,
  "process_end_time": 1767976175.367815,
  "total_elapsed_time_seconds": 183.6,
  "rounds_time_stats": {
    "round_1": 28.6,
    "round_2": 26.44,
    "round_3": 28.3,
    "round_4": 39.47,
    "round_5": 31.19,
    "round_6": 29.6
  }
}