{
  "process_start_time": 1767978190.8944674,
  "process_end_time": 1767978341.560522,
  "total_elapsed_time_seconds": 150.67,
  "rounds_time_stats": {
    "round_1": 20.17,
    "round_2": 21.16,
    "round_3": 26.19,
    "round_4": 26.3,
    "round_5": 30.9,
    "round_6": 25.94
  }
}