{
  "process_start_time": 1768556584.984544,
  "process_end_time": 1768556763.7752297,
  "total_elapsed_time_seconds": 178.79,
  "rounds_time_stats": {
    "round_1": 31.23,
    "round_2": 30.62,
    "round_3": 30.07,
    "round_4": 29.04,
    "round_5": 27.1,
    "round_6": 30.74
  }
}