{
  "process_start_time": 1767973270.7950785,
  "process_end_time": 1767973450.545774,
  "total_elapsed_time_seconds": 179.75,
  "rounds_time_stats": {
    "round_1": 21.94,
    "round_2": 30.56,
    "round_3": 32.38,
    "round_4": 32.66,
    "round_5": 33.02,
    "round_6": 29.18
  }
}