{
  "process_start_time": 1767675475.9718292,
  "process_end_time": 1767675776.518167,
  "total_elapsed_time_seconds": 300.55,
  "rounds_time_stats": {
    "round_1": 70.37,
    "round_2": 40.83,
    "round_3": 35.11,
    "round_4": 43.06,
    "round_5": 55.43,
    "round_6": 55.75
  }
}