{
  "process_start_time": 1767890134.5795557,
  "process_end_time": 1767890161.5034864,
  "total_elapsed_time_seconds": 26.92,
  "rounds_time_stats": {
    "round_1": 11.39,
    "round_2": 15.43,
    "round_3": 0.1
  }
}