{
  "process_start_time": 1768551236.7183304,
  "process_end_time": 1768551407.2381115,
  "total_elapsed_time_seconds": 170.52,
  "rounds_time_stats": {
    "round_1": 27.71,
    "round_2": 29.14,
    "round_3": 28.64,
    "round_4": 27.1,
    "round_5": 21.85,
    "round_6": 36.07
  }
}