{
  "process_start_time": 1767682370.3340497,
  "process_end_time": 1767682652.5830855,
  "total_elapsed_time_seconds": 282.25,
  "rounds_time_stats": {
    "round_1": 84.23,
    "round_2": 42.83,
    "round_3": 33.95,
    "round_4": 41.11,
    "round_5": 33.29,
    "round_6": 46.83
  }
}