{
  "process_start_time": 1768115544.44769,
  "process_end_time": 1768115831.0305455,
  "total_elapsed_time_seconds": 286.58,
  "rounds_time_stats": {
    "round_1": 47.23,
    "round_2": 31.81,
    "round_3": 45.31,
    "round_4": 67.82,
    "round_5": 46.84,
    "round_6": 47.57
  }
}