{
  "process_start_time": 1767888727.6432636,
  "process_end_time": 1767888751.518144,
  "total_elapsed_time_seconds": 23.87,
  "rounds_time_stats": {
    "round_1": 23.87
  }
}