{
  "process_start_time": 1767888098.739138,
  "process_end_time": 1767888113.5173702,
  "total_elapsed_time_seconds": 14.78,
  "rounds_time_stats": {
    "round_1": 14.78
  }
}