{
  "process_start_time": 1767882973.4436045,
  "process_end_time": 1767883170.5721698,
  "total_elapsed_time_seconds": 197.13,
  "rounds_time_stats": {
    "round_1": 23.54,
    "round_2": 20.2,
    "round_3": 34.71,
    "round_4": 37.5,
    "round_5": 41.16,
    "round_6": 40.02
  }
}