{
  "process_start_time": 1767683018.8031235,
  "process_end_time": 1767683311.9097085,
  "total_elapsed_time_seconds": 293.11,
  "rounds_time_stats": {
    "round_1": 46.13,
    "round_2": 64.16,
    "round_3": 40.83,
    "round_4": 48.15,
    "round_5": 51.67,
    "round_6": 42.17
  }
}