{
  "process_start_time": 1768116381.9422915,
  "process_end_time": 1768116644.3200166,
  "total_elapsed_time_seconds": 262.38,
  "rounds_time_stats": {
    "round_1": 55.12,
    "round_2": 50.98,
    "round_3": 42.33,
    "round_4": 41.16,
    "round_5": 41.04,
    "round_6": 31.74
  }
}