{
  "process_start_time": 1767886964.475141,
  "process_end_time": 1767886986.326081,
  "total_elapsed_time_seconds": 21.85,
  "rounds_time_stats": {
    "round_1": 21.85
  }
}