{
  "process_start_time": 1767890210.5538745,
  "process_end_time": 1767890220.4192266,
  "total_elapsed_time_seconds": 9.87,
  "rounds_time_stats": {
    "round_1": 9.86
  }
}