{
  "process_start_time": 1767888410.6881042,
  "process_end_time": 1767888428.7773712,
  "total_elapsed_time_seconds": 18.09,
  "rounds_time_stats": {
    "round_1": 18.09
  }
}