{
  "process_start_time": 1767973463.6648695,
  "process_end_time": 1767973693.986112,
  "total_elapsed_time_seconds": 230.32,
  "rounds_time_stats": {
    "round_1": 38.08,
    "round_2": 32.17,
    "round_3": 37.1,
    "round_4": 49.97,
    "round_5": 37.03,
    "round_6": 35.98
  }
}