{
  "process_start_time": 1767687576.9850066,
  "process_end_time": 1767687847.3047836,
  "total_elapsed_time_seconds": 270.32,
  "rounds_time_stats": {
    "round_1": 39.88,
    "round_2": 47.35,
    "round_3": 44.53,
    "round_4": 45.83,
    "round_5": 48.41,
    "round_6": 44.31
  }
}