{
  "process_start_time": 1767887527.1274836,
  "process_end_time": 1767887549.9867523,
  "total_elapsed_time_seconds": 22.86,
  "rounds_time_stats": {
    "round_1": 22.86
  }
}