{
  "process_start_time": 1768116875.741897,
  "process_end_time": 1768117129.095343,
  "total_elapsed_time_seconds": 253.35,
  "rounds_time_stats": {
    "round_1": 39.31,
    "round_2": 45.56,
    "round_3": 42.46,
    "round_4": 48.13,
    "round_5": 45.13,
    "round_6": 32.77
  }
}