{
  "process_start_time": 1767974256.9506228,
  "process_end_time": 1767974565.820806,
  "total_elapsed_time_seconds": 308.87,
  "rounds_time_stats": {
    "round_1": 51.12,
    "round_2": 42.35,
    "round_3": 43.08,
    "round_4": 53.59,
    "round_5": 44.44,
    "round_6": 74.29
  }
}