{
  "process_start_time": 1767888403.1652236,
  "process_end_time": 1767888476.8102577,
  "total_elapsed_time_seconds": 73.65,
  "rounds_time_stats": {
    "round_1": 31.22,
    "round_2": 42.41
  }
}