{
  "process_start_time": 1767679463.508262,
  "process_end_time": 1767679731.0427587,
  "total_elapsed_time_seconds": 267.53,
  "rounds_time_stats": {
    "round_1": 39.53,
    "round_2": 46.4,
    "round_3": 58.1,
    "round_4": 48.24,
    "round_5": 43.68,
    "round_6": 31.58
  }
}