{
  "process_start_time": 1768115726.7249463,
  "process_end_time": 1768115928.1008716,
  "total_elapsed_time_seconds": 201.38,
  "rounds_time_stats": {
    "round_1": 35.65,
    "round_2": 27.27,
    "round_3": 37.05,
    "round_4": 30.45,
    "round_5": 34.03,
    "round_6": 36.93
  }
}