{
  "process_start_time": 1767888570.605866,
  "process_end_time": 1767888580.9757898,
  "total_elapsed_time_seconds": 10.37,
  "rounds_time_stats": {
    "round_1": 10.37
  }
}