{
  "process_start_time": 1767884020.6383588,
  "process_end_time": 1767884188.7065609,
  "total_elapsed_time_seconds": 168.07,
  "rounds_time_stats": {
    "round_1": 20.55,
    "round_2": 30.66,
    "round_3": 28.46,
    "round_4": 29.56,
    "round_5": 29.38,
    "round_6": 29.45
  }
}