{
  "process_start_time": 1767885363.7020836,
  "process_end_time": 1767885504.7798896,
  "total_elapsed_time_seconds": 141.08,
  "rounds_time_stats": {
    "round_1": 24.39,
    "round_2": 37.7,
    "round_3": 42.21,
    "round_4": 36.77
  }
}