{
  "process_start_time": 1767686727.6044886,
  "process_end_time": 1767687015.6790843,
  "total_elapsed_time_seconds": 288.07,
  "rounds_time_stats": {
    "round_1": 77.11,
    "round_2": 28.19,
    "round_3": 34.76,
    "round_4": 45.37,
    "round_5": 59.55,
    "round_6": 43.09
  }
}