{
  "process_start_time": 1767888730.8604095,
  "process_end_time": 1767888782.5682337,
  "total_elapsed_time_seconds": 51.71,
  "rounds_time_stats": {
    "round_1": 26.5,
    "round_2": 25.21
  }
}