{
  "process_start_time": 1767973961.5305443,
  "process_end_time": 1767974270.5704744,
  "total_elapsed_time_seconds": 309.04,
  "rounds_time_stats": {
    "round_1": 51.51,
    "round_2": 60.74,
    "round_3": 58.12,
    "round_4": 35.77,
    "round_5": 60.86,
    "round_6": 42.05
  }
}