{
  "process_start_time": 1767886007.5738218,
  "process_end_time": 1767886155.9068787,
  "total_elapsed_time_seconds": 148.33,
  "rounds_time_stats": {
    "round_1": 23.41,
    "round_2": 33.66,
    "round_3": 24.0,
    "round_4": 16.2,
    "round_5": 27.85,
    "round_6": 23.2
  }
}