{
  "process_start_time": 1768554902.5682619,
  "process_end_time": 1768555043.1774888,
  "total_elapsed_time_seconds": 140.61,
  "rounds_time_stats": {
    "round_1": 23.0,
    "round_2": 18.82,
    "round_3": 27.29,
    "round_4": 22.04,
    "round_5": 27.85,
    "round_6": 21.61
  }
}