{
  "process_start_time": 1768555987.1866412,
  "process_end_time": 1768556141.146365,
  "total_elapsed_time_seconds": 153.96,
  "rounds_time_stats": {
    "round_1": 26.3,
    "round_2": 28.25,
    "round_3": 25.21,
    "round_4": 23.69,
    "round_5": 24.62,
    "round_6": 25.88
  }
}