{
  "process_start_time": 1767883813.9926465,
  "process_end_time": 1767883832.8409572,
  "total_elapsed_time_seconds": 18.85,
  "rounds_time_stats": {
    "round_1": 18.84
  }
}