{
  "process_start_time": 1767886903.1952796,
  "process_end_time": 1767887077.7614148,
  "total_elapsed_time_seconds": 174.57,
  "rounds_time_stats": {
    "round_1": 20.0,
    "round_2": 27.47,
    "round_3": 28.49,
    "round_4": 35.09,
    "round_5": 29.3,
    "round_6": 34.21
  }
}