{
  "process_start_time": 1767889215.145365,
  "process_end_time": 1767889238.5361245,
  "total_elapsed_time_seconds": 23.39,
  "rounds_time_stats": {
    "round_1": 23.39
  }
}