{
  "process_start_time": 1767889429.8381798,
  "process_end_time": 1767889442.9715493,
  "total_elapsed_time_seconds": 13.13,
  "rounds_time_stats": {
    "round_1": 13.13
  }
}