{
  "process_start_time": 1767975294.1393027,
  "process_end_time": 1767975456.454802,
  "total_elapsed_time_seconds": 162.32,
  "rounds_time_stats": {
    "round_1": 28.02,
    "round_2": 30.57,
    "round_3": 25.16,
    "round_4": 27.71,
    "round_5": 24.08,
    "round_6": 26.78
  }
}