{
  "process_start_time": 1767889390.9544318,
  "process_end_time": 1767889410.0869815,
  "total_elapsed_time_seconds": 19.13,
  "rounds_time_stats": {
    "round_1": 19.13
  }
}