{
  "process_start_time": 1767979116.2759416,
  "process_end_time": 1767979288.312338,
  "total_elapsed_time_seconds": 172.04,
  "rounds_time_stats": {
    "round_1": 31.11,
    "round_2": 30.85,
    "round_3": 32.14,
    "round_4": 26.76,
    "round_5": 32.79,
    "round_6": 18.38
  }
}