{
  "process_start_time": 1767682370.318738,
  "process_end_time": 1767682655.0082233,
  "total_elapsed_time_seconds": 284.69,
  "rounds_time_stats": {
    "round_1": 85.18,
    "round_2": 42.05,
    "round_3": 33.31,
    "round_4": 30.09,
    "round_5": 46.32,
    "round_6": 47.74
  }
}