{
  "process_start_time": 1767890442.2234826,
  "process_end_time": 1767890478.3311942,
  "total_elapsed_time_seconds": 36.11,
  "rounds_time_stats": {
    "round_1": 36.1
  }
}