{
  "process_start_time": 1767886699.6718519,
  "process_end_time": 1767886829.6725714,
  "total_elapsed_time_seconds": 130.0,
  "rounds_time_stats": {
    "round_1": 10.68,
    "round_2": 21.72,
    "round_3": 26.83,
    "round_4": 22.02,
    "round_5": 26.79,
    "round_6": 21.96
  }
}