{
  "process_start_time": 1767887127.6738515,
  "process_end_time": 1767887153.1208138,
  "total_elapsed_time_seconds": 25.45,
  "rounds_time_stats": {
    "round_1": 25.44
  }
}