{
  "process_start_time": 1767849999.4735403,
  "process_end_time": 1767850190.6126466,
  "total_elapsed_time_seconds": 191.14,
  "rounds_time_stats": {
    "round_1": 29.36,
    "round_2": 31.05,
    "round_3": 32.02,
    "round_4": 37.07,
    "round_5": 37.36,
    "round_6": 24.27
  }
}