{
  "process_start_time": 1767973961.5649621,
  "process_end_time": 1767974258.346847,
  "total_elapsed_time_seconds": 296.78,
  "rounds_time_stats": {
    "round_1": 40.06,
    "round_2": 58.6,
    "round_3": 41.28,
    "round_4": 43.31,
    "round_5": 55.16,
    "round_6": 58.37
  }
}