{
  "process_start_time": 1767883942.616583,
  "process_end_time": 1767883959.3354921,
  "total_elapsed_time_seconds": 16.72,
  "rounds_time_stats": {
    "round_1": 16.71
  }
}