{
  "process_start_time": 1767888243.295571,
  "process_end_time": 1767888272.2162416,
  "total_elapsed_time_seconds": 28.92,
  "rounds_time_stats": {
    "round_1": 16.9,
    "round_2": 12.01
  }
}