{
  "process_start_time": 1767889376.744765,
  "process_end_time": 1767889419.1042016,
  "total_elapsed_time_seconds": 42.36,
  "rounds_time_stats": {
    "round_1": 20.99,
    "round_2": 21.36
  }
}