{
  "process_start_time": 1768109490.0002315,
  "process_end_time": 1768109758.777654,
  "total_elapsed_time_seconds": 268.78,
  "rounds_time_stats": {
    "round_1": 44.59,
    "round_2": 43.05,
    "round_3": 47.71,
    "round_4": 46.25,
    "round_5": 46.93,
    "round_6": 40.24
  }
}