{
  "process_start_time": 1768117794.2142673,
  "process_end_time": 1768118090.3715942,
  "total_elapsed_time_seconds": 296.16,
  "rounds_time_stats": {
    "round_1": 42.69,
    "round_2": 79.25,
    "round_3": 48.04,
    "round_4": 47.36,
    "round_5": 45.14,
    "round_6": 33.68
  }
}