{
  "process_start_time": 1768107778.4750762,
  "process_end_time": 1768108014.9268532,
  "total_elapsed_time_seconds": 236.45,
  "rounds_time_stats": {
    "round_1": 27.19,
    "round_2": 30.1,
    "round_3": 47.64,
    "round_4": 46.02,
    "round_5": 44.11,
    "round_6": 41.39
  }
}