{
  "process_start_time": 1767886157.2019832,
  "process_end_time": 1767886209.9282491,
  "total_elapsed_time_seconds": 52.73,
  "rounds_time_stats": {
    "round_1": 20.54,
    "round_2": 32.18
  }
}