{
  "process_start_time": 1767890244.1292372,
  "process_end_time": 1767890308.237726,
  "total_elapsed_time_seconds": 64.11,
  "rounds_time_stats": {
    "round_1": 9.64,
    "round_2": 9.23,
    "round_3": 11.73,
    "round_4": 9.97,
    "round_5": 13.89,
    "round_6": 9.66
  }
}