{
  "process_start_time": 1767682701.2777693,
  "process_end_time": 1767682979.374868,
  "total_elapsed_time_seconds": 278.1,
  "rounds_time_stats": {
    "round_1": 35.71,
    "round_2": 54.44,
    "round_3": 48.99,
    "round_4": 43.06,
    "round_5": 36.42,
    "round_6": 59.48
  }
}