{
  "process_start_time": 1767680234.7427742,
  "process_end_time": 1767680506.5572357,
  "total_elapsed_time_seconds": 271.81,
  "rounds_time_stats": {
    "round_1": 54.57,
    "round_2": 39.23,
    "round_3": 45.57,
    "round_4": 47.11,
    "round_5": 42.0,
    "round_6": 43.34
  }
}