{
  "process_start_time": 1768555705.8522348,
  "process_end_time": 1768555842.0925798,
  "total_elapsed_time_seconds": 136.24,
  "rounds_time_stats": {
    "round_1": 25.36,
    "round_2": 23.46,
    "round_3": 21.22,
    "round_4": 13.29,
    "round_5": 31.09,
    "round_6": 21.82
  }
}