{
  "process_start_time": 1768556827.9469476,
  "process_end_time": 1768557007.6247475,
  "total_elapsed_time_seconds": 179.68,
  "rounds_time_stats": {
    "round_1": 37.73,
    "round_2": 31.04,
    "round_3": 29.52,
    "round_4": 27.89,
    "round_5": 26.65,
    "round_6": 26.83
  }
}