{
  "process_start_time": 1767887494.9604511,
  "process_end_time": 1767887617.9146535,
  "total_elapsed_time_seconds": 122.95,
  "rounds_time_stats": {
    "round_1": 20.56,
    "round_2": 19.86,
    "round_3": 24.75,
    "round_4": 25.44,
    "round_5": 16.36,
    "round_6": 15.98
  }
}