{
  "process_start_time": 1767680060.3556948,
  "process_end_time": 1767680352.8890886,
  "total_elapsed_time_seconds": 292.53,
  "rounds_time_stats": {
    "round_1": 46.84,
    "round_2": 47.02,
    "round_3": 47.92,
    "round_4": 63.44,
    "round_5": 46.0,
    "round_6": 41.31
  }
}