{
  "process_start_time": 1767882927.7562413,
  "process_end_time": 1767882968.6873488,
  "total_elapsed_time_seconds": 40.93,
  "rounds_time_stats": {
    "round_1": 40.93
  }
}