{
  "process_start_time": 1768108044.0207515,
  "process_end_time": 1768108313.2707622,
  "total_elapsed_time_seconds": 269.25,
  "rounds_time_stats": {
    "round_1": 35.54,
    "round_2": 32.73,
    "round_3": 38.42,
    "round_4": 46.3,
    "round_5": 70.62,
    "round_6": 45.63
  }
}