{
  "process_start_time": 1767882925.9053624,
  "process_end_time": 1767882946.6433725,
  "total_elapsed_time_seconds": 20.74,
  "rounds_time_stats": {
    "round_1": 20.73
  }
}