{
  "process_start_time": 1767888805.8353503,
  "process_end_time": 1767888820.328965,
  "total_elapsed_time_seconds": 14.49,
  "rounds_time_stats": {
    "round_1": 14.49
  }
}