{
  "process_start_time": 1767687062.3916252,
  "process_end_time": 1767687307.1354952,
  "total_elapsed_time_seconds": 244.74,
  "rounds_time_stats": {
    "round_1": 36.86,
    "round_2": 43.1,
    "round_3": 46.46,
    "round_4": 44.61,
    "round_5": 43.93,
    "round_6": 29.78
  }
}