{
  "process_start_time": 1767889417.5538578,
  "process_end_time": 1767889477.6263611,
  "total_elapsed_time_seconds": 60.07,
  "rounds_time_stats": {
    "round_1": 8.04,
    "round_2": 11.76,
    "round_3": 8.05,
    "round_4": 10.0,
    "round_5": 10.72,
    "round_6": 11.51
  }
}