{
  "process_start_time": 1768556971.7695074,
  "process_end_time": 1768557009.7206006,
  "total_elapsed_time_seconds": 37.95,
  "rounds_time_stats": {
    "round_1": 37.93
  }
}