{
  "process_start_time": 1768556361.301122,
  "process_end_time": 1768556547.0266294,
  "total_elapsed_time_seconds": 185.73,
  "rounds_time_stats": {
    "round_1": 22.3,
    "round_2": 28.56,
    "round_3": 28.72,
    "round_4": 31.77,
    "round_5": 34.19,
    "round_6": 40.19
  }
}