{
  "process_start_time": 1767885365.3259444,
  "process_end_time": 1767885432.265472,
  "total_elapsed_time_seconds": 66.94,
  "rounds_time_stats": {
    "round_1": 32.28,
    "round_2": 34.65
  }
}