{
  "process_start_time": 1767684104.4530776,
  "process_end_time": 1767684399.2848082,
  "total_elapsed_time_seconds": 294.83,
  "rounds_time_stats": {
    "round_1": 47.39,
    "round_2": 46.25,
    "round_3": 44.88,
    "round_4": 48.92,
    "round_5": 46.69,
    "round_6": 60.7
  }
}