{
  "process_start_time": 1768116745.7471523,
  "process_end_time": 1768116983.6013677,
  "total_elapsed_time_seconds": 237.85,
  "rounds_time_stats": {
    "round_1": 35.14,
    "round_2": 45.72,
    "round_3": 43.46,
    "round_4": 45.68,
    "round_5": 35.19,
    "round_6": 32.67
  }
}