{
  "process_start_time": 1767888288.2599134,
  "process_end_time": 1767888388.6627972,
  "total_elapsed_time_seconds": 100.4,
  "rounds_time_stats": {
    "round_1": 20.11,
    "round_2": 14.72,
    "round_3": 17.21,
    "round_4": 15.7,
    "round_5": 14.87,
    "round_6": 17.8
  }
}