{
  "process_start_time": 1767888546.7966762,
  "process_end_time": 1767888700.4748769,
  "total_elapsed_time_seconds": 153.68,
  "rounds_time_stats": {
    "round_1": 15.97,
    "round_2": 21.1,
    "round_3": 30.05,
    "round_4": 34.28,
    "round_5": 27.68,
    "round_6": 24.59
  }
}