{
  "process_start_time": 1767889624.8577573,
  "process_end_time": 1767889717.7855918,
  "total_elapsed_time_seconds": 92.93,
  "rounds_time_stats": {
    "round_1": 12.9,
    "round_2": 14.0,
    "round_3": 14.54,
    "round_4": 14.06,
    "round_5": 18.88,
    "round_6": 18.55
  }
}