{
  "process_start_time": 1768551036.075968,
  "process_end_time": 1768551239.008267,
  "total_elapsed_time_seconds": 202.93,
  "rounds_time_stats": {
    "round_1": 45.46,
    "round_2": 39.71,
    "round_3": 32.82,
    "round_4": 29.83,
    "round_5": 29.78,
    "round_6": 25.34
  }
}