{
  "process_start_time": 1767687818.2584982,
  "process_end_time": 1767688103.6473117,
  "total_elapsed_time_seconds": 285.39,
  "rounds_time_stats": {
    "round_1": 36.06,
    "round_2": 51.29,
    "round_3": 41.33,
    "round_4": 45.13,
    "round_5": 49.31,
    "round_6": 62.27
  }
}