{
  "process_start_time": 1768555232.5362854,
  "process_end_time": 1768555374.8091059,
  "total_elapsed_time_seconds": 142.27,
  "rounds_time_stats": {
    "round_1": 29.72,
    "round_2": 17.34,
    "round_3": 19.63,
    "round_4": 26.9,
    "round_5": 21.59,
    "round_6": 27.09
  }
}