{
  "process_start_time": 1768115072.01605,
  "process_end_time": 1768115418.8296242,
  "total_elapsed_time_seconds": 346.81,
  "rounds_time_stats": {
    "round_1": 39.94,
    "round_2": 33.42,
    "round_3": 77.95,
    "round_4": 44.3,
    "round_5": 105.78,
    "round_6": 45.41
  }
}