{
  "process_start_time": 1767889971.8180265,
  "process_end_time": 1767890000.4685447,
  "total_elapsed_time_seconds": 28.65,
  "rounds_time_stats": {
    "round_1": 10.6,
    "round_2": 18.05
  }
}