{
  "process_start_time": 1767664926.1109867,
  "process_end_time": 1767665202.1243942,
  "total_elapsed_time_seconds": 276.01,
  "rounds_time_stats": {
    "round_1": 41.9,
    "round_2": 45.37,
    "round_3": 43.27,
    "round_4": 48.82,
    "round_5": 47.39,
    "round_6": 49.26
  }
}