{
  "process_start_time": 1767887476.7173924,
  "process_end_time": 1767887501.504907,
  "total_elapsed_time_seconds": 24.79,
  "rounds_time_stats": {
    "round_1": 24.78
  }
}