{
  "process_start_time": 1767888805.01166,
  "process_end_time": 1767888844.0379171,
  "total_elapsed_time_seconds": 39.03,
  "rounds_time_stats": {
    "round_1": 15.28,
    "round_2": 23.74
  }
}