{
  "process_start_time": 1768107964.0549204,
  "process_end_time": 1768108226.1879427,
  "total_elapsed_time_seconds": 262.13,
  "rounds_time_stats": {
    "round_1": 43.18,
    "round_2": 49.79,
    "round_3": 41.8,
    "round_4": 35.24,
    "round_5": 47.07,
    "round_6": 45.05
  }
}