{
  "process_start_time": 1767882890.7468984,
  "process_end_time": 1767882973.4387298,
  "total_elapsed_time_seconds": 82.69,
  "rounds_time_stats": {
    "round_1": 32.01,
    "round_2": 50.65
  }
}