{
  "process_start_time": 1767978777.4288046,
  "process_end_time": 1767978960.6608145,
  "total_elapsed_time_seconds": 183.23,
  "rounds_time_stats": {
    "round_1": 21.8,
    "round_2": 27.84,
    "round_3": 34.23,
    "round_4": 36.54,
    "round_5": 31.9,
    "round_6": 30.92
  }
}