{
  "process_start_time": 1767885829.8612275,
  "process_end_time": 1767885895.8293912,
  "total_elapsed_time_seconds": 65.97,
  "rounds_time_stats": {
    "round_1": 19.49,
    "round_2": 16.62,
    "round_3": 29.85
  }
}