{
  "process_start_time": 1768109235.891883,
  "process_end_time": 1768109491.105257,
  "total_elapsed_time_seconds": 255.21,
  "rounds_time_stats": {
    "round_1": 30.47,
    "round_2": 41.49,
    "round_3": 40.62,
    "round_4": 52.25,
    "round_5": 46.21,
    "round_6": 44.18
  }
}