{
  "process_start_time": 1767684086.1913645,
  "process_end_time": 1767684352.8432493,
  "total_elapsed_time_seconds": 266.65,
  "rounds_time_stats": {
    "round_1": 47.2,
    "round_2": 45.05,
    "round_3": 35.6,
    "round_4": 44.74,
    "round_5": 46.69,
    "round_6": 47.37
  }
}