{
  "process_start_time": 1767978777.429378,
  "process_end_time": 1767978950.7175722,
  "total_elapsed_time_seconds": 173.29,
  "rounds_time_stats": {
    "round_1": 19.98,
    "round_2": 31.77,
    "round_3": 29.92,
    "round_4": 27.02,
    "round_5": 30.87,
    "round_6": 33.72
  }
}