{
  "process_start_time": 1767888678.4704576,
  "process_end_time": 1767888703.426202,
  "total_elapsed_time_seconds": 24.96,
  "rounds_time_stats": {
    "round_1": 24.95
  }
}