{
  "process_start_time": 1768554905.3433335,
  "process_end_time": 1768555089.028207,
  "total_elapsed_time_seconds": 183.68,
  "rounds_time_stats": {
    "round_1": 25.94,
    "round_2": 28.03,
    "round_3": 30.25,
    "round_4": 25.63,
    "round_5": 37.36,
    "round_6": 36.48
  }
}