{
  "process_start_time": 1767681436.3629012,
  "process_end_time": 1767681632.3774924,
  "total_elapsed_time_seconds": 196.01,
  "rounds_time_stats": {
    "round_1": 44.73,
    "round_2": 44.98,
    "round_3": 37.15,
    "round_4": 34.8,
    "round_5": 17.95,
    "round_6": 16.4
  }
}