{
  "process_start_time": 1768556246.6637063,
  "process_end_time": 1768556431.4828503,
  "total_elapsed_time_seconds": 184.82,
  "rounds_time_stats": {
    "round_1": 29.7,
    "round_2": 29.34,
    "round_3": 30.29,
    "round_4": 36.58,
    "round_5": 28.69,
    "round_6": 30.21
  }
}