{
  "process_start_time": 1767889241.1121898,
  "process_end_time": 1767889329.722142,
  "total_elapsed_time_seconds": 88.61,
  "rounds_time_stats": {
    "round_1": 12.03,
    "round_2": 13.61,
    "round_3": 15.7,
    "round_4": 12.46,
    "round_5": 19.75,
    "round_6": 15.05
  }
}