{
  "process_start_time": 1767889403.5330946,
  "process_end_time": 1767889415.7145703,
  "total_elapsed_time_seconds": 12.18,
  "rounds_time_stats": {
    "round_1": 12.18
  }
}