{
  "process_start_time": 1767887057.1694946,
  "process_end_time": 1767887075.531211,
  "total_elapsed_time_seconds": 18.36,
  "rounds_time_stats": {
    "round_1": 18.36
  }
}