{
  "process_start_time": 1767890757.1571238,
  "process_end_time": 1767890878.552208,
  "total_elapsed_time_seconds": 121.4,
  "rounds_time_stats": {
    "round_1": 33.79,
    "round_2": 30.66,
    "round_3": 28.01,
    "round_4": 28.92
  }
}