{
  "process_start_time": 1767889185.3491132,
  "process_end_time": 1767889257.3189723,
  "total_elapsed_time_seconds": 71.97,
  "rounds_time_stats": {
    "round_1": 10.29,
    "round_2": 11.0,
    "round_3": 12.23,
    "round_4": 11.17,
    "round_5": 12.76,
    "round_6": 14.52
  }
}