{
  "process_start_time": 1767890822.889178,
  "process_end_time": 1767890857.1815484,
  "total_elapsed_time_seconds": 34.29,
  "rounds_time_stats": {
    "round_1": 34.26
  }
}