{
  "process_start_time": 1767883507.5162098,
  "process_end_time": 1767883561.4116902,
  "total_elapsed_time_seconds": 53.9,
  "rounds_time_stats": {
    "round_1": 53.85
  }
}