{
  "process_start_time": 1767680758.6811717,
  "process_end_time": 1767681035.8247864,
  "total_elapsed_time_seconds": 277.14,
  "rounds_time_stats": {
    "round_1": 47.15,
    "round_2": 46.53,
    "round_3": 47.46,
    "round_4": 41.29,
    "round_5": 50.03,
    "round_6": 44.68
  }
}