{
  "process_start_time": 1768115483.7700903,
  "process_end_time": 1768115677.4935176,
  "total_elapsed_time_seconds": 193.72,
  "rounds_time_stats": {
    "round_1": 34.75,
    "round_2": 36.35,
    "round_3": 32.73,
    "round_4": 30.79,
    "round_5": 30.48,
    "round_6": 28.63
  }
}