{
  "process_start_time": 1767691407.0480566,
  "process_end_time": 1767691680.1425152,
  "total_elapsed_time_seconds": 273.09,
  "rounds_time_stats": {
    "round_1": 72.71,
    "round_2": 29.55,
    "round_3": 41.17,
    "round_4": 33.36,
    "round_5": 47.94,
    "round_6": 48.35
  }
}