{
  "process_start_time": 1767883877.8757393,
  "process_end_time": 1767883916.4222066,
  "total_elapsed_time_seconds": 38.55,
  "rounds_time_stats": {
    "round_1": 19.92,
    "round_2": 18.62
  }
}