{
  "process_start_time": 1767976176.9556928,
  "process_end_time": 1767976379.7892177,
  "total_elapsed_time_seconds": 202.83,
  "rounds_time_stats": {
    "round_1": 18.93,
    "round_2": 34.29,
    "round_3": 31.2,
    "round_4": 39.66,
    "round_5": 40.24,
    "round_6": 38.51
  }
}