{
  "process_start_time": 1767883014.9195254,
  "process_end_time": 1767883029.07517,
  "total_elapsed_time_seconds": 14.16,
  "rounds_time_stats": {
    "round_1": 14.15
  }
}