{
  "process_start_time": 1767679985.1431258,
  "process_end_time": 1767680280.7526608,
  "total_elapsed_time_seconds": 295.61,
  "rounds_time_stats": {
    "round_1": 39.8,
    "round_2": 47.68,
    "round_3": 48.9,
    "round_4": 48.94,
    "round_5": 61.5,
    "round_6": 48.79
  }
}