{
  "process_start_time": 1767678939.7835507,
  "process_end_time": 1767679164.912131,
  "total_elapsed_time_seconds": 225.13,
  "rounds_time_stats": {
    "round_1": 26.6,
    "round_2": 34.41,
    "round_3": 27.0,
    "round_4": 48.52,
    "round_5": 44.78,
    "round_6": 43.82
  }
}