{
  "process_start_time": 1767969222.451118,
  "process_end_time": 1767969485.5391123,
  "total_elapsed_time_seconds": 263.09,
  "rounds_time_stats": {
    "round_1": 36.83,
    "round_2": 37.3,
    "round_3": 47.81,
    "round_4": 49.14,
    "round_5": 51.92,
    "round_6": 40.08
  }
}