{
  "process_start_time": 1768556597.7362645,
  "process_end_time": 1768556764.5944357,
  "total_elapsed_time_seconds": 166.86,
  "rounds_time_stats": {
    "round_1": 22.44,
    "round_2": 26.35,
    "round_3": 30.13,
    "round_4": 30.15,
    "round_5": 28.26,
    "round_6": 29.53
  }
}