{
  "process_start_time": 1767887957.0840018,
  "process_end_time": 1767888006.997311,
  "total_elapsed_time_seconds": 49.91,
  "rounds_time_stats": {
    "round_1": 11.25,
    "round_2": 17.69,
    "round_3": 20.97
  }
}