{
  "process_start_time": 1767890371.8308392,
  "process_end_time": 1767890438.8021593,
  "total_elapsed_time_seconds": 66.97,
  "rounds_time_stats": {
    "round_1": 29.64,
    "round_2": 37.33
  }
}