{
  "process_start_time": 1767887207.2960348,
  "process_end_time": 1767887243.7795618,
  "total_elapsed_time_seconds": 36.48,
  "rounds_time_stats": {
    "round_1": 15.79,
    "round_2": 20.69
  }
}