{
  "process_start_time": 1768117032.2360814,
  "process_end_time": 1768117315.29231,
  "total_elapsed_time_seconds": 283.06,
  "rounds_time_stats": {
    "round_1": 46.72,
    "round_2": 50.34,
    "round_3": 46.84,
    "round_4": 49.14,
    "round_5": 47.99,
    "round_6": 42.03
  }
}