{
  "process_start_time": 1767883910.555006,
  "process_end_time": 1767884141.2885091,
  "total_elapsed_time_seconds": 230.73,
  "rounds_time_stats": {
    "round_1": 43.26,
    "round_2": 44.86,
    "round_3": 34.99,
    "round_4": 36.33,
    "round_5": 34.49,
    "round_6": 36.81
  }
}