{
  "process_start_time": 1767886033.0127435,
  "process_end_time": 1767886082.4976747,
  "total_elapsed_time_seconds": 49.48,
  "rounds_time_stats": {
    "round_1": 25.91,
    "round_2": 23.58
  }
}