{
  "process_start_time": 1768555837.9788902,
  "process_end_time": 1768556032.6907175,
  "total_elapsed_time_seconds": 194.71,
  "rounds_time_stats": {
    "round_1": 29.8,
    "round_2": 32.05,
    "round_3": 40.67,
    "round_4": 20.33,
    "round_5": 35.58,
    "round_6": 36.26
  }
}