{
  "process_start_time": 1768116350.6412354,
  "process_end_time": 1768116539.766914,
  "total_elapsed_time_seconds": 189.13,
  "rounds_time_stats": {
    "round_1": 36.28,
    "round_2": 30.8,
    "round_3": 33.21,
    "round_4": 30.42,
    "round_5": 30.01,
    "round_6": 28.39
  }
}