{
  "process_start_time": 1767689464.6652915,
  "process_end_time": 1767689761.7939274,
  "total_elapsed_time_seconds": 297.13,
  "rounds_time_stats": {
    "round_1": 42.88,
    "round_2": 58.05,
    "round_3": 47.07,
    "round_4": 56.38,
    "round_5": 45.89,
    "round_6": 46.86
  }
}