{
  "process_start_time": 1767888035.7393968,
  "process_end_time": 1767888184.669037,
  "total_elapsed_time_seconds": 148.93,
  "rounds_time_stats": {
    "round_1": 30.58,
    "round_2": 21.89,
    "round_3": 23.88,
    "round_4": 20.42,
    "round_5": 27.58,
    "round_6": 24.58
  }
}