{
  "process_start_time": 1767680791.0572333,
  "process_end_time": 1767681082.2559414,
  "total_elapsed_time_seconds": 291.2,
  "rounds_time_stats": {
    "round_1": 45.37,
    "round_2": 47.4,
    "round_3": 45.61,
    "round_4": 44.26,
    "round_5": 46.36,
    "round_6": 62.2
  }
}