{
  "process_start_time": 1768108015.7275758,
  "process_end_time": 1768108284.945745,
  "total_elapsed_time_seconds": 269.22,
  "rounds_time_stats": {
    "round_1": 37.54,
    "round_2": 49.37,
    "round_3": 47.74,
    "round_4": 45.71,
    "round_5": 43.56,
    "round_6": 45.29
  }
}