{
  "process_start_time": 1767887237.421561,
  "process_end_time": 1767887358.9958804,
  "total_elapsed_time_seconds": 121.57,
  "rounds_time_stats": {
    "round_1": 16.57,
    "round_2": 14.6,
    "round_3": 25.65,
    "round_4": 23.15,
    "round_5": 23.77,
    "round_6": 17.83
  }
}