{
  "process_start_time": 1768556459.2358725,
  "process_end_time": 1768556624.5353172,
  "total_elapsed_time_seconds": 165.3,
  "rounds_time_stats": {
    "round_1": 21.61,
    "round_2": 28.59,
    "round_3": 28.0,
    "round_4": 28.24,
    "round_5": 31.33,
    "round_6": 27.52
  }
}