{
  "process_start_time": 1767969599.1436734,
  "process_end_time": 1767969998.3467157,
  "total_elapsed_time_seconds": 399.2,
  "rounds_time_stats": {
    "round_1": 38.38,
    "round_2": 52.8,
    "round_3": 39.58,
    "round_4": 81.09,
    "round_5": 38.99,
    "round_6": 148.35
  }
}