{
  "process_start_time": 1767887596.753612,
  "process_end_time": 1767887650.6309898,
  "total_elapsed_time_seconds": 53.88,
  "rounds_time_stats": {
    "round_1": 53.63
  }
}