{
  "process_start_time": 1767884557.0292172,
  "process_end_time": 1767884593.2112606,
  "total_elapsed_time_seconds": 36.18,
  "rounds_time_stats": {
    "round_1": 36.18
  }
}