{
  "process_start_time": 1767885171.8217587,
  "process_end_time": 1767885201.4433403,
  "total_elapsed_time_seconds": 29.62,
  "rounds_time_stats": {
    "round_1": 29.61
  }
}