{
  "process_start_time": 1768108774.2150087,
  "process_end_time": 1768109023.7556307,
  "total_elapsed_time_seconds": 249.54,
  "rounds_time_stats": {
    "round_1": 37.42,
    "round_2": 39.33,
    "round_3": 49.05,
    "round_4": 42.18,
    "round_5": 35.14,
    "round_6": 46.42
  }
}