{
  "process_start_time": 1767883390.5213602,
  "process_end_time": 1767883412.163008,
  "total_elapsed_time_seconds": 21.64,
  "rounds_time_stats": {
    "round_1": 21.64
  }
}