{
  "process_start_time": 1767889337.821069,
  "process_end_time": 1767889367.9485312,
  "total_elapsed_time_seconds": 30.13,
  "rounds_time_stats": {
    "round_1": 30.11
  }
}