{
  "process_start_time": 1767886688.3425202,
  "process_end_time": 1767886867.2464669,
  "total_elapsed_time_seconds": 178.9,
  "rounds_time_stats": {
    "round_1": 21.86,
    "round_2": 21.56,
    "round_3": 27.01,
    "round_4": 34.46,
    "round_5": 39.39,
    "round_6": 34.62
  }
}