{
  "process_start_time": 1767680900.0258915,
  "process_end_time": 1767680952.8181522,
  "total_elapsed_time_seconds": 52.79,
  "rounds_time_stats": {
    "round_1": 52.77
  }
}