{
  "process_start_time": 1768550977.6775875,
  "process_end_time": 1768551213.2925801,
  "total_elapsed_time_seconds": 235.61,
  "rounds_time_stats": {
    "round_1": 58.57,
    "round_2": 44.45,
    "round_3": 42.23,
    "round_4": 33.12,
    "round_5": 28.97,
    "round_6": 28.26
  }
}