{
  "process_start_time": 1767885598.5906732,
  "process_end_time": 1767885631.963649,
  "total_elapsed_time_seconds": 33.37,
  "rounds_time_stats": {
    "round_1": 33.37
  }
}