{
  "process_start_time": 1767969677.3231428,
  "process_end_time": 1767970009.7572157,
  "total_elapsed_time_seconds": 332.43,
  "rounds_time_stats": {
    "round_1": 40.28,
    "round_2": 78.72,
    "round_3": 52.38,
    "round_4": 39.26,
    "round_5": 63.18,
    "round_6": 58.61
  }
}