{
  "process_start_time": 1767886897.3712554,
  "process_end_time": 1767886938.0877225,
  "total_elapsed_time_seconds": 40.72,
  "rounds_time_stats": {
    "round_1": 20.34,
    "round_2": 19.99,
    "round_3": 0.38
  }
}