{
  "process_start_time": 1767680526.3161397,
  "process_end_time": 1767680806.256731,
  "total_elapsed_time_seconds": 279.94,
  "rounds_time_stats": {
    "round_1": 54.07,
    "round_2": 43.51,
    "round_3": 42.53,
    "round_4": 46.17,
    "round_5": 46.18,
    "round_6": 47.48
  }
}