{
  "process_start_time": 1767883345.1375463,
  "process_end_time": 1767883378.173803,
  "total_elapsed_time_seconds": 33.04,
  "rounds_time_stats": {
    "round_1": 33.03
  }
}