{
  "process_start_time": 1767882890.7343256,
  "process_end_time": 1767882903.6734045,
  "total_elapsed_time_seconds": 12.94,
  "rounds_time_stats": {
    "round_1": 12.93
  }
}