{
  "process_start_time": 1767687307.1363857,
  "process_end_time": 1767687592.2860994,
  "total_elapsed_time_seconds": 285.15,
  "rounds_time_stats": {
    "round_1": 31.76,
    "round_2": 48.83,
    "round_3": 48.96,
    "round_4": 48.48,
    "round_5": 47.19,
    "round_6": 59.93
  }
}