{
  "process_start_time": 1768555215.696653,
  "process_end_time": 1768555375.7662735,
  "total_elapsed_time_seconds": 160.07,
  "rounds_time_stats": {
    "round_1": 27.15,
    "round_2": 28.13,
    "round_3": 28.37,
    "round_4": 28.78,
    "round_5": 26.82,
    "round_6": 20.82
  }
}