{
  "process_start_time": 1767680309.7455678,
  "process_end_time": 1767680569.8173945,
  "total_elapsed_time_seconds": 260.07,
  "rounds_time_stats": {
    "round_1": 41.4,
    "round_2": 39.15,
    "round_3": 47.54,
    "round_4": 45.02,
    "round_5": 43.42,
    "round_6": 43.53
  }
}