{
  "process_start_time": 1767890080.6181958,
  "process_end_time": 1767890091.6836321,
  "total_elapsed_time_seconds": 11.07,
  "rounds_time_stats": {
    "round_1": 11.06
  }
}