{
  "process_start_time": 1767889269.3755152,
  "process_end_time": 1767889318.7331953,
  "total_elapsed_time_seconds": 49.36,
  "rounds_time_stats": {
    "round_1": 49.34
  }
}