{
  "process_start_time": 1767885548.3041224,
  "process_end_time": 1767885615.2571008,
  "total_elapsed_time_seconds": 66.95,
  "rounds_time_stats": {
    "round_1": 37.69,
    "round_2": 29.26
  }
}