{
  "process_start_time": 1767665214.4996731,
  "process_end_time": 1767665450.2621498,
  "total_elapsed_time_seconds": 235.76,
  "rounds_time_stats": {
    "round_1": 40.14,
    "round_2": 36.98,
    "round_3": 31.89,
    "round_4": 47.1,
    "round_5": 45.37,
    "round_6": 34.28
  }
}