{
  "process_start_time": 1767676631.2018516,
  "process_end_time": 1767676905.656238,
  "total_elapsed_time_seconds": 274.45,
  "rounds_time_stats": {
    "round_1": 45.16,
    "round_2": 45.47,
    "round_3": 44.15,
    "round_4": 48.67,
    "round_5": 43.62,
    "round_6": 47.39
  }
}