{
  "process_start_time": 1767675475.9728127,
  "process_end_time": 1767675789.963677,
  "total_elapsed_time_seconds": 313.99,
  "rounds_time_stats": {
    "round_1": 65.94,
    "round_2": 30.44,
    "round_3": 62.94,
    "round_4": 42.73,
    "round_5": 42.58,
    "round_6": 69.36
  }
}