{
  "process_start_time": 1767889010.9951339,
  "process_end_time": 1767889021.0783057,
  "total_elapsed_time_seconds": 10.08,
  "rounds_time_stats": {
    "round_1": 10.08
  }
}