{
  "process_start_time": 1768550805.5903332,
  "process_end_time": 1768551079.770989,
  "total_elapsed_time_seconds": 274.18,
  "rounds_time_stats": {
    "round_1": 38.4,
    "round_2": 39.68,
    "round_3": 59.06,
    "round_4": 42.41,
    "round_5": 49.25,
    "round_6": 45.39
  }
}