{
  "process_start_time": 1768555359.1663237,
  "process_end_time": 1768555506.4818375,
  "total_elapsed_time_seconds": 147.32,
  "rounds_time_stats": {
    "round_1": 12.69,
    "round_2": 29.42,
    "round_3": 29.73,
    "round_4": 28.7,
    "round_5": 25.9,
    "round_6": 20.87
  }
}