{
  "process_start_time": 1767888953.138687,
  "process_end_time": 1767889044.9670718,
  "total_elapsed_time_seconds": 91.83,
  "rounds_time_stats": {
    "round_1": 30.63,
    "round_2": 31.29,
    "round_3": 29.89
  }
}