{
  "process_start_time": 1767887597.5393746,
  "process_end_time": 1767887640.7430494,
  "total_elapsed_time_seconds": 43.2,
  "rounds_time_stats": {
    "round_1": 43.13
  }
}