{
  "process_start_time": 1767887395.1934762,
  "process_end_time": 1767887452.704041,
  "total_elapsed_time_seconds": 57.51,
  "rounds_time_stats": {
    "round_1": 26.48,
    "round_2": 30.96
  }
}