{
  "process_start_time": 1767687295.0624309,
  "process_end_time": 1767687606.343289,
  "total_elapsed_time_seconds": 311.28,
  "rounds_time_stats": {
    "round_1": 46.06,
    "round_2": 45.55,
    "round_3": 48.67,
    "round_4": 50.23,
    "round_5": 63.57,
    "round_6": 57.19
  }
}