{
  "process_start_time": 1767884716.1677015,
  "process_end_time": 1767884752.132127,
  "total_elapsed_time_seconds": 35.96,
  "rounds_time_stats": {
    "round_1": 16.65,
    "round_2": 18.9,
    "round_3": 0.42
  }
}