{
  "process_start_time": 1767976660.8645663,
  "process_end_time": 1767976815.879156,
  "total_elapsed_time_seconds": 155.01,
  "rounds_time_stats": {
    "round_1": 29.92,
    "round_2": 26.34,
    "round_3": 24.09,
    "round_4": 19.1,
    "round_5": 26.73,
    "round_6": 28.83
  }
}