{
  "process_start_time": 1767890021.8289642,
  "process_end_time": 1767890095.8650157,
  "total_elapsed_time_seconds": 74.04,
  "rounds_time_stats": {
    "round_1": 18.02,
    "round_2": 56.01
  }
}