{
  "process_start_time": 1767890895.0956876,
  "process_end_time": 1767891033.5387123,
  "total_elapsed_time_seconds": 138.44,
  "rounds_time_stats": {
    "round_1": 21.52,
    "round_2": 25.02,
    "round_3": 31.56,
    "round_4": 20.95,
    "round_5": 19.73,
    "round_6": 19.66
  }
}