{
  "process_start_time": 1767890006.7639806,
  "process_end_time": 1767890020.9010768,
  "total_elapsed_time_seconds": 14.14,
  "rounds_time_stats": {
    "round_1": 14.13
  }
}