{
  "process_start_time": 1767885848.5688705,
  "process_end_time": 1767885914.3783407,
  "total_elapsed_time_seconds": 65.81,
  "rounds_time_stats": {
    "round_1": 36.14,
    "round_2": 29.22,
    "round_3": 0.45
  }
}