{
  "process_start_time": 1768555828.3109167,
  "process_end_time": 1768555995.9047012,
  "total_elapsed_time_seconds": 167.59,
  "rounds_time_stats": {
    "round_1": 21.76,
    "round_2": 29.95,
    "round_3": 28.39,
    "round_4": 29.77,
    "round_5": 28.91,
    "round_6": 28.81
  }
}