{
  "process_start_time": 1767889280.1175656,
  "process_end_time": 1767889330.3816204,
  "total_elapsed_time_seconds": 50.26,
  "rounds_time_stats": {
    "round_1": 21.48,
    "round_2": 13.26,
    "round_3": 15.52
  }
}