{
  "process_start_time": 1767888390.997821,
  "process_end_time": 1767888424.442177,
  "total_elapsed_time_seconds": 33.44,
  "rounds_time_stats": {
    "round_1": 16.19,
    "round_2": 17.25
  }
}