{
  "process_start_time": 1767890492.9462357,
  "process_end_time": 1767890515.0066366,
  "total_elapsed_time_seconds": 22.06,
  "rounds_time_stats": {
    "round_1": 22.03
  }
}