{
  "process_start_time": 1767887523.8016546,
  "process_end_time": 1767887592.4971383,
  "total_elapsed_time_seconds": 68.7,
  "rounds_time_stats": {
    "round_1": 37.17,
    "round_2": 31.52
  }
}