{
  "process_start_time": 1768116544.7572782,
  "process_end_time": 1768116799.9556124,
  "total_elapsed_time_seconds": 255.2,
  "rounds_time_stats": {
    "round_1": 35.25,
    "round_2": 49.19,
    "round_3": 44.46,
    "round_4": 40.02,
    "round_5": 43.83,
    "round_6": 42.44
  }
}