{
  "process_start_time": 1767973270.7904968,
  "process_end_time": 1767973316.2816947,
  "total_elapsed_time_seconds": 45.49,
  "rounds_time_stats": {
    "round_1": 45.46
  }
}