{
  "process_start_time": 1767886727.6147108,
  "process_end_time": 1767886747.811966,
  "total_elapsed_time_seconds": 20.2,
  "rounds_time_stats": {
    "round_1": 20.19
  }
}