{
  "process_start_time": 1767975136.256168,
  "process_end_time": 1767975282.8099892,
  "total_elapsed_time_seconds": 146.55,
  "rounds_time_stats": {
    "round_1": 17.33,
    "round_2": 24.09,
    "round_3": 24.94,
    "round_4": 24.15,
    "round_5": 29.75,
    "round_6": 26.28
  }
}