{
  "process_start_time": 1767884198.9960687,
  "process_end_time": 1767884214.1797807,
  "total_elapsed_time_seconds": 15.18,
  "rounds_time_stats": {
    "round_1": 15.18
  }
}