{
  "process_start_time": 1767889696.1271315,
  "process_end_time": 1767889803.9906778,
  "total_elapsed_time_seconds": 107.86,
  "rounds_time_stats": {
    "round_1": 11.01,
    "round_2": 26.84,
    "round_3": 21.76,
    "round_4": 26.76,
    "round_5": 21.48
  }
}