{
  "process_start_time": 1767888959.2490907,
  "process_end_time": 1767889054.5735009,
  "total_elapsed_time_seconds": 95.32,
  "rounds_time_stats": {
    "round_1": 11.67,
    "round_2": 14.62,
    "round_3": 13.83,
    "round_4": 18.02,
    "round_5": 15.25,
    "round_6": 21.93
  }
}