{
  "process_start_time": 1767885811.8878305,
  "process_end_time": 1767885829.6750276,
  "total_elapsed_time_seconds": 17.79,
  "rounds_time_stats": {
    "round_1": 17.78
  }
}