{
  "process_start_time": 1767681079.6324928,
  "process_end_time": 1767681325.84716,
  "total_elapsed_time_seconds": 246.21,
  "rounds_time_stats": {
    "round_1": 35.75,
    "round_2": 44.76,
    "round_3": 34.48,
    "round_4": 40.97,
    "round_5": 47.52,
    "round_6": 42.74
  }
}