{
  "process_start_time": 1768552134.3598883,
  "process_end_time": 1768552180.7383955,
  "total_elapsed_time_seconds": 46.38,
  "rounds_time_stats": {
    "round_1": 46.36
  }
}