{
  "process_start_time": 1767977458.8053615,
  "process_end_time": 1767977656.3852115,
  "total_elapsed_time_seconds": 197.58,
  "rounds_time_stats": {
    "round_1": 30.71,
    "round_2": 41.0,
    "round_3": 30.72,
    "round_4": 33.31,
    "round_5": 29.1,
    "round_6": 32.74
  }
}