{
  "process_start_time": 1768108537.2732189,
  "process_end_time": 1768108803.2868323,
  "total_elapsed_time_seconds": 266.01,
  "rounds_time_stats": {
    "round_1": 42.08,
    "round_2": 34.95,
    "round_3": 48.29,
    "round_4": 48.57,
    "round_5": 48.95,
    "round_6": 43.18
  }
}