{
  "process_start_time": 1767889314.4690855,
  "process_end_time": 1767889383.4024773,
  "total_elapsed_time_seconds": 68.93,
  "rounds_time_stats": {
    "round_1": 11.12,
    "round_2": 8.43,
    "round_3": 9.14,
    "round_4": 9.95,
    "round_5": 14.07,
    "round_6": 16.23
  }
}