{
  "process_start_time": 1767681371.5490444,
  "process_end_time": 1767681605.1506643,
  "total_elapsed_time_seconds": 233.6,
  "rounds_time_stats": {
    "round_1": 48.14,
    "round_2": 48.22,
    "round_3": 44.25,
    "round_4": 39.23,
    "round_5": 36.2,
    "round_6": 17.56
  }
}