{
  "process_start_time": 1768108787.464562,
  "process_end_time": 1768109055.4962099,
  "total_elapsed_time_seconds": 268.03,
  "rounds_time_stats": {
    "round_1": 45.97,
    "round_2": 48.56,
    "round_3": 42.59,
    "round_4": 35.72,
    "round_5": 48.09,
    "round_6": 47.09
  }
}