{
  "process_start_time": 1767676064.5109022,
  "process_end_time": 1767676340.176975,
  "total_elapsed_time_seconds": 275.67,
  "rounds_time_stats": {
    "round_1": 46.72,
    "round_2": 49.75,
    "round_3": 46.95,
    "round_4": 42.68,
    "round_5": 45.79,
    "round_6": 43.77
  }
}