{
  "process_start_time": 1767691407.0457044,
  "process_end_time": 1767691744.4100544,
  "total_elapsed_time_seconds": 337.36,
  "rounds_time_stats": {
    "round_1": 88.4,
    "round_2": 45.76,
    "round_3": 44.48,
    "round_4": 47.81,
    "round_5": 47.75,
    "round_6": 63.16
  }
}