{
  "process_start_time": 1767883841.1431115,
  "process_end_time": 1767883870.8713553,
  "total_elapsed_time_seconds": 29.73,
  "rounds_time_stats": {
    "round_1": 29.72
  }
}