{
  "process_start_time": 1767883824.4210117,
  "process_end_time": 1767884052.9780998,
  "total_elapsed_time_seconds": 228.56,
  "rounds_time_stats": {
    "round_1": 39.2,
    "round_2": 39.51,
    "round_3": 34.49,
    "round_4": 38.4,
    "round_5": 42.22,
    "round_6": 34.74
  }
}