{
  "process_start_time": 1767684167.3369353,
  "process_end_time": 1767684461.7125103,
  "total_elapsed_time_seconds": 294.38,
  "rounds_time_stats": {
    "round_1": 45.78,
    "round_2": 43.51,
    "round_3": 34.97,
    "round_4": 46.76,
    "round_5": 76.13,
    "round_6": 47.22
  }
}