{
  "process_start_time": 1767883687.585461,
  "process_end_time": 1767883742.8073463,
  "total_elapsed_time_seconds": 55.22,
  "rounds_time_stats": {
    "round_1": 24.5,
    "round_2": 30.72
  }
}