{
  "process_start_time": 1767682456.1278841,
  "process_end_time": 1767682748.2007744,
  "total_elapsed_time_seconds": 292.07,
  "rounds_time_stats": {
    "round_1": 43.7,
    "round_2": 45.09,
    "round_3": 62.8,
    "round_4": 45.12,
    "round_5": 49.84,
    "round_6": 45.52
  }
}