{
  "process_start_time": 1767888482.0022945,
  "process_end_time": 1767888508.8755941,
  "total_elapsed_time_seconds": 26.87,
  "rounds_time_stats": {
    "round_1": 12.96,
    "round_2": 13.91
  }
}