{
  "process_start_time": 1767888126.8951647,
  "process_end_time": 1767888250.2702875,
  "total_elapsed_time_seconds": 123.38,
  "rounds_time_stats": {
    "round_1": 10.25,
    "round_2": 21.41,
    "round_3": 25.07,
    "round_4": 24.33,
    "round_5": 25.16,
    "round_6": 17.16
  }
}