{
  "process_start_time": 1767887907.290853,
  "process_end_time": 1767888035.5971148,
  "total_elapsed_time_seconds": 128.31,
  "rounds_time_stats": {
    "round_1": 37.88,
    "round_2": 42.44,
    "round_3": 47.98
  }
}