{
  "process_start_time": 1768108284.587146,
  "process_end_time": 1768108553.6890473,
  "total_elapsed_time_seconds": 269.1,
  "rounds_time_stats": {
    "round_1": 42.48,
    "round_2": 45.44,
    "round_3": 45.46,
    "round_4": 42.9,
    "round_5": 47.0,
    "round_6": 45.82
  }
}