{
  "process_start_time": 1767677042.8615587,
  "process_end_time": 1767677369.5549812,
  "total_elapsed_time_seconds": 326.69,
  "rounds_time_stats": {
    "round_1": 54.59,
    "round_2": 67.13,
    "round_3": 46.0,
    "round_4": 42.09,
    "round_5": 43.75,
    "round_6": 73.13
  }
}