{
  "process_start_time": 1767887879.94227,
  "process_end_time": 1767887907.7921355,
  "total_elapsed_time_seconds": 27.85,
  "rounds_time_stats": {
    "round_1": 27.85
  }
}