{
  "process_start_time": 1768550704.5721366,
  "process_end_time": 1768550753.420483,
  "total_elapsed_time_seconds": 48.85,
  "rounds_time_stats": {
    "round_1": 48.82
  }
}