{
  "process_start_time": 1767689305.7321448,
  "process_end_time": 1767689582.7134597,
  "total_elapsed_time_seconds": 276.98,
  "rounds_time_stats": {
    "round_1": 50.58,
    "round_2": 40.65,
    "round_3": 52.49,
    "round_4": 45.59,
    "round_5": 40.2,
    "round_6": 47.47
  }
}