{
  "process_start_time": 1767678073.9660656,
  "process_end_time": 1767678349.0465236,
  "total_elapsed_time_seconds": 275.08,
  "rounds_time_stats": {
    "round_1": 75.69,
    "round_2": 33.83,
    "round_3": 54.83,
    "round_4": 31.91,
    "round_5": 34.15,
    "round_6": 44.67
  }
}