{
  "process_start_time": 1767887253.7431097,
  "process_end_time": 1767887376.4569123,
  "total_elapsed_time_seconds": 122.71,
  "rounds_time_stats": {
    "round_1": 12.79,
    "round_2": 24.65,
    "round_3": 21.5,
    "round_4": 17.96,
    "round_5": 20.74,
    "round_6": 25.07
  }
}