{
  "process_start_time": 1767977458.817001,
  "process_end_time": 1767977646.8214617,
  "total_elapsed_time_seconds": 188.0,
  "rounds_time_stats": {
    "round_1": 30.17,
    "round_2": 33.73,
    "round_3": 31.7,
    "round_4": 31.46,
    "round_5": 30.01,
    "round_6": 30.93
  }
}