{
  "process_start_time": 1767883991.1720088,
  "process_end_time": 1767884106.5678475,
  "total_elapsed_time_seconds": 115.4,
  "rounds_time_stats": {
    "round_1": 47.37,
    "round_2": 34.67,
    "round_3": 33.35
  }
}