{
  "process_start_time": 1767975917.4921374,
  "process_end_time": 1767976124.6765919,
  "total_elapsed_time_seconds": 207.18,
  "rounds_time_stats": {
    "round_1": 35.41,
    "round_2": 29.22,
    "round_3": 30.92,
    "round_4": 32.47,
    "round_5": 39.45,
    "round_6": 39.72
  }
}