{
  "process_start_time": 1768551954.9817405,
  "process_end_time": 1768552106.163954,
  "total_elapsed_time_seconds": 151.18,
  "rounds_time_stats": {
    "round_1": 26.76,
    "round_2": 30.33,
    "round_3": 20.79,
    "round_4": 22.15,
    "round_5": 25.67,
    "round_6": 25.47
  }
}