{
  "process_start_time": 1767887960.675971,
  "process_end_time": 1767887990.8316216,
  "total_elapsed_time_seconds": 30.16,
  "rounds_time_stats": {
    "round_1": 30.14
  }
}