{
  "process_start_time": 1768556568.2212417,
  "process_end_time": 1768556782.1137211,
  "total_elapsed_time_seconds": 213.89,
  "rounds_time_stats": {
    "round_1": 29.71,
    "round_2": 38.32,
    "round_3": 30.63,
    "round_4": 40.14,
    "round_5": 37.49,
    "round_6": 37.6
  }
}