{
  "process_start_time": 1767883128.084226,
  "process_end_time": 1767883164.4420505,
  "total_elapsed_time_seconds": 36.36,
  "rounds_time_stats": {
    "round_1": 36.32
  }
}