{
  "process_start_time": 1767886257.2831748,
  "process_end_time": 1767886278.364332,
  "total_elapsed_time_seconds": 21.08,
  "rounds_time_stats": {
    "round_1": 21.08
  }
}