{
  "process_start_time": 1767889885.2182717,
  "process_end_time": 1767889898.4711416,
  "total_elapsed_time_seconds": 13.25,
  "rounds_time_stats": {
    "round_1": 13.25
  }
}