{
  "process_start_time": 1768108520.505846,
  "process_end_time": 1768108741.4712899,
  "total_elapsed_time_seconds": 220.97,
  "rounds_time_stats": {
    "round_1": 31.87,
    "round_2": 32.33,
    "round_3": 46.42,
    "round_4": 47.07,
    "round_5": 30.09,
    "round_6": 33.19
  }
}