{
  "process_start_time": 1767882987.37484,
  "process_end_time": 1767882998.1840577,
  "total_elapsed_time_seconds": 10.81,
  "rounds_time_stats": {
    "round_1": 10.81
  }
}