{
  "process_start_time": 1767884606.972055,
  "process_end_time": 1767884872.1441355,
  "total_elapsed_time_seconds": 265.17,
  "rounds_time_stats": {
    "round_1": 24.55,
    "round_2": 35.61,
    "round_3": 60.63,
    "round_4": 64.06,
    "round_5": 34.22,
    "round_6": 46.11
  }
}