{
  "process_start_time": 1767687635.5549502,
  "process_end_time": 1767687917.904413,
  "total_elapsed_time_seconds": 282.35,
  "rounds_time_stats": {
    "round_1": 42.44,
    "round_2": 31.36,
    "round_3": 45.49,
    "round_4": 47.73,
    "round_5": 59.27,
    "round_6": 56.06
  }
}