{
  "process_start_time": 1768550237.018454,
  "process_end_time": 1768550515.9552245,
  "total_elapsed_time_seconds": 278.94,
  "rounds_time_stats": {
    "round_1": 42.11,
    "round_2": 57.51,
    "round_3": 46.15,
    "round_4": 44.9,
    "round_5": 45.31,
    "round_6": 42.95
  }
}