{
  "process_start_time": 1767884778.7564812,
  "process_end_time": 1767884908.3422098,
  "total_elapsed_time_seconds": 129.59,
  "rounds_time_stats": {
    "round_1": 21.78,
    "round_2": 25.78,
    "round_3": 22.71,
    "round_4": 21.2,
    "round_5": 17.28,
    "round_6": 20.84
  }
}