{
  "process_start_time": 1767890753.2839577,
  "process_end_time": 1767890961.588514,
  "total_elapsed_time_seconds": 208.3,
  "rounds_time_stats": {
    "round_1": 38.79,
    "round_2": 36.3,
    "round_3": 33.64,
    "round_4": 36.84,
    "round_5": 34.68,
    "round_6": 28.05
  }
}