{
  "process_start_time": 1767890703.9054809,
  "process_end_time": 1767890844.1919682,
  "total_elapsed_time_seconds": 140.29,
  "rounds_time_stats": {
    "round_1": 16.59,
    "round_2": 24.78,
    "round_3": 23.01,
    "round_4": 27.97,
    "round_5": 24.28,
    "round_6": 23.66
  }
}