{
  "process_start_time": 1767681339.3242671,
  "process_end_time": 1767681578.2870333,
  "total_elapsed_time_seconds": 238.96,
  "rounds_time_stats": {
    "round_1": 32.46,
    "round_2": 43.43,
    "round_3": 36.1,
    "round_4": 46.9,
    "round_5": 42.2,
    "round_6": 37.86
  }
}