{
  "process_start_time": 1768116262.866195,
  "process_end_time": 1768116556.0263236,
  "total_elapsed_time_seconds": 293.16,
  "rounds_time_stats": {
    "round_1": 72.2,
    "round_2": 29.51,
    "round_3": 48.15,
    "round_4": 46.05,
    "round_5": 45.05,
    "round_6": 52.21
  }
}