{
  "process_start_time": 1767680609.6325235,
  "process_end_time": 1767680882.082142,
  "total_elapsed_time_seconds": 272.45,
  "rounds_time_stats": {
    "round_1": 44.54,
    "round_2": 44.0,
    "round_3": 49.27,
    "round_4": 42.75,
    "round_5": 44.9,
    "round_6": 46.98
  }
}