{
  "process_start_time": 1768109563.4841063,
  "process_end_time": 1768109804.3123744,
  "total_elapsed_time_seconds": 240.83,
  "rounds_time_stats": {
    "round_1": 46.1,
    "round_2": 46.12,
    "round_3": 44.62,
    "round_4": 44.91,
    "round_5": 34.87,
    "round_6": 24.2
  }
}