{
  "process_start_time": 1768117003.833317,
  "process_end_time": 1768117272.4991977,
  "total_elapsed_time_seconds": 268.67,
  "rounds_time_stats": {
    "round_1": 46.81,
    "round_2": 47.29,
    "round_3": 46.81,
    "round_4": 50.0,
    "round_5": 43.65,
    "round_6": 34.09
  }
}