{
  "process_start_time": 1768115039.6337295,
  "process_end_time": 1768115296.4126139,
  "total_elapsed_time_seconds": 256.78,
  "rounds_time_stats": {
    "round_1": 45.66,
    "round_2": 49.75,
    "round_3": 44.3,
    "round_4": 40.71,
    "round_5": 36.0,
    "round_6": 40.36
  }
}