{
  "process_start_time": 1768552324.4741895,
  "process_end_time": 1768552648.320676,
  "total_elapsed_time_seconds": 323.85,
  "rounds_time_stats": {
    "round_1": 19.78,
    "round_2": 22.43,
    "round_3": 33.44,
    "round_4": 140.61,
    "round_5": 72.46,
    "round_6": 35.13
  }
}