{
  "process_start_time": 1767888711.011613,
  "process_end_time": 1767888839.0998795,
  "total_elapsed_time_seconds": 128.09,
  "rounds_time_stats": {
    "round_1": 17.96,
    "round_2": 21.78,
    "round_3": 21.64,
    "round_4": 21.52,
    "round_5": 24.88,
    "round_6": 20.31
  }
}