{
  "process_start_time": 1767885410.0078256,
  "process_end_time": 1767885457.3857446,
  "total_elapsed_time_seconds": 47.38,
  "rounds_time_stats": {
    "round_1": 47.37
  }
}