{
  "process_start_time": 1767685726.8389711,
  "process_end_time": 1767685986.8175967,
  "total_elapsed_time_seconds": 259.98,
  "rounds_time_stats": {
    "round_1": 47.84,
    "round_2": 42.83,
    "round_3": 44.33,
    "round_4": 45.4,
    "round_5": 41.73,
    "round_6": 37.84
  }
}