{
  "process_start_time": 1767970692.9385478,
  "process_end_time": 1767973054.016789,
  "total_elapsed_time_seconds": 2361.08,
  "rounds_time_stats": {
    "round_1": 93.37,
    "round_2": 57.84,
    "round_3": 272.82,
    "round_4": 246.95,
    "round_5": 1666.38,
    "round_6": 23.71
  }
}