{
  "process_start_time": 1767886346.8634918,
  "process_end_time": 1767886483.7410994,
  "total_elapsed_time_seconds": 136.88,
  "rounds_time_stats": {
    "round_1": 22.18,
    "round_2": 20.15,
    "round_3": 23.45,
    "round_4": 23.08,
    "round_5": 26.2,
    "round_6": 21.81
  }
}