{
  "process_start_time": 1767973299.4025753,
  "process_end_time": 1767973497.3248074,
  "total_elapsed_time_seconds": 197.92,
  "rounds_time_stats": {
    "round_1": 32.19,
    "round_2": 46.65,
    "round_3": 29.25,
    "round_4": 32.8,
    "round_5": 30.85,
    "round_6": 26.19
  }
}