{
  "process_start_time": 1767884156.978552,
  "process_end_time": 1767884198.2572644,
  "total_elapsed_time_seconds": 41.28,
  "rounds_time_stats": {
    "round_1": 13.72,
    "round_2": 27.55
  }
}