{
  "process_start_time": 1767689397.7979698,
  "process_end_time": 1767689639.3466656,
  "total_elapsed_time_seconds": 241.55,
  "rounds_time_stats": {
    "round_1": 24.33,
    "round_2": 42.93,
    "round_3": 45.56,
    "round_4": 41.08,
    "round_5": 45.97,
    "round_6": 41.67
  }
}