{
  "process_start_time": 1767679985.6475105,
  "process_end_time": 1767680281.0428798,
  "total_elapsed_time_seconds": 295.4,
  "rounds_time_stats": {
    "round_1": 44.1,
    "round_2": 46.91,
    "round_3": 45.78,
    "round_4": 46.05,
    "round_5": 49.54,
    "round_6": 63.01
  }
}