{
  "process_start_time": 1767884455.0790336,
  "process_end_time": 1767884477.1214435,
  "total_elapsed_time_seconds": 22.04,
  "rounds_time_stats": {
    "round_1": 22.04
  }
}