{
  "process_start_time": 1767888752.4045203,
  "process_end_time": 1767888762.805415,
  "total_elapsed_time_seconds": 10.4,
  "rounds_time_stats": {
    "round_1": 10.4
  }
}