{
  "process_start_time": 1768108431.3064873,
  "process_end_time": 1768108677.5328958,
  "total_elapsed_time_seconds": 246.23,
  "rounds_time_stats": {
    "round_1": 36.91,
    "round_2": 38.65,
    "round_3": 47.78,
    "round_4": 42.08,
    "round_5": 38.87,
    "round_6": 41.93
  }
}