{
  "process_start_time": 1767677178.3073125,
  "process_end_time": 1767677446.6906564,
  "total_elapsed_time_seconds": 268.38,
  "rounds_time_stats": {
    "round_1": 44.8,
    "round_2": 47.06,
    "round_3": 44.47,
    "round_4": 40.31,
    "round_5": 45.75,
    "round_6": 45.99
  }
}