{
  "process_start_time": 1767664926.1120694,
  "process_end_time": 1767665163.793439,
  "total_elapsed_time_seconds": 237.68,
  "rounds_time_stats": {
    "round_1": 40.38,
    "round_2": 30.54,
    "round_3": 40.63,
    "round_4": 50.41,
    "round_5": 33.15,
    "round_6": 42.57
  }
}