{
  "process_start_time": 1767884284.330819,
  "process_end_time": 1767884301.9625015,
  "total_elapsed_time_seconds": 17.63,
  "rounds_time_stats": {
    "round_1": 17.62
  }
}