{
  "process_start_time": 1767885550.6649356,
  "process_end_time": 1767885601.1150262,
  "total_elapsed_time_seconds": 50.45,
  "rounds_time_stats": {
    "round_1": 25.04,
    "round_2": 25.39
  }
}