{
  "process_start_time": 1767886953.2785823,
  "process_end_time": 1767886969.9452434,
  "total_elapsed_time_seconds": 16.67,
  "rounds_time_stats": {
    "round_1": 16.66
  }
}