{
  "process_start_time": 1767889529.7152607,
  "process_end_time": 1767889556.6874766,
  "total_elapsed_time_seconds": 26.97,
  "rounds_time_stats": {
    "round_1": 16.93,
    "round_2": 10.04
  }
}