{
  "process_start_time": 1768108222.4949095,
  "process_end_time": 1768108461.689726,
  "total_elapsed_time_seconds": 239.19,
  "rounds_time_stats": {
    "round_1": 25.54,
    "round_2": 37.2,
    "round_3": 36.77,
    "round_4": 33.79,
    "round_5": 44.16,
    "round_6": 61.73
  }
}