{
  "process_start_time": 1767883154.044354,
  "process_end_time": 1767883196.1921954,
  "total_elapsed_time_seconds": 42.15,
  "rounds_time_stats": {
    "round_1": 42.13
  }
}