{
  "process_start_time": 1768555743.6673365,
  "process_end_time": 1768555976.9366395,
  "total_elapsed_time_seconds": 233.27,
  "rounds_time_stats": {
    "round_1": 37.21,
    "round_2": 38.53,
    "round_3": 39.98,
    "round_4": 40.25,
    "round_5": 41.11,
    "round_6": 36.18
  }
}