{
  "process_start_time": 1768107911.236979,
  "process_end_time": 1768108111.7615333,
  "total_elapsed_time_seconds": 200.52,
  "rounds_time_stats": {
    "round_1": 41.17,
    "round_2": 44.27,
    "round_3": 27.79,
    "round_4": 28.64,
    "round_5": 23.67,
    "round_6": 34.99
  }
}