{
  "process_start_time": 1768550473.262984,
  "process_end_time": 1768550747.7593725,
  "total_elapsed_time_seconds": 274.5,
  "rounds_time_stats": {
    "round_1": 34.35,
    "round_2": 62.07,
    "round_3": 42.33,
    "round_4": 47.98,
    "round_5": 44.19,
    "round_6": 43.57
  }
}