{
  "process_start_time": 1767889121.363877,
  "process_end_time": 1767889136.8028362,
  "total_elapsed_time_seconds": 15.44,
  "rounds_time_stats": {
    "round_1": 15.44
  }
}