{
  "process_start_time": 1767976778.258643,
  "process_end_time": 1767976959.564595,
  "total_elapsed_time_seconds": 181.31,
  "rounds_time_stats": {
    "round_1": 29.46,
    "round_2": 30.44,
    "round_3": 31.88,
    "round_4": 29.36,
    "round_5": 31.61,
    "round_6": 28.56
  }
}