{
  "process_start_time": 1767887151.946483,
  "process_end_time": 1767887190.0569575,
  "total_elapsed_time_seconds": 38.11,
  "rounds_time_stats": {
    "round_1": 38.1
  }
}