{
  "process_start_time": 1768556926.1450264,
  "process_end_time": 1768557043.1156428,
  "total_elapsed_time_seconds": 116.97,
  "rounds_time_stats": {
    "round_1": 24.8,
    "round_2": 29.37,
    "round_3": 15.81,
    "round_4": 21.48,
    "round_5": 10.28,
    "round_6": 15.23
  }
}