{
  "process_start_time": 1768551705.0950084,
  "process_end_time": 1768551729.9021118,
  "total_elapsed_time_seconds": 24.81,
  "rounds_time_stats": {
    "round_1": 24.79
  }
}