{
  "process_start_time": 1768555087.0880055,
  "process_end_time": 1768555242.1480834,
  "total_elapsed_time_seconds": 155.06,
  "rounds_time_stats": {
    "round_1": 22.15,
    "round_2": 28.44,
    "round_3": 28.13,
    "round_4": 22.39,
    "round_5": 27.43,
    "round_6": 26.52
  }
}