{
  "process_start_time": 1768748393.560026,
  "process_end_time": 1768748640.242968,
  "total_elapsed_time_seconds": 246.68,
  "rounds_time_stats": {
    "round_1": 33.85,
    "round_2": 43.84,
    "round_3": 41.45,
    "round_4": 46.55,
    "round_5": 48.86,
    "round_6": 32.14
  }
}