{
  "process_start_time": 1767887708.876163,
  "process_end_time": 1767887806.6385648,
  "total_elapsed_time_seconds": 97.76,
  "rounds_time_stats": {
    "round_1": 22.25,
    "round_2": 33.62,
    "round_3": 41.85
  }
}