{
  "process_start_time": 1767886698.8784072,
  "process_end_time": 1767886731.7774856,
  "total_elapsed_time_seconds": 32.9,
  "rounds_time_stats": {
    "round_1": 12.02,
    "round_2": 20.87
  }
}