{
  "process_start_time": 1767883494.9413514,
  "process_end_time": 1767883512.269148,
  "total_elapsed_time_seconds": 17.33,
  "rounds_time_stats": {
    "round_1": 17.33
  }
}