{
  "process_start_time": 1768556856.7466516,
  "process_end_time": 1768557015.1695542,
  "total_elapsed_time_seconds": 158.42,
  "rounds_time_stats": {
    "round_1": 27.63,
    "round_2": 23.12,
    "round_3": 27.83,
    "round_4": 28.2,
    "round_5": 24.6,
    "round_6": 27.05
  }
}