{
  "process_start_time": 1767977645.2432985,
  "process_end_time": 1767977831.0336733,
  "total_elapsed_time_seconds": 185.79,
  "rounds_time_stats": {
    "round_1": 29.78,
    "round_2": 30.46,
    "round_3": 33.75,
    "round_4": 31.15,
    "round_5": 32.37,
    "round_6": 28.27
  }
}