{
  "process_start_time": 1767889513.6737833,
  "process_end_time": 1767889627.3766253,
  "total_elapsed_time_seconds": 113.7,
  "rounds_time_stats": {
    "round_1": 17.42,
    "round_2": 17.83,
    "round_3": 18.58,
    "round_4": 20.2,
    "round_5": 19.76,
    "round_6": 19.9
  }
}