{
  "process_start_time": 1767885688.8048294,
  "process_end_time": 1767885788.6353924,
  "total_elapsed_time_seconds": 99.83,
  "rounds_time_stats": {
    "round_1": 19.76,
    "round_2": 15.14,
    "round_3": 12.79,
    "round_4": 25.42,
    "round_5": 12.6,
    "round_6": 14.13
  }
}