{
  "process_start_time": 1768115623.2451031,
  "process_end_time": 1768115846.9746823,
  "total_elapsed_time_seconds": 223.73,
  "rounds_time_stats": {
    "round_1": 41.13,
    "round_2": 33.48,
    "round_3": 30.26,
    "round_4": 41.9,
    "round_5": 43.46,
    "round_6": 33.49
  }
}