{
  "process_start_time": 1767688102.0253246,
  "process_end_time": 1767688382.8906977,
  "total_elapsed_time_seconds": 280.87,
  "rounds_time_stats": {
    "round_1": 51.19,
    "round_2": 48.55,
    "round_3": 47.14,
    "round_4": 43.65,
    "round_5": 44.71,
    "round_6": 45.61
  }
}