{
  "process_start_time": 1767884304.1675723,
  "process_end_time": 1767884540.9745314,
  "total_elapsed_time_seconds": 236.81,
  "rounds_time_stats": {
    "round_1": 26.3,
    "round_2": 36.23,
    "round_3": 65.22,
    "round_4": 49.9,
    "round_5": 28.48,
    "round_6": 30.67
  }
}