{
  "process_start_time": 1767975322.9940233,
  "process_end_time": 1767975536.74844,
  "total_elapsed_time_seconds": 213.75,
  "rounds_time_stats": {
    "round_1": 30.64,
    "round_2": 35.09,
    "round_3": 39.75,
    "round_4": 37.11,
    "round_5": 33.77,
    "round_6": 37.39
  }
}