{
  "process_start_time": 1767685466.8750153,
  "process_end_time": 1767685726.8340914,
  "total_elapsed_time_seconds": 259.96,
  "rounds_time_stats": {
    "round_1": 48.99,
    "round_2": 46.36,
    "round_3": 39.14,
    "round_4": 35.38,
    "round_5": 46.19,
    "round_6": 43.9
  }
}