{
  "process_start_time": 1767890510.7294798,
  "process_end_time": 1767890569.5347443,
  "total_elapsed_time_seconds": 58.81,
  "rounds_time_stats": {
    "round_1": 28.46,
    "round_2": 30.33
  }
}