{
  "process_start_time": 1767887728.0811746,
  "process_end_time": 1767887882.8075361,
  "total_elapsed_time_seconds": 154.73,
  "rounds_time_stats": {
    "round_1": 25.8,
    "round_2": 24.05,
    "round_3": 30.27,
    "round_4": 22.45,
    "round_5": 25.38,
    "round_6": 26.78
  }
}