{
  "process_start_time": 1767890762.544829,
  "process_end_time": 1767890782.8091097,
  "total_elapsed_time_seconds": 20.26,
  "rounds_time_stats": {
    "round_1": 20.26
  }
}