{
  "process_start_time": 1768554882.718036,
  "process_end_time": 1768555031.3149536,
  "total_elapsed_time_seconds": 148.6,
  "rounds_time_stats": {
    "round_1": 23.0,
    "round_2": 27.99,
    "round_3": 26.82,
    "round_4": 21.98,
    "round_5": 21.05,
    "round_6": 27.76
  }
}