{
  "process_start_time": 1768550515.956277,
  "process_end_time": 1768550790.9872446,
  "total_elapsed_time_seconds": 275.03,
  "rounds_time_stats": {
    "round_1": 32.24,
    "round_2": 52.19,
    "round_3": 44.18,
    "round_4": 45.6,
    "round_5": 57.39,
    "round_6": 43.43
  }
}