{
  "process_start_time": 1767885156.333413,
  "process_end_time": 1767885178.1831288,
  "total_elapsed_time_seconds": 21.85,
  "rounds_time_stats": {
    "round_1": 21.85
  }
}