{
  "process_start_time": 1768107778.472124,
  "process_end_time": 1768108030.805826,
  "total_elapsed_time_seconds": 252.33,
  "rounds_time_stats": {
    "round_1": 36.14,
    "round_2": 39.28,
    "round_3": 44.32,
    "round_4": 45.46,
    "round_5": 42.33,
    "round_6": 44.8
  }
}