{
  "process_start_time": 1767887703.249047,
  "process_end_time": 1767887716.8157244,
  "total_elapsed_time_seconds": 13.57,
  "rounds_time_stats": {
    "round_1": 13.56
  }
}