{
  "process_start_time": 1767883713.1156714,
  "process_end_time": 1767883841.1391897,
  "total_elapsed_time_seconds": 128.02,
  "rounds_time_stats": {
    "round_1": 22.57,
    "round_2": 21.72,
    "round_3": 19.26,
    "round_4": 24.58,
    "round_5": 20.33,
    "round_6": 19.58
  }
}