{
  "process_start_time": 1768117028.1214974,
  "process_end_time": 1768117318.213745,
  "total_elapsed_time_seconds": 290.09,
  "rounds_time_stats": {
    "round_1": 49.82,
    "round_2": 51.53,
    "round_3": 48.67,
    "round_4": 47.82,
    "round_5": 45.7,
    "round_6": 46.55
  }
}