{
  "process_start_time": 1767977024.1988947,
  "process_end_time": 1767977136.9421377,
  "total_elapsed_time_seconds": 112.74,
  "rounds_time_stats": {
    "round_1": 28.94,
    "round_2": 14.05,
    "round_3": 18.4,
    "round_4": 17.24,
    "round_5": 17.56,
    "round_6": 16.54
  }
}