{
  "process_start_time": 1767969446.709448,
  "process_end_time": 1767969730.001674,
  "total_elapsed_time_seconds": 283.29,
  "rounds_time_stats": {
    "round_1": 64.11,
    "round_2": 50.26,
    "round_3": 36.78,
    "round_4": 55.74,
    "round_5": 35.15,
    "round_6": 41.25
  }
}