{
  "process_start_time": 1767691743.217858,
  "process_end_time": 1767691793.7080314,
  "total_elapsed_time_seconds": 50.49,
  "rounds_time_stats": {
    "round_1": 50.47
  }
}