{
  "process_start_time": 1768115295.5948741,
  "process_end_time": 1768115555.5411055,
  "total_elapsed_time_seconds": 259.95,
  "rounds_time_stats": {
    "round_1": 73.34,
    "round_2": 25.41,
    "round_3": 32.55,
    "round_4": 45.66,
    "round_5": 49.77,
    "round_6": 33.22
  }
}