{
  "process_start_time": 1767888765.668815,
  "process_end_time": 1767888780.5951962,
  "total_elapsed_time_seconds": 14.93,
  "rounds_time_stats": {
    "round_1": 14.92
  }
}