{
  "process_start_time": 1767888035.6159704,
  "process_end_time": 1767888100.834725,
  "total_elapsed_time_seconds": 65.22,
  "rounds_time_stats": {
    "round_1": 16.93,
    "round_2": 20.23,
    "round_3": 14.97,
    "round_4": 13.08
  }
}