{
  "process_start_time": 1767887520.2267313,
  "process_end_time": 1767887597.2208054,
  "total_elapsed_time_seconds": 76.99,
  "rounds_time_stats": {
    "round_1": 39.73,
    "round_2": 37.26
  }
}