{
  "process_start_time": 1767885613.818105,
  "process_end_time": 1767885640.744136,
  "total_elapsed_time_seconds": 26.93,
  "rounds_time_stats": {
    "round_1": 26.87
  }
}