{
  "process_start_time": 1768115288.8805726,
  "process_end_time": 1768115611.2290792,
  "total_elapsed_time_seconds": 322.35,
  "rounds_time_stats": {
    "round_1": 98.41,
    "round_2": 44.85,
    "round_3": 43.3,
    "round_4": 50.03,
    "round_5": 36.44,
    "round_6": 49.32
  }
}