{
  "process_start_time": 1767677369.5559003,
  "process_end_time": 1767677610.493981,
  "total_elapsed_time_seconds": 240.94,
  "rounds_time_stats": {
    "round_1": 46.03,
    "round_2": 45.1,
    "round_3": 38.27,
    "round_4": 39.31,
    "round_5": 36.63,
    "round_6": 35.59
  }
}