{
  "process_start_time": 1767970755.778234,
  "process_end_time": 1767973031.5389085,
  "total_elapsed_time_seconds": 2275.76,
  "rounds_time_stats": {
    "round_1": 83.36,
    "round_2": 149.94,
    "round_3": 116.81,
    "round_4": 133.32,
    "round_5": 290.08,
    "round_6": 1502.25
  }
}