{
  "process_start_time": 1767888040.3335576,
  "process_end_time": 1767888061.5823042,
  "total_elapsed_time_seconds": 21.25,
  "rounds_time_stats": {
    "round_1": 21.24
  }
}