{
  "process_start_time": 1767888924.7880886,
  "process_end_time": 1767888938.4649892,
  "total_elapsed_time_seconds": 13.68,
  "rounds_time_stats": {
    "round_1": 13.67
  }
}