{
  "process_start_time": 1767883269.8195338,
  "process_end_time": 1767883471.6008341,
  "total_elapsed_time_seconds": 201.78,
  "rounds_time_stats": {
    "round_1": 32.94,
    "round_2": 37.41,
    "round_3": 33.45,
    "round_4": 36.39,
    "round_5": 34.75,
    "round_6": 26.83
  }
}