{
  "process_start_time": 1767689197.827587,
  "process_end_time": 1767689496.7698624,
  "total_elapsed_time_seconds": 298.94,
  "rounds_time_stats": {
    "round_1": 55.9,
    "round_2": 52.1,
    "round_3": 47.89,
    "round_4": 48.06,
    "round_5": 47.11,
    "round_6": 47.89
  }
}