{
  "process_start_time": 1767889696.4153104,
  "process_end_time": 1767889748.401161,
  "total_elapsed_time_seconds": 51.99,
  "rounds_time_stats": {
    "round_1": 16.35,
    "round_2": 16.28,
    "round_3": 19.35
  }
}