{
  "process_start_time": 1767885328.996708,
  "process_end_time": 1767885526.795236,
  "total_elapsed_time_seconds": 197.8,
  "rounds_time_stats": {
    "round_1": 25.97,
    "round_2": 21.89,
    "round_3": 49.52,
    "round_4": 35.65,
    "round_5": 30.94,
    "round_6": 33.82
  }
}