{
  "process_start_time": 1767885772.885127,
  "process_end_time": 1767886009.0344677,
  "total_elapsed_time_seconds": 236.15,
  "rounds_time_stats": {
    "round_1": 33.13,
    "round_2": 36.32,
    "round_3": 41.39,
    "round_4": 37.18,
    "round_5": 43.11,
    "round_6": 45.02
  }
}