{
  "process_start_time": 1767890050.99708,
  "process_end_time": 1767890105.9779737,
  "total_elapsed_time_seconds": 54.98,
  "rounds_time_stats": {
    "round_1": 54.98
  }
}