{
  "process_start_time": 1767890030.8949463,
  "process_end_time": 1767890134.9411602,
  "total_elapsed_time_seconds": 104.05,
  "rounds_time_stats": {
    "round_1": 19.03,
    "round_2": 54.95,
    "round_3": 29.8,
    "round_4": 0.26
  }
}