{
  "process_start_time": 1767973452.1321895,
  "process_end_time": 1767973613.9151237,
  "total_elapsed_time_seconds": 161.78,
  "rounds_time_stats": {
    "round_1": 22.79,
    "round_2": 30.32,
    "round_3": 26.12,
    "round_4": 25.84,
    "round_5": 27.47,
    "round_6": 29.23
  }
}