{
  "process_start_time": 1767973961.5297475,
  "process_end_time": 1767974320.5667384,
  "total_elapsed_time_seconds": 359.04,
  "rounds_time_stats": {
    "round_1": 26.82,
    "round_2": 49.95,
    "round_3": 79.7,
    "round_4": 40.32,
    "round_5": 57.96,
    "round_6": 104.29
  }
}