{
  "process_start_time": 1767976847.5507922,
  "process_end_time": 1767977025.8506641,
  "total_elapsed_time_seconds": 178.3,
  "rounds_time_stats": {
    "round_1": 32.21,
    "round_2": 32.18,
    "round_3": 29.63,
    "round_4": 30.45,
    "round_5": 26.75,
    "round_6": 27.08
  }
}