{
  "process_start_time": 1767664926.1227195,
  "process_end_time": 1767665215.391985,
  "total_elapsed_time_seconds": 289.27,
  "rounds_time_stats": {
    "round_1": 37.44,
    "round_2": 51.51,
    "round_3": 60.59,
    "round_4": 46.42,
    "round_5": 49.13,
    "round_6": 44.18
  }
}