{
  "process_start_time": 1768556791.6741743,
  "process_end_time": 1768556963.4090521,
  "total_elapsed_time_seconds": 171.73,
  "rounds_time_stats": {
    "round_1": 25.86,
    "round_2": 29.13,
    "round_3": 29.16,
    "round_4": 30.75,
    "round_5": 28.46,
    "round_6": 28.37
  }
}