{
  "process_start_time": 1768116473.2560496,
  "process_end_time": 1768116667.8321974,
  "total_elapsed_time_seconds": 194.58,
  "rounds_time_stats": {
    "round_1": 39.17,
    "round_2": 27.18,
    "round_3": 38.04,
    "round_4": 31.71,
    "round_5": 29.23,
    "round_6": 29.24
  }
}