{
  "process_start_time": 1767884040.8486443,
  "process_end_time": 1767884086.1606336,
  "total_elapsed_time_seconds": 45.31,
  "rounds_time_stats": {
    "round_1": 20.04,
    "round_2": 25.27
  }
}