{
  "process_start_time": 1767978777.4262536,
  "process_end_time": 1767978960.1743586,
  "total_elapsed_time_seconds": 182.75,
  "rounds_time_stats": {
    "round_1": 23.7,
    "round_2": 28.39,
    "round_3": 31.4,
    "round_4": 36.58,
    "round_5": 29.14,
    "round_6": 33.54
  }
}