{
  "process_start_time": 1767890482.2885666,
  "process_end_time": 1767890623.5196245,
  "total_elapsed_time_seconds": 141.23,
  "rounds_time_stats": {
    "round_1": 23.48,
    "round_2": 21.23,
    "round_3": 22.09,
    "round_4": 22.05,
    "round_5": 29.95,
    "round_6": 22.43
  }
}