{
  "process_start_time": 1767889620.8380446,
  "process_end_time": 1767889648.530574,
  "total_elapsed_time_seconds": 27.69,
  "rounds_time_stats": {
    "round_1": 27.66,
    "round_2": 0.03
  }
}