{
  "process_start_time": 1767689883.2700624,
  "process_end_time": 1767690142.3458683,
  "total_elapsed_time_seconds": 259.08,
  "rounds_time_stats": {
    "round_1": 46.79,
    "round_2": 47.02,
    "round_3": 43.9,
    "round_4": 43.38,
    "round_5": 35.73,
    "round_6": 42.26
  }
}