{
  "process_start_time": 1767889880.7642798,
  "process_end_time": 1767889896.8356752,
  "total_elapsed_time_seconds": 16.07,
  "rounds_time_stats": {
    "round_1": 16.06
  }
}