{
  "process_start_time": 1767886188.7906983,
  "process_end_time": 1767886207.7644253,
  "total_elapsed_time_seconds": 18.97,
  "rounds_time_stats": {
    "round_1": 18.97
  }
}