{
  "process_start_time": 1768108269.832514,
  "process_end_time": 1768108521.5631375,
  "total_elapsed_time_seconds": 251.73,
  "rounds_time_stats": {
    "round_1": 36.82,
    "round_2": 34.83,
    "round_3": 45.54,
    "round_4": 45.26,
    "round_5": 42.96,
    "round_6": 46.31
  }
}