{
  "process_start_time": 1767687310.9424129,
  "process_end_time": 1767687606.3810937,
  "total_elapsed_time_seconds": 295.44,
  "rounds_time_stats": {
    "round_1": 45.44,
    "round_2": 45.46,
    "round_3": 51.43,
    "round_4": 64.77,
    "round_5": 44.49,
    "round_6": 43.86
  }
}