{
  "process_start_time": 1768107988.24842,
  "process_end_time": 1768108253.1702397,
  "total_elapsed_time_seconds": 264.92,
  "rounds_time_stats": {
    "round_1": 42.87,
    "round_2": 39.73,
    "round_3": 44.95,
    "round_4": 48.59,
    "round_5": 46.54,
    "round_6": 42.24
  }
}