{
  "process_start_time": 1768555679.6588142,
  "process_end_time": 1768555831.3117151,
  "total_elapsed_time_seconds": 151.65,
  "rounds_time_stats": {
    "round_1": 23.26,
    "round_2": 22.53,
    "round_3": 28.69,
    "round_4": 28.64,
    "round_5": 25.31,
    "round_6": 23.22
  }
}