{
  "process_start_time": 1767889985.3609245,
  "process_end_time": 1767890006.8753352,
  "total_elapsed_time_seconds": 21.51,
  "rounds_time_stats": {
    "round_1": 21.51
  }
}