{
  "process_start_time": 1768108521.564004,
  "process_end_time": 1768108787.4636211,
  "total_elapsed_time_seconds": 265.9,
  "rounds_time_stats": {
    "round_1": 47.01,
    "round_2": 45.16,
    "round_3": 49.34,
    "round_4": 44.14,
    "round_5": 35.29,
    "round_6": 44.95
  }
}