{
  "process_start_time": 1767887512.8595223,
  "process_end_time": 1767887563.1767628,
  "total_elapsed_time_seconds": 50.32,
  "rounds_time_stats": {
    "round_1": 22.59,
    "round_2": 27.72
  }
}