{
  "process_start_time": 1767676572.9334056,
  "process_end_time": 1767676845.4667077,
  "total_elapsed_time_seconds": 272.53,
  "rounds_time_stats": {
    "round_1": 41.22,
    "round_2": 46.8,
    "round_3": 47.32,
    "round_4": 43.98,
    "round_5": 48.91,
    "round_6": 44.3
  }
}