{
  "process_start_time": 1767883002.1600072,
  "process_end_time": 1767883032.883136,
  "total_elapsed_time_seconds": 30.72,
  "rounds_time_stats": {
    "round_1": 30.69,
    "round_2": 0.03
  }
}