{
  "process_start_time": 1767890494.591447,
  "process_end_time": 1767890516.6498127,
  "total_elapsed_time_seconds": 22.06,
  "rounds_time_stats": {
    "round_1": 22.05
  }
}