{
  "process_start_time": 1767889694.3815887,
  "process_end_time": 1767889854.1529377,
  "total_elapsed_time_seconds": 159.77,
  "rounds_time_stats": {
    "round_1": 28.43,
    "round_2": 19.05,
    "round_3": 22.95,
    "round_4": 37.66,
    "round_5": 23.48,
    "round_6": 28.19
  }
}