{
  "process_start_time": 1767887406.2760239,
  "process_end_time": 1767887470.6620212,
  "total_elapsed_time_seconds": 64.39,
  "rounds_time_stats": {
    "round_1": 19.32,
    "round_2": 19.57,
    "round_3": 25.49
  }
}