{
  "process_start_time": 1767889413.846337,
  "process_end_time": 1767889424.447782,
  "total_elapsed_time_seconds": 10.6,
  "rounds_time_stats": {
    "round_1": 10.6
  }
}