{
  "process_start_time": 1767889842.9546795,
  "process_end_time": 1767889984.1509004,
  "total_elapsed_time_seconds": 141.2,
  "rounds_time_stats": {
    "round_1": 13.66,
    "round_2": 30.56,
    "round_3": 14.48,
    "round_4": 14.89,
    "round_5": 43.08,
    "round_6": 24.53
  }
}