{
  "process_start_time": 1767679793.4075778,
  "process_end_time": 1767680076.9421582,
  "total_elapsed_time_seconds": 283.53,
  "rounds_time_stats": {
    "round_1": 46.37,
    "round_2": 51.13,
    "round_3": 46.39,
    "round_4": 47.62,
    "round_5": 46.37,
    "round_6": 45.65
  }
}