{
  "process_start_time": 1768552275.0751889,
  "process_end_time": 1768552327.77709,
  "total_elapsed_time_seconds": 52.7,
  "rounds_time_stats": {
    "round_1": 52.68
  }
}