{
  "process_start_time": 1768554934.1565444,
  "process_end_time": 1768555128.4135761,
  "total_elapsed_time_seconds": 194.26,
  "rounds_time_stats": {
    "round_1": 29.21,
    "round_2": 30.39,
    "round_3": 35.72,
    "round_4": 28.56,
    "round_5": 30.64,
    "round_6": 39.72
  }
}