{
  "process_start_time": 1767976135.2596214,
  "process_end_time": 1767976339.696493,
  "total_elapsed_time_seconds": 204.44,
  "rounds_time_stats": {
    "round_1": 31.74,
    "round_2": 39.26,
    "round_3": 32.55,
    "round_4": 27.44,
    "round_5": 34.69,
    "round_6": 38.76
  }
}