{
  "process_start_time": 1767885853.368459,
  "process_end_time": 1767885888.534491,
  "total_elapsed_time_seconds": 35.17,
  "rounds_time_stats": {
    "round_1": 35.14
  }
}