{
  "process_start_time": 1767889107.2563353,
  "process_end_time": 1767889117.5153368,
  "total_elapsed_time_seconds": 10.26,
  "rounds_time_stats": {
    "round_1": 10.26
  }
}