{
  "process_start_time": 1767888842.5544078,
  "process_end_time": 1767889036.8161833,
  "total_elapsed_time_seconds": 194.26,
  "rounds_time_stats": {
    "round_1": 27.24,
    "round_2": 35.19,
    "round_3": 35.0,
    "round_4": 34.28,
    "round_5": 33.03,
    "round_6": 29.53
  }
}