{
  "process_start_time": 1767684990.9459867,
  "process_end_time": 1767685239.89849,
  "total_elapsed_time_seconds": 248.95,
  "rounds_time_stats": {
    "round_1": 40.79,
    "round_2": 44.41,
    "round_3": 39.43,
    "round_4": 46.26,
    "round_5": 35.29,
    "round_6": 42.77
  }
}