{
  "process_start_time": 1767977636.6226416,
  "process_end_time": 1767977822.5504675,
  "total_elapsed_time_seconds": 185.93,
  "rounds_time_stats": {
    "round_1": 24.99,
    "round_2": 34.52,
    "round_3": 30.98,
    "round_4": 33.01,
    "round_5": 30.28,
    "round_6": 32.14
  }
}