{
  "process_start_time": 1767886489.8632748,
  "process_end_time": 1767886560.6086798,
  "total_elapsed_time_seconds": 70.75,
  "rounds_time_stats": {
    "round_1": 16.91,
    "round_2": 19.09,
    "round_3": 15.78,
    "round_4": 18.43,
    "round_5": 0.54
  }
}