{
  "process_start_time": 1768115862.771853,
  "process_end_time": 1768116178.4643261,
  "total_elapsed_time_seconds": 315.69,
  "rounds_time_stats": {
    "round_1": 65.91,
    "round_2": 65.34,
    "round_3": 50.09,
    "round_4": 46.98,
    "round_5": 43.79,
    "round_6": 43.57
  }
}