{
  "process_start_time": 1767691407.043267,
  "process_end_time": 1767691714.0494375,
  "total_elapsed_time_seconds": 307.01,
  "rounds_time_stats": {
    "round_1": 77.05,
    "round_2": 39.75,
    "round_3": 30.19,
    "round_4": 64.27,
    "round_5": 45.43,
    "round_6": 50.3
  }
}