{
  "process_start_time": 1767679718.2520237,
  "process_end_time": 1767679935.1843948,
  "total_elapsed_time_seconds": 216.93,
  "rounds_time_stats": {
    "round_1": 39.37,
    "round_2": 36.49,
    "round_3": 32.79,
    "round_4": 46.95,
    "round_5": 31.08,
    "round_6": 30.25
  }
}