{
  "process_start_time": 1767886357.5236542,
  "process_end_time": 1767886381.9661136,
  "total_elapsed_time_seconds": 24.44,
  "rounds_time_stats": {
    "round_1": 24.43
  }
}