{
  "process_start_time": 1767887830.7135062,
  "process_end_time": 1767888017.3781364,
  "total_elapsed_time_seconds": 186.66,
  "rounds_time_stats": {
    "round_1": 35.12,
    "round_2": 30.82,
    "round_3": 24.59,
    "round_4": 38.98,
    "round_5": 57.13
  }
}