{
  "process_start_time": 1767677082.575379,
  "process_end_time": 1767677355.237969,
  "total_elapsed_time_seconds": 272.66,
  "rounds_time_stats": {
    "round_1": 44.88,
    "round_2": 52.18,
    "round_3": 42.49,
    "round_4": 48.42,
    "round_5": 42.95,
    "round_6": 41.74
  }
}