{
  "process_start_time": 1767678388.8951287,
  "process_end_time": 1767678626.3178787,
  "total_elapsed_time_seconds": 237.42,
  "rounds_time_stats": {
    "round_1": 40.9,
    "round_2": 43.25,
    "round_3": 42.34,
    "round_4": 33.02,
    "round_5": 41.69,
    "round_6": 36.22
  }
}