{
  "process_start_time": 1767888483.339744,
  "process_end_time": 1767888495.318614,
  "total_elapsed_time_seconds": 11.98,
  "rounds_time_stats": {
    "round_1": 11.98
  }
}