{
  "process_start_time": 1767889592.8244038,
  "process_end_time": 1767889602.2868838,
  "total_elapsed_time_seconds": 9.46,
  "rounds_time_stats": {
    "round_1": 9.46
  }
}