{
  "process_start_time": 1767969810.412244,
  "process_end_time": 1767970107.820758,
  "total_elapsed_time_seconds": 297.41,
  "rounds_time_stats": {
    "round_1": 66.33,
    "round_2": 74.11,
    "round_3": 34.47,
    "round_4": 47.55,
    "round_5": 34.6,
    "round_6": 40.35
  }
}