{
  "process_start_time": 1767883402.691694,
  "process_end_time": 1767883513.08725,
  "total_elapsed_time_seconds": 110.4,
  "rounds_time_stats": {
    "round_1": 10.66,
    "round_2": 11.08,
    "round_3": 16.27,
    "round_4": 29.19,
    "round_5": 23.66,
    "round_6": 19.54
  }
}