{
  "process_start_time": 1767684128.2809339,
  "process_end_time": 1767684397.1544745,
  "total_elapsed_time_seconds": 268.87,
  "rounds_time_stats": {
    "round_1": 35.38,
    "round_2": 51.82,
    "round_3": 44.7,
    "round_4": 44.74,
    "round_5": 48.48,
    "round_6": 43.74
  }
}