{
  "process_start_time": 1768116185.3751996,
  "process_end_time": 1768116471.548915,
  "total_elapsed_time_seconds": 286.17,
  "rounds_time_stats": {
    "round_1": 36.13,
    "round_2": 38.77,
    "round_3": 81.26,
    "round_4": 39.98,
    "round_5": 47.48,
    "round_6": 42.55
  }
}