{
  "process_start_time": 1767884576.8644533,
  "process_end_time": 1767884593.8156772,
  "total_elapsed_time_seconds": 16.95,
  "rounds_time_stats": {
    "round_1": 16.95
  }
}