{
  "process_start_time": 1767887929.0548258,
  "process_end_time": 1767887949.4027286,
  "total_elapsed_time_seconds": 20.35,
  "rounds_time_stats": {
    "round_1": 20.34
  }
}