{
  "process_start_time": 1767680043.7790053,
  "process_end_time": 1767680350.3120012,
  "total_elapsed_time_seconds": 306.53,
  "rounds_time_stats": {
    "round_1": 54.49,
    "round_2": 58.45,
    "round_3": 44.57,
    "round_4": 63.83,
    "round_5": 44.82,
    "round_6": 40.38
  }
}