{
  "process_start_time": 1767889969.65891,
  "process_end_time": 1767890087.8626297,
  "total_elapsed_time_seconds": 118.2,
  "rounds_time_stats": {
    "round_1": 15.19,
    "round_2": 14.79,
    "round_3": 14.2,
    "round_4": 13.42,
    "round_5": 17.38,
    "round_6": 43.23
  }
}