{
  "process_start_time": 1767888761.6638625,
  "process_end_time": 1767888778.2719011,
  "total_elapsed_time_seconds": 16.61,
  "rounds_time_stats": {
    "round_1": 16.6
  }
}