{
  "process_start_time": 1767883907.488873,
  "process_end_time": 1767884163.686645,
  "total_elapsed_time_seconds": 256.2,
  "rounds_time_stats": {
    "round_1": 41.6,
    "round_2": 39.72,
    "round_3": 36.83,
    "round_4": 39.79,
    "round_5": 39.75,
    "round_6": 58.5
  }
}