{
  "process_start_time": 1767969582.8993638,
  "process_end_time": 1767969920.6174853,
  "total_elapsed_time_seconds": 337.72,
  "rounds_time_stats": {
    "round_1": 56.25,
    "round_2": 37.74,
    "round_3": 53.14,
    "round_4": 93.95,
    "round_5": 53.26,
    "round_6": 43.37
  }
}