{
  "process_start_time": 1767890546.6024716,
  "process_end_time": 1767890595.8350306,
  "total_elapsed_time_seconds": 49.23,
  "rounds_time_stats": {
    "round_1": 19.59,
    "round_2": 29.63
  }
}