{
  "process_start_time": 1767885138.562928,
  "process_end_time": 1767885169.7552829,
  "total_elapsed_time_seconds": 31.19,
  "rounds_time_stats": {
    "round_1": 31.18
  }
}