{
  "process_start_time": 1768115056.5570548,
  "process_end_time": 1768115373.5983748,
  "total_elapsed_time_seconds": 317.04,
  "rounds_time_stats": {
    "round_1": 44.9,
    "round_2": 48.15,
    "round_3": 44.25,
    "round_4": 45.65,
    "round_5": 44.09,
    "round_6": 90.0
  }
}