{
  "process_start_time": 1768551571.7508945,
  "process_end_time": 1768551716.1875446,
  "total_elapsed_time_seconds": 144.44,
  "rounds_time_stats": {
    "round_1": 16.85,
    "round_2": 22.85,
    "round_3": 27.6,
    "round_4": 22.56,
    "round_5": 26.23,
    "round_6": 28.35
  }
}