{
  "process_start_time": 1767887370.6855707,
  "process_end_time": 1767887388.6031191,
  "total_elapsed_time_seconds": 17.92,
  "rounds_time_stats": {
    "round_1": 17.91
  }
}