{
  "process_start_time": 1767886278.3655636,
  "process_end_time": 1767886314.5543709,
  "total_elapsed_time_seconds": 36.19,
  "rounds_time_stats": {
    "round_1": 36.18
  }
}