{
  "process_start_time": 1767883823.201737,
  "process_end_time": 1767884064.639323,
  "total_elapsed_time_seconds": 241.44,
  "rounds_time_stats": {
    "round_1": 37.5,
    "round_2": 49.45,
    "round_3": 38.5,
    "round_4": 32.37,
    "round_5": 45.32,
    "round_6": 38.29
  }
}