{
  "process_start_time": 1767890394.8575976,
  "process_end_time": 1767890424.8578148,
  "total_elapsed_time_seconds": 30.0,
  "rounds_time_stats": {
    "round_1": 29.99
  }
}