{
  "process_start_time": 1768552338.6513581,
  "process_end_time": 1768552686.4891434,
  "total_elapsed_time_seconds": 347.84,
  "rounds_time_stats": {
    "round_1": 27.43,
    "round_2": 33.91,
    "round_3": 125.74,
    "round_4": 88.1,
    "round_5": 27.24,
    "round_6": 45.42
  }
}