{
  "process_start_time": 1767676062.666771,
  "process_end_time": 1767676297.1405537,
  "total_elapsed_time_seconds": 234.47,
  "rounds_time_stats": {
    "round_1": 33.23,
    "round_2": 43.05,
    "round_3": 31.97,
    "round_4": 37.92,
    "round_5": 42.77,
    "round_6": 45.53
  }
}