{
  "process_start_time": 1767664926.1129138,
  "process_end_time": 1767665219.2528837,
  "total_elapsed_time_seconds": 293.14,
  "rounds_time_stats": {
    "round_1": 45.56,
    "round_2": 54.14,
    "round_3": 49.54,
    "round_4": 48.14,
    "round_5": 47.3,
    "round_6": 48.46
  }
}