{
  "process_start_time": 1767888839.1047459,
  "process_end_time": 1767888853.8654552,
  "total_elapsed_time_seconds": 14.76,
  "rounds_time_stats": {
    "round_1": 14.76
  }
}