{
  "process_start_time": 1767683498.3357239,
  "process_end_time": 1767683764.7725673,
  "total_elapsed_time_seconds": 266.44,
  "rounds_time_stats": {
    "round_1": 60.63,
    "round_2": 36.31,
    "round_3": 43.39,
    "round_4": 46.42,
    "round_5": 44.65,
    "round_6": 35.03
  }
}