{
  "process_start_time": 1767888114.4931412,
  "process_end_time": 1767888264.3151984,
  "total_elapsed_time_seconds": 149.82,
  "rounds_time_stats": {
    "round_1": 16.34,
    "round_2": 27.22,
    "round_3": 24.38,
    "round_4": 26.78,
    "round_5": 28.47,
    "round_6": 26.63
  }
}