{
  "process_start_time": 1768556412.2831545,
  "process_end_time": 1768556585.2986467,
  "total_elapsed_time_seconds": 173.02,
  "rounds_time_stats": {
    "round_1": 26.92,
    "round_2": 30.86,
    "round_3": 28.4,
    "round_4": 29.85,
    "round_5": 27.24,
    "round_6": 29.74
  }
}