{
  "process_start_time": 1767888192.1684704,
  "process_end_time": 1767888270.09425,
  "total_elapsed_time_seconds": 77.93,
  "rounds_time_stats": {
    "round_1": 18.66,
    "round_2": 17.43,
    "round_3": 18.98,
    "round_4": 22.84
  }
}