{
  "process_start_time": 1767882992.779998,
  "process_end_time": 1767883021.3405604,
  "total_elapsed_time_seconds": 28.56,
  "rounds_time_stats": {
    "round_1": 28.56
  }
}