{
  "process_start_time": 1767887874.037156,
  "process_end_time": 1767887900.0455537,
  "total_elapsed_time_seconds": 26.01,
  "rounds_time_stats": {
    "round_1": 26.0
  }
}