{
  "process_start_time": 1767888154.7495325,
  "process_end_time": 1767888179.7260246,
  "total_elapsed_time_seconds": 24.98,
  "rounds_time_stats": {
    "round_1": 24.97
  }
}