{
  "process_start_time": 1767884226.4673436,
  "process_end_time": 1767884254.5012913,
  "total_elapsed_time_seconds": 28.03,
  "rounds_time_stats": {
    "round_1": 28.0
  }
}