{
  "process_start_time": 1767888358.2000003,
  "process_end_time": 1767888412.3745332,
  "total_elapsed_time_seconds": 54.17,
  "rounds_time_stats": {
    "round_1": 8.63,
    "round_2": 13.15,
    "round_3": 8.18,
    "round_4": 7.63,
    "round_5": 8.18,
    "round_6": 8.4
  }
}