{
  "process_start_time": 1767888387.5231776,
  "process_end_time": 1767888417.7400968,
  "total_elapsed_time_seconds": 30.22,
  "rounds_time_stats": {
    "round_1": 14.61,
    "round_2": 15.6
  }
}