{
  "process_start_time": 1767690294.5415826,
  "process_end_time": 1767690569.4382489,
  "total_elapsed_time_seconds": 274.9,
  "rounds_time_stats": {
    "round_1": 60.5,
    "round_2": 51.49,
    "round_3": 47.49,
    "round_4": 43.99,
    "round_5": 40.24,
    "round_6": 31.19
  }
}