{
  "process_start_time": 1767888729.3060915,
  "process_end_time": 1767888749.9847682,
  "total_elapsed_time_seconds": 20.68,
  "rounds_time_stats": {
    "round_1": 20.67
  }
}