{
  "process_start_time": 1767682976.7161644,
  "process_end_time": 1767683252.1003847,
  "total_elapsed_time_seconds": 275.38,
  "rounds_time_stats": {
    "round_1": 43.97,
    "round_2": 44.61,
    "round_3": 46.9,
    "round_4": 41.19,
    "round_5": 50.42,
    "round_6": 48.29
  }
}