{
  "process_start_time": 1767884127.7154806,
  "process_end_time": 1767884303.076191,
  "total_elapsed_time_seconds": 175.36,
  "rounds_time_stats": {
    "round_1": 25.17,
    "round_2": 20.62,
    "round_3": 37.95,
    "round_4": 23.06,
    "round_5": 41.49,
    "round_6": 27.06
  }
}