{
  "process_start_time": 1767886987.7955596,
  "process_end_time": 1767887005.5258594,
  "total_elapsed_time_seconds": 17.73,
  "rounds_time_stats": {
    "round_1": 17.71
  }
}