{
  "process_start_time": 1767976536.9606566,
  "process_end_time": 1767976690.2591405,
  "total_elapsed_time_seconds": 153.3,
  "rounds_time_stats": {
    "round_1": 28.74,
    "round_2": 19.06,
    "round_3": 29.08,
    "round_4": 21.09,
    "round_5": 26.14,
    "round_6": 29.18
  }
}