{
  "process_start_time": 1767975762.441625,
  "process_end_time": 1767975992.6028326,
  "total_elapsed_time_seconds": 230.16,
  "rounds_time_stats": {
    "round_1": 32.08,
    "round_2": 37.55,
    "round_3": 42.65,
    "round_4": 39.88,
    "round_5": 36.7,
    "round_6": 41.29
  }
}