{
  "process_start_time": 1767884373.4505782,
  "process_end_time": 1767884539.2355015,
  "total_elapsed_time_seconds": 165.78,
  "rounds_time_stats": {
    "round_1": 25.14,
    "round_2": 26.8,
    "round_3": 43.88,
    "round_4": 20.56,
    "round_5": 21.71,
    "round_6": 27.68
  }
}