{
  "process_start_time": 1767886486.8234193,
  "process_end_time": 1767886525.6240048,
  "total_elapsed_time_seconds": 38.8,
  "rounds_time_stats": {
    "round_1": 17.2,
    "round_2": 21.6
  }
}