{
  "process_start_time": 1767675475.973811,
  "process_end_time": 1767675776.4176543,
  "total_elapsed_time_seconds": 300.44,
  "rounds_time_stats": {
    "round_1": 71.09,
    "round_2": 51.3,
    "round_3": 53.2,
    "round_4": 38.34,
    "round_5": 44.69,
    "round_6": 41.83
  }
}