{
  "process_start_time": 1768109028.7611523,
  "process_end_time": 1768109318.8581448,
  "total_elapsed_time_seconds": 290.1,
  "rounds_time_stats": {
    "round_1": 39.48,
    "round_2": 33.63,
    "round_3": 44.26,
    "round_4": 60.29,
    "round_5": 70.03,
    "round_6": 42.41
  }
}