{
  "process_start_time": 1767684351.4391806,
  "process_end_time": 1767684640.4301798,
  "total_elapsed_time_seconds": 288.99,
  "rounds_time_stats": {
    "round_1": 44.11,
    "round_2": 47.78,
    "round_3": 62.24,
    "round_4": 45.17,
    "round_5": 46.75,
    "round_6": 42.95
  }
}