{
  "process_start_time": 1768550192.267123,
  "process_end_time": 1768550446.8245907,
  "total_elapsed_time_seconds": 254.56,
  "rounds_time_stats": {
    "round_1": 37.73,
    "round_2": 37.29,
    "round_3": 41.99,
    "round_4": 45.81,
    "round_5": 45.56,
    "round_6": 46.18
  }
}