{
  "process_start_time": 1768748579.4333804,
  "process_end_time": 1768748690.464746,
  "total_elapsed_time_seconds": 111.03,
  "rounds_time_stats": {
    "round_1": 23.87,
    "round_2": 20.98,
    "round_3": 10.93,
    "round_4": 15.5,
    "round_5": 19.47,
    "round_6": 20.28
  }
}