{
  "process_start_time": 1767888017.3808155,
  "process_end_time": 1767888028.7070816,
  "total_elapsed_time_seconds": 11.33,
  "rounds_time_stats": {
    "round_1": 11.32
  }
}