{
  "process_start_time": 1767889906.9002688,
  "process_end_time": 1767890056.2564185,
  "total_elapsed_time_seconds": 149.36,
  "rounds_time_stats": {
    "round_1": 21.31,
    "round_2": 20.12,
    "round_3": 37.29,
    "round_4": 23.79,
    "round_5": 19.86,
    "round_6": 26.97
  }
}