{
  "process_start_time": 1767976478.1364794,
  "process_end_time": 1767976648.664358,
  "total_elapsed_time_seconds": 170.53,
  "rounds_time_stats": {
    "round_1": 30.87,
    "round_2": 29.07,
    "round_3": 29.12,
    "round_4": 28.05,
    "round_5": 28.34,
    "round_6": 25.09
  }
}