{
  "process_start_time": 1767678908.8211737,
  "process_end_time": 1767679166.2123158,
  "total_elapsed_time_seconds": 257.39,
  "rounds_time_stats": {
    "round_1": 33.52,
    "round_2": 42.17,
    "round_3": 45.48,
    "round_4": 45.33,
    "round_5": 47.61,
    "round_6": 43.28
  }
}