{
  "process_start_time": 1767973961.5302122,
  "process_end_time": 1767974228.849126,
  "total_elapsed_time_seconds": 267.32,
  "rounds_time_stats": {
    "round_1": 26.85,
    "round_2": 52.47,
    "round_3": 46.65,
    "round_4": 44.87,
    "round_5": 55.42,
    "round_6": 41.06
  }
}