{
  "process_start_time": 1767890429.5882287,
  "process_end_time": 1767890453.1727548,
  "total_elapsed_time_seconds": 23.58,
  "rounds_time_stats": {
    "round_1": 23.58
  }
}