{
  "process_start_time": 1767884448.8031073,
  "process_end_time": 1767884467.5481596,
  "total_elapsed_time_seconds": 18.75,
  "rounds_time_stats": {
    "round_1": 18.74
  }
}