{
  "process_start_time": 1768550720.5834556,
  "process_end_time": 1768550977.676725,
  "total_elapsed_time_seconds": 257.09,
  "rounds_time_stats": {
    "round_1": 42.34,
    "round_2": 42.79,
    "round_3": 43.83,
    "round_4": 42.99,
    "round_5": 43.44,
    "round_6": 41.7
  }
}