{
  "process_start_time": 1768556476.070025,
  "process_end_time": 1768556644.1795633,
  "total_elapsed_time_seconds": 168.11,
  "rounds_time_stats": {
    "round_1": 23.91,
    "round_2": 28.4,
    "round_3": 28.87,
    "round_4": 30.72,
    "round_5": 28.7,
    "round_6": 27.51
  }
}