{
  "process_start_time": 1767885396.170135,
  "process_end_time": 1767885479.1548212,
  "total_elapsed_time_seconds": 82.98,
  "rounds_time_stats": {
    "round_1": 22.97,
    "round_2": 27.96,
    "round_3": 32.05
  }
}