{
  "process_start_time": 1767887180.4476707,
  "process_end_time": 1767887243.922707,
  "total_elapsed_time_seconds": 63.48,
  "rounds_time_stats": {
    "round_1": 10.17,
    "round_2": 9.76,
    "round_3": 11.17,
    "round_4": 13.14,
    "round_5": 8.16,
    "round_6": 11.08
  }
}