{
  "process_start_time": 1767973270.7907984,
  "process_end_time": 1767973450.6881196,
  "total_elapsed_time_seconds": 179.9,
  "rounds_time_stats": {
    "round_1": 21.16,
    "round_2": 30.97,
    "round_3": 32.26,
    "round_4": 32.03,
    "round_5": 34.1,
    "round_6": 29.38
  }
}