{
  "process_start_time": 1768552208.0808282,
  "process_end_time": 1768552338.649369,
  "total_elapsed_time_seconds": 130.57,
  "rounds_time_stats": {
    "round_1": 22.03,
    "round_2": 26.58,
    "round_3": 26.65,
    "round_4": 18.51,
    "round_5": 18.08,
    "round_6": 18.72
  }
}