{
  "process_start_time": 1767680987.7826817,
  "process_end_time": 1767681249.2891436,
  "total_elapsed_time_seconds": 261.51,
  "rounds_time_stats": {
    "round_1": 44.72,
    "round_2": 34.99,
    "round_3": 47.18,
    "round_4": 48.49,
    "round_5": 44.63,
    "round_6": 41.5
  }
}