{
  "process_start_time": 1767882890.5956626,
  "process_end_time": 1767882926.5660143,
  "total_elapsed_time_seconds": 35.97,
  "rounds_time_stats": {
    "round_1": 17.14,
    "round_2": 18.82
  }
}