{
  "process_start_time": 1767886876.2426386,
  "process_end_time": 1767886891.4275498,
  "total_elapsed_time_seconds": 15.18,
  "rounds_time_stats": {
    "round_1": 15.18
  }
}