{
  "process_start_time": 1768117668.631381,
  "process_end_time": 1768117982.5895119,
  "total_elapsed_time_seconds": 313.96,
  "rounds_time_stats": {
    "round_1": 45.21,
    "round_2": 46.18,
    "round_3": 49.79,
    "round_4": 58.28,
    "round_5": 47.92,
    "round_6": 66.58
  }
}