{
  "process_start_time": 1767889010.7600956,
  "process_end_time": 1767889020.7935767,
  "total_elapsed_time_seconds": 10.03,
  "rounds_time_stats": {
    "round_1": 10.03
  }
}