{
  "process_start_time": 1768115487.403685,
  "process_end_time": 1768115726.7240334,
  "total_elapsed_time_seconds": 239.32,
  "rounds_time_stats": {
    "round_1": 39.46,
    "round_2": 33.37,
    "round_3": 36.05,
    "round_4": 42.82,
    "round_5": 44.0,
    "round_6": 43.61
  }
}