{
  "process_start_time": 1767890313.7712276,
  "process_end_time": 1767890327.3666098,
  "total_elapsed_time_seconds": 13.6,
  "rounds_time_stats": {
    "round_1": 13.59
  }
}