{
  "process_start_time": 1767886888.839757,
  "process_end_time": 1767886909.7014508,
  "total_elapsed_time_seconds": 20.86,
  "rounds_time_stats": {
    "round_1": 20.86
  }
}