{
  "process_start_time": 1768550474.3683546,
  "process_end_time": 1768550782.2351508,
  "total_elapsed_time_seconds": 307.87,
  "rounds_time_stats": {
    "round_1": 34.23,
    "round_2": 41.72,
    "round_3": 75.69,
    "round_4": 48.21,
    "round_5": 59.35,
    "round_6": 48.66
  }
}