{
  "process_start_time": 1768551486.0842738,
  "process_end_time": 1768551650.489987,
  "total_elapsed_time_seconds": 164.41,
  "rounds_time_stats": {
    "round_1": 27.94,
    "round_2": 29.68,
    "round_3": 29.34,
    "round_4": 25.63,
    "round_5": 21.59,
    "round_6": 30.23
  }
}