{
  "process_start_time": 1767889569.4929886,
  "process_end_time": 1767889624.4745557,
  "total_elapsed_time_seconds": 54.98,
  "rounds_time_stats": {
    "round_1": 7.57,
    "round_2": 7.88,
    "round_3": 9.23,
    "round_4": 10.72,
    "round_5": 11.65,
    "round_6": 7.93
  }
}