{
  "process_start_time": 1767974391.9242437,
  "process_end_time": 1767974743.8392253,
  "total_elapsed_time_seconds": 351.91,
  "rounds_time_stats": {
    "round_1": 70.85,
    "round_2": 35.2,
    "round_3": 96.24,
    "round_4": 55.85,
    "round_5": 52.79,
    "round_6": 40.98
  }
}