{
  "process_start_time": 1767676858.8935094,
  "process_end_time": 1767677190.7612565,
  "total_elapsed_time_seconds": 331.87,
  "rounds_time_stats": {
    "round_1": 46.54,
    "round_2": 58.45,
    "round_3": 65.37,
    "round_4": 72.57,
    "round_5": 44.16,
    "round_6": 44.77
  }
}