{
  "process_start_time": 1767885337.8464491,
  "process_end_time": 1767885356.372953,
  "total_elapsed_time_seconds": 18.53,
  "rounds_time_stats": {
    "round_1": 18.52
  }
}