{
  "process_start_time": 1767887341.63786,
  "process_end_time": 1767887358.9202857,
  "total_elapsed_time_seconds": 17.28,
  "rounds_time_stats": {
    "round_1": 17.27
  }
}