{
  "process_start_time": 1767976145.5353923,
  "process_end_time": 1767976330.3383577,
  "total_elapsed_time_seconds": 184.8,
  "rounds_time_stats": {
    "round_1": 31.46,
    "round_2": 31.61,
    "round_3": 31.44,
    "round_4": 29.06,
    "round_5": 31.82,
    "round_6": 29.42
  }
}