{
  "process_start_time": 1767676016.2338119,
  "process_end_time": 1767676265.2783866,
  "total_elapsed_time_seconds": 249.04,
  "rounds_time_stats": {
    "round_1": 46.4,
    "round_2": 28.57,
    "round_3": 36.29,
    "round_4": 46.46,
    "round_5": 46.03,
    "round_6": 45.3
  }
}