{
  "process_start_time": 1767883330.5112202,
  "process_end_time": 1767883526.3051827,
  "total_elapsed_time_seconds": 195.79,
  "rounds_time_stats": {
    "round_1": 33.27,
    "round_2": 37.19,
    "round_3": 28.71,
    "round_4": 33.05,
    "round_5": 33.58,
    "round_6": 30.0
  }
}