{
  "process_start_time": 1767889643.6736622,
  "process_end_time": 1767889652.4077947,
  "total_elapsed_time_seconds": 8.73,
  "rounds_time_stats": {
    "round_1": 8.73
  }
}