{
  "process_start_time": 1767970610.812476,
  "process_end_time": 1767971464.8576841,
  "total_elapsed_time_seconds": 854.05,
  "rounds_time_stats": {
    "round_1": 63.88,
    "round_2": 141.55,
    "round_3": 249.65,
    "round_4": 127.57,
    "round_5": 161.78,
    "round_6": 109.61
  }
}