{
  "process_start_time": 1768551944.920641,
  "process_end_time": 1768552106.5744393,
  "total_elapsed_time_seconds": 161.65,
  "rounds_time_stats": {
    "round_1": 27.22,
    "round_2": 28.81,
    "round_3": 22.91,
    "round_4": 29.33,
    "round_5": 26.5,
    "round_6": 26.88
  }
}