{
  "process_start_time": 1767887447.1141055,
  "process_end_time": 1767887601.7872443,
  "total_elapsed_time_seconds": 154.67,
  "rounds_time_stats": {
    "round_1": 20.55,
    "round_2": 19.24,
    "round_3": 29.95,
    "round_4": 43.66,
    "round_5": 41.26
  }
}