{
  "process_start_time": 1767665434.4825616,
  "process_end_time": 1767665592.2441652,
  "total_elapsed_time_seconds": 157.76,
  "rounds_time_stats": {
    "round_1": 44.43,
    "round_2": 27.12,
    "round_3": 26.25,
    "round_4": 26.62,
    "round_5": 20.57,
    "round_6": 12.78
  }
}