{
  "process_start_time": 1768550238.499299,
  "process_end_time": 1768550474.0579238,
  "total_elapsed_time_seconds": 235.56,
  "rounds_time_stats": {
    "round_1": 38.38,
    "round_2": 46.8,
    "round_3": 43.43,
    "round_4": 30.22,
    "round_5": 30.76,
    "round_6": 45.96
  }
}