{
  "process_start_time": 1767690019.187611,
  "process_end_time": 1767690319.7536342,
  "total_elapsed_time_seconds": 300.57,
  "rounds_time_stats": {
    "round_1": 47.96,
    "round_2": 45.35,
    "round_3": 43.97,
    "round_4": 59.24,
    "round_5": 50.27,
    "round_6": 53.76
  }
}