{
  "process_start_time": 1767886359.1166575,
  "process_end_time": 1767886477.7905712,
  "total_elapsed_time_seconds": 118.67,
  "rounds_time_stats": {
    "round_1": 18.17,
    "round_2": 19.08,
    "round_3": 17.86,
    "round_4": 23.37,
    "round_5": 23.77,
    "round_6": 16.43
  }
}