{
  "process_start_time": 1767675749.0813167,
  "process_end_time": 1767675981.0756688,
  "total_elapsed_time_seconds": 231.99,
  "rounds_time_stats": {
    "round_1": 38.13,
    "round_2": 32.13,
    "round_3": 41.54,
    "round_4": 42.06,
    "round_5": 33.39,
    "round_6": 44.73
  }
}