{
  "process_start_time": 1767884921.361527,
  "process_end_time": 1767885156.330402,
  "total_elapsed_time_seconds": 234.97,
  "rounds_time_stats": {
    "round_1": 141.26,
    "round_2": 9.85,
    "round_3": 11.92,
    "round_4": 13.07,
    "round_5": 37.83,
    "round_6": 21.03
  }
}