{
  "process_start_time": 1767684168.2482464,
  "process_end_time": 1767684459.9260802,
  "total_elapsed_time_seconds": 291.68,
  "rounds_time_stats": {
    "round_1": 47.49,
    "round_2": 45.67,
    "round_3": 41.87,
    "round_4": 36.97,
    "round_5": 57.28,
    "round_6": 62.39
  }
}