{
  "process_start_time": 1767690435.447138,
  "process_end_time": 1767690643.7119846,
  "total_elapsed_time_seconds": 208.26,
  "rounds_time_stats": {
    "round_1": 47.32,
    "round_2": 41.63,
    "round_3": 35.82,
    "round_4": 34.99,
    "round_5": 26.6,
    "round_6": 21.9
  }
}