{
  "process_start_time": 1767676388.5514553,
  "process_end_time": 1767676662.092236,
  "total_elapsed_time_seconds": 273.54,
  "rounds_time_stats": {
    "round_1": 49.94,
    "round_2": 46.21,
    "round_3": 42.7,
    "round_4": 46.27,
    "round_5": 42.19,
    "round_6": 46.23
  }
}