{
  "process_start_time": 1768555375.1072462,
  "process_end_time": 1768555528.7920048,
  "total_elapsed_time_seconds": 153.68,
  "rounds_time_stats": {
    "round_1": 15.75,
    "round_2": 28.1,
    "round_3": 31.31,
    "round_4": 26.72,
    "round_5": 24.28,
    "round_6": 27.53
  }
}