{
  "process_start_time": 1767688293.0724719,
  "process_end_time": 1767688557.1883233,
  "total_elapsed_time_seconds": 264.12,
  "rounds_time_stats": {
    "round_1": 40.59,
    "round_2": 38.02,
    "round_3": 45.61,
    "round_4": 48.62,
    "round_5": 42.06,
    "round_6": 49.21
  }
}