{
  "process_start_time": 1767973506.6489499,
  "process_end_time": 1767973761.18165,
  "total_elapsed_time_seconds": 254.53,
  "rounds_time_stats": {
    "round_1": 39.94,
    "round_2": 43.52,
    "round_3": 44.0,
    "round_4": 40.53,
    "round_5": 43.15,
    "round_6": 43.4
  }
}