{
  "process_start_time": 1767689758.0647888,
  "process_end_time": 1767690008.0687778,
  "total_elapsed_time_seconds": 250.0,
  "rounds_time_stats": {
    "round_1": 31.45,
    "round_2": 47.25,
    "round_3": 43.18,
    "round_4": 35.37,
    "round_5": 46.65,
    "round_6": 46.1
  }
}