{
  "process_start_time": 1768551944.4509144,
  "process_end_time": 1768552155.2738593,
  "total_elapsed_time_seconds": 210.82,
  "rounds_time_stats": {
    "round_1": 28.11,
    "round_2": 37.16,
    "round_3": 34.3,
    "round_4": 37.4,
    "round_5": 37.07,
    "round_6": 36.78
  }
}