{
  "process_start_time": 1767884717.948485,
  "process_end_time": 1767884822.262767,
  "total_elapsed_time_seconds": 104.31,
  "rounds_time_stats": {
    "round_1": 21.66,
    "round_2": 17.99,
    "round_3": 13.4,
    "round_4": 17.84,
    "round_5": 16.77,
    "round_6": 16.66
  }
}