{
  "process_start_time": 1767890603.456093,
  "process_end_time": 1767890633.8032522,
  "total_elapsed_time_seconds": 30.35,
  "rounds_time_stats": {
    "round_1": 30.27
  }
}