{
  "process_start_time": 1767886496.5744278,
  "process_end_time": 1767886542.754821,
  "total_elapsed_time_seconds": 46.18,
  "rounds_time_stats": {
    "round_1": 25.31,
    "round_2": 20.86
  }
}