{
  "process_start_time": 1767884540.0745704,
  "process_end_time": 1767884621.1840012,
  "total_elapsed_time_seconds": 81.11,
  "rounds_time_stats": {
    "round_1": 18.08,
    "round_2": 12.3,
    "round_3": 13.11,
    "round_4": 11.42,
    "round_5": 14.72,
    "round_6": 11.47
  }
}