{
  "process_start_time": 1767975762.4359937,
  "process_end_time": 1767975921.319048,
  "total_elapsed_time_seconds": 158.88,
  "rounds_time_stats": {
    "round_1": 22.43,
    "round_2": 25.1,
    "round_3": 29.48,
    "round_4": 23.8,
    "round_5": 29.15,
    "round_6": 28.92
  }
}