{
  "process_start_time": 1767883548.2829368,
  "process_end_time": 1767883595.7848806,
  "total_elapsed_time_seconds": 47.5,
  "rounds_time_stats": {
    "round_1": 23.41,
    "round_2": 24.09
  }
}