{
  "process_start_time": 1768551007.1633534,
  "process_end_time": 1768551238.0148447,
  "total_elapsed_time_seconds": 230.85,
  "rounds_time_stats": {
    "round_1": 42.76,
    "round_2": 43.49,
    "round_3": 42.59,
    "round_4": 37.04,
    "round_5": 33.64,
    "round_6": 31.31
  }
}