{
  "process_start_time": 1767681369.925492,
  "process_end_time": 1767681608.019997,
  "total_elapsed_time_seconds": 238.09,
  "rounds_time_stats": {
    "round_1": 47.1,
    "round_2": 50.57,
    "round_3": 43.92,
    "round_4": 40.19,
    "round_5": 37.26,
    "round_6": 19.04
  }
}