{
  "process_start_time": 1767884556.2316399,
  "process_end_time": 1767884588.1942413,
  "total_elapsed_time_seconds": 31.96,
  "rounds_time_stats": {
    "round_1": 31.96
  }
}