{
  "process_start_time": 1767886024.2649226,
  "process_end_time": 1767886125.1203773,
  "total_elapsed_time_seconds": 100.86,
  "rounds_time_stats": {
    "round_1": 33.8,
    "round_2": 23.19,
    "round_3": 43.85
  }
}