{
  "process_start_time": 1768556772.8973691,
  "process_end_time": 1768556809.7239022,
  "total_elapsed_time_seconds": 36.83,
  "rounds_time_stats": {
    "round_1": 36.8
  }
}