{
  "process_start_time": 1767889016.9745111,
  "process_end_time": 1767889134.3507726,
  "total_elapsed_time_seconds": 117.38,
  "rounds_time_stats": {
    "round_1": 22.59,
    "round_2": 19.09,
    "round_3": 17.97,
    "round_4": 18.57,
    "round_5": 17.57,
    "round_6": 21.59
  }
}