{
  "process_start_time": 1768551573.9777884,
  "process_end_time": 1768551753.4225776,
  "total_elapsed_time_seconds": 179.44,
  "rounds_time_stats": {
    "round_1": 27.62,
    "round_2": 28.14,
    "round_3": 31.89,
    "round_4": 33.54,
    "round_5": 22.78,
    "round_6": 35.47
  }
}