{
  "process_start_time": 1767883021.0507371,
  "process_end_time": 1767883033.8630762,
  "total_elapsed_time_seconds": 12.81,
  "rounds_time_stats": {
    "round_1": 12.81
  }
}