{
  "process_start_time": 1767888987.0879836,
  "process_end_time": 1767889010.7495928,
  "total_elapsed_time_seconds": 23.66,
  "rounds_time_stats": {
    "round_1": 8.26,
    "round_2": 15.39
  }
}