{
  "process_start_time": 1767888816.9442508,
  "process_end_time": 1767888829.7253258,
  "total_elapsed_time_seconds": 12.78,
  "rounds_time_stats": {
    "round_1": 12.78
  }
}