{
  "process_start_time": 1767973961.531195,
  "process_end_time": 1767974308.1395278,
  "total_elapsed_time_seconds": 346.61,
  "rounds_time_stats": {
    "round_1": 66.28,
    "round_2": 74.19,
    "round_3": 57.24,
    "round_4": 55.09,
    "round_5": 42.99,
    "round_6": 50.81
  }
}