{
  "process_start_time": 1768108001.7263591,
  "process_end_time": 1768108240.845532,
  "total_elapsed_time_seconds": 239.12,
  "rounds_time_stats": {
    "round_1": 37.21,
    "round_2": 26.34,
    "round_3": 34.98,
    "round_4": 47.26,
    "round_5": 49.83,
    "round_6": 43.49
  }
}