{
  "process_start_time": 1767682965.7175546,
  "process_end_time": 1767683202.1963668,
  "total_elapsed_time_seconds": 236.48,
  "rounds_time_stats": {
    "round_1": 44.94,
    "round_2": 39.33,
    "round_3": 42.91,
    "round_4": 35.57,
    "round_5": 40.93,
    "round_6": 32.79
  }
}