{
  "process_start_time": 1767888076.7045555,
  "process_end_time": 1767888269.6785834,
  "total_elapsed_time_seconds": 192.97,
  "rounds_time_stats": {
    "round_1": 27.41,
    "round_2": 29.68,
    "round_3": 32.87,
    "round_4": 28.32,
    "round_5": 35.38,
    "round_6": 39.31
  }
}