{
  "process_start_time": 1767888928.486812,
  "process_end_time": 1767888941.828861,
  "total_elapsed_time_seconds": 13.34,
  "rounds_time_stats": {
    "round_1": 13.34
  }
}