{
  "process_start_time": 1767849999.477441,
  "process_end_time": 1767850146.5328515,
  "total_elapsed_time_seconds": 147.06,
  "rounds_time_stats": {
    "round_1": 10.72,
    "round_2": 25.94,
    "round_3": 24.94,
    "round_4": 29.36,
    "round_5": 28.91,
    "round_6": 27.18
  }
}