{
  "process_start_time": 1767689101.0535321,
  "process_end_time": 1767689401.6499202,
  "total_elapsed_time_seconds": 300.6,
  "rounds_time_stats": {
    "round_1": 44.77,
    "round_2": 51.63,
    "round_3": 43.56,
    "round_4": 48.91,
    "round_5": 64.55,
    "round_6": 47.18
  }
}