{
  "process_start_time": 1767691759.5647745,
  "process_end_time": 1767692033.183236,
  "total_elapsed_time_seconds": 273.62,
  "rounds_time_stats": {
    "round_1": 31.1,
    "round_2": 38.78,
    "round_3": 50.38,
    "round_4": 47.01,
    "round_5": 47.61,
    "round_6": 58.73
  }
}