{
  "process_start_time": 1767890108.7278378,
  "process_end_time": 1767890143.7931015,
  "total_elapsed_time_seconds": 35.07,
  "rounds_time_stats": {
    "round_1": 15.51,
    "round_2": 19.56
  }
}