{
  "process_start_time": 1767978190.8925023,
  "process_end_time": 1767978332.886635,
  "total_elapsed_time_seconds": 141.99,
  "rounds_time_stats": {
    "round_1": 20.66,
    "round_2": 18.96,
    "round_3": 17.61,
    "round_4": 27.26,
    "round_5": 28.8,
    "round_6": 28.71
  }
}