{
  "process_start_time": 1767889257.3203135,
  "process_end_time": 1767889309.8307824,
  "total_elapsed_time_seconds": 52.51,
  "rounds_time_stats": {
    "round_1": 10.98,
    "round_2": 14.45,
    "round_3": 12.45,
    "round_4": 14.45,
    "round_5": 0.19
  }
}