{
  "process_start_time": 1768551803.332221,
  "process_end_time": 1768551962.5952141,
  "total_elapsed_time_seconds": 159.26,
  "rounds_time_stats": {
    "round_1": 22.61,
    "round_2": 21.27,
    "round_3": 29.74,
    "round_4": 26.1,
    "round_5": 32.6,
    "round_6": 26.93
  }
}