{
  "process_start_time": 1767887716.8164854,
  "process_end_time": 1767887874.206503,
  "total_elapsed_time_seconds": 157.39,
  "rounds_time_stats": {
    "round_1": 28.05,
    "round_2": 22.2,
    "round_3": 25.2,
    "round_4": 30.69,
    "round_5": 25.54,
    "round_6": 25.71
  }
}