{
  "process_start_time": 1767888391.12836,
  "process_end_time": 1767888420.998344,
  "total_elapsed_time_seconds": 29.87,
  "rounds_time_stats": {
    "round_1": 16.28,
    "round_2": 13.58
  }
}