{
  "process_start_time": 1767683561.3074589,
  "process_end_time": 1767683808.62573,
  "total_elapsed_time_seconds": 247.32,
  "rounds_time_stats": {
    "round_1": 34.13,
    "round_2": 42.44,
    "round_3": 47.45,
    "round_4": 43.56,
    "round_5": 36.34,
    "round_6": 43.4
  }
}