{
  "process_start_time": 1767883045.4508123,
  "process_end_time": 1767883171.208963,
  "total_elapsed_time_seconds": 125.76,
  "rounds_time_stats": {
    "round_1": 30.7,
    "round_2": 35.75,
    "round_3": 28.76,
    "round_4": 30.54
  }
}