{
  "process_start_time": 1767888468.1396246,
  "process_end_time": 1767888678.4687052,
  "total_elapsed_time_seconds": 210.33,
  "rounds_time_stats": {
    "round_1": 16.8,
    "round_2": 66.67,
    "round_3": 22.44,
    "round_4": 48.25,
    "round_5": 29.59,
    "round_6": 26.59
  }
}