{
  "process_start_time": 1767884209.744767,
  "process_end_time": 1767884328.215738,
  "total_elapsed_time_seconds": 118.47,
  "rounds_time_stats": {
    "round_1": 19.21,
    "round_2": 11.68,
    "round_3": 20.0,
    "round_4": 25.6,
    "round_5": 20.33,
    "round_6": 21.65
  }
}