{
  "process_start_time": 1767884478.1791737,
  "process_end_time": 1767884638.4486458,
  "total_elapsed_time_seconds": 160.27,
  "rounds_time_stats": {
    "round_1": 20.72,
    "round_2": 24.84,
    "round_3": 31.77,
    "round_4": 32.79,
    "round_5": 25.91,
    "round_6": 24.23
  }
}