{
  "process_start_time": 1768116842.3459864,
  "process_end_time": 1768117095.6440163,
  "total_elapsed_time_seconds": 253.3,
  "rounds_time_stats": {
    "round_1": 47.18,
    "round_2": 36.56,
    "round_3": 49.28,
    "round_4": 42.05,
    "round_5": 45.49,
    "round_6": 32.73
  }
}