{
  "process_start_time": 1767685806.3066645,
  "process_end_time": 1767686039.502299,
  "total_elapsed_time_seconds": 233.2,
  "rounds_time_stats": {
    "round_1": 42.75,
    "round_2": 42.61,
    "round_3": 46.13,
    "round_4": 37.96,
    "round_5": 35.11,
    "round_6": 28.62
  }
}