{
  "process_start_time": 1767884657.3572829,
  "process_end_time": 1767884778.7554448,
  "total_elapsed_time_seconds": 121.4,
  "rounds_time_stats": {
    "round_1": 17.44,
    "round_2": 17.35,
    "round_3": 18.04,
    "round_4": 26.43,
    "round_5": 21.63,
    "round_6": 20.5
  }
}