{
  "process_start_time": 1767888791.9873703,
  "process_end_time": 1767888805.0103285,
  "total_elapsed_time_seconds": 13.02,
  "rounds_time_stats": {
    "round_1": 13.02
  }
}