{
  "process_start_time": 1767977458.8019292,
  "process_end_time": 1767977626.4460087,
  "total_elapsed_time_seconds": 167.64,
  "rounds_time_stats": {
    "round_1": 27.67,
    "round_2": 30.67,
    "round_3": 16.45,
    "round_4": 29.75,
    "round_5": 31.7,
    "round_6": 31.4
  }
}