{
  "process_start_time": 1768555287.0607538,
  "process_end_time": 1768555440.1496017,
  "total_elapsed_time_seconds": 153.09,
  "rounds_time_stats": {
    "round_1": 31.37,
    "round_2": 20.72,
    "round_3": 26.18,
    "round_4": 27.2,
    "round_5": 19.36,
    "round_6": 28.26
  }
}