{
  "process_start_time": 1767889356.135316,
  "process_end_time": 1767889398.2776346,
  "total_elapsed_time_seconds": 42.14,
  "rounds_time_stats": {
    "round_1": 42.12
  }
}