{
  "process_start_time": 1767888998.995674,
  "process_end_time": 1767889017.6926425,
  "total_elapsed_time_seconds": 18.7,
  "rounds_time_stats": {
    "round_1": 18.69
  }
}