{
  "process_start_time": 1768555371.989737,
  "process_end_time": 1768555530.939754,
  "total_elapsed_time_seconds": 158.95,
  "rounds_time_stats": {
    "round_1": 23.42,
    "round_2": 27.07,
    "round_3": 29.56,
    "round_4": 26.24,
    "round_5": 26.56,
    "round_6": 26.09
  }
}