{
  "process_start_time": 1767969222.468223,
  "process_end_time": 1767969582.8982394,
  "total_elapsed_time_seconds": 360.43,
  "rounds_time_stats": {
    "round_1": 69.38,
    "round_2": 48.65,
    "round_3": 61.64,
    "round_4": 63.41,
    "round_5": 65.92,
    "round_6": 51.43
  }
}