{
  "process_start_time": 1767886076.8271723,
  "process_end_time": 1767886114.9393287,
  "total_elapsed_time_seconds": 38.11,
  "rounds_time_stats": {
    "round_1": 38.09
  }
}