{
  "process_start_time": 1767888313.7703388,
  "process_end_time": 1767888376.405695,
  "total_elapsed_time_seconds": 62.64,
  "rounds_time_stats": {
    "round_1": 15.76,
    "round_2": 20.39,
    "round_3": 26.46
  }
}