{
  "process_start_time": 1767883650.368545,
  "process_end_time": 1767883807.5525692,
  "total_elapsed_time_seconds": 157.18,
  "rounds_time_stats": {
    "round_1": 12.53,
    "round_2": 13.92,
    "round_3": 42.71,
    "round_4": 21.9,
    "round_5": 36.71,
    "round_6": 29.41
  }
}