{
  "process_start_time": 1767687987.044573,
  "process_end_time": 1767688265.143487,
  "total_elapsed_time_seconds": 278.1,
  "rounds_time_stats": {
    "round_1": 39.24,
    "round_2": 47.4,
    "round_3": 48.16,
    "round_4": 47.82,
    "round_5": 50.35,
    "round_6": 45.13
  }
}