{
  "process_start_time": 1768108213.1262403,
  "process_end_time": 1768108446.4406092,
  "total_elapsed_time_seconds": 233.31,
  "rounds_time_stats": {
    "round_1": 36.54,
    "round_2": 34.16,
    "round_3": 29.58,
    "round_4": 41.55,
    "round_5": 47.16,
    "round_6": 44.33
  }
}