{
  "process_start_time": 1767889991.4198048,
  "process_end_time": 1767890008.6057167,
  "total_elapsed_time_seconds": 17.19,
  "rounds_time_stats": {
    "round_1": 17.18
  }
}