{
  "process_start_time": 1768556489.5586274,
  "process_end_time": 1768556657.2661273,
  "total_elapsed_time_seconds": 167.71,
  "rounds_time_stats": {
    "round_1": 16.61,
    "round_2": 30.39,
    "round_3": 28.47,
    "round_4": 30.61,
    "round_5": 30.58,
    "round_6": 31.04
  }
}