{
  "process_start_time": 1767887295.3669922,
  "process_end_time": 1767887395.1881316,
  "total_elapsed_time_seconds": 99.82,
  "rounds_time_stats": {
    "round_1": 17.78,
    "round_2": 23.37,
    "round_3": 22.75,
    "round_4": 21.43,
    "round_5": 14.49
  }
}