{
  "process_start_time": 1767889783.970801,
  "process_end_time": 1767889958.9430647,
  "total_elapsed_time_seconds": 174.97,
  "rounds_time_stats": {
    "round_1": 18.82,
    "round_2": 21.47,
    "round_3": 22.61,
    "round_4": 51.05,
    "round_5": 37.65,
    "round_6": 23.36
  }
}