{
  "process_start_time": 1767676692.5931516,
  "process_end_time": 1767676948.6072905,
  "total_elapsed_time_seconds": 256.01,
  "rounds_time_stats": {
    "round_1": 45.52,
    "round_2": 42.6,
    "round_3": 33.7,
    "round_4": 46.28,
    "round_5": 44.42,
    "round_6": 43.49
  }
}