{
  "process_start_time": 1768556677.2600904,
  "process_end_time": 1768556847.9383438,
  "total_elapsed_time_seconds": 170.68,
  "rounds_time_stats": {
    "round_1": 28.6,
    "round_2": 26.66,
    "round_3": 31.41,
    "round_4": 26.03,
    "round_5": 29.05,
    "round_6": 28.91
  }
}