{
  "process_start_time": 1767688308.8105185,
  "process_end_time": 1767688588.4705024,
  "total_elapsed_time_seconds": 279.66,
  "rounds_time_stats": {
    "round_1": 42.52,
    "round_2": 49.56,
    "round_3": 47.47,
    "round_4": 45.58,
    "round_5": 46.82,
    "round_6": 47.71
  }
}