{
  "process_start_time": 1767970265.8668337,
  "process_end_time": 1767970624.4168308,
  "total_elapsed_time_seconds": 358.55,
  "rounds_time_stats": {
    "round_1": 38.17,
    "round_2": 41.45,
    "round_3": 41.96,
    "round_4": 130.56,
    "round_5": 67.97,
    "round_6": 38.43
  }
}