{
  "process_start_time": 1767886199.4622252,
  "process_end_time": 1767886215.104755,
  "total_elapsed_time_seconds": 15.64,
  "rounds_time_stats": {
    "round_1": 15.64
  }
}