{
  "process_start_time": 1767890691.8704753,
  "process_end_time": 1767890737.7003787,
  "total_elapsed_time_seconds": 45.83,
  "rounds_time_stats": {
    "round_1": 45.74
  }
}