{
  "process_start_time": 1767976690.2573495,
  "process_end_time": 1767976849.0060472,
  "total_elapsed_time_seconds": 158.75,
  "rounds_time_stats": {
    "round_1": 22.06,
    "round_2": 22.31,
    "round_3": 24.29,
    "round_4": 26.72,
    "round_5": 33.18,
    "round_6": 30.19
  }
}