{
  "process_start_time": 1767888524.0398388,
  "process_end_time": 1767888532.2057946,
  "total_elapsed_time_seconds": 8.17,
  "rounds_time_stats": {
    "round_1": 8.16
  }
}