{
  "process_start_time": 1767688170.9374976,
  "process_end_time": 1767688477.8566976,
  "total_elapsed_time_seconds": 306.92,
  "rounds_time_stats": {
    "round_1": 47.63,
    "round_2": 61.13,
    "round_3": 58.52,
    "round_4": 46.42,
    "round_5": 45.21,
    "round_6": 48.02
  }
}