{
  "process_start_time": 1767978372.131538,
  "process_end_time": 1767978520.0329347,
  "total_elapsed_time_seconds": 147.9,
  "rounds_time_stats": {
    "round_1": 16.86,
    "round_2": 19.81,
    "round_3": 25.93,
    "round_4": 26.99,
    "round_5": 24.9,
    "round_6": 33.42
  }
}