{
  "process_start_time": 1767690250.4964812,
  "process_end_time": 1767690539.592852,
  "total_elapsed_time_seconds": 289.1,
  "rounds_time_stats": {
    "round_1": 43.11,
    "round_2": 47.26,
    "round_3": 47.85,
    "round_4": 47.81,
    "round_5": 44.09,
    "round_6": 58.97
  }
}