{
  "process_start_time": 1767977657.258614,
  "process_end_time": 1767977840.066015,
  "total_elapsed_time_seconds": 182.81,
  "rounds_time_stats": {
    "round_1": 25.5,
    "round_2": 33.98,
    "round_3": 33.24,
    "round_4": 31.19,
    "round_5": 31.37,
    "round_6": 27.52
  }
}