{
  "process_start_time": 1767888625.1712222,
  "process_end_time": 1767888716.337303,
  "total_elapsed_time_seconds": 91.17,
  "rounds_time_stats": {
    "round_1": 13.08,
    "round_2": 17.43,
    "round_3": 21.96,
    "round_4": 13.4,
    "round_5": 11.44,
    "round_6": 13.84
  }
}