{
  "process_start_time": 1767886867.2478597,
  "process_end_time": 1767886955.2539375,
  "total_elapsed_time_seconds": 88.01,
  "rounds_time_stats": {
    "round_1": 10.3,
    "round_2": 13.99,
    "round_3": 18.09,
    "round_4": 18.25,
    "round_5": 12.68,
    "round_6": 14.69
  }
}