{
  "process_start_time": 1767889820.8468008,
  "process_end_time": 1767889851.0577755,
  "total_elapsed_time_seconds": 30.21,
  "rounds_time_stats": {
    "round_1": 30.21
  }
}