{
  "process_start_time": 1767684381.1215823,
  "process_end_time": 1767684654.4189136,
  "total_elapsed_time_seconds": 273.3,
  "rounds_time_stats": {
    "round_1": 42.53,
    "round_2": 45.79,
    "round_3": 51.19,
    "round_4": 42.87,
    "round_5": 49.75,
    "round_6": 41.17
  }
}