{
  "process_start_time": 1767686727.6035242,
  "process_end_time": 1767687031.685719,
  "total_elapsed_time_seconds": 304.08,
  "rounds_time_stats": {
    "round_1": 59.52,
    "round_2": 46.19,
    "round_3": 46.88,
    "round_4": 43.02,
    "round_5": 63.37,
    "round_6": 45.1
  }
}