{
  "process_start_time": 1767888728.2199197,
  "process_end_time": 1767888852.9301765,
  "total_elapsed_time_seconds": 124.71,
  "rounds_time_stats": {
    "round_1": 22.43,
    "round_2": 29.13,
    "round_3": 22.05,
    "round_4": 24.31,
    "round_5": 26.78
  }
}