{
  "process_start_time": 1767883053.0354803,
  "process_end_time": 1767883134.9816074,
  "total_elapsed_time_seconds": 81.95,
  "rounds_time_stats": {
    "round_1": 8.85,
    "round_2": 17.94,
    "round_3": 12.12,
    "round_4": 16.71,
    "round_5": 9.66,
    "round_6": 16.66
  }
}