{
  "process_start_time": 1767889726.6214004,
  "process_end_time": 1767889821.1844804,
  "total_elapsed_time_seconds": 94.56,
  "rounds_time_stats": {
    "round_1": 10.87,
    "round_2": 16.37,
    "round_3": 17.39,
    "round_4": 18.75,
    "round_5": 16.75,
    "round_6": 14.45
  }
}