{
  "process_start_time": 1767888253.7722414,
  "process_end_time": 1767888334.9376447,
  "total_elapsed_time_seconds": 81.17,
  "rounds_time_stats": {
    "round_1": 15.18,
    "round_2": 17.13,
    "round_3": 16.52,
    "round_4": 13.12,
    "round_5": 19.21
  }
}