{
  "process_start_time": 1768552317.199321,
  "process_end_time": 1768552713.9836762,
  "total_elapsed_time_seconds": 396.78,
  "rounds_time_stats": {
    "round_1": 32.57,
    "round_2": 45.45,
    "round_3": 132.11,
    "round_4": 87.36,
    "round_5": 46.85,
    "round_6": 52.43
  }
}