{
  "process_start_time": 1767973299.4035017,
  "process_end_time": 1767973515.5668585,
  "total_elapsed_time_seconds": 216.16,
  "rounds_time_stats": {
    "round_1": 30.85,
    "round_2": 36.84,
    "round_3": 34.08,
    "round_4": 40.1,
    "round_5": 41.64,
    "round_6": 32.66
  }
}