{
  "process_start_time": 1768555503.7348661,
  "process_end_time": 1768555678.5418303,
  "total_elapsed_time_seconds": 174.81,
  "rounds_time_stats": {
    "round_1": 20.33,
    "round_2": 26.78,
    "round_3": 28.93,
    "round_4": 27.87,
    "round_5": 29.63,
    "round_6": 41.26
  }
}