{
  "process_start_time": 1767690337.3087735,
  "process_end_time": 1767690579.6193953,
  "total_elapsed_time_seconds": 242.31,
  "rounds_time_stats": {
    "round_1": 32.9,
    "round_2": 47.21,
    "round_3": 51.23,
    "round_4": 43.63,
    "round_5": 38.53,
    "round_6": 28.81
  }
}