{
  "process_start_time": 1767888241.7443419,
  "process_end_time": 1767888377.452196,
  "total_elapsed_time_seconds": 135.71,
  "rounds_time_stats": {
    "round_1": 18.21,
    "round_2": 18.93,
    "round_3": 26.26,
    "round_4": 22.23,
    "round_5": 20.76,
    "round_6": 29.32
  }
}