{
  "process_start_time": 1767975934.0896785,
  "process_end_time": 1767976104.4040601,
  "total_elapsed_time_seconds": 170.31,
  "rounds_time_stats": {
    "round_1": 28.08,
    "round_2": 28.94,
    "round_3": 31.56,
    "round_4": 30.2,
    "round_5": 22.59,
    "round_6": 28.94
  }
}