{
  "process_start_time": 1767886876.7171576,
  "process_end_time": 1767887086.6641488,
  "total_elapsed_time_seconds": 209.95,
  "rounds_time_stats": {
    "round_1": 37.89,
    "round_2": 28.85,
    "round_3": 32.35,
    "round_4": 43.48,
    "round_5": 28.74,
    "round_6": 38.63
  }
}