{
  "process_start_time": 1767890005.3175879,
  "process_end_time": 1767890020.5173042,
  "total_elapsed_time_seconds": 15.2,
  "rounds_time_stats": {
    "round_1": 15.19
  }
}