{
  "process_start_time": 1768107778.4780607,
  "process_end_time": 1768107972.6200047,
  "total_elapsed_time_seconds": 194.14,
  "rounds_time_stats": {
    "round_1": 23.12,
    "round_2": 35.18,
    "round_3": 22.78,
    "round_4": 34.5,
    "round_5": 41.74,
    "round_6": 36.83
  }
}