{
  "process_start_time": 1767884205.1636627,
  "process_end_time": 1767884219.683959,
  "total_elapsed_time_seconds": 14.52,
  "rounds_time_stats": {
    "round_1": 14.51
  }
}