{
  "process_start_time": 1767886680.8355818,
  "process_end_time": 1767886781.3422148,
  "total_elapsed_time_seconds": 100.51,
  "rounds_time_stats": {
    "round_1": 12.89,
    "round_2": 13.83,
    "round_3": 18.78,
    "round_4": 13.7,
    "round_5": 20.39,
    "round_6": 20.92
  }
}