{
  "process_start_time": 1767677191.2867203,
  "process_end_time": 1767677429.9903424,
  "total_elapsed_time_seconds": 238.7,
  "rounds_time_stats": {
    "round_1": 30.68,
    "round_2": 48.44,
    "round_3": 42.59,
    "round_4": 41.66,
    "round_5": 31.32,
    "round_6": 44.03
  }
}