{
  "process_start_time": 1768109236.0657275,
  "process_end_time": 1768109506.0995276,
  "total_elapsed_time_seconds": 270.03,
  "rounds_time_stats": {
    "round_1": 48.37,
    "round_2": 33.44,
    "round_3": 51.43,
    "round_4": 46.51,
    "round_5": 43.96,
    "round_6": 46.32
  }
}