{
  "process_start_time": 1768556032.691446,
  "process_end_time": 1768556248.0180361,
  "total_elapsed_time_seconds": 215.33,
  "rounds_time_stats": {
    "round_1": 37.4,
    "round_2": 28.89,
    "round_3": 33.68,
    "round_4": 33.81,
    "round_5": 43.32,
    "round_6": 38.22
  }
}