{
  "process_start_time": 1767677399.084473,
  "process_end_time": 1767677610.7830942,
  "total_elapsed_time_seconds": 211.7,
  "rounds_time_stats": {
    "round_1": 30.64,
    "round_2": 30.78,
    "round_3": 37.39,
    "round_4": 40.32,
    "round_5": 35.34,
    "round_6": 37.23
  }
}