{
  "process_start_time": 1767886366.2553244,
  "process_end_time": 1767886407.6476681,
  "total_elapsed_time_seconds": 41.39,
  "rounds_time_stats": {
    "round_1": 20.33,
    "round_2": 21.06
  }
}