{
  "process_start_time": 1767888869.550081,
  "process_end_time": 1767888986.9443748,
  "total_elapsed_time_seconds": 117.39,
  "rounds_time_stats": {
    "round_1": 13.18,
    "round_2": 18.54,
    "round_3": 23.65,
    "round_4": 20.53,
    "round_5": 15.2,
    "round_6": 26.31
  }
}