{
  "process_start_time": 1767890193.3302083,
  "process_end_time": 1767890222.7658782,
  "total_elapsed_time_seconds": 29.44,
  "rounds_time_stats": {
    "round_1": 29.41
  }
}