{
  "process_start_time": 1767970265.9079845,
  "process_end_time": 1767970692.5437803,
  "total_elapsed_time_seconds": 426.64,
  "rounds_time_stats": {
    "round_1": 49.21,
    "round_2": 88.99,
    "round_3": 68.94,
    "round_4": 78.55,
    "round_5": 71.71,
    "round_6": 69.23
  }
}