{
  "process_start_time": 1767888810.315791,
  "process_end_time": 1767888824.8493445,
  "total_elapsed_time_seconds": 14.53,
  "rounds_time_stats": {
    "round_1": 14.53
  }
}