{
  "process_start_time": 1767689494.9637928,
  "process_end_time": 1767689804.2145228,
  "total_elapsed_time_seconds": 309.25,
  "rounds_time_stats": {
    "round_1": 56.99,
    "round_2": 46.17,
    "round_3": 71.97,
    "round_4": 44.92,
    "round_5": 46.41,
    "round_6": 42.79
  }
}