{
  "process_start_time": 1767973961.5388825,
  "process_end_time": 1767974041.8063147,
  "total_elapsed_time_seconds": 80.27,
  "rounds_time_stats": {
    "round_1": 80.25
  }
}