{
  "process_start_time": 1768114486.9927018,
  "process_end_time": 1768114739.8650303,
  "total_elapsed_time_seconds": 252.87,
  "rounds_time_stats": {
    "round_1": 24.25,
    "round_2": 35.49,
    "round_3": 40.42,
    "round_4": 48.93,
    "round_5": 50.86,
    "round_6": 52.92
  }
}