{
  "process_start_time": 1768549937.215915,
  "process_end_time": 1768550222.9026132,
  "total_elapsed_time_seconds": 285.69,
  "rounds_time_stats": {
    "round_1": 43.75,
    "round_2": 62.26,
    "round_3": 42.91,
    "round_4": 44.7,
    "round_5": 44.91,
    "round_6": 47.16
  }
}