{
  "process_start_time": 1767890218.2580986,
  "process_end_time": 1767890245.9186583,
  "total_elapsed_time_seconds": 27.66,
  "rounds_time_stats": {
    "round_1": 9.97,
    "round_2": 7.4,
    "round_3": 10.29
  }
}