{
  "process_start_time": 1767890132.5082269,
  "process_end_time": 1767890213.7886395,
  "total_elapsed_time_seconds": 81.28,
  "rounds_time_stats": {
    "round_1": 16.95,
    "round_2": 13.53,
    "round_3": 11.67,
    "round_4": 13.98,
    "round_5": 9.66,
    "round_6": 15.5
  }
}