{
  "process_start_time": 1767975474.2443824,
  "process_end_time": 1767975607.478538,
  "total_elapsed_time_seconds": 133.23,
  "rounds_time_stats": {
    "round_1": 22.94,
    "round_2": 29.67,
    "round_3": 25.24,
    "round_4": 18.34,
    "round_5": 21.33,
    "round_6": 15.72
  }
}