{
  "process_start_time": 1767691988.4466043,
  "process_end_time": 1767692276.6358454,
  "total_elapsed_time_seconds": 288.19,
  "rounds_time_stats": {
    "round_1": 54.95,
    "round_2": 44.18,
    "round_3": 44.62,
    "round_4": 48.1,
    "round_5": 42.91,
    "round_6": 53.43
  }
}