{
  "process_start_time": 1767978377.0790262,
  "process_end_time": 1767978585.3726282,
  "total_elapsed_time_seconds": 208.29,
  "rounds_time_stats": {
    "round_1": 31.48,
    "round_2": 33.44,
    "round_3": 36.48,
    "round_4": 32.48,
    "round_5": 31.91,
    "round_6": 42.49
  }
}