{
  "process_start_time": 1767890010.2423215,
  "process_end_time": 1767890109.8477006,
  "total_elapsed_time_seconds": 99.61,
  "rounds_time_stats": {
    "round_1": 8.59,
    "round_2": 8.1,
    "round_3": 11.66,
    "round_4": 45.16,
    "round_5": 14.44,
    "round_6": 11.65
  }
}