{
  "process_start_time": 1767675475.9769313,
  "process_end_time": 1767675528.9703898,
  "total_elapsed_time_seconds": 52.99,
  "rounds_time_stats": {
    "round_1": 52.94,
    "round_2": 0.05
  }
}