{
  "process_start_time": 1767884151.2211628,
  "process_end_time": 1767884193.4522595,
  "total_elapsed_time_seconds": 42.23,
  "rounds_time_stats": {
    "round_1": 42.23
  }
}