{
  "process_start_time": 1768555060.963119,
  "process_end_time": 1768555215.64283,
  "total_elapsed_time_seconds": 154.68,
  "rounds_time_stats": {
    "round_1": 28.34,
    "round_2": 25.25,
    "round_3": 23.02,
    "round_4": 28.36,
    "round_5": 22.13,
    "round_6": 27.57
  }
}