{
  "process_start_time": 1767979138.272861,
  "process_end_time": 1767979305.3562577,
  "total_elapsed_time_seconds": 167.08,
  "rounds_time_stats": {
    "round_1": 26.81,
    "round_2": 21.37,
    "round_3": 32.91,
    "round_4": 35.65,
    "round_5": 24.35,
    "round_6": 25.99
  }
}