{
  "process_start_time": 1767888800.9861727,
  "process_end_time": 1767888816.5069396,
  "total_elapsed_time_seconds": 15.52,
  "rounds_time_stats": {
    "round_1": 15.52
  }
}