{
  "process_start_time": 1768109289.947336,
  "process_end_time": 1768109518.8995476,
  "total_elapsed_time_seconds": 228.95,
  "rounds_time_stats": {
    "round_1": 25.46,
    "round_2": 34.36,
    "round_3": 35.24,
    "round_4": 46.72,
    "round_5": 42.48,
    "round_6": 44.69
  }
}