{
  "process_start_time": 1767888700.4766235,
  "process_end_time": 1767888711.0080695,
  "total_elapsed_time_seconds": 10.53,
  "rounds_time_stats": {
    "round_1": 10.53
  }
}