{
  "process_start_time": 1767975330.7600744,
  "process_end_time": 1767975524.313843,
  "total_elapsed_time_seconds": 193.55,
  "rounds_time_stats": {
    "round_1": 30.19,
    "round_2": 37.92,
    "round_3": 37.61,
    "round_4": 29.48,
    "round_5": 31.89,
    "round_6": 26.47
  }
}