{
  "process_start_time": 1767885125.2837002,
  "process_end_time": 1767885330.6404896,
  "total_elapsed_time_seconds": 205.36,
  "rounds_time_stats": {
    "round_1": 30.47,
    "round_2": 19.83,
    "round_3": 34.6,
    "round_4": 53.13,
    "round_5": 27.18,
    "round_6": 40.14
  }
}