{
  "process_start_time": 1767680016.5380673,
  "process_end_time": 1767680277.778208,
  "total_elapsed_time_seconds": 261.24,
  "rounds_time_stats": {
    "round_1": 36.77,
    "round_2": 38.55,
    "round_3": 46.29,
    "round_4": 47.05,
    "round_5": 49.61,
    "round_6": 42.95
  }
}