{
  "process_start_time": 1767890623.520937,
  "process_end_time": 1767890780.643629,
  "total_elapsed_time_seconds": 157.12,
  "rounds_time_stats": {
    "round_1": 37.47,
    "round_2": 39.94,
    "round_3": 42.76,
    "round_4": 36.6,
    "round_5": 0.36
  }
}