{
  "process_start_time": 1767887339.9154212,
  "process_end_time": 1767887358.9912944,
  "total_elapsed_time_seconds": 19.08,
  "rounds_time_stats": {
    "round_1": 19.07
  }
}