{
  "process_start_time": 1767886915.533991,
  "process_end_time": 1767887079.1724932,
  "total_elapsed_time_seconds": 163.64,
  "rounds_time_stats": {
    "round_1": 19.7,
    "round_2": 18.56,
    "round_3": 28.11,
    "round_4": 31.31,
    "round_5": 28.9,
    "round_6": 37.06
  }
}