{
  "process_start_time": 1767886961.2503693,
  "process_end_time": 1767886981.222882,
  "total_elapsed_time_seconds": 19.97,
  "rounds_time_stats": {
    "round_1": 19.96
  }
}