{
  "process_start_time": 1767681325.3574753,
  "process_end_time": 1767681589.3800273,
  "total_elapsed_time_seconds": 264.02,
  "rounds_time_stats": {
    "round_1": 39.69,
    "round_2": 52.81,
    "round_3": 49.69,
    "round_4": 43.95,
    "round_5": 38.75,
    "round_6": 39.14
  }
}