{
  "process_start_time": 1767884398.4116302,
  "process_end_time": 1767884413.0229042,
  "total_elapsed_time_seconds": 14.61,
  "rounds_time_stats": {
    "round_1": 14.59
  }
}