{
  "process_start_time": 1768552061.2975106,
  "process_end_time": 1768552238.9079304,
  "total_elapsed_time_seconds": 177.61,
  "rounds_time_stats": {
    "round_1": 29.31,
    "round_2": 25.45,
    "round_3": 32.68,
    "round_4": 25.73,
    "round_5": 27.42,
    "round_6": 37.01
  }
}