{
  "process_start_time": 1767890477.874304,
  "process_end_time": 1767890587.7425332,
  "total_elapsed_time_seconds": 109.87,
  "rounds_time_stats": {
    "round_1": 19.39,
    "round_2": 20.65,
    "round_3": 23.83,
    "round_4": 22.44,
    "round_5": 23.34,
    "round_6": 0.22
  }
}