{
  "process_start_time": 1767680186.3140287,
  "process_end_time": 1767680481.0210948,
  "total_elapsed_time_seconds": 294.71,
  "rounds_time_stats": {
    "round_1": 59.58,
    "round_2": 48.86,
    "round_3": 42.52,
    "round_4": 57.68,
    "round_5": 43.09,
    "round_6": 42.97
  }
}