{
  "process_start_time": 1767890144.6982272,
  "process_end_time": 1767890152.150551,
  "total_elapsed_time_seconds": 7.45,
  "rounds_time_stats": {
    "round_1": 7.45
  }
}