{
  "process_start_time": 1767886230.8016944,
  "process_end_time": 1767886296.065102,
  "total_elapsed_time_seconds": 65.26,
  "rounds_time_stats": {
    "round_1": 26.5,
    "round_2": 20.9,
    "round_3": 17.86
  }
}