{
  "process_start_time": 1767976320.5468075,
  "process_end_time": 1767976491.9352622,
  "total_elapsed_time_seconds": 171.39,
  "rounds_time_stats": {
    "round_1": 29.69,
    "round_2": 28.49,
    "round_3": 32.21,
    "round_4": 28.33,
    "round_5": 27.56,
    "round_6": 25.1
  }
}