{
  "process_start_time": 1768550223.727038,
  "process_end_time": 1768550500.8028579,
  "total_elapsed_time_seconds": 277.08,
  "rounds_time_stats": {
    "round_1": 43.66,
    "round_2": 43.07,
    "round_3": 44.81,
    "round_4": 45.81,
    "round_5": 60.51,
    "round_6": 39.22
  }
}