{
  "process_start_time": 1767976155.7555537,
  "process_end_time": 1767976338.575476,
  "total_elapsed_time_seconds": 182.82,
  "rounds_time_stats": {
    "round_1": 29.61,
    "round_2": 33.74,
    "round_3": 29.22,
    "round_4": 31.44,
    "round_5": 30.29,
    "round_6": 28.52
  }
}