{
  "process_start_time": 1768554749.279753,
  "process_end_time": 1768554944.7980616,
  "total_elapsed_time_seconds": 195.52,
  "rounds_time_stats": {
    "round_1": 33.25,
    "round_2": 27.12,
    "round_3": 39.41,
    "round_4": 35.96,
    "round_5": 30.92,
    "round_6": 28.86
  }
}