{
  "process_start_time": 1767676919.1309226,
  "process_end_time": 1767677178.301801,
  "total_elapsed_time_seconds": 259.17,
  "rounds_time_stats": {
    "round_1": 44.97,
    "round_2": 46.68,
    "round_3": 30.97,
    "round_4": 41.21,
    "round_5": 44.33,
    "round_6": 51.0
  }
}