{
  "process_start_time": 1767889358.717708,
  "process_end_time": 1767889447.747545,
  "total_elapsed_time_seconds": 89.03,
  "rounds_time_stats": {
    "round_1": 10.75,
    "round_2": 12.26,
    "round_3": 22.14,
    "round_4": 20.81,
    "round_5": 23.07
  }
}