{
  "process_start_time": 1767886684.5169413,
  "process_end_time": 1767886721.947473,
  "total_elapsed_time_seconds": 37.43,
  "rounds_time_stats": {
    "round_1": 17.89,
    "round_2": 19.53
  }
}