{
  "process_start_time": 1767974594.862477,
  "process_end_time": 1767974906.0083144,
  "total_elapsed_time_seconds": 311.15,
  "rounds_time_stats": {
    "round_1": 38.72,
    "round_2": 43.8,
    "round_3": 54.23,
    "round_4": 56.14,
    "round_5": 50.01,
    "round_6": 68.24
  }
}