{
  "process_start_time": 1767885909.019781,
  "process_end_time": 1767886008.4813397,
  "total_elapsed_time_seconds": 99.46,
  "rounds_time_stats": {
    "round_1": 22.48,
    "round_2": 24.9,
    "round_3": 21.62,
    "round_4": 30.46
  }
}