{
  "process_start_time": 1767888648.182675,
  "process_end_time": 1767888666.4431915,
  "total_elapsed_time_seconds": 18.26,
  "rounds_time_stats": {
    "round_1": 18.26
  }
}