{
  "process_start_time": 1767883972.928053,
  "process_end_time": 1767883991.201668,
  "total_elapsed_time_seconds": 18.27,
  "rounds_time_stats": {
    "round_1": 18.27
  }
}