{
  "process_start_time": 1767890342.750992,
  "process_end_time": 1767890438.1675904,
  "total_elapsed_time_seconds": 95.42,
  "rounds_time_stats": {
    "round_1": 8.93,
    "round_2": 14.06,
    "round_3": 38.37,
    "round_4": 33.23,
    "round_5": 0.83
  }
}