{
  "process_start_time": 1767885756.7312691,
  "process_end_time": 1767885801.8241544,
  "total_elapsed_time_seconds": 45.09,
  "rounds_time_stats": {
    "round_1": 20.45,
    "round_2": 24.63
  }
}