{
  "process_start_time": 1767884257.6228092,
  "process_end_time": 1767884386.4665232,
  "total_elapsed_time_seconds": 128.84,
  "rounds_time_stats": {
    "round_1": 28.82,
    "round_2": 19.54,
    "round_3": 21.55,
    "round_4": 27.58,
    "round_5": 31.3
  }
}