{
  "process_start_time": 1768117982.5908933,
  "process_end_time": 1768118196.4721403,
  "total_elapsed_time_seconds": 213.88,
  "rounds_time_stats": {
    "round_1": 35.33,
    "round_2": 41.99,
    "round_3": 44.23,
    "round_4": 35.11,
    "round_5": 33.32,
    "round_6": 23.91
  }
}