{
  "process_start_time": 1767678073.966212,
  "process_end_time": 1767678388.8927479,
  "total_elapsed_time_seconds": 314.93,
  "rounds_time_stats": {
    "round_1": 76.38,
    "round_2": 35.3,
    "round_3": 50.5,
    "round_4": 59.17,
    "round_5": 44.45,
    "round_6": 49.13
  }
}