{
  "process_start_time": 1767889782.6198184,
  "process_end_time": 1767889942.3719983,
  "total_elapsed_time_seconds": 159.75,
  "rounds_time_stats": {
    "round_1": 20.85,
    "round_2": 35.98,
    "round_3": 33.94,
    "round_4": 32.98,
    "round_5": 35.99
  }
}