{
  "process_start_time": 1767683530.2343218,
  "process_end_time": 1767683580.5775506,
  "total_elapsed_time_seconds": 50.34,
  "rounds_time_stats": {
    "round_1": 50.31
  }
}