{
  "process_start_time": 1767883575.8971539,
  "process_end_time": 1767883787.5813148,
  "total_elapsed_time_seconds": 211.68,
  "rounds_time_stats": {
    "round_1": 26.51,
    "round_2": 35.85,
    "round_3": 32.76,
    "round_4": 32.62,
    "round_5": 38.28,
    "round_6": 45.67
  }
}