{
  "process_start_time": 1767688265.1444597,
  "process_end_time": 1767688556.7433918,
  "total_elapsed_time_seconds": 291.6,
  "rounds_time_stats": {
    "round_1": 58.01,
    "round_2": 49.67,
    "round_3": 44.96,
    "round_4": 46.24,
    "round_5": 45.28,
    "round_6": 47.44
  }
}