{
  "process_start_time": 1767692074.924106,
  "process_end_time": 1767692350.9313912,
  "total_elapsed_time_seconds": 276.01,
  "rounds_time_stats": {
    "round_1": 43.35,
    "round_2": 44.69,
    "round_3": 43.04,
    "round_4": 46.22,
    "round_5": 64.11,
    "round_6": 34.6
  }
}