{
  "process_start_time": 1767978493.1156569,
  "process_end_time": 1767978665.98295,
  "total_elapsed_time_seconds": 172.87,
  "rounds_time_stats": {
    "round_1": 22.91,
    "round_2": 30.63,
    "round_3": 23.82,
    "round_4": 28.23,
    "round_5": 33.02,
    "round_6": 34.25
  }
}