{
  "process_start_time": 1767969887.3341696,
  "process_end_time": 1767970138.3797412,
  "total_elapsed_time_seconds": 251.05,
  "rounds_time_stats": {
    "round_1": 33.92,
    "round_2": 76.99,
    "round_3": 34.89,
    "round_4": 45.51,
    "round_5": 29.33,
    "round_6": 30.4
  }
}