{
  "process_start_time": 1767975762.4402614,
  "process_end_time": 1767975951.1164472,
  "total_elapsed_time_seconds": 188.68,
  "rounds_time_stats": {
    "round_1": 27.52,
    "round_2": 30.81,
    "round_3": 31.65,
    "round_4": 30.09,
    "round_5": 30.66,
    "round_6": 37.94
  }
}