{
  "process_start_time": 1767886193.437192,
  "process_end_time": 1767886212.0098264,
  "total_elapsed_time_seconds": 18.57,
  "rounds_time_stats": {
    "round_1": 18.57
  }
}