{
  "process_start_time": 1767884786.2126894,
  "process_end_time": 1767884901.8368807,
  "total_elapsed_time_seconds": 115.62,
  "rounds_time_stats": {
    "round_1": 20.63,
    "round_2": 19.56,
    "round_3": 20.84,
    "round_4": 20.01,
    "round_5": 16.03,
    "round_6": 18.56
  }
}