{
  "process_start_time": 1767883381.9418726,
  "process_end_time": 1767883403.5823245,
  "total_elapsed_time_seconds": 21.64,
  "rounds_time_stats": {
    "round_1": 21.64
  }
}