{
  "process_start_time": 1767885263.7973933,
  "process_end_time": 1767885314.4978812,
  "total_elapsed_time_seconds": 50.7,
  "rounds_time_stats": {
    "round_1": 21.47,
    "round_2": 29.22
  }
}