{
  "process_start_time": 1768115831.0313268,
  "process_end_time": 1768116105.1101494,
  "total_elapsed_time_seconds": 274.08,
  "rounds_time_stats": {
    "round_1": 26.02,
    "round_2": 41.37,
    "round_3": 49.85,
    "round_4": 43.89,
    "round_5": 67.0,
    "round_6": 45.94
  }
}