{
  "process_start_time": 1767684274.864483,
  "process_end_time": 1767684330.1929312,
  "total_elapsed_time_seconds": 55.33,
  "rounds_time_stats": {
    "round_1": 55.21
  }
}