{
  "process_start_time": 1767882976.4721582,
  "process_end_time": 1767883127.1912746,
  "total_elapsed_time_seconds": 150.72,
  "rounds_time_stats": {
    "round_1": 30.1,
    "round_2": 32.89,
    "round_3": 36.56,
    "round_4": 51.08
  }
}