{
  "process_start_time": 1767885339.0615134,
  "process_end_time": 1767885358.7175367,
  "total_elapsed_time_seconds": 19.66,
  "rounds_time_stats": {
    "round_1": 19.65
  }
}