{
  "process_start_time": 1767883285.3709948,
  "process_end_time": 1767883324.169557,
  "total_elapsed_time_seconds": 38.8,
  "rounds_time_stats": {
    "round_1": 38.79
  }
}