{
  "process_start_time": 1767884731.9116902,
  "process_end_time": 1767884876.0735507,
  "total_elapsed_time_seconds": 144.16,
  "rounds_time_stats": {
    "round_1": 27.78,
    "round_2": 17.35,
    "round_3": 20.46,
    "round_4": 36.57,
    "round_5": 20.0,
    "round_6": 22.0
  }
}