{
  "process_start_time": 1767884800.8824742,
  "process_end_time": 1767884814.6183727,
  "total_elapsed_time_seconds": 13.74,
  "rounds_time_stats": {
    "round_1": 13.73
  }
}