{
  "process_start_time": 1767678658.898287,
  "process_end_time": 1767678926.214096,
  "total_elapsed_time_seconds": 267.32,
  "rounds_time_stats": {
    "round_1": 56.49,
    "round_2": 43.94,
    "round_3": 45.43,
    "round_4": 35.73,
    "round_5": 42.2,
    "round_6": 43.52
  }
}