{
  "process_start_time": 1768556441.254035,
  "process_end_time": 1768556608.3222618,
  "total_elapsed_time_seconds": 167.07,
  "rounds_time_stats": {
    "round_1": 28.81,
    "round_2": 24.76,
    "round_3": 33.58,
    "round_4": 29.29,
    "round_5": 30.16,
    "round_6": 20.47
  }
}