{
  "process_start_time": 1767975427.281816,
  "process_end_time": 1767975591.2506442,
  "total_elapsed_time_seconds": 163.97,
  "rounds_time_stats": {
    "round_1": 21.53,
    "round_2": 32.44,
    "round_3": 26.27,
    "round_4": 29.1,
    "round_5": 31.08,
    "round_6": 23.54
  }
}