{
  "process_start_time": 1767665200.6449418,
  "process_end_time": 1767665480.1495802,
  "total_elapsed_time_seconds": 279.5,
  "rounds_time_stats": {
    "round_1": 47.7,
    "round_2": 43.43,
    "round_3": 50.86,
    "round_4": 40.96,
    "round_5": 36.07,
    "round_6": 60.49
  }
}