{
  "process_start_time": 1767678386.4579883,
  "process_end_time": 1767678675.0662777,
  "total_elapsed_time_seconds": 288.61,
  "rounds_time_stats": {
    "round_1": 41.7,
    "round_2": 43.41,
    "round_3": 47.24,
    "round_4": 56.72,
    "round_5": 52.39,
    "round_6": 47.16
  }
}