{
  "process_start_time": 1767889732.3302112,
  "process_end_time": 1767889820.8447978,
  "total_elapsed_time_seconds": 88.51,
  "rounds_time_stats": {
    "round_1": 17.32,
    "round_2": 10.21,
    "round_3": 16.93,
    "round_4": 14.21,
    "round_5": 15.12,
    "round_6": 14.72
  }
}