{
  "process_start_time": 1767975921.3234499,
  "process_end_time": 1767976124.7865202,
  "total_elapsed_time_seconds": 203.46,
  "rounds_time_stats": {
    "round_1": 27.04,
    "round_2": 33.48,
    "round_3": 31.34,
    "round_4": 41.36,
    "round_5": 30.57,
    "round_6": 39.67
  }
}