{
  "process_start_time": 1767885388.471156,
  "process_end_time": 1767885485.2039914,
  "total_elapsed_time_seconds": 96.73,
  "rounds_time_stats": {
    "round_1": 25.72,
    "round_2": 36.31,
    "round_3": 34.7
  }
}