{
  "process_start_time": 1767890342.952234,
  "process_end_time": 1767890454.0090435,
  "total_elapsed_time_seconds": 111.06,
  "rounds_time_stats": {
    "round_1": 19.31,
    "round_2": 10.48,
    "round_3": 21.08,
    "round_4": 16.98,
    "round_5": 20.64,
    "round_6": 22.57
  }
}