{
  "process_start_time": 1767889784.975629,
  "process_end_time": 1767889824.5065398,
  "total_elapsed_time_seconds": 39.53,
  "rounds_time_stats": {
    "round_1": 39.52
  }
}