{
  "process_start_time": 1768551611.9953492,
  "process_end_time": 1768551761.4931235,
  "total_elapsed_time_seconds": 149.5,
  "rounds_time_stats": {
    "round_1": 27.46,
    "round_2": 22.12,
    "round_3": 24.89,
    "round_4": 30.33,
    "round_5": 18.46,
    "round_6": 26.24
  }
}