{
  "process_start_time": 1767691643.1333678,
  "process_end_time": 1767691924.3557694,
  "total_elapsed_time_seconds": 281.22,
  "rounds_time_stats": {
    "round_1": 49.23,
    "round_2": 51.0,
    "round_3": 39.89,
    "round_4": 46.41,
    "round_5": 49.4,
    "round_6": 45.28
  }
}