{
  "process_start_time": 1767679435.4141688,
  "process_end_time": 1767679733.4908206,
  "total_elapsed_time_seconds": 298.08,
  "rounds_time_stats": {
    "round_1": 47.49,
    "round_2": 50.8,
    "round_3": 57.56,
    "round_4": 49.96,
    "round_5": 43.77,
    "round_6": 48.49
  }
}