{
  "process_start_time": 1767889526.4358232,
  "process_end_time": 1767889547.2814639,
  "total_elapsed_time_seconds": 20.85,
  "rounds_time_stats": {
    "round_1": 20.84
  }
}