{
  "process_start_time": 1767882955.6239257,
  "process_end_time": 1767883067.423525,
  "total_elapsed_time_seconds": 111.8,
  "rounds_time_stats": {
    "round_1": 21.61,
    "round_2": 12.51,
    "round_3": 14.03,
    "round_4": 19.1,
    "round_5": 21.31,
    "round_6": 23.23
  }
}