{
  "process_start_time": 1767973525.8482115,
  "process_end_time": 1767973727.4024098,
  "total_elapsed_time_seconds": 201.55,
  "rounds_time_stats": {
    "round_1": 31.21,
    "round_2": 34.84,
    "round_3": 33.0,
    "round_4": 38.23,
    "round_5": 32.89,
    "round_6": 31.38
  }
}