{
  "process_start_time": 1767885299.7986221,
  "process_end_time": 1767885318.4597657,
  "total_elapsed_time_seconds": 18.66,
  "rounds_time_stats": {
    "round_1": 18.66
  }
}