{
  "process_start_time": 1767882890.7314076,
  "process_end_time": 1767882905.173756,
  "total_elapsed_time_seconds": 14.44,
  "rounds_time_stats": {
    "round_1": 14.43
  }
}