{
  "process_start_time": 1767888734.1945724,
  "process_end_time": 1767888750.590717,
  "total_elapsed_time_seconds": 16.4,
  "rounds_time_stats": {
    "round_1": 16.39
  }
}