{
  "process_start_time": 1768109532.6627104,
  "process_end_time": 1768109794.5035148,
  "total_elapsed_time_seconds": 261.84,
  "rounds_time_stats": {
    "round_1": 62.4,
    "round_2": 43.71,
    "round_3": 48.49,
    "round_4": 45.15,
    "round_5": 35.66,
    "round_6": 26.43
  }
}