{
  "process_start_time": 1767687636.9593465,
  "process_end_time": 1767687905.18078,
  "total_elapsed_time_seconds": 268.22,
  "rounds_time_stats": {
    "round_1": 43.61,
    "round_2": 42.33,
    "round_3": 46.35,
    "round_4": 48.97,
    "round_5": 44.26,
    "round_6": 42.69
  }
}