{
  "process_start_time": 1767883518.5658185,
  "process_end_time": 1767883570.4537077,
  "total_elapsed_time_seconds": 51.89,
  "rounds_time_stats": {
    "round_1": 20.52,
    "round_2": 31.34
  }
}