{
  "process_start_time": 1767887376.6475606,
  "process_end_time": 1767887493.182958,
  "total_elapsed_time_seconds": 116.54,
  "rounds_time_stats": {
    "round_1": 34.81,
    "round_2": 38.32,
    "round_3": 43.39
  }
}