{
  "process_start_time": 1767678399.8287153,
  "process_end_time": 1767678674.5318491,
  "total_elapsed_time_seconds": 274.7,
  "rounds_time_stats": {
    "round_1": 48.82,
    "round_2": 37.84,
    "round_3": 47.81,
    "round_4": 47.07,
    "round_5": 44.96,
    "round_6": 48.2
  }
}