{
  "process_start_time": 1767888470.4778273,
  "process_end_time": 1767888537.6275442,
  "total_elapsed_time_seconds": 67.15,
  "rounds_time_stats": {
    "round_1": 10.14,
    "round_2": 27.16,
    "round_3": 13.4,
    "round_4": 16.44
  }
}