{
  "process_start_time": 1767886981.2249331,
  "process_end_time": 1767887004.6217737,
  "total_elapsed_time_seconds": 23.4,
  "rounds_time_stats": {
    "round_1": 23.39
  }
}