{
  "process_start_time": 1767887280.554953,
  "process_end_time": 1767887440.5920937,
  "total_elapsed_time_seconds": 160.04,
  "rounds_time_stats": {
    "round_1": 25.94,
    "round_2": 32.2,
    "round_3": 21.2,
    "round_4": 25.88,
    "round_5": 28.27,
    "round_6": 26.56
  }
}