{
  "process_start_time": 1767886251.9595335,
  "process_end_time": 1767886300.561736,
  "total_elapsed_time_seconds": 48.6,
  "rounds_time_stats": {
    "round_1": 25.07,
    "round_2": 22.55,
    "round_3": 0.97
  }
}