{
  "process_start_time": 1768555687.3390079,
  "process_end_time": 1768555830.6650772,
  "total_elapsed_time_seconds": 143.33,
  "rounds_time_stats": {
    "round_1": 26.69,
    "round_2": 20.95,
    "round_3": 27.96,
    "round_4": 20.38,
    "round_5": 19.85,
    "round_6": 27.48
  }
}