{
  "process_start_time": 1767890102.9160423,
  "process_end_time": 1767890237.62949,
  "total_elapsed_time_seconds": 134.71,
  "rounds_time_stats": {
    "round_1": 21.21,
    "round_2": 30.98,
    "round_3": 20.53,
    "round_4": 18.95,
    "round_5": 23.36,
    "round_6": 19.68
  }
}