{
  "process_start_time": 1768117473.535846,
  "process_end_time": 1768117795.2555282,
  "total_elapsed_time_seconds": 321.72,
  "rounds_time_stats": {
    "round_1": 53.28,
    "round_2": 47.72,
    "round_3": 62.27,
    "round_4": 45.69,
    "round_5": 63.13,
    "round_6": 49.64
  }
}