{
  "process_start_time": 1767885206.779045,
  "process_end_time": 1767885360.350758,
  "total_elapsed_time_seconds": 153.57,
  "rounds_time_stats": {
    "round_1": 13.48,
    "round_2": 22.08,
    "round_3": 40.95,
    "round_4": 25.4,
    "round_5": 22.41,
    "round_6": 29.25
  }
}