{
  "process_start_time": 1768748393.5623796,
  "process_end_time": 1768748588.9510162,
  "total_elapsed_time_seconds": 195.39,
  "rounds_time_stats": {
    "round_1": 36.85,
    "round_2": 31.06,
    "round_3": 30.57,
    "round_4": 33.52,
    "round_5": 32.41,
    "round_6": 30.98
  }
}