{
  "process_start_time": 1767885788.6382542,
  "process_end_time": 1767885825.425145,
  "total_elapsed_time_seconds": 36.79,
  "rounds_time_stats": {
    "round_1": 18.2,
    "round_2": 18.58
  }
}