{
  "process_start_time": 1767890121.588862,
  "process_end_time": 1767890144.6964183,
  "total_elapsed_time_seconds": 23.11,
  "rounds_time_stats": {
    "round_1": 23.09
  }
}