{
  "process_start_time": 1767885217.1682656,
  "process_end_time": 1767885289.6558528,
  "total_elapsed_time_seconds": 72.49,
  "rounds_time_stats": {
    "round_1": 26.05,
    "round_2": 19.4,
    "round_3": 27.03
  }
}