{
  "process_start_time": 1767889115.407184,
  "process_end_time": 1767889123.1084385,
  "total_elapsed_time_seconds": 7.7,
  "rounds_time_stats": {
    "round_1": 7.7
  }
}