{
  "process_start_time": 1768549937.2138653,
  "process_end_time": 1768550225.5608134,
  "total_elapsed_time_seconds": 288.35,
  "rounds_time_stats": {
    "round_1": 42.25,
    "round_2": 64.36,
    "round_3": 42.05,
    "round_4": 44.74,
    "round_5": 48.39,
    "round_6": 46.55
  }
}