{
  "process_start_time": 1767887669.461361,
  "process_end_time": 1767887740.9453638,
  "total_elapsed_time_seconds": 71.48,
  "rounds_time_stats": {
    "round_1": 71.42
  }
}