{
  "process_start_time": 1767889135.4759674,
  "process_end_time": 1767889153.4572499,
  "total_elapsed_time_seconds": 17.98,
  "rounds_time_stats": {
    "round_1": 17.98
  }
}