{
  "process_start_time": 1767890130.5126095,
  "process_end_time": 1767890171.4986644,
  "total_elapsed_time_seconds": 40.99,
  "rounds_time_stats": {
    "round_1": 40.97
  }
}