{
  "process_start_time": 1767886664.9180071,
  "process_end_time": 1767886688.340442,
  "total_elapsed_time_seconds": 23.42,
  "rounds_time_stats": {
    "round_1": 23.42
  }
}