{
  "process_start_time": 1768114486.9761167,
  "process_end_time": 1768114753.4306173,
  "total_elapsed_time_seconds": 266.45,
  "rounds_time_stats": {
    "round_1": 25.41,
    "round_2": 38.42,
    "round_3": 36.41,
    "round_4": 65.29,
    "round_5": 50.9,
    "round_6": 50.03
  }
}