{
  "process_start_time": 1767974742.8882694,
  "process_end_time": 1767975020.7763689,
  "total_elapsed_time_seconds": 277.89,
  "rounds_time_stats": {
    "round_1": 63.9,
    "round_2": 46.5,
    "round_3": 53.3,
    "round_4": 37.4,
    "round_5": 46.46,
    "round_6": 30.33
  }
}