{
  "process_start_time": 1767684352.8441336,
  "process_end_time": 1767684639.825225,
  "total_elapsed_time_seconds": 286.98,
  "rounds_time_stats": {
    "round_1": 44.23,
    "round_2": 45.76,
    "round_3": 46.36,
    "round_4": 46.43,
    "round_5": 59.09,
    "round_6": 45.1
  }
}