{
  "process_start_time": 1767975923.8587084,
  "process_end_time": 1767976176.9547913,
  "total_elapsed_time_seconds": 253.1,
  "rounds_time_stats": {
    "round_1": 39.63,
    "round_2": 49.79,
    "round_3": 41.3,
    "round_4": 37.15,
    "round_5": 44.09,
    "round_6": 41.12
  }
}