{
  "process_start_time": 1767882890.7304246,
  "process_end_time": 1767882927.731759,
  "total_elapsed_time_seconds": 37.0,
  "rounds_time_stats": {
    "round_1": 18.67,
    "round_2": 18.33
  }
}