{
  "process_start_time": 1768555796.7237477,
  "process_end_time": 1768555968.477831,
  "total_elapsed_time_seconds": 171.75,
  "rounds_time_stats": {
    "round_1": 34.45,
    "round_2": 28.65,
    "round_3": 31.09,
    "round_4": 28.19,
    "round_5": 27.9,
    "round_6": 21.46
  }
}