{
  "process_start_time": 1767676586.4167237,
  "process_end_time": 1767676874.0376587,
  "total_elapsed_time_seconds": 287.62,
  "rounds_time_stats": {
    "round_1": 39.03,
    "round_2": 44.69,
    "round_3": 53.61,
    "round_4": 60.67,
    "round_5": 42.64,
    "round_6": 46.98
  }
}