{
  "process_start_time": 1767883677.0110333,
  "process_end_time": 1767883710.4485104,
  "total_elapsed_time_seconds": 33.44,
  "rounds_time_stats": {
    "round_1": 11.97,
    "round_2": 21.47
  }
}