{
  "process_start_time": 1767889911.3359175,
  "process_end_time": 1767889935.6911836,
  "total_elapsed_time_seconds": 24.36,
  "rounds_time_stats": {
    "round_1": 24.35
  }
}