{
  "process_start_time": 1768555818.2487695,
  "process_end_time": 1768556023.0161293,
  "total_elapsed_time_seconds": 204.77,
  "rounds_time_stats": {
    "round_1": 29.12,
    "round_2": 30.76,
    "round_3": 28.93,
    "round_4": 33.39,
    "round_5": 46.88,
    "round_6": 35.7
  }
}