{
  "process_start_time": 1767883376.859666,
  "process_end_time": 1767883424.3793135,
  "total_elapsed_time_seconds": 47.52,
  "rounds_time_stats": {
    "round_1": 25.09,
    "round_2": 22.42
  }
}