{
  "process_start_time": 1768556606.0775867,
  "process_end_time": 1768556772.2818441,
  "total_elapsed_time_seconds": 166.2,
  "rounds_time_stats": {
    "round_1": 27.67,
    "round_2": 23.17,
    "round_3": 30.16,
    "round_4": 29.43,
    "round_5": 26.52,
    "round_6": 29.24
  }
}