{
  "process_start_time": 1767678073.94603,
  "process_end_time": 1767678387.4245763,
  "total_elapsed_time_seconds": 313.48,
  "rounds_time_stats": {
    "round_1": 82.68,
    "round_2": 45.64,
    "round_3": 47.23,
    "round_4": 44.78,
    "round_5": 46.1,
    "round_6": 47.05
  }
}