{
  "process_start_time": 1767691954.440785,
  "process_end_time": 1767692252.1387837,
  "total_elapsed_time_seconds": 297.7,
  "rounds_time_stats": {
    "round_1": 49.83,
    "round_2": 41.1,
    "round_3": 45.27,
    "round_4": 44.86,
    "round_5": 43.31,
    "round_6": 73.34
  }
}