{
  "process_start_time": 1767969222.4517293,
  "process_end_time": 1767969587.0870974,
  "total_elapsed_time_seconds": 364.64,
  "rounds_time_stats": {
    "round_1": 57.99,
    "round_2": 71.98,
    "round_3": 53.82,
    "round_4": 65.57,
    "round_5": 52.69,
    "round_6": 62.6
  }
}