{
  "process_start_time": 1767889152.369785,
  "process_end_time": 1767889209.6238768,
  "total_elapsed_time_seconds": 57.25,
  "rounds_time_stats": {
    "round_1": 19.35,
    "round_2": 15.73,
    "round_3": 21.95,
    "round_4": 0.22
  }
}