{
  "process_start_time": 1767970266.0874104,
  "process_end_time": 1767970675.1492994,
  "total_elapsed_time_seconds": 409.06,
  "rounds_time_stats": {
    "round_1": 96.19,
    "round_2": 60.93,
    "round_3": 38.53,
    "round_4": 68.72,
    "round_5": 65.94,
    "round_6": 78.75
  }
}