{
  "process_start_time": 1767678944.226137,
  "process_end_time": 1767679221.3290048,
  "total_elapsed_time_seconds": 277.1,
  "rounds_time_stats": {
    "round_1": 30.43,
    "round_2": 49.33,
    "round_3": 51.06,
    "round_4": 48.37,
    "round_5": 45.27,
    "round_6": 52.65
  }
}