{
  "process_start_time": 1767677416.9940774,
  "process_end_time": 1767677636.2869902,
  "total_elapsed_time_seconds": 219.29,
  "rounds_time_stats": {
    "round_1": 43.49,
    "round_2": 39.84,
    "round_3": 38.32,
    "round_4": 36.61,
    "round_5": 35.07,
    "round_6": 25.97
  }
}