{
  "process_start_time": 1767676064.6062555,
  "process_end_time": 1767676343.4016137,
  "total_elapsed_time_seconds": 278.8,
  "rounds_time_stats": {
    "round_1": 44.76,
    "round_2": 52.08,
    "round_3": 43.77,
    "round_4": 45.8,
    "round_5": 46.45,
    "round_6": 45.93
  }
}