{
  "process_start_time": 1768550745.9693499,
  "process_end_time": 1768550979.875363,
  "total_elapsed_time_seconds": 233.91,
  "rounds_time_stats": {
    "round_1": 45.54,
    "round_2": 40.4,
    "round_3": 31.54,
    "round_4": 44.18,
    "round_5": 39.54,
    "round_6": 32.7
  }
}