{
  "process_start_time": 1767890227.456118,
  "process_end_time": 1767890275.3550155,
  "total_elapsed_time_seconds": 47.9,
  "rounds_time_stats": {
    "round_1": 13.58,
    "round_2": 16.84,
    "round_3": 17.01,
    "round_4": 0.46
  }
}