{
  "process_start_time": 1768115800.7851067,
  "process_end_time": 1768116092.8812869,
  "total_elapsed_time_seconds": 292.1,
  "rounds_time_stats": {
    "round_1": 41.34,
    "round_2": 38.36,
    "round_3": 48.39,
    "round_4": 50.6,
    "round_5": 49.67,
    "round_6": 63.74
  }
}