{
  "process_start_time": 1767978478.62546,
  "process_end_time": 1767978658.0931332,
  "total_elapsed_time_seconds": 179.47,
  "rounds_time_stats": {
    "round_1": 30.11,
    "round_2": 17.79,
    "round_3": 33.02,
    "round_4": 34.68,
    "round_5": 37.42,
    "round_6": 26.44
  }
}