{
  "process_start_time": 1768555638.711137,
  "process_end_time": 1768555800.7562625,
  "total_elapsed_time_seconds": 162.05,
  "rounds_time_stats": {
    "round_1": 28.5,
    "round_2": 29.85,
    "round_3": 28.07,
    "round_4": 27.6,
    "round_5": 22.05,
    "round_6": 25.97
  }
}