{
  "process_start_time": 1767886193.865403,
  "process_end_time": 1767886211.6656792,
  "total_elapsed_time_seconds": 17.8,
  "rounds_time_stats": {
    "round_1": 17.79
  }
}