{
  "process_start_time": 1767686727.6187174,
  "process_end_time": 1767687061.7677162,
  "total_elapsed_time_seconds": 334.15,
  "rounds_time_stats": {
    "round_1": 91.84,
    "round_2": 47.12,
    "round_3": 46.46,
    "round_4": 42.46,
    "round_5": 61.0,
    "round_6": 45.27
  }
}