{
  "process_start_time": 1767883571.2345452,
  "process_end_time": 1767883762.2122386,
  "total_elapsed_time_seconds": 190.98,
  "rounds_time_stats": {
    "round_1": 25.86,
    "round_2": 21.26,
    "round_3": 29.49,
    "round_4": 34.37,
    "round_5": 38.77,
    "round_6": 41.23
  }
}