{
  "process_start_time": 1768748393.5640643,
  "process_end_time": 1768748590.6997702,
  "total_elapsed_time_seconds": 197.14,
  "rounds_time_stats": {
    "round_1": 32.52,
    "round_2": 32.88,
    "round_3": 28.77,
    "round_4": 38.91,
    "round_5": 30.89,
    "round_6": 33.17
  }
}