{
  "process_start_time": 1767690323.6065073,
  "process_end_time": 1767690578.2321904,
  "total_elapsed_time_seconds": 254.63,
  "rounds_time_stats": {
    "round_1": 48.27,
    "round_2": 49.44,
    "round_3": 47.01,
    "round_4": 44.6,
    "round_5": 37.19,
    "round_6": 28.12
  }
}