{
  "process_start_time": 1768556585.2996478,
  "process_end_time": 1768556783.1679778,
  "total_elapsed_time_seconds": 197.87,
  "rounds_time_stats": {
    "round_1": 31.0,
    "round_2": 30.2,
    "round_3": 38.7,
    "round_4": 31.21,
    "round_5": 37.38,
    "round_6": 29.37
  }
}