{
  "process_start_time": 1768118011.4585924,
  "process_end_time": 1768118182.1513069,
  "total_elapsed_time_seconds": 170.69,
  "rounds_time_stats": {
    "round_1": 36.59,
    "round_2": 34.65,
    "round_3": 31.87,
    "round_4": 38.57,
    "round_5": 28.99
  }
}