{
  "process_start_time": 1767888143.5624523,
  "process_end_time": 1767888157.8352838,
  "total_elapsed_time_seconds": 14.27,
  "rounds_time_stats": {
    "round_1": 14.27
  }
}