{
  "process_start_time": 1768116738.6886969,
  "process_end_time": 1768117003.8324437,
  "total_elapsed_time_seconds": 265.14,
  "rounds_time_stats": {
    "round_1": 22.98,
    "round_2": 52.91,
    "round_3": 43.74,
    "round_4": 49.37,
    "round_5": 51.91,
    "round_6": 44.23
  }
}