{
  "process_start_time": 1767889192.1443405,
  "process_end_time": 1767889353.9207346,
  "total_elapsed_time_seconds": 161.78,
  "rounds_time_stats": {
    "round_1": 19.57,
    "round_2": 22.55,
    "round_3": 29.18,
    "round_4": 26.82,
    "round_5": 26.87,
    "round_6": 36.79
  }
}