{
  "process_start_time": 1767689613.6171815,
  "process_end_time": 1767689930.1943939,
  "total_elapsed_time_seconds": 316.58,
  "rounds_time_stats": {
    "round_1": 68.51,
    "round_2": 43.65,
    "round_3": 51.01,
    "round_4": 44.47,
    "round_5": 44.2,
    "round_6": 64.74
  }
}