{
  "process_start_time": 1767690295.6483033,
  "process_end_time": 1767690560.676627,
  "total_elapsed_time_seconds": 265.03,
  "rounds_time_stats": {
    "round_1": 43.55,
    "round_2": 47.57,
    "round_3": 47.86,
    "round_4": 47.41,
    "round_5": 42.34,
    "round_6": 36.3
  }
}