{
  "process_start_time": 1767675475.9730685,
  "process_end_time": 1767675760.3603442,
  "total_elapsed_time_seconds": 284.39,
  "rounds_time_stats": {
    "round_1": 70.88,
    "round_2": 39.93,
    "round_3": 50.05,
    "round_4": 43.2,
    "round_5": 40.76,
    "round_6": 39.55
  }
}