{
  "process_start_time": 1767890016.1131427,
  "process_end_time": 1767890134.0018585,
  "total_elapsed_time_seconds": 117.89,
  "rounds_time_stats": {
    "round_1": 17.24,
    "round_2": 12.82,
    "round_3": 41.74,
    "round_4": 14.07,
    "round_5": 18.34,
    "round_6": 13.68
  }
}