{
  "process_start_time": 1768115269.553469,
  "process_end_time": 1768115501.863175,
  "total_elapsed_time_seconds": 232.31,
  "rounds_time_stats": {
    "round_1": 38.25,
    "round_2": 58.65,
    "round_3": 26.68,
    "round_4": 33.47,
    "round_5": 32.1,
    "round_6": 43.16
  }
}