{
  "process_start_time": 1767850138.5785198,
  "process_end_time": 1767850256.622371,
  "total_elapsed_time_seconds": 118.04,
  "rounds_time_stats": {
    "round_1": 16.82,
    "round_2": 28.5,
    "round_3": 18.77,
    "round_4": 20.38,
    "round_5": 17.2,
    "round_6": 16.37
  }
}