{
  "process_start_time": 1767884299.1786814,
  "process_end_time": 1767884358.6541717,
  "total_elapsed_time_seconds": 59.48,
  "rounds_time_stats": {
    "round_1": 30.31,
    "round_2": 29.12
  }
}