{
  "process_start_time": 1767678942.3537943,
  "process_end_time": 1767679285.070592,
  "total_elapsed_time_seconds": 342.72,
  "rounds_time_stats": {
    "round_1": 62.07,
    "round_2": 56.11,
    "round_3": 44.99,
    "round_4": 61.22,
    "round_5": 54.67,
    "round_6": 63.65
  }
}