{
  "process_start_time": 1768556104.4739923,
  "process_end_time": 1768556258.126203,
  "total_elapsed_time_seconds": 153.65,
  "rounds_time_stats": {
    "round_1": 22.88,
    "round_2": 18.96,
    "round_3": 25.47,
    "round_4": 25.72,
    "round_5": 29.99,
    "round_6": 30.63
  }
}