{
  "process_start_time": 1767664926.1265354,
  "process_end_time": 1767665216.905143,
  "total_elapsed_time_seconds": 290.78,
  "rounds_time_stats": {
    "round_1": 48.87,
    "round_2": 48.97,
    "round_3": 50.64,
    "round_4": 45.99,
    "round_5": 48.25,
    "round_6": 48.06
  }
}