{
  "process_start_time": 1767683791.2518473,
  "process_end_time": 1767684086.047764,
  "total_elapsed_time_seconds": 294.8,
  "rounds_time_stats": {
    "round_1": 45.49,
    "round_2": 45.18,
    "round_3": 60.72,
    "round_4": 50.1,
    "round_5": 45.63,
    "round_6": 47.68
  }
}