{
  "process_start_time": 1767692004.520492,
  "process_end_time": 1767692299.470179,
  "total_elapsed_time_seconds": 294.95,
  "rounds_time_stats": {
    "round_1": 37.19,
    "round_2": 39.15,
    "round_3": 33.73,
    "round_4": 58.8,
    "round_5": 57.8,
    "round_6": 68.28
  }
}