{
  "process_start_time": 1767689683.5907066,
  "process_end_time": 1767689961.7619689,
  "total_elapsed_time_seconds": 278.17,
  "rounds_time_stats": {
    "round_1": 43.18,
    "round_2": 49.74,
    "round_3": 46.15,
    "round_4": 43.66,
    "round_5": 50.5,
    "round_6": 44.93
  }
}