{
  "process_start_time": 1767969222.4674215,
  "process_end_time": 1767969562.243342,
  "total_elapsed_time_seconds": 339.78,
  "rounds_time_stats": {
    "round_1": 46.62,
    "round_2": 45.08,
    "round_3": 68.85,
    "round_4": 52.4,
    "round_5": 63.37,
    "round_6": 63.44
  }
}