{
  "process_start_time": 1768109446.249431,
  "process_end_time": 1768109732.546647,
  "total_elapsed_time_seconds": 286.3,
  "rounds_time_stats": {
    "round_1": 60.59,
    "round_2": 42.52,
    "round_3": 43.48,
    "round_4": 47.62,
    "round_5": 46.41,
    "round_6": 45.67
  }
}