{
  "process_start_time": 1768551591.786374,
  "process_end_time": 1768551792.8629549,
  "total_elapsed_time_seconds": 201.08,
  "rounds_time_stats": {
    "round_1": 26.09,
    "round_2": 33.62,
    "round_3": 35.9,
    "round_4": 39.1,
    "round_5": 35.51,
    "round_6": 30.85
  }
}