{
  "process_start_time": 1767888238.6102521,
  "process_end_time": 1767888259.4634225,
  "total_elapsed_time_seconds": 20.85,
  "rounds_time_stats": {
    "round_1": 20.85
  }
}