{
  "process_start_time": 1767675528.9725137,
  "process_end_time": 1767675803.5079172,
  "total_elapsed_time_seconds": 274.54,
  "rounds_time_stats": {
    "round_1": 42.69,
    "round_2": 37.14,
    "round_3": 69.05,
    "round_4": 42.53,
    "round_5": 41.59,
    "round_6": 41.53
  }
}