{
  "process_start_time": 1767884840.0179582,
  "process_end_time": 1767885036.8720033,
  "total_elapsed_time_seconds": 196.85,
  "rounds_time_stats": {
    "round_1": 16.05,
    "round_2": 26.14,
    "round_3": 21.95,
    "round_4": 132.71
  }
}