{
  "process_start_time": 1767689654.5951648,
  "process_end_time": 1767689947.408691,
  "total_elapsed_time_seconds": 292.81,
  "rounds_time_stats": {
    "round_1": 42.0,
    "round_2": 47.46,
    "round_3": 46.35,
    "round_4": 62.37,
    "round_5": 49.1,
    "round_6": 45.53
  }
}