{
  "process_start_time": 1768556303.028852,
  "process_end_time": 1768556476.069247,
  "total_elapsed_time_seconds": 173.04,
  "rounds_time_stats": {
    "round_1": 29.6,
    "round_2": 28.47,
    "round_3": 30.08,
    "round_4": 30.19,
    "round_5": 26.56,
    "round_6": 28.13
  }
}