{
  "process_start_time": 1767890564.97203,
  "process_end_time": 1767890633.2190251,
  "total_elapsed_time_seconds": 68.25,
  "rounds_time_stats": {
    "round_1": 34.96,
    "round_2": 33.28
  }
}