{
  "process_start_time": 1768108707.849314,
  "process_end_time": 1768108976.3983927,
  "total_elapsed_time_seconds": 268.55,
  "rounds_time_stats": {
    "round_1": 29.28,
    "round_2": 38.29,
    "round_3": 43.71,
    "round_4": 47.27,
    "round_5": 45.59,
    "round_6": 64.4
  }
}