{
  "process_start_time": 1767887660.8216085,
  "process_end_time": 1767887701.6186578,
  "total_elapsed_time_seconds": 40.8,
  "rounds_time_stats": {
    "round_1": 40.75
  }
}