{
  "process_start_time": 1767886259.8300376,
  "process_end_time": 1767886378.0521355,
  "total_elapsed_time_seconds": 118.22,
  "rounds_time_stats": {
    "round_1": 20.61,
    "round_2": 22.99,
    "round_3": 17.53,
    "round_4": 22.41,
    "round_5": 18.34,
    "round_6": 16.35
  }
}