{
  "process_start_time": 1767682966.4916263,
  "process_end_time": 1767683298.0487165,
  "total_elapsed_time_seconds": 331.56,
  "rounds_time_stats": {
    "round_1": 69.78,
    "round_2": 46.36,
    "round_3": 47.06,
    "round_4": 57.17,
    "round_5": 49.62,
    "round_6": 61.56
  }
}