{
  "process_start_time": 1767679475.0337846,
  "process_end_time": 1767679759.9572966,
  "total_elapsed_time_seconds": 284.92,
  "rounds_time_stats": {
    "round_1": 45.33,
    "round_2": 45.06,
    "round_3": 41.65,
    "round_4": 48.76,
    "round_5": 58.69,
    "round_6": 45.42
  }
}