{
  "process_start_time": 1767883128.3459916,
  "process_end_time": 1767883251.538128,
  "total_elapsed_time_seconds": 123.19,
  "rounds_time_stats": {
    "round_1": 28.06,
    "round_2": 42.49,
    "round_3": 52.42,
    "round_4": 0.22
  }
}