{
  "process_start_time": 1767976706.501712,
  "process_end_time": 1767976940.5669281,
  "total_elapsed_time_seconds": 234.07,
  "rounds_time_stats": {
    "round_1": 31.66,
    "round_2": 39.02,
    "round_3": 40.81,
    "round_4": 41.97,
    "round_5": 39.11,
    "round_6": 41.5
  }
}