{
  "process_start_time": 1767888960.8136969,
  "process_end_time": 1767888967.2429812,
  "total_elapsed_time_seconds": 6.43,
  "rounds_time_stats": {
    "round_1": 6.43
  }
}