{
  "process_start_time": 1767976488.6828477,
  "process_end_time": 1767976671.6545746,
  "total_elapsed_time_seconds": 182.97,
  "rounds_time_stats": {
    "round_1": 29.06,
    "round_2": 27.86,
    "round_3": 30.64,
    "round_4": 29.52,
    "round_5": 28.2,
    "round_6": 37.69
  }
}