{
  "process_start_time": 1767883411.545507,
  "process_end_time": 1767883429.123391,
  "total_elapsed_time_seconds": 17.58,
  "rounds_time_stats": {
    "round_1": 17.57
  }
}