{
  "process_start_time": 1767885984.9631906,
  "process_end_time": 1767886063.3263276,
  "total_elapsed_time_seconds": 78.36,
  "rounds_time_stats": {
    "round_1": 36.95,
    "round_2": 41.41
  }
}