{
  "process_start_time": 1768114487.0031424,
  "process_end_time": 1768114786.9621773,
  "total_elapsed_time_seconds": 299.96,
  "rounds_time_stats": {
    "round_1": 34.32,
    "round_2": 46.07,
    "round_3": 51.46,
    "round_4": 51.69,
    "round_5": 52.73,
    "round_6": 63.68
  }
}