{
  "process_start_time": 1767976870.9745393,
  "process_end_time": 1767977052.1570628,
  "total_elapsed_time_seconds": 181.18,
  "rounds_time_stats": {
    "round_1": 29.94,
    "round_2": 30.05,
    "round_3": 30.1,
    "round_4": 25.79,
    "round_5": 39.1,
    "round_6": 26.2
  }
}