{
  "process_start_time": 1767890112.6669276,
  "process_end_time": 1767890134.5778503,
  "total_elapsed_time_seconds": 21.91,
  "rounds_time_stats": {
    "round_1": 21.91
  }
}