{
  "process_start_time": 1768551398.2580464,
  "process_end_time": 1768551572.8041925,
  "total_elapsed_time_seconds": 174.55,
  "rounds_time_stats": {
    "round_1": 28.3,
    "round_2": 30.47,
    "round_3": 27.62,
    "round_4": 30.44,
    "round_5": 29.48,
    "round_6": 28.23
  }
}