{
  "process_start_time": 1767886360.6645381,
  "process_end_time": 1767886375.4809308,
  "total_elapsed_time_seconds": 14.82,
  "rounds_time_stats": {
    "round_1": 14.81
  }
}