{
  "process_start_time": 1767665231.9630456,
  "process_end_time": 1767665497.933649,
  "total_elapsed_time_seconds": 265.97,
  "rounds_time_stats": {
    "round_1": 44.29,
    "round_2": 48.6,
    "round_3": 43.82,
    "round_4": 49.28,
    "round_5": 48.46,
    "round_6": 31.53
  }
}