{
  "process_start_time": 1768107778.4738057,
  "process_end_time": 1768107967.1518993,
  "total_elapsed_time_seconds": 188.68,
  "rounds_time_stats": {
    "round_1": 26.62,
    "round_2": 42.98,
    "round_3": 28.44,
    "round_4": 31.99,
    "round_5": 26.11,
    "round_6": 32.53
  }
}