{
  "process_start_time": 1767889193.4331958,
  "process_end_time": 1767889375.0086951,
  "total_elapsed_time_seconds": 181.58,
  "rounds_time_stats": {
    "round_1": 18.45,
    "round_2": 36.02,
    "round_3": 23.16,
    "round_4": 33.9,
    "round_5": 40.0,
    "round_6": 30.04
  }
}