{
  "process_start_time": 1768117342.7655382,
  "process_end_time": 1768117605.6620424,
  "total_elapsed_time_seconds": 262.9,
  "rounds_time_stats": {
    "round_1": 34.1,
    "round_2": 48.39,
    "round_3": 49.27,
    "round_4": 52.28,
    "round_5": 45.45,
    "round_6": 33.4
  }
}