{
  "process_start_time": 1768550762.9541185,
  "process_end_time": 1768551020.8495157,
  "total_elapsed_time_seconds": 257.9,
  "rounds_time_stats": {
    "round_1": 42.08,
    "round_2": 43.9,
    "round_3": 43.17,
    "round_4": 43.59,
    "round_5": 44.04,
    "round_6": 41.11
  }
}