{
  "process_start_time": 1768108030.9629436,
  "process_end_time": 1768108298.8535109,
  "total_elapsed_time_seconds": 267.89,
  "rounds_time_stats": {
    "round_1": 34.66,
    "round_2": 52.05,
    "round_3": 47.48,
    "round_4": 46.39,
    "round_5": 43.0,
    "round_6": 44.3
  }
}