{
  "process_start_time": 1767678371.3361278,
  "process_end_time": 1767678618.9039056,
  "total_elapsed_time_seconds": 247.57,
  "rounds_time_stats": {
    "round_1": 52.08,
    "round_2": 27.45,
    "round_3": 35.78,
    "round_4": 46.4,
    "round_5": 47.76,
    "round_6": 38.1
  }
}