{
  "process_start_time": 1768116837.651226,
  "process_end_time": 1768117128.5984766,
  "total_elapsed_time_seconds": 290.95,
  "rounds_time_stats": {
    "round_1": 53.51,
    "round_2": 33.65,
    "round_3": 48.92,
    "round_4": 58.28,
    "round_5": 46.02,
    "round_6": 50.56
  }
}