{
  "process_start_time": 1767884551.4460225,
  "process_end_time": 1767884581.9430013,
  "total_elapsed_time_seconds": 30.5,
  "rounds_time_stats": {
    "round_1": 30.49
  }
}