{
  "process_start_time": 1767977458.8057146,
  "process_end_time": 1767977647.8559284,
  "total_elapsed_time_seconds": 189.05,
  "rounds_time_stats": {
    "round_1": 30.19,
    "round_2": 28.01,
    "round_3": 37.02,
    "round_4": 29.26,
    "round_5": 29.53,
    "round_6": 35.03
  }
}