{
  "process_start_time": 1767886201.5466294,
  "process_end_time": 1767886218.2576869,
  "total_elapsed_time_seconds": 16.71,
  "rounds_time_stats": {
    "round_1": 16.71
  }
}