{
  "process_start_time": 1767887806.6400778,
  "process_end_time": 1767887847.472252,
  "total_elapsed_time_seconds": 40.83,
  "rounds_time_stats": {
    "round_1": 40.83
  }
}