{
  "process_start_time": 1768116075.2938938,
  "process_end_time": 1768116341.7377567,
  "total_elapsed_time_seconds": 266.44,
  "rounds_time_stats": {
    "round_1": 22.18,
    "round_2": 28.96,
    "round_3": 43.66,
    "round_4": 44.07,
    "round_5": 49.08,
    "round_6": 78.5
  }
}