{
  "process_start_time": 1767684626.6369328,
  "process_end_time": 1767684912.7153645,
  "total_elapsed_time_seconds": 286.08,
  "rounds_time_stats": {
    "round_1": 46.39,
    "round_2": 46.57,
    "round_3": 49.8,
    "round_4": 44.98,
    "round_5": 51.34,
    "round_6": 46.99
  }
}