{
  "process_start_time": 1767969574.6833587,
  "process_end_time": 1767969910.7087252,
  "total_elapsed_time_seconds": 336.03,
  "rounds_time_stats": {
    "round_1": 66.09,
    "round_2": 76.92,
    "round_3": 63.64,
    "round_4": 42.35,
    "round_5": 37.64,
    "round_6": 49.38
  }
}