{
  "process_start_time": 1767886850.3449519,
  "process_end_time": 1767886915.5147545,
  "total_elapsed_time_seconds": 65.17,
  "rounds_time_stats": {
    "round_1": 17.15,
    "round_2": 23.36,
    "round_3": 24.36,
    "round_4": 0.29
  }
}