{
  "process_start_time": 1767679447.9862723,
  "process_end_time": 1767679759.9596803,
  "total_elapsed_time_seconds": 311.97,
  "rounds_time_stats": {
    "round_1": 54.58,
    "round_2": 46.21,
    "round_3": 77.0,
    "round_4": 45.07,
    "round_5": 43.62,
    "round_6": 45.5
  }
}