{
  "process_start_time": 1767886233.7607002,
  "process_end_time": 1767886344.0636024,
  "total_elapsed_time_seconds": 110.3,
  "rounds_time_stats": {
    "round_1": 19.97,
    "round_2": 15.94,
    "round_3": 16.68,
    "round_4": 22.24,
    "round_5": 15.33,
    "round_6": 20.14
  }
}