{
  "process_start_time": 1767978355.6069708,
  "process_end_time": 1767978492.2332966,
  "total_elapsed_time_seconds": 136.63,
  "rounds_time_stats": {
    "round_1": 26.42,
    "round_2": 19.32,
    "round_3": 27.82,
    "round_4": 19.95,
    "round_5": 23.48,
    "round_6": 19.63
  }
}