{
  "process_start_time": 1767886747.8138852,
  "process_end_time": 1767886912.4476743,
  "total_elapsed_time_seconds": 164.63,
  "rounds_time_stats": {
    "round_1": 23.16,
    "round_2": 31.14,
    "round_3": 27.59,
    "round_4": 23.66,
    "round_5": 32.93,
    "round_6": 26.14
  }
}