{
  "process_start_time": 1768555539.0824835,
  "process_end_time": 1768555707.8505046,
  "total_elapsed_time_seconds": 168.77,
  "rounds_time_stats": {
    "round_1": 18.84,
    "round_2": 30.0,
    "round_3": 29.89,
    "round_4": 31.73,
    "round_5": 30.07,
    "round_6": 28.25
  }
}