{
  "process_start_time": 1767884363.107895,
  "process_end_time": 1767884389.0341961,
  "total_elapsed_time_seconds": 25.93,
  "rounds_time_stats": {
    "round_1": 25.92
  }
}