{
  "process_start_time": 1767889624.4758923,
  "process_end_time": 1767889685.9520578,
  "total_elapsed_time_seconds": 61.48,
  "rounds_time_stats": {
    "round_1": 7.64,
    "round_2": 10.82,
    "round_3": 8.74,
    "round_4": 8.26,
    "round_5": 10.47,
    "round_6": 15.54
  }
}