{
  "process_start_time": 1767885332.956261,
  "process_end_time": 1767885509.9659958,
  "total_elapsed_time_seconds": 177.01,
  "rounds_time_stats": {
    "round_1": 28.69,
    "round_2": 29.12,
    "round_3": 27.12,
    "round_4": 28.94,
    "round_5": 37.47,
    "round_6": 25.67
  }
}