{
  "process_start_time": 1767889641.1923661,
  "process_end_time": 1767889650.7859669,
  "total_elapsed_time_seconds": 9.59,
  "rounds_time_stats": {
    "round_1": 9.59
  }
}