{
  "process_start_time": 1767977666.4378357,
  "process_end_time": 1767977838.981426,
  "total_elapsed_time_seconds": 172.54,
  "rounds_time_stats": {
    "round_1": 23.76,
    "round_2": 27.36,
    "round_3": 32.53,
    "round_4": 30.15,
    "round_5": 32.47,
    "round_6": 26.28
  }
}