{
  "process_start_time": 1767675475.9720576,
  "process_end_time": 1767675774.7130122,
  "total_elapsed_time_seconds": 298.74,
  "rounds_time_stats": {
    "round_1": 70.29,
    "round_2": 46.49,
    "round_3": 51.69,
    "round_4": 41.81,
    "round_5": 41.92,
    "round_6": 46.54
  }
}