{
  "process_start_time": 1767884200.4244273,
  "process_end_time": 1767884216.0855486,
  "total_elapsed_time_seconds": 15.66,
  "rounds_time_stats": {
    "round_1": 15.66
  }
}