{
  "process_start_time": 1767979128.588011,
  "process_end_time": 1767979280.7878363,
  "total_elapsed_time_seconds": 152.2,
  "rounds_time_stats": {
    "round_1": 21.83,
    "round_2": 28.17,
    "round_3": 32.31,
    "round_4": 20.61,
    "round_5": 23.95,
    "round_6": 25.32
  }
}