{
  "process_start_time": 1767887632.1415787,
  "process_end_time": 1767887660.717144,
  "total_elapsed_time_seconds": 28.58,
  "rounds_time_stats": {
    "round_1": 28.57
  }
}