{
  "process_start_time": 1767883375.9521437,
  "process_end_time": 1767883473.7096596,
  "total_elapsed_time_seconds": 97.76,
  "rounds_time_stats": {
    "round_1": 19.62,
    "round_2": 20.2,
    "round_3": 19.19,
    "round_4": 19.59,
    "round_5": 18.57,
    "round_6": 0.59
  }
}