{
  "process_start_time": 1767690186.7020473,
  "process_end_time": 1767690495.6205041,
  "total_elapsed_time_seconds": 308.92,
  "rounds_time_stats": {
    "round_1": 47.42,
    "round_2": 60.42,
    "round_3": 62.48,
    "round_4": 49.07,
    "round_5": 47.93,
    "round_6": 41.6
  }
}