{
  "process_start_time": 1768555538.3616126,
  "process_end_time": 1768555715.8223863,
  "total_elapsed_time_seconds": 177.46,
  "rounds_time_stats": {
    "round_1": 18.88,
    "round_2": 31.67,
    "round_3": 29.07,
    "round_4": 31.62,
    "round_5": 29.34,
    "round_6": 36.88
  }
}