{
  "process_start_time": 1767885644.956221,
  "process_end_time": 1767885771.4670622,
  "total_elapsed_time_seconds": 126.51,
  "rounds_time_stats": {
    "round_1": 24.15,
    "round_2": 31.89,
    "round_3": 34.57,
    "round_4": 35.36,
    "round_5": 0.52
  }
}