{
  "process_start_time": 1767886666.6870968,
  "process_end_time": 1767886684.6701047,
  "total_elapsed_time_seconds": 17.98,
  "rounds_time_stats": {
    "round_1": 17.98
  }
}