{
  "process_start_time": 1768555184.489024,
  "process_end_time": 1768555375.1056683,
  "total_elapsed_time_seconds": 190.62,
  "rounds_time_stats": {
    "round_1": 29.31,
    "round_2": 29.32,
    "round_3": 25.32,
    "round_4": 30.55,
    "round_5": 38.52,
    "round_6": 37.59
  }
}