{
  "process_start_time": 1767886858.5525758,
  "process_end_time": 1767886879.2637722,
  "total_elapsed_time_seconds": 20.71,
  "rounds_time_stats": {
    "round_1": 20.71
  }
}