{
  "process_start_time": 1767886366.7210524,
  "process_end_time": 1767886416.676156,
  "total_elapsed_time_seconds": 49.96,
  "rounds_time_stats": {
    "round_1": 23.48,
    "round_2": 26.47
  }
}