{
  "process_start_time": 1767885512.6825676,
  "process_end_time": 1767885559.3533373,
  "total_elapsed_time_seconds": 46.67,
  "rounds_time_stats": {
    "round_1": 19.41,
    "round_2": 26.94,
    "round_3": 0.32
  }
}