{
  "process_start_time": 1767976175.3696716,
  "process_end_time": 1767976350.0734217,
  "total_elapsed_time_seconds": 174.7,
  "rounds_time_stats": {
    "round_1": 33.95,
    "round_2": 27.94,
    "round_3": 24.38,
    "round_4": 28.79,
    "round_5": 30.07,
    "round_6": 29.56
  }
}