{
  "process_start_time": 1767887277.6880772,
  "process_end_time": 1767887349.552871,
  "total_elapsed_time_seconds": 71.86,
  "rounds_time_stats": {
    "round_1": 22.04,
    "round_2": 26.41,
    "round_3": 23.4
  }
}