{
  "process_start_time": 1767681436.220813,
  "process_end_time": 1767681636.6545763,
  "total_elapsed_time_seconds": 200.43,
  "rounds_time_stats": {
    "round_1": 58.25,
    "round_2": 57.79,
    "round_3": 35.38,
    "round_4": 20.82,
    "round_5": 14.73,
    "round_6": 13.46
  }
}