{
  "process_start_time": 1767677178.9883418,
  "process_end_time": 1767677471.5795455,
  "total_elapsed_time_seconds": 292.59,
  "rounds_time_stats": {
    "round_1": 42.65,
    "round_2": 76.31,
    "round_3": 43.41,
    "round_4": 42.99,
    "round_5": 47.24,
    "round_6": 39.99
  }
}