{
  "process_start_time": 1768116638.0293705,
  "process_end_time": 1768116837.6502936,
  "total_elapsed_time_seconds": 199.62,
  "rounds_time_stats": {
    "round_1": 31.61,
    "round_2": 39.82,
    "round_3": 25.51,
    "round_4": 32.21,
    "round_5": 42.54,
    "round_6": 27.92
  }
}