{
  "process_start_time": 1767884394.8458238,
  "process_end_time": 1767884417.5520277,
  "total_elapsed_time_seconds": 22.71,
  "rounds_time_stats": {
    "round_1": 22.7
  }
}