{
  "process_start_time": 1767676938.2912195,
  "process_end_time": 1767677191.2857728,
  "total_elapsed_time_seconds": 252.99,
  "rounds_time_stats": {
    "round_1": 43.78,
    "round_2": 46.46,
    "round_3": 42.83,
    "round_4": 43.49,
    "round_5": 46.94,
    "round_6": 29.5
  }
}