{
  "process_start_time": 1767888503.9186919,
  "process_end_time": 1767888624.0940707,
  "total_elapsed_time_seconds": 120.18,
  "rounds_time_stats": {
    "round_1": 21.11,
    "round_2": 15.24,
    "round_3": 18.81,
    "round_4": 17.49,
    "round_5": 30.02,
    "round_6": 17.51
  }
}