{
  "process_start_time": 1767884340.0373564,
  "process_end_time": 1767884363.6511736,
  "total_elapsed_time_seconds": 23.61,
  "rounds_time_stats": {
    "round_1": 23.61
  }
}