{
  "process_start_time": 1767976163.6678672,
  "process_end_time": 1767976349.2678244,
  "total_elapsed_time_seconds": 185.6,
  "rounds_time_stats": {
    "round_1": 34.81,
    "round_2": 31.76,
    "round_3": 30.99,
    "round_4": 29.65,
    "round_5": 29.47,
    "round_6": 28.92
  }
}