{
  "process_start_time": 1767885910.7126708,
  "process_end_time": 1767886082.3447428,
  "total_elapsed_time_seconds": 171.63,
  "rounds_time_stats": {
    "round_1": 19.65,
    "round_2": 20.05,
    "round_3": 20.51,
    "round_4": 21.69,
    "round_5": 20.44,
    "round_6": 69.3
  }
}