{
  "process_start_time": 1767886457.2895112,
  "process_end_time": 1767886471.3826075,
  "total_elapsed_time_seconds": 14.09,
  "rounds_time_stats": {
    "round_1": 14.09
  }
}