{
  "process_start_time": 1767680277.779131,
  "process_end_time": 1767680514.40524,
  "total_elapsed_time_seconds": 236.63,
  "rounds_time_stats": {
    "round_1": 45.51,
    "round_2": 40.8,
    "round_3": 29.07,
    "round_4": 45.77,
    "round_5": 42.65,
    "round_6": 32.82
  }
}