{
  "process_start_time": 1767684898.8188035,
  "process_end_time": 1767685227.8936412,
  "total_elapsed_time_seconds": 329.07,
  "rounds_time_stats": {
    "round_1": 42.97,
    "round_2": 49.61,
    "round_3": 61.25,
    "round_4": 63.33,
    "round_5": 65.93,
    "round_6": 45.98
  }
}