{
  "process_start_time": 1767883276.7209704,
  "process_end_time": 1767883380.046147,
  "total_elapsed_time_seconds": 103.33,
  "rounds_time_stats": {
    "round_1": 28.49,
    "round_2": 37.71,
    "round_3": 37.11
  }
}