{
  "process_start_time": 1767887736.5209339,
  "process_end_time": 1767887862.4520245,
  "total_elapsed_time_seconds": 125.93,
  "rounds_time_stats": {
    "round_1": 14.86,
    "round_2": 22.99,
    "round_3": 23.34,
    "round_4": 25.89,
    "round_5": 16.79,
    "round_6": 22.06
  }
}