{
  "process_start_time": 1767888442.931059,
  "process_end_time": 1767888461.3058383,
  "total_elapsed_time_seconds": 18.37,
  "rounds_time_stats": {
    "round_1": 18.34
  }
}