{
  "process_start_time": 1768551213.5127017,
  "process_end_time": 1768551417.5222933,
  "total_elapsed_time_seconds": 204.01,
  "rounds_time_stats": {
    "round_1": 20.68,
    "round_2": 40.73,
    "round_3": 28.79,
    "round_4": 36.68,
    "round_5": 39.99,
    "round_6": 37.14
  }
}