{
  "process_start_time": 1767691407.0479949,
  "process_end_time": 1767691712.73802,
  "total_elapsed_time_seconds": 305.69,
  "rounds_time_stats": {
    "round_1": 76.73,
    "round_2": 43.83,
    "round_3": 44.34,
    "round_4": 47.2,
    "round_5": 44.61,
    "round_6": 48.98
  }
}