{
  "process_start_time": 1767975979.3672435,
  "process_end_time": 1767976135.2665215,
  "total_elapsed_time_seconds": 155.9,
  "rounds_time_stats": {
    "round_1": 17.71,
    "round_2": 24.37,
    "round_3": 25.22,
    "round_4": 28.51,
    "round_5": 21.01,
    "round_6": 39.08
  }
}