{
  "process_start_time": 1768115595.7331946,
  "process_end_time": 1768115880.7341163,
  "total_elapsed_time_seconds": 285.0,
  "rounds_time_stats": {
    "round_1": 32.91,
    "round_2": 35.74,
    "round_3": 33.65,
    "round_4": 71.74,
    "round_5": 61.99,
    "round_6": 48.96
  }
}