{
  "process_start_time": 1767977646.8225553,
  "process_end_time": 1767977841.7695918,
  "total_elapsed_time_seconds": 194.95,
  "rounds_time_stats": {
    "round_1": 38.05,
    "round_2": 32.99,
    "round_3": 32.32,
    "round_4": 31.01,
    "round_5": 29.28,
    "round_6": 31.3
  }
}