{
  "process_start_time": 1767890356.7668326,
  "process_end_time": 1767890518.3117778,
  "total_elapsed_time_seconds": 161.54,
  "rounds_time_stats": {
    "round_1": 25.15,
    "round_2": 25.02,
    "round_3": 30.01,
    "round_4": 28.68,
    "round_5": 27.63,
    "round_6": 25.06
  }
}