{
  "process_start_time": 1768555839.7314072,
  "process_end_time": 1768556051.4635372,
  "total_elapsed_time_seconds": 211.73,
  "rounds_time_stats": {
    "round_1": 40.35,
    "round_2": 27.58,
    "round_3": 33.18,
    "round_4": 36.94,
    "round_5": 34.97,
    "round_6": 38.72
  }
}