{
  "process_start_time": 1767883717.9870741,
  "process_end_time": 1767883905.0688622,
  "total_elapsed_time_seconds": 187.08,
  "rounds_time_stats": {
    "round_1": 18.5,
    "round_2": 41.18,
    "round_3": 27.12,
    "round_4": 29.41,
    "round_5": 36.91,
    "round_6": 33.96
  }
}