{
  "process_start_time": 1768552512.5106585,
  "process_end_time": 1768552805.367277,
  "total_elapsed_time_seconds": 292.86,
  "rounds_time_stats": {
    "round_1": 63.94,
    "round_2": 59.51,
    "round_3": 35.42,
    "round_4": 68.84,
    "round_5": 18.77,
    "round_6": 46.37
  }
}