{
  "process_start_time": 1767976635.1392422,
  "process_end_time": 1767976797.3276517,
  "total_elapsed_time_seconds": 162.19,
  "rounds_time_stats": {
    "round_1": 26.35,
    "round_2": 29.14,
    "round_3": 26.99,
    "round_4": 25.47,
    "round_5": 22.85,
    "round_6": 31.39
  }
}