{
  "process_start_time": 1767889477.627847,
  "process_end_time": 1767889497.8004467,
  "total_elapsed_time_seconds": 20.17,
  "rounds_time_stats": {
    "round_1": 20.02,
    "round_2": 0.15
  }
}