{
  "process_start_time": 1767887857.262343,
  "process_end_time": 1767887877.3744597,
  "total_elapsed_time_seconds": 20.11,
  "rounds_time_stats": {
    "round_1": 20.11
  }
}