{
  "process_start_time": 1768554923.9126103,
  "process_end_time": 1768555137.9527402,
  "total_elapsed_time_seconds": 214.04,
  "rounds_time_stats": {
    "round_1": 28.04,
    "round_2": 41.51,
    "round_3": 38.24,
    "round_4": 31.95,
    "round_5": 35.56,
    "round_6": 38.74
  }
}