{
  "process_start_time": 1768551211.683294,
  "process_end_time": 1768551417.4453173,
  "total_elapsed_time_seconds": 205.76,
  "rounds_time_stats": {
    "round_1": 27.26,
    "round_2": 35.9,
    "round_3": 37.58,
    "round_4": 37.47,
    "round_5": 30.36,
    "round_6": 37.2
  }
}