{
  "process_start_time": 1767887772.2288237,
  "process_end_time": 1767887824.033692,
  "total_elapsed_time_seconds": 51.8,
  "rounds_time_stats": {
    "round_1": 11.52,
    "round_2": 40.28
  }
}