{
  "process_start_time": 1767974743.8400092,
  "process_end_time": 1767975036.3038375,
  "total_elapsed_time_seconds": 292.46,
  "rounds_time_stats": {
    "round_1": 42.57,
    "round_2": 67.38,
    "round_3": 36.6,
    "round_4": 40.58,
    "round_5": 69.84,
    "round_6": 35.5
  }
}