{
  "process_start_time": 1767890184.1579595,
  "process_end_time": 1767890215.2123392,
  "total_elapsed_time_seconds": 31.05,
  "rounds_time_stats": {
    "round_1": 31.03
  }
}