{
  "process_start_time": 1768108031.0014439,
  "process_end_time": 1768108296.8639975,
  "total_elapsed_time_seconds": 265.86,
  "rounds_time_stats": {
    "round_1": 35.04,
    "round_2": 36.01,
    "round_3": 63.52,
    "round_4": 45.11,
    "round_5": 43.55,
    "round_6": 42.63
  }
}