{
  "process_start_time": 1768108004.8813183,
  "process_end_time": 1768108222.4940076,
  "total_elapsed_time_seconds": 217.61,
  "rounds_time_stats": {
    "round_1": 34.48,
    "round_2": 36.12,
    "round_3": 33.07,
    "round_4": 34.67,
    "round_5": 44.62,
    "round_6": 34.64
  }
}