{
  "process_start_time": 1767883770.1845055,
  "process_end_time": 1767883813.9830074,
  "total_elapsed_time_seconds": 43.8,
  "rounds_time_stats": {
    "round_1": 25.12,
    "round_2": 18.68
  }
}