{
  "process_start_time": 1767887714.9999819,
  "process_end_time": 1767887832.7796001,
  "total_elapsed_time_seconds": 117.78,
  "rounds_time_stats": {
    "round_1": 21.88,
    "round_2": 31.96,
    "round_3": 17.12,
    "round_4": 11.79,
    "round_5": 18.83,
    "round_6": 16.18
  }
}