{
  "process_start_time": 1767682370.320193,
  "process_end_time": 1767682669.3524308,
  "total_elapsed_time_seconds": 299.03,
  "rounds_time_stats": {
    "round_1": 85.17,
    "round_2": 40.17,
    "round_3": 37.54,
    "round_4": 42.98,
    "round_5": 47.24,
    "round_6": 45.93
  }
}