{
  "process_start_time": 1767887669.0639763,
  "process_end_time": 1767887714.9963486,
  "total_elapsed_time_seconds": 45.93,
  "rounds_time_stats": {
    "round_1": 45.89
  }
}