{
  "process_start_time": 1767888819.7565968,
  "process_end_time": 1767888830.8048332,
  "total_elapsed_time_seconds": 11.05,
  "rounds_time_stats": {
    "round_1": 11.05
  }
}