{
  "process_start_time": 1767887563.1779168,
  "process_end_time": 1767887709.1398587,
  "total_elapsed_time_seconds": 145.96,
  "rounds_time_stats": {
    "round_1": 21.92,
    "round_2": 24.36,
    "round_3": 22.03,
    "round_4": 27.35,
    "round_5": 23.51,
    "round_6": 26.78
  }
}