{
  "process_start_time": 1767978948.8480403,
  "process_end_time": 1767979211.094936,
  "total_elapsed_time_seconds": 262.25,
  "rounds_time_stats": {
    "round_1": 32.82,
    "round_2": 46.02,
    "round_3": 48.77,
    "round_4": 50.82,
    "round_5": 41.46,
    "round_6": 42.35
  }
}