{
  "process_start_time": 1767884364.5724149,
  "process_end_time": 1767884497.7366939,
  "total_elapsed_time_seconds": 133.16,
  "rounds_time_stats": {
    "round_1": 20.22,
    "round_2": 19.19,
    "round_3": 29.14,
    "round_4": 20.25,
    "round_5": 24.91,
    "round_6": 19.45
  }
}