{
  "process_start_time": 1767889350.98767,
  "process_end_time": 1767889414.4139488,
  "total_elapsed_time_seconds": 63.43,
  "rounds_time_stats": {
    "round_1": 8.56,
    "round_2": 13.45,
    "round_3": 14.21,
    "round_4": 15.76,
    "round_5": 11.45
  }
}