{
  "process_start_time": 1767969861.0419388,
  "process_end_time": 1767970138.1150875,
  "total_elapsed_time_seconds": 277.07,
  "rounds_time_stats": {
    "round_1": 49.73,
    "round_2": 51.3,
    "round_3": 47.93,
    "round_4": 57.75,
    "round_5": 39.66,
    "round_6": 30.69
  }
}