{
  "process_start_time": 1767682966.060812,
  "process_end_time": 1767683234.5694902,
  "total_elapsed_time_seconds": 268.51,
  "rounds_time_stats": {
    "round_1": 34.75,
    "round_2": 36.24,
    "round_3": 44.09,
    "round_4": 60.71,
    "round_5": 43.25,
    "round_6": 49.46
  }
}