{
  "process_start_time": 1767889465.6206558,
  "process_end_time": 1767889485.7404547,
  "total_elapsed_time_seconds": 20.12,
  "rounds_time_stats": {
    "round_1": 20.12
  }
}