{
  "process_start_time": 1767689510.5106468,
  "process_end_time": 1767689775.822694,
  "total_elapsed_time_seconds": 265.31,
  "rounds_time_stats": {
    "round_1": 40.75,
    "round_2": 46.69,
    "round_3": 41.54,
    "round_4": 44.06,
    "round_5": 43.94,
    "round_6": 48.33
  }
}