{
  "process_start_time": 1767686727.6026428,
  "process_end_time": 1767687031.5324442,
  "total_elapsed_time_seconds": 303.93,
  "rounds_time_stats": {
    "round_1": 80.04,
    "round_2": 45.38,
    "round_3": 46.14,
    "round_4": 44.31,
    "round_5": 41.73,
    "round_6": 46.33
  }
}