{
  "process_start_time": 1768549937.2150848,
  "process_end_time": 1768550225.904969,
  "total_elapsed_time_seconds": 288.69,
  "rounds_time_stats": {
    "round_1": 49.49,
    "round_2": 57.88,
    "round_3": 42.39,
    "round_4": 43.56,
    "round_5": 48.47,
    "round_6": 46.9
  }
}