{
  "process_start_time": 1767976491.7037182,
  "process_end_time": 1767976706.6311884,
  "total_elapsed_time_seconds": 214.93,
  "rounds_time_stats": {
    "round_1": 29.73,
    "round_2": 35.78,
    "round_3": 38.2,
    "round_4": 39.59,
    "round_5": 36.49,
    "round_6": 35.14
  }
}