{
  "process_start_time": 1768551388.6349745,
  "process_end_time": 1768551564.4158144,
  "total_elapsed_time_seconds": 175.78,
  "rounds_time_stats": {
    "round_1": 27.81,
    "round_2": 31.08,
    "round_3": 29.12,
    "round_4": 27.91,
    "round_5": 30.76,
    "round_6": 29.1
  }
}