{
  "process_start_time": 1768117255.3858395,
  "process_end_time": 1768117301.4802105,
  "total_elapsed_time_seconds": 46.09,
  "rounds_time_stats": {
    "round_1": 39.62,
    "round_2": 6.47
  }
}