{
  "process_start_time": 1768556315.9520257,
  "process_end_time": 1768556470.4134035,
  "total_elapsed_time_seconds": 154.46,
  "rounds_time_stats": {
    "round_1": 21.28,
    "round_2": 24.81,
    "round_3": 28.59,
    "round_4": 31.0,
    "round_5": 26.54,
    "round_6": 22.24
  }
}