{
  "process_start_time": 1767675803.508745,
  "process_end_time": 1767676078.2695582,
  "total_elapsed_time_seconds": 274.76,
  "rounds_time_stats": {
    "round_1": 43.02,
    "round_2": 42.95,
    "round_3": 45.07,
    "round_4": 47.59,
    "round_5": 46.63,
    "round_6": 49.49
  }
}