{
  "process_start_time": 1767890425.7916293,
  "process_end_time": 1767890488.0723307,
  "total_elapsed_time_seconds": 62.28,
  "rounds_time_stats": {
    "round_1": 28.63,
    "round_2": 33.61
  }
}