{
  "process_start_time": 1767886401.2974272,
  "process_end_time": 1767886489.8444061,
  "total_elapsed_time_seconds": 88.55,
  "rounds_time_stats": {
    "round_1": 16.34,
    "round_2": 15.49,
    "round_3": 13.46,
    "round_4": 15.82,
    "round_5": 13.75,
    "round_6": 13.69
  }
}