{
  "process_start_time": 1768107949.0644817,
  "process_end_time": 1768108212.2893019,
  "total_elapsed_time_seconds": 263.22,
  "rounds_time_stats": {
    "round_1": 33.34,
    "round_2": 43.55,
    "round_3": 31.43,
    "round_4": 44.67,
    "round_5": 60.7,
    "round_6": 49.53
  }
}