{
  "process_start_time": 1767887594.919547,
  "process_end_time": 1767887826.046616,
  "total_elapsed_time_seconds": 231.13,
  "rounds_time_stats": {
    "round_1": 29.92,
    "round_2": 40.96,
    "round_3": 50.09,
    "round_4": 42.44,
    "round_5": 29.42,
    "round_6": 38.3
  }
}