{
  "process_start_time": 1767887899.6203983,
  "process_end_time": 1767888128.0948617,
  "total_elapsed_time_seconds": 228.47,
  "rounds_time_stats": {
    "round_1": 46.91,
    "round_2": 40.64,
    "round_3": 42.88,
    "round_4": 39.65,
    "round_5": 29.98,
    "round_6": 28.41
  }
}