{
  "process_start_time": 1767688185.5441506,
  "process_end_time": 1767688463.6792178,
  "total_elapsed_time_seconds": 278.14,
  "rounds_time_stats": {
    "round_1": 48.58,
    "round_2": 44.32,
    "round_3": 44.2,
    "round_4": 49.28,
    "round_5": 45.0,
    "round_6": 46.76
  }
}