{
  "process_start_time": 1767885460.0821743,
  "process_end_time": 1767885482.6081328,
  "total_elapsed_time_seconds": 22.53,
  "rounds_time_stats": {
    "round_1": 22.52
  }
}