{
  "process_start_time": 1767886875.3917108,
  "process_end_time": 1767886922.9126315,
  "total_elapsed_time_seconds": 47.52,
  "rounds_time_stats": {
    "round_1": 10.11,
    "round_2": 12.62,
    "round_3": 10.51,
    "round_4": 14.28
  }
}