{
  "process_start_time": 1768551894.2122374,
  "process_end_time": 1768552034.2752283,
  "total_elapsed_time_seconds": 140.06,
  "rounds_time_stats": {
    "round_1": 18.73,
    "round_2": 12.88,
    "round_3": 28.73,
    "round_4": 27.79,
    "round_5": 27.82,
    "round_6": 24.1
  }
}