{
  "process_start_time": 1767886721.9491112,
  "process_end_time": 1767886981.2023017,
  "total_elapsed_time_seconds": 259.25,
  "rounds_time_stats": {
    "round_1": 45.69,
    "round_2": 45.75,
    "round_3": 60.21,
    "round_4": 50.46,
    "round_5": 56.72,
    "round_6": 0.41
  }
}