{
  "process_start_time": 1767886584.3239405,
  "process_end_time": 1767886715.3643858,
  "total_elapsed_time_seconds": 131.04,
  "rounds_time_stats": {
    "round_1": 16.09,
    "round_2": 18.54,
    "round_3": 25.12,
    "round_4": 25.28,
    "round_5": 24.22,
    "round_6": 21.79
  }
}