{
  "process_start_time": 1767884452.8628922,
  "process_end_time": 1767884474.8711557,
  "total_elapsed_time_seconds": 22.01,
  "rounds_time_stats": {
    "round_1": 22.0
  }
}