{
  "process_start_time": 1767676079.411535,
  "process_end_time": 1767676362.5544107,
  "total_elapsed_time_seconds": 283.14,
  "rounds_time_stats": {
    "round_1": 46.65,
    "round_2": 46.82,
    "round_3": 49.7,
    "round_4": 41.81,
    "round_5": 47.88,
    "round_6": 50.29
  }
}