{
  "process_start_time": 1768107778.4759429,
  "process_end_time": 1768108030.7966604,
  "total_elapsed_time_seconds": 252.32,
  "rounds_time_stats": {
    "round_1": 30.57,
    "round_2": 44.23,
    "round_3": 45.76,
    "round_4": 43.8,
    "round_5": 44.01,
    "round_6": 43.95
  }
}