{
  "process_start_time": 1767889413.2478068,
  "process_end_time": 1767889433.6632729,
  "total_elapsed_time_seconds": 20.42,
  "rounds_time_stats": {
    "round_1": 20.41
  }
}