{
  "process_start_time": 1767888834.294425,
  "process_end_time": 1767888846.968188,
  "total_elapsed_time_seconds": 12.67,
  "rounds_time_stats": {
    "round_1": 12.67
  }
}