{
  "process_start_time": 1768108461.7846768,
  "process_end_time": 1768108709.3027935,
  "total_elapsed_time_seconds": 247.52,
  "rounds_time_stats": {
    "round_1": 40.86,
    "round_2": 34.63,
    "round_3": 47.26,
    "round_4": 44.3,
    "round_5": 47.56,
    "round_6": 32.9
  }
}