{
  "process_start_time": 1768551067.071808,
  "process_end_time": 1768551246.631989,
  "total_elapsed_time_seconds": 179.56,
  "rounds_time_stats": {
    "round_1": 50.08,
    "round_2": 29.77,
    "round_3": 20.67,
    "round_4": 28.35,
    "round_5": 26.32,
    "round_6": 24.37
  }
}