{
  "process_start_time": 1767890497.445483,
  "process_end_time": 1767890520.080169,
  "total_elapsed_time_seconds": 22.63,
  "rounds_time_stats": {
    "round_1": 22.63
  }
}