{
  "process_start_time": 1768556847.9390862,
  "process_end_time": 1768557013.8870692,
  "total_elapsed_time_seconds": 165.95,
  "rounds_time_stats": {
    "round_1": 27.95,
    "round_2": 30.85,
    "round_3": 29.72,
    "round_4": 27.28,
    "round_5": 25.28,
    "round_6": 24.87
  }
}