{
  "process_start_time": 1767689117.2366734,
  "process_end_time": 1767689163.3735867,
  "total_elapsed_time_seconds": 46.14,
  "rounds_time_stats": {
    "round_1": 46.11
  }
}