{
  "process_start_time": 1767889972.7488987,
  "process_end_time": 1767890006.3097694,
  "total_elapsed_time_seconds": 33.56,
  "rounds_time_stats": {
    "round_1": 13.99,
    "round_2": 19.56
  }
}