{
  "process_start_time": 1768109276.1321979,
  "process_end_time": 1768109549.4486716,
  "total_elapsed_time_seconds": 273.32,
  "rounds_time_stats": {
    "round_1": 49.75,
    "round_2": 30.73,
    "round_3": 44.04,
    "round_4": 46.44,
    "round_5": 44.58,
    "round_6": 57.77
  }
}