{
  "process_start_time": 1767977802.1772687,
  "process_end_time": 1767977987.177584,
  "total_elapsed_time_seconds": 185.0,
  "rounds_time_stats": {
    "round_1": 30.63,
    "round_2": 30.08,
    "round_3": 29.77,
    "round_4": 31.41,
    "round_5": 33.35,
    "round_6": 29.75
  }
}