{
  "process_start_time": 1767682669.4458623,
  "process_end_time": 1767682931.7017553,
  "total_elapsed_time_seconds": 262.26,
  "rounds_time_stats": {
    "round_1": 42.91,
    "round_2": 35.12,
    "round_3": 46.49,
    "round_4": 45.53,
    "round_5": 47.15,
    "round_6": 45.05
  }
}