{
  "process_start_time": 1767884507.7194924,
  "process_end_time": 1767884556.3550727,
  "total_elapsed_time_seconds": 48.64,
  "rounds_time_stats": {
    "round_1": 48.61
  }
}