{
  "process_start_time": 1767884297.6271844,
  "process_end_time": 1767884381.6176786,
  "total_elapsed_time_seconds": 83.99,
  "rounds_time_stats": {
    "round_1": 83.94
  }
}