{
  "process_start_time": 1767883044.4434278,
  "process_end_time": 1767883238.7678044,
  "total_elapsed_time_seconds": 194.32,
  "rounds_time_stats": {
    "round_1": 29.28,
    "round_2": 33.84,
    "round_3": 31.51,
    "round_4": 29.82,
    "round_5": 32.3,
    "round_6": 37.59
  }
}