{
  "process_start_time": 1768551819.4342427,
  "process_end_time": 1768551978.9224353,
  "total_elapsed_time_seconds": 159.49,
  "rounds_time_stats": {
    "round_1": 28.73,
    "round_2": 26.57,
    "round_3": 27.75,
    "round_4": 25.36,
    "round_5": 27.18,
    "round_6": 23.9
  }
}