{
  "process_start_time": 1767884052.4713988,
  "process_end_time": 1767884086.7412581,
  "total_elapsed_time_seconds": 34.27,
  "rounds_time_stats": {
    "round_1": 17.97,
    "round_2": 16.23,
    "round_3": 0.06
  }
}