{
  "process_start_time": 1767888102.2195027,
  "process_end_time": 1767888131.5865176,
  "total_elapsed_time_seconds": 29.37,
  "rounds_time_stats": {
    "round_1": 14.2,
    "round_2": 15.16
  }
}