{
  "process_start_time": 1767888043.4244487,
  "process_end_time": 1767888065.4190056,
  "total_elapsed_time_seconds": 21.99,
  "rounds_time_stats": {
    "round_1": 21.99
  }
}