{
  "process_start_time": 1767890297.3597674,
  "process_end_time": 1767890311.2481992,
  "total_elapsed_time_seconds": 13.89,
  "rounds_time_stats": {
    "round_1": 13.88
  }
}