{
  "process_start_time": 1767883978.6893287,
  "process_end_time": 1767883999.9068239,
  "total_elapsed_time_seconds": 21.22,
  "rounds_time_stats": {
    "round_1": 21.21
  }
}