{
  "process_start_time": 1767675475.973477,
  "process_end_time": 1767675750.5267334,
  "total_elapsed_time_seconds": 274.55,
  "rounds_time_stats": {
    "round_1": 72.6,
    "round_2": 38.56,
    "round_3": 37.9,
    "round_4": 42.08,
    "round_5": 41.17,
    "round_6": 42.24
  }
}