{
  "process_start_time": 1767889354.5611253,
  "process_end_time": 1767889538.8007932,
  "total_elapsed_time_seconds": 184.24,
  "rounds_time_stats": {
    "round_1": 38.34,
    "round_2": 33.76,
    "round_3": 42.72,
    "round_4": 31.89,
    "round_5": 37.49
  }
}