{
  "process_start_time": 1767885647.6413004,
  "process_end_time": 1767885735.2060204,
  "total_elapsed_time_seconds": 87.56,
  "rounds_time_stats": {
    "round_1": 25.67,
    "round_2": 32.77,
    "round_3": 29.12
  }
}