{
  "process_start_time": 1767973270.7901707,
  "process_end_time": 1767973299.401819,
  "total_elapsed_time_seconds": 28.61,
  "rounds_time_stats": {
    "round_1": 28.59
  }
}