{
  "process_start_time": 1767976499.9589193,
  "process_end_time": 1767976706.500866,
  "total_elapsed_time_seconds": 206.54,
  "rounds_time_stats": {
    "round_1": 38.26,
    "round_2": 36.96,
    "round_3": 30.72,
    "round_4": 36.12,
    "round_5": 29.65,
    "round_6": 34.83
  }
}