{
  "process_start_time": 1767889174.4302213,
  "process_end_time": 1767889331.656461,
  "total_elapsed_time_seconds": 157.23,
  "rounds_time_stats": {
    "round_1": 27.55,
    "round_2": 22.66,
    "round_3": 23.06,
    "round_4": 28.34,
    "round_5": 26.66,
    "round_6": 28.95
  }
}