{
  "process_start_time": 1767883990.463931,
  "process_end_time": 1767884014.3887284,
  "total_elapsed_time_seconds": 23.92,
  "rounds_time_stats": {
    "round_1": 23.92
  }
}