{
  "process_start_time": 1768108709.3036873,
  "process_end_time": 1768108959.1070263,
  "total_elapsed_time_seconds": 249.8,
  "rounds_time_stats": {
    "round_1": 43.35,
    "round_2": 31.58,
    "round_3": 34.41,
    "round_4": 47.14,
    "round_5": 44.37,
    "round_6": 48.95
  }
}