{
  "process_start_time": 1767883972.5444088,
  "process_end_time": 1767883990.462568,
  "total_elapsed_time_seconds": 17.92,
  "rounds_time_stats": {
    "round_1": 17.91
  }
}