{
  "process_start_time": 1768556421.003829,
  "process_end_time": 1768556596.2600868,
  "total_elapsed_time_seconds": 175.26,
  "rounds_time_stats": {
    "round_1": 27.5,
    "round_2": 28.26,
    "round_3": 31.81,
    "round_4": 28.85,
    "round_5": 28.24,
    "round_6": 30.58
  }
}