{
  "process_start_time": 1768107778.4724336,
  "process_end_time": 1768108031.738166,
  "total_elapsed_time_seconds": 253.27,
  "rounds_time_stats": {
    "round_1": 23.56,
    "round_2": 38.53,
    "round_3": 41.69,
    "round_4": 61.59,
    "round_5": 43.14,
    "round_6": 44.76
  }
}