{
  "process_start_time": 1767890748.6178877,
  "process_end_time": 1767890779.012243,
  "total_elapsed_time_seconds": 30.39,
  "rounds_time_stats": {
    "round_1": 30.32
  }
}