{
  "process_start_time": 1767890366.4989204,
  "process_end_time": 1767890381.2518134,
  "total_elapsed_time_seconds": 14.75,
  "rounds_time_stats": {
    "round_1": 14.75
  }
}