{
  "process_start_time": 1767886753.0020287,
  "process_end_time": 1767886852.3862913,
  "total_elapsed_time_seconds": 99.38,
  "rounds_time_stats": {
    "round_1": 15.45,
    "round_2": 15.75,
    "round_3": 20.6,
    "round_4": 15.5,
    "round_5": 13.49,
    "round_6": 18.59
  }
}