{
  "process_start_time": 1767883630.3322344,
  "process_end_time": 1767883650.3602033,
  "total_elapsed_time_seconds": 20.03,
  "rounds_time_stats": {
    "round_1": 20.02
  }
}