{
  "process_start_time": 1767888027.144548,
  "process_end_time": 1767888056.8260584,
  "total_elapsed_time_seconds": 29.68,
  "rounds_time_stats": {
    "round_1": 16.93,
    "round_2": 12.75
  }
}