{
  "process_start_time": 1767886274.0081127,
  "process_end_time": 1767886325.4791443,
  "total_elapsed_time_seconds": 51.47,
  "rounds_time_stats": {
    "round_1": 25.96,
    "round_2": 25.51
  }
}