{
  "process_start_time": 1767886844.0762594,
  "process_end_time": 1767886889.3482764,
  "total_elapsed_time_seconds": 45.27,
  "rounds_time_stats": {
    "round_1": 21.68,
    "round_2": 23.58
  }
}