{
  "process_start_time": 1767883439.7766724,
  "process_end_time": 1767883512.3845103,
  "total_elapsed_time_seconds": 72.61,
  "rounds_time_stats": {
    "round_1": 17.66,
    "round_2": 29.94,
    "round_3": 25.0
  }
}