{
  "process_start_time": 1768552661.0571318,
  "process_end_time": 1768553007.2920206,
  "total_elapsed_time_seconds": 346.23,
  "rounds_time_stats": {
    "round_1": 50.17,
    "round_2": 29.32,
    "round_3": 59.35,
    "round_4": 17.47,
    "round_5": 176.86,
    "round_6": 13.07
  }
}