{
  "process_start_time": 1767888761.076253,
  "process_end_time": 1767888797.8172405,
  "total_elapsed_time_seconds": 36.74,
  "rounds_time_stats": {
    "round_1": 16.79,
    "round_2": 19.94
  }
}