{
  "process_start_time": 1767883267.0330966,
  "process_end_time": 1767883286.3114858,
  "total_elapsed_time_seconds": 19.28,
  "rounds_time_stats": {
    "round_1": 19.12,
    "round_2": 0.16
  }
}