{
  "process_start_time": 1767680018.0713499,
  "process_end_time": 1767680295.290865,
  "total_elapsed_time_seconds": 277.22,
  "rounds_time_stats": {
    "round_1": 41.44,
    "round_2": 45.61,
    "round_3": 49.65,
    "round_4": 50.6,
    "round_5": 43.34,
    "round_6": 46.58
  }
}