{
  "process_start_time": 1767676574.1436515,
  "process_end_time": 1767676844.1067557,
  "total_elapsed_time_seconds": 269.96,
  "rounds_time_stats": {
    "round_1": 43.57,
    "round_2": 43.7,
    "round_3": 46.53,
    "round_4": 43.94,
    "round_5": 48.08,
    "round_6": 44.14
  }
}