{
  "process_start_time": 1768115545.722197,
  "process_end_time": 1768115760.6138275,
  "total_elapsed_time_seconds": 214.89,
  "rounds_time_stats": {
    "round_1": 44.59,
    "round_2": 43.06,
    "round_3": 30.66,
    "round_4": 23.7,
    "round_5": 31.86,
    "round_6": 41.01
  }
}