{
  "process_start_time": 1767887945.1453693,
  "process_end_time": 1767888159.4544084,
  "total_elapsed_time_seconds": 214.31,
  "rounds_time_stats": {
    "round_1": 29.73,
    "round_2": 43.69,
    "round_3": 37.39,
    "round_4": 36.78,
    "round_5": 29.7,
    "round_6": 37.01
  }
}