{
  "process_start_time": 1767887193.2794707,
  "process_end_time": 1767887222.726235,
  "total_elapsed_time_seconds": 29.45,
  "rounds_time_stats": {
    "round_1": 29.44
  }
}