{
  "process_start_time": 1767679456.128631,
  "process_end_time": 1767679716.4672778,
  "total_elapsed_time_seconds": 260.34,
  "rounds_time_stats": {
    "round_1": 31.32,
    "round_2": 44.73,
    "round_3": 46.56,
    "round_4": 44.5,
    "round_5": 45.81,
    "round_6": 47.41
  }
}