{
  "process_start_time": 1767689989.0350049,
  "process_end_time": 1767690265.0265937,
  "total_elapsed_time_seconds": 275.99,
  "rounds_time_stats": {
    "round_1": 43.7,
    "round_2": 48.58,
    "round_3": 46.15,
    "round_4": 43.8,
    "round_5": 46.47,
    "round_6": 47.3
  }
}