{
  "process_start_time": 1767978394.6992612,
  "process_end_time": 1767978622.011636,
  "total_elapsed_time_seconds": 227.31,
  "rounds_time_stats": {
    "round_1": 29.95,
    "round_2": 28.67,
    "round_3": 40.89,
    "round_4": 41.68,
    "round_5": 49.43,
    "round_6": 36.69
  }
}