{
  "process_start_time": 1767888820.3300948,
  "process_end_time": 1767888890.990251,
  "total_elapsed_time_seconds": 70.66,
  "rounds_time_stats": {
    "round_1": 30.1,
    "round_2": 40.54
  }
}