{
  "process_start_time": 1767975136.2575436,
  "process_end_time": 1767975330.7586079,
  "total_elapsed_time_seconds": 194.5,
  "rounds_time_stats": {
    "round_1": 33.42,
    "round_2": 33.0,
    "round_3": 33.72,
    "round_4": 38.21,
    "round_5": 30.33,
    "round_6": 25.81
  }
}