{
  "process_start_time": 1768554749.2796228,
  "process_end_time": 1768554951.331789,
  "total_elapsed_time_seconds": 202.05,
  "rounds_time_stats": {
    "round_1": 31.64,
    "round_2": 29.24,
    "round_3": 37.74,
    "round_4": 37.38,
    "round_5": 30.1,
    "round_6": 35.95
  }
}