{
  "process_start_time": 1768556962.1794565,
  "process_end_time": 1768557064.186172,
  "total_elapsed_time_seconds": 102.01,
  "rounds_time_stats": {
    "round_1": 16.04,
    "round_2": 23.14,
    "round_3": 20.19,
    "round_4": 15.34,
    "round_5": 13.31,
    "round_6": 13.99
  }
}