{
  "process_start_time": 1767676323.3273673,
  "process_end_time": 1767676588.4251878,
  "total_elapsed_time_seconds": 265.1,
  "rounds_time_stats": {
    "round_1": 29.96,
    "round_2": 37.86,
    "round_3": 48.12,
    "round_4": 43.74,
    "round_5": 46.75,
    "round_6": 58.66
  }
}