{
  "process_start_time": 1767884413.0245254,
  "process_end_time": 1767884465.1722782,
  "total_elapsed_time_seconds": 52.15,
  "rounds_time_stats": {
    "round_1": 22.6,
    "round_2": 29.53
  }
}