{
  "process_start_time": 1767888215.1705654,
  "process_end_time": 1767888298.6676679,
  "total_elapsed_time_seconds": 83.5,
  "rounds_time_stats": {
    "round_1": 26.56,
    "round_2": 25.55,
    "round_3": 31.36,
    "round_4": 0.03
  }
}