{
  "process_start_time": 1767680539.0880804,
  "process_end_time": 1767680775.1124375,
  "total_elapsed_time_seconds": 236.02,
  "rounds_time_stats": {
    "round_1": 39.02,
    "round_2": 25.64,
    "round_3": 33.39,
    "round_4": 45.27,
    "round_5": 45.46,
    "round_6": 47.24
  }
}