{
  "process_start_time": 1767681035.8255057,
  "process_end_time": 1767681325.3559654,
  "total_elapsed_time_seconds": 289.53,
  "rounds_time_stats": {
    "round_1": 45.96,
    "round_2": 47.75,
    "round_3": 48.26,
    "round_4": 73.49,
    "round_5": 41.61,
    "round_6": 32.45
  }
}