{
  "process_start_time": 1767885373.8861907,
  "process_end_time": 1767885498.033556,
  "total_elapsed_time_seconds": 124.15,
  "rounds_time_stats": {
    "round_1": 124.12
  }
}