{
  "process_start_time": 1768549937.2146401,
  "process_end_time": 1768550224.6706772,
  "total_elapsed_time_seconds": 287.46,
  "rounds_time_stats": {
    "round_1": 37.04,
    "round_2": 54.94,
    "round_3": 44.36,
    "round_4": 43.13,
    "round_5": 61.45,
    "round_6": 46.53
  }
}