{
  "process_start_time": 1767888344.2885451,
  "process_end_time": 1767888367.649592,
  "total_elapsed_time_seconds": 23.36,
  "rounds_time_stats": {
    "round_1": 23.36
  }
}