{
  "process_start_time": 1767678458.505086,
  "process_end_time": 1767678727.0879202,
  "total_elapsed_time_seconds": 268.58,
  "rounds_time_stats": {
    "round_1": 39.34,
    "round_2": 49.99,
    "round_3": 47.1,
    "round_4": 45.97,
    "round_5": 47.23,
    "round_6": 38.95
  }
}