{
  "process_start_time": 1767885585.877275,
  "process_end_time": 1767885690.2344015,
  "total_elapsed_time_seconds": 104.36,
  "rounds_time_stats": {
    "round_1": 20.32,
    "round_2": 17.9,
    "round_3": 15.65,
    "round_4": 13.23,
    "round_5": 17.65,
    "round_6": 19.62
  }
}