{
  "process_start_time": 1767886079.4423003,
  "process_end_time": 1767886115.123978,
  "total_elapsed_time_seconds": 35.68,
  "rounds_time_stats": {
    "round_1": 35.65
  }
}