{
  "process_start_time": 1768555079.553041,
  "process_end_time": 1768555232.6056046,
  "total_elapsed_time_seconds": 153.05,
  "rounds_time_stats": {
    "round_1": 26.47,
    "round_2": 21.86,
    "round_3": 21.14,
    "round_4": 28.05,
    "round_5": 27.45,
    "round_6": 28.08
  }
}