{
  "process_start_time": 1768117375.7896152,
  "process_end_time": 1768117669.284038,
  "total_elapsed_time_seconds": 293.49,
  "rounds_time_stats": {
    "round_1": 38.81,
    "round_2": 44.64,
    "round_3": 67.86,
    "round_4": 49.54,
    "round_5": 43.8,
    "round_6": 48.85
  }
}