{
  "process_start_time": 1768556023.017268,
  "process_end_time": 1768556166.9401531,
  "total_elapsed_time_seconds": 143.92,
  "rounds_time_stats": {
    "round_1": 27.76,
    "round_2": 39.5,
    "round_3": 40.71,
    "round_4": 35.92
  }
}