{
  "process_start_time": 1767887086.6865091,
  "process_end_time": 1767887180.431811,
  "total_elapsed_time_seconds": 93.75,
  "rounds_time_stats": {
    "round_1": 16.64,
    "round_2": 16.9,
    "round_3": 15.33,
    "round_4": 14.42,
    "round_5": 13.31,
    "round_6": 17.15
  }
}