{
  "process_start_time": 1767882890.7477636,
  "process_end_time": 1767882921.637953,
  "total_elapsed_time_seconds": 30.89,
  "rounds_time_stats": {
    "round_1": 30.52,
    "round_2": 0.37
  }
}