{
  "process_start_time": 1767887515.093337,
  "process_end_time": 1767887678.2740903,
  "total_elapsed_time_seconds": 163.18,
  "rounds_time_stats": {
    "round_1": 29.9,
    "round_2": 24.31,
    "round_3": 28.78,
    "round_4": 23.08,
    "round_5": 33.18,
    "round_6": 23.93
  }
}