{
  "process_start_time": 1767688657.595313,
  "process_end_time": 1767688938.6843088,
  "total_elapsed_time_seconds": 281.09,
  "rounds_time_stats": {
    "round_1": 48.34,
    "round_2": 50.38,
    "round_3": 48.11,
    "round_4": 46.56,
    "round_5": 45.1,
    "round_6": 42.59
  }
}