{
  "process_start_time": 1767890556.869494,
  "process_end_time": 1767890642.7493665,
  "total_elapsed_time_seconds": 85.88,
  "rounds_time_stats": {
    "round_1": 28.23,
    "round_2": 28.73,
    "round_3": 28.92
  }
}