{
  "process_start_time": 1767692018.0555189,
  "process_end_time": 1767692303.5356665,
  "total_elapsed_time_seconds": 285.48,
  "rounds_time_stats": {
    "round_1": 34.1,
    "round_2": 52.34,
    "round_3": 42.39,
    "round_4": 43.99,
    "round_5": 43.18,
    "round_6": 69.47
  }
}