{
  "process_start_time": 1767678926.1875196,
  "process_end_time": 1767679194.3781488,
  "total_elapsed_time_seconds": 268.19,
  "rounds_time_stats": {
    "round_1": 39.17,
    "round_2": 38.03,
    "round_3": 42.16,
    "round_4": 42.97,
    "round_5": 63.84,
    "round_6": 42.0
  }
}