{
  "process_start_time": 1767883426.1321893,
  "process_end_time": 1767883456.413608,
  "total_elapsed_time_seconds": 30.28,
  "rounds_time_stats": {
    "round_1": 30.28
  }
}