{
  "process_start_time": 1767884383.035637,
  "process_end_time": 1767884409.584008,
  "total_elapsed_time_seconds": 26.55,
  "rounds_time_stats": {
    "round_1": 26.54
  }
}