{
  "process_start_time": 1768108269.3151083,
  "process_end_time": 1768108518.615102,
  "total_elapsed_time_seconds": 249.3,
  "rounds_time_stats": {
    "round_1": 38.92,
    "round_2": 33.26,
    "round_3": 45.52,
    "round_4": 43.94,
    "round_5": 41.8,
    "round_6": 45.86
  }
}