{
  "process_start_time": 1767889635.406022,
  "process_end_time": 1767889724.5022693,
  "total_elapsed_time_seconds": 89.1,
  "rounds_time_stats": {
    "round_1": 14.09,
    "round_2": 13.59,
    "round_3": 12.94,
    "round_4": 22.98,
    "round_5": 14.93,
    "round_6": 10.57
  }
}