{
  "process_start_time": 1767883764.5959692,
  "process_end_time": 1767883861.868517,
  "total_elapsed_time_seconds": 97.27,
  "rounds_time_stats": {
    "round_1": 21.14,
    "round_2": 26.06,
    "round_3": 22.68,
    "round_4": 27.37
  }
}