{
  "process_start_time": 1767888603.9948747,
  "process_end_time": 1767888631.5750766,
  "total_elapsed_time_seconds": 27.58,
  "rounds_time_stats": {
    "round_1": 27.58
  }
}