{
  "process_start_time": 1767689496.7705202,
  "process_end_time": 1767689790.447534,
  "total_elapsed_time_seconds": 293.68,
  "rounds_time_stats": {
    "round_1": 54.39,
    "round_2": 61.99,
    "round_3": 38.99,
    "round_4": 43.66,
    "round_5": 49.2,
    "round_6": 45.45
  }
}