{
  "process_start_time": 1768556655.9732635,
  "process_end_time": 1768556856.7452905,
  "total_elapsed_time_seconds": 200.77,
  "rounds_time_stats": {
    "round_1": 31.06,
    "round_2": 29.54,
    "round_3": 37.7,
    "round_4": 28.93,
    "round_5": 35.38,
    "round_6": 38.16
  }
}