{
  "process_start_time": 1767889497.8049405,
  "process_end_time": 1767889535.732433,
  "total_elapsed_time_seconds": 37.93,
  "rounds_time_stats": {
    "round_1": 14.08,
    "round_2": 23.85
  }
}