{
  "process_start_time": 1767889565.3762712,
  "process_end_time": 1767889615.422135,
  "total_elapsed_time_seconds": 50.05,
  "rounds_time_stats": {
    "round_1": 14.03,
    "round_2": 10.95,
    "round_3": 12.1,
    "round_4": 12.56,
    "round_5": 0.41
  }
}