{
  "process_start_time": 1767887608.731453,
  "process_end_time": 1767887632.1394608,
  "total_elapsed_time_seconds": 23.41,
  "rounds_time_stats": {
    "round_1": 23.4
  }
}