{
  "process_start_time": 1767973635.1968174,
  "process_end_time": 1767973834.030907,
  "total_elapsed_time_seconds": 198.83,
  "rounds_time_stats": {
    "round_1": 26.51,
    "round_2": 35.63,
    "round_3": 30.64,
    "round_4": 26.09,
    "round_5": 44.74,
    "round_6": 35.22
  }
}