{
  "process_start_time": 1767688477.7634065,
  "process_end_time": 1767688822.0439525,
  "total_elapsed_time_seconds": 344.28,
  "rounds_time_stats": {
    "round_1": 44.1,
    "round_2": 65.96,
    "round_3": 67.64,
    "round_4": 68.61,
    "round_5": 47.06,
    "round_6": 50.89
  }
}