{
  "process_start_time": 1767886025.3941803,
  "process_end_time": 1767886095.5487442,
  "total_elapsed_time_seconds": 70.15,
  "rounds_time_stats": {
    "round_1": 25.33,
    "round_2": 25.38,
    "round_3": 19.44
  }
}