{
  "process_start_time": 1767975136.2594862,
  "process_end_time": 1767975313.8463678,
  "total_elapsed_time_seconds": 177.59,
  "rounds_time_stats": {
    "round_1": 28.3,
    "round_2": 26.83,
    "round_3": 27.66,
    "round_4": 28.62,
    "round_5": 35.12,
    "round_6": 31.06
  }
}