{
  "process_start_time": 1767885335.69454,
  "process_end_time": 1767885363.3140624,
  "total_elapsed_time_seconds": 27.62,
  "rounds_time_stats": {
    "round_1": 27.61
  }
}