{
  "process_start_time": 1767684151.7106886,
  "process_end_time": 1767684429.498742,
  "total_elapsed_time_seconds": 277.79,
  "rounds_time_stats": {
    "round_1": 37.8,
    "round_2": 38.27,
    "round_3": 47.87,
    "round_4": 61.09,
    "round_5": 46.73,
    "round_6": 46.02
  }
}