{
  "process_start_time": 1767885040.0515072,
  "process_end_time": 1767885118.952666,
  "total_elapsed_time_seconds": 78.9,
  "rounds_time_stats": {
    "round_1": 19.52,
    "round_2": 30.29,
    "round_3": 29.08
  }
}