{
  "process_start_time": 1768556815.5110006,
  "process_end_time": 1768556997.1900792,
  "total_elapsed_time_seconds": 181.68,
  "rounds_time_stats": {
    "round_1": 32.17,
    "round_2": 29.74,
    "round_3": 28.74,
    "round_4": 30.22,
    "round_5": 27.43,
    "round_6": 33.37
  }
}