{
  "process_start_time": 1767675475.9741259,
  "process_end_time": 1767675760.409439,
  "total_elapsed_time_seconds": 284.44,
  "rounds_time_stats": {
    "round_1": 70.59,
    "round_2": 51.82,
    "round_3": 53.66,
    "round_4": 39.87,
    "round_5": 35.55,
    "round_6": 32.95
  }
}