{
  "process_start_time": 1767888503.9241278,
  "process_end_time": 1767888625.6474626,
  "total_elapsed_time_seconds": 121.72,
  "rounds_time_stats": {
    "round_1": 16.2,
    "round_2": 15.89,
    "round_3": 20.34,
    "round_4": 19.13,
    "round_5": 31.05,
    "round_6": 19.12
  }
}