{
  "process_start_time": 1767883585.6101127,
  "process_end_time": 1767883606.7274427,
  "total_elapsed_time_seconds": 21.12,
  "rounds_time_stats": {
    "round_1": 21.11
  }
}