{
  "process_start_time": 1767890152.1516716,
  "process_end_time": 1767890161.9148512,
  "total_elapsed_time_seconds": 9.76,
  "rounds_time_stats": {
    "round_1": 9.76
  }
}