{
  "process_start_time": 1767974758.046527,
  "process_end_time": 1767975030.321489,
  "total_elapsed_time_seconds": 272.27,
  "rounds_time_stats": {
    "round_1": 55.45,
    "round_2": 40.66,
    "round_3": 65.24,
    "round_4": 35.41,
    "round_5": 46.57,
    "round_6": 28.95
  }
}