{
  "process_start_time": 1767970787.3829312,
  "process_end_time": 1767973046.3144925,
  "total_elapsed_time_seconds": 2258.93,
  "rounds_time_stats": {
    "round_1": 118.08,
    "round_2": 158.41,
    "round_3": 128.71,
    "round_4": 164.64,
    "round_5": 1663.09,
    "round_6": 26.0
  }
}