{
  "process_start_time": 1767686727.6239648,
  "process_end_time": 1767687029.936218,
  "total_elapsed_time_seconds": 302.31,
  "rounds_time_stats": {
    "round_1": 79.66,
    "round_2": 43.38,
    "round_3": 48.48,
    "round_4": 45.13,
    "round_5": 43.61,
    "round_6": 42.05
  }
}