{
  "process_start_time": 1767977025.9337375,
  "process_end_time": 1767977131.0287738,
  "total_elapsed_time_seconds": 105.1,
  "rounds_time_stats": {
    "round_1": 23.54,
    "round_2": 19.47,
    "round_3": 15.81,
    "round_4": 14.99,
    "round_5": 14.69,
    "round_6": 16.59
  }
}