{
  "process_start_time": 1767978967.299806,
  "process_end_time": 1767979101.6169622,
  "total_elapsed_time_seconds": 134.32,
  "rounds_time_stats": {
    "round_1": 18.57,
    "round_2": 17.5,
    "round_3": 30.79,
    "round_4": 19.8,
    "round_5": 25.32,
    "round_6": 22.33
  }
}