{
  "process_start_time": 1767886321.0958018,
  "process_end_time": 1767886354.4637578,
  "total_elapsed_time_seconds": 33.37,
  "rounds_time_stats": {
    "round_1": 33.36
  }
}