{
  "process_start_time": 1767686727.605026,
  "process_end_time": 1767687013.7390285,
  "total_elapsed_time_seconds": 286.13,
  "rounds_time_stats": {
    "round_1": 60.57,
    "round_2": 47.33,
    "round_3": 46.35,
    "round_4": 43.41,
    "round_5": 47.3,
    "round_6": 41.17
  }
}