{
  "process_start_time": 1767680310.0592709,
  "process_end_time": 1767680570.7735713,
  "total_elapsed_time_seconds": 260.71,
  "rounds_time_stats": {
    "round_1": 42.27,
    "round_2": 42.01,
    "round_3": 45.08,
    "round_4": 45.86,
    "round_5": 42.66,
    "round_6": 42.83
  }
}