{
  "process_start_time": 1767889580.5128012,
  "process_end_time": 1767889620.8367896,
  "total_elapsed_time_seconds": 40.32,
  "rounds_time_stats": {
    "round_1": 12.23,
    "round_2": 14.3,
    "round_3": 13.63,
    "round_4": 0.16
  }
}