{
  "process_start_time": 1767677115.717002,
  "process_end_time": 1767677354.8303838,
  "total_elapsed_time_seconds": 239.11,
  "rounds_time_stats": {
    "round_1": 45.47,
    "round_2": 32.12,
    "round_3": 38.65,
    "round_4": 35.15,
    "round_5": 47.79,
    "round_6": 39.93
  }
}