{
  "process_start_time": 1767676297.8775241,
  "process_end_time": 1767676615.5118334,
  "total_elapsed_time_seconds": 317.63,
  "rounds_time_stats": {
    "round_1": 46.11,
    "round_2": 46.16,
    "round_3": 47.6,
    "round_4": 91.99,
    "round_5": 44.34,
    "round_6": 41.42
  }
}