{
  "process_start_time": 1767689510.2074363,
  "process_end_time": 1767689820.332822,
  "total_elapsed_time_seconds": 310.13,
  "rounds_time_stats": {
    "round_1": 41.18,
    "round_2": 44.37,
    "round_3": 42.04,
    "round_4": 46.81,
    "round_5": 75.31,
    "round_6": 60.41
  }
}