{
  "process_start_time": 1767977458.803057,
  "process_end_time": 1767977657.2572634,
  "total_elapsed_time_seconds": 198.45,
  "rounds_time_stats": {
    "round_1": 36.84,
    "round_2": 27.07,
    "round_3": 31.79,
    "round_4": 31.25,
    "round_5": 41.39,
    "round_6": 30.1
  }
}