{
  "process_start_time": 1767973434.9969013,
  "process_end_time": 1767973659.6568193,
  "total_elapsed_time_seconds": 224.66,
  "rounds_time_stats": {
    "round_1": 40.1,
    "round_2": 34.76,
    "round_3": 25.98,
    "round_4": 45.87,
    "round_5": 39.91,
    "round_6": 38.04
  }
}