{
  "process_start_time": 1767886215.119663,
  "process_end_time": 1767886251.4512033,
  "total_elapsed_time_seconds": 36.33,
  "rounds_time_stats": {
    "round_1": 16.14,
    "round_2": 19.99,
    "round_3": 0.2
  }
}