{
  "process_start_time": 1767883239.52021,
  "process_end_time": 1767883276.9995809,
  "total_elapsed_time_seconds": 37.48,
  "rounds_time_stats": {
    "round_1": 15.28,
    "round_2": 22.2
  }
}