{
  "process_start_time": 1768555707.7253387,
  "process_end_time": 1768555890.5313127,
  "total_elapsed_time_seconds": 182.81,
  "rounds_time_stats": {
    "round_1": 22.16,
    "round_2": 31.77,
    "round_3": 29.1,
    "round_4": 30.69,
    "round_5": 36.54,
    "round_6": 32.54
  }
}