{
  "process_start_time": 1767889351.5992496,
  "process_end_time": 1767889405.0942006,
  "total_elapsed_time_seconds": 53.49,
  "rounds_time_stats": {
    "round_1": 6.05,
    "round_2": 9.25,
    "round_3": 8.74,
    "round_4": 7.85,
    "round_5": 13.71,
    "round_6": 7.88
  }
}