{
  "process_start_time": 1768552018.6044283,
  "process_end_time": 1768552207.9073796,
  "total_elapsed_time_seconds": 189.3,
  "rounds_time_stats": {
    "round_1": 31.96,
    "round_2": 28.72,
    "round_3": 28.86,
    "round_4": 39.64,
    "round_5": 28.0,
    "round_6": 32.13
  }
}