{
  "process_start_time": 1767886026.2786045,
  "process_end_time": 1767886065.4535983,
  "total_elapsed_time_seconds": 39.17,
  "rounds_time_stats": {
    "round_1": 39.16
  }
}