{
  "process_start_time": 1768116672.977479,
  "process_end_time": 1768116959.4899938,
  "total_elapsed_time_seconds": 286.51,
  "rounds_time_stats": {
    "round_1": 42.06,
    "round_2": 42.35,
    "round_3": 43.13,
    "round_4": 45.11,
    "round_5": 60.37,
    "round_6": 53.49
  }
}