{
  "process_start_time": 1767888403.8557258,
  "process_end_time": 1767888443.6422281,
  "total_elapsed_time_seconds": 39.79,
  "rounds_time_stats": {
    "round_1": 39.78
  }
}