{
  "process_start_time": 1767890178.1166375,
  "process_end_time": 1767890189.8431418,
  "total_elapsed_time_seconds": 11.73,
  "rounds_time_stats": {
    "round_1": 11.72
  }
}