{
  "process_start_time": 1767686807.4085221,
  "process_end_time": 1767686866.7380445,
  "total_elapsed_time_seconds": 59.33,
  "rounds_time_stats": {
    "round_1": 59.31
  }
}