{
  "process_start_time": 1767976527.3250453,
  "process_end_time": 1767976778.345782,
  "total_elapsed_time_seconds": 251.02,
  "rounds_time_stats": {
    "round_1": 35.71,
    "round_2": 42.95,
    "round_3": 44.32,
    "round_4": 40.74,
    "round_5": 38.41,
    "round_6": 48.9
  }
}