{
  "process_start_time": 1768115595.3012557,
  "process_end_time": 1768115848.5129192,
  "total_elapsed_time_seconds": 253.21,
  "rounds_time_stats": {
    "round_1": 38.38,
    "round_2": 33.36,
    "round_3": 39.84,
    "round_4": 48.26,
    "round_5": 44.65,
    "round_6": 48.71
  }
}