{
  "process_start_time": 1767889690.6093068,
  "process_end_time": 1767889814.8658288,
  "total_elapsed_time_seconds": 124.26,
  "rounds_time_stats": {
    "round_1": 25.31,
    "round_2": 20.76,
    "round_3": 24.15,
    "round_4": 20.88,
    "round_5": 17.77,
    "round_6": 15.39
  }
}