{
  "process_start_time": 1767884465.1745794,
  "process_end_time": 1767884563.3771582,
  "total_elapsed_time_seconds": 98.2,
  "rounds_time_stats": {
    "round_1": 11.56,
    "round_2": 12.4,
    "round_3": 20.68,
    "round_4": 13.35,
    "round_5": 27.01,
    "round_6": 13.19
  }
}