{
  "process_start_time": 1767682370.3204942,
  "process_end_time": 1767682717.5357754,
  "total_elapsed_time_seconds": 347.22,
  "rounds_time_stats": {
    "round_1": 94.91,
    "round_2": 51.19,
    "round_3": 42.9,
    "round_4": 64.91,
    "round_5": 47.86,
    "round_6": 45.44
  }
}