{
  "process_start_time": 1767890844.1930406,
  "process_end_time": 1767890895.0933843,
  "total_elapsed_time_seconds": 50.9,
  "rounds_time_stats": {
    "round_1": 50.86
  }
}