{
  "process_start_time": 1767888377.453334,
  "process_end_time": 1767888386.550907,
  "total_elapsed_time_seconds": 9.1,
  "rounds_time_stats": {
    "round_1": 9.1
  }
}