{
  "process_start_time": 1767686727.6126533,
  "process_end_time": 1767687030.9684725,
  "total_elapsed_time_seconds": 303.36,
  "rounds_time_stats": {
    "round_1": 59.98,
    "round_2": 45.5,
    "round_3": 49.48,
    "round_4": 62.27,
    "round_5": 42.2,
    "round_6": 43.93
  }
}