{
  "process_start_time": 1767887015.8710148,
  "process_end_time": 1767887047.42793,
  "total_elapsed_time_seconds": 31.56,
  "rounds_time_stats": {
    "round_1": 31.55
  }
}