{
  "process_start_time": 1767679221.3299396,
  "process_end_time": 1767679446.2099357,
  "total_elapsed_time_seconds": 224.88,
  "rounds_time_stats": {
    "round_1": 34.72,
    "round_2": 33.76,
    "round_3": 36.12,
    "round_4": 39.99,
    "round_5": 36.59,
    "round_6": 43.69
  }
}