{
  "process_start_time": 1767882930.5676928,
  "process_end_time": 1767882951.9727616,
  "total_elapsed_time_seconds": 21.41,
  "rounds_time_stats": {
    "round_1": 21.4
  }
}