{
  "process_start_time": 1768555506.8520508,
  "process_end_time": 1768555707.9644794,
  "total_elapsed_time_seconds": 201.11,
  "rounds_time_stats": {
    "round_1": 33.6,
    "round_2": 37.82,
    "round_3": 27.65,
    "round_4": 32.01,
    "round_5": 31.19,
    "round_6": 38.84
  }
}