{
  "process_start_time": 1767890201.1856632,
  "process_end_time": 1767890210.9088483,
  "total_elapsed_time_seconds": 9.72,
  "rounds_time_stats": {
    "round_1": 9.72
  }
}