{
  "process_start_time": 1768115386.9211714,
  "process_end_time": 1768115682.6264272,
  "total_elapsed_time_seconds": 295.71,
  "rounds_time_stats": {
    "round_1": 46.0,
    "round_2": 43.43,
    "round_3": 51.96,
    "round_4": 51.18,
    "round_5": 43.42,
    "round_6": 59.7
  }
}