{
  "process_start_time": 1767692014.9655519,
  "process_end_time": 1767692246.0011978,
  "total_elapsed_time_seconds": 231.04,
  "rounds_time_stats": {
    "round_1": 40.35,
    "round_2": 43.56,
    "round_3": 42.13,
    "round_4": 31.92,
    "round_5": 24.38,
    "round_6": 48.69
  }
}