{
  "process_start_time": 1767885827.566631,
  "process_end_time": 1767885909.0002444,
  "total_elapsed_time_seconds": 81.43,
  "rounds_time_stats": {
    "round_1": 16.62,
    "round_2": 16.72,
    "round_3": 14.28,
    "round_4": 15.44,
    "round_5": 18.17,
    "round_6": 0.2
  }
}