{
  "process_start_time": 1767886280.3311455,
  "process_end_time": 1767886313.5084019,
  "total_elapsed_time_seconds": 33.18,
  "rounds_time_stats": {
    "round_1": 33.17
  }
}