{
  "process_start_time": 1767679432.1400425,
  "process_end_time": 1767679732.6964734,
  "total_elapsed_time_seconds": 300.56,
  "rounds_time_stats": {
    "round_1": 35.46,
    "round_2": 52.48,
    "round_3": 59.41,
    "round_4": 61.06,
    "round_5": 43.58,
    "round_6": 48.57
  }
}