{
  "process_start_time": 1768550487.1498697,
  "process_end_time": 1768550762.953218,
  "total_elapsed_time_seconds": 275.8,
  "rounds_time_stats": {
    "round_1": 42.87,
    "round_2": 39.46,
    "round_3": 44.15,
    "round_4": 46.29,
    "round_5": 45.2,
    "round_6": 57.83
  }
}