{
  "process_start_time": 1767886378.0591478,
  "process_end_time": 1767886397.4304354,
  "total_elapsed_time_seconds": 19.37,
  "rounds_time_stats": {
    "round_1": 19.37
  }
}