{
  "process_start_time": 1767883843.0914555,
  "process_end_time": 1767883871.6562932,
  "total_elapsed_time_seconds": 28.56,
  "rounds_time_stats": {
    "round_1": 28.56
  }
}