{
  "process_start_time": 1767888766.8435256,
  "process_end_time": 1767888874.4932413,
  "total_elapsed_time_seconds": 107.65,
  "rounds_time_stats": {
    "round_1": 22.99,
    "round_2": 17.2,
    "round_3": 22.08,
    "round_4": 15.78,
    "round_5": 15.51,
    "round_6": 14.08
  }
}