{
  "process_start_time": 1767976310.6799512,
  "process_end_time": 1767976490.7603457,
  "total_elapsed_time_seconds": 180.08,
  "rounds_time_stats": {
    "round_1": 28.1,
    "round_2": 30.63,
    "round_3": 28.62,
    "round_4": 30.85,
    "round_5": 31.83,
    "round_6": 30.03
  }
}