{
  "process_start_time": 1767684133.2481134,
  "process_end_time": 1767684430.2849143,
  "total_elapsed_time_seconds": 297.04,
  "rounds_time_stats": {
    "round_1": 43.34,
    "round_2": 52.24,
    "round_3": 59.54,
    "round_4": 51.92,
    "round_5": 42.97,
    "round_6": 47.03
  }
}