{
  "process_start_time": 1767885958.2518408,
  "process_end_time": 1767885973.5668328,
  "total_elapsed_time_seconds": 15.31,
  "rounds_time_stats": {
    "round_1": 15.31
  }
}