{
  "process_start_time": 1767889837.1805196,
  "process_end_time": 1767889930.3730276,
  "total_elapsed_time_seconds": 93.19,
  "rounds_time_stats": {
    "round_1": 13.02,
    "round_2": 11.73,
    "round_3": 14.96,
    "round_4": 13.92,
    "round_5": 11.97,
    "round_6": 27.59
  }
}