{
  "process_start_time": 1768552256.5572248,
  "process_end_time": 1768552613.4991055,
  "total_elapsed_time_seconds": 356.94,
  "rounds_time_stats": {
    "round_1": 36.27,
    "round_2": 34.88,
    "round_3": 27.62,
    "round_4": 33.2,
    "round_5": 151.56,
    "round_6": 73.42
  }
}