{
  "process_start_time": 1767888737.1467044,
  "process_end_time": 1767888752.9432352,
  "total_elapsed_time_seconds": 15.8,
  "rounds_time_stats": {
    "round_1": 15.79
  }
}