{
  "process_start_time": 1767688487.513335,
  "process_end_time": 1767688789.9026139,
  "total_elapsed_time_seconds": 302.39,
  "rounds_time_stats": {
    "round_1": 53.26,
    "round_2": 50.41,
    "round_3": 48.87,
    "round_4": 51.67,
    "round_5": 45.4,
    "round_6": 52.79
  }
}