{
  "process_start_time": 1767888683.9664516,
  "process_end_time": 1767888722.378336,
  "total_elapsed_time_seconds": 38.41,
  "rounds_time_stats": {
    "round_1": 20.61,
    "round_2": 17.8
  }
}