{
  "process_start_time": 1767889419.772968,
  "process_end_time": 1767889476.8021858,
  "total_elapsed_time_seconds": 57.03,
  "rounds_time_stats": {
    "round_1": 10.67,
    "round_2": 12.81,
    "round_3": 6.73,
    "round_4": 10.07,
    "round_5": 7.02,
    "round_6": 9.73
  }
}