{
  "process_start_time": 1767885577.7131717,
  "process_end_time": 1767885756.729818,
  "total_elapsed_time_seconds": 179.02,
  "rounds_time_stats": {
    "round_1": 20.18,
    "round_2": 35.21,
    "round_3": 42.31,
    "round_4": 23.05,
    "round_5": 36.04,
    "round_6": 22.23
  }
}