{
  "process_start_time": 1767887175.9633987,
  "process_end_time": 1767887298.6010568,
  "total_elapsed_time_seconds": 122.64,
  "rounds_time_stats": {
    "round_1": 14.18,
    "round_2": 12.76,
    "round_3": 28.74,
    "round_4": 20.59,
    "round_5": 16.79,
    "round_6": 29.58
  }
}