{
  "process_start_time": 1767887949.4038398,
  "process_end_time": 1767887957.0821483,
  "total_elapsed_time_seconds": 7.68,
  "rounds_time_stats": {
    "round_1": 7.68
  }
}