{
  "process_start_time": 1767887948.478982,
  "process_end_time": 1767887959.128998,
  "total_elapsed_time_seconds": 10.65,
  "rounds_time_stats": {
    "round_1": 10.65
  }
}