{
  "process_start_time": 1767686727.6069953,
  "process_end_time": 1767687030.8563182,
  "total_elapsed_time_seconds": 303.25,
  "rounds_time_stats": {
    "round_1": 78.08,
    "round_2": 48.38,
    "round_3": 47.13,
    "round_4": 43.39,
    "round_5": 43.03,
    "round_6": 43.23
  }
}