{
  "process_start_time": 1768554944.7995172,
  "process_end_time": 1768555099.297876,
  "total_elapsed_time_seconds": 154.5,
  "rounds_time_stats": {
    "round_1": 18.64,
    "round_2": 26.63,
    "round_3": 21.41,
    "round_4": 27.86,
    "round_5": 29.49,
    "round_6": 30.47
  }
}