{
  "process_start_time": 1767888483.149048,
  "process_end_time": 1767888496.1007447,
  "total_elapsed_time_seconds": 12.95,
  "rounds_time_stats": {
    "round_1": 12.95
  }
}