{
  "process_start_time": 1767976320.8154995,
  "process_end_time": 1767976499.957962,
  "total_elapsed_time_seconds": 179.14,
  "rounds_time_stats": {
    "round_1": 30.02,
    "round_2": 29.42,
    "round_3": 28.78,
    "round_4": 28.63,
    "round_5": 28.66,
    "round_6": 33.63
  }
}