{
  "process_start_time": 1767978777.4289465,
  "process_end_time": 1767978951.2743802,
  "total_elapsed_time_seconds": 173.85,
  "rounds_time_stats": {
    "round_1": 19.32,
    "round_2": 32.2,
    "round_3": 32.7,
    "round_4": 26.69,
    "round_5": 31.84,
    "round_6": 31.08
  }
}