{
  "process_start_time": 1767885508.7273142,
  "process_end_time": 1767885546.0844665,
  "total_elapsed_time_seconds": 37.36,
  "rounds_time_stats": {
    "round_1": 13.67,
    "round_2": 23.25,
    "round_3": 0.43
  }
}