{
  "process_start_time": 1768552310.1576197,
  "process_end_time": 1768552688.3340473,
  "total_elapsed_time_seconds": 378.18,
  "rounds_time_stats": {
    "round_1": 31.44,
    "round_2": 31.2,
    "round_3": 153.65,
    "round_4": 36.27,
    "round_5": 73.02,
    "round_6": 52.59
  }
}