{
  "process_start_time": 1767680558.4177475,
  "process_end_time": 1767680791.055648,
  "total_elapsed_time_seconds": 232.64,
  "rounds_time_stats": {
    "round_1": 30.22,
    "round_2": 49.7,
    "round_3": 40.58,
    "round_4": 43.56,
    "round_5": 30.99,
    "round_6": 37.6
  }
}