{
  "process_start_time": 1767685502.2587113,
  "process_end_time": 1767685759.5159972,
  "total_elapsed_time_seconds": 257.26,
  "rounds_time_stats": {
    "round_1": 36.35,
    "round_2": 50.52,
    "round_3": 39.58,
    "round_4": 39.64,
    "round_5": 43.4,
    "round_6": 47.76
  }
}