{
  "process_start_time": 1767888890.9913464,
  "process_end_time": 1767889075.7081652,
  "total_elapsed_time_seconds": 184.72,
  "rounds_time_stats": {
    "round_1": 30.28,
    "round_2": 24.75,
    "round_3": 32.1,
    "round_4": 29.09,
    "round_5": 38.28,
    "round_6": 30.21
  }
}