{
  "process_start_time": 1768551630.5698104,
  "process_end_time": 1768551792.5750492,
  "total_elapsed_time_seconds": 162.01,
  "rounds_time_stats": {
    "round_1": 30.65,
    "round_2": 25.01,
    "round_3": 31.17,
    "round_4": 24.72,
    "round_5": 21.69,
    "round_6": 28.76
  }
}