{
  "process_start_time": 1768551283.7617476,
  "process_end_time": 1768551486.0836487,
  "total_elapsed_time_seconds": 202.32,
  "rounds_time_stats": {
    "round_1": 28.92,
    "round_2": 35.87,
    "round_3": 31.98,
    "round_4": 27.19,
    "round_5": 40.43,
    "round_6": 37.95
  }
}