{
  "process_start_time": 1767886082.5126178,
  "process_end_time": 1767886101.1403887,
  "total_elapsed_time_seconds": 18.63,
  "rounds_time_stats": {
    "round_1": 18.62
  }
}