{
  "process_start_time": 1767888608.677236,
  "process_end_time": 1767888622.007919,
  "total_elapsed_time_seconds": 13.33,
  "rounds_time_stats": {
    "round_1": 13.33
  }
}