{
  "process_start_time": 1768555389.4767084,
  "process_end_time": 1768555605.452721,
  "total_elapsed_time_seconds": 215.98,
  "rounds_time_stats": {
    "round_1": 33.17,
    "round_2": 37.43,
    "round_3": 36.24,
    "round_4": 35.4,
    "round_5": 37.88,
    "round_6": 35.85
  }
}