{
  "process_start_time": 1767887678.275444,
  "process_end_time": 1767887697.540342,
  "total_elapsed_time_seconds": 19.26,
  "rounds_time_stats": {
    "round_1": 19.26
  }
}