{
  "process_start_time": 1767882967.9705403,
  "process_end_time": 1767882987.3448672,
  "total_elapsed_time_seconds": 19.37,
  "rounds_time_stats": {
    "round_1": 18.97,
    "round_2": 0.4
  }
}