{
  "process_start_time": 1767886889.1010544,
  "process_end_time": 1767886914.4603417,
  "total_elapsed_time_seconds": 25.36,
  "rounds_time_stats": {
    "round_1": 25.35
  }
}