{
  "process_start_time": 1768555165.178497,
  "process_end_time": 1768555344.7133965,
  "total_elapsed_time_seconds": 179.53,
  "rounds_time_stats": {
    "round_1": 29.6,
    "round_2": 27.53,
    "round_3": 30.99,
    "round_4": 27.65,
    "round_5": 37.6,
    "round_6": 26.16
  }
}