{
  "process_start_time": 1768115025.550408,
  "process_end_time": 1768115256.1208751,
  "total_elapsed_time_seconds": 230.57,
  "rounds_time_stats": {
    "round_1": 40.84,
    "round_2": 28.85,
    "round_3": 40.36,
    "round_4": 44.88,
    "round_5": 40.41,
    "round_6": 35.22
  }
}