{
  "process_start_time": 1768551073.4616497,
  "process_end_time": 1768551236.5175147,
  "total_elapsed_time_seconds": 163.06,
  "rounds_time_stats": {
    "round_1": 44.01,
    "round_2": 34.24,
    "round_3": 33.35,
    "round_4": 18.18,
    "round_5": 16.17,
    "round_6": 17.11
  }
}