{
  "process_start_time": 1767890543.862638,
  "process_end_time": 1767890566.71478,
  "total_elapsed_time_seconds": 22.85,
  "rounds_time_stats": {
    "round_1": 22.83
  }
}