{
  "process_start_time": 1767889651.7634382,
  "process_end_time": 1767889693.4091547,
  "total_elapsed_time_seconds": 41.65,
  "rounds_time_stats": {
    "round_1": 11.37,
    "round_2": 10.31,
    "round_3": 19.96
  }
}