{
  "process_start_time": 1768550801.4199872,
  "process_end_time": 1768551132.5590525,
  "total_elapsed_time_seconds": 331.14,
  "rounds_time_stats": {
    "round_1": 58.3,
    "round_2": 61.7,
    "round_3": 59.01,
    "round_4": 65.03,
    "round_5": 43.05,
    "round_6": 44.06
  }
}