{
  "process_start_time": 1767889157.478807,
  "process_end_time": 1767889200.1634455,
  "total_elapsed_time_seconds": 42.68,
  "rounds_time_stats": {
    "round_1": 12.92,
    "round_2": 10.85,
    "round_3": 9.73,
    "round_4": 9.18
  }
}