{
  "process_start_time": 1767977458.8032734,
  "process_end_time": 1767977666.4369078,
  "total_elapsed_time_seconds": 207.63,
  "rounds_time_stats": {
    "round_1": 36.67,
    "round_2": 36.27,
    "round_3": 31.42,
    "round_4": 32.26,
    "round_5": 41.96,
    "round_6": 29.06
  }
}