{
  "process_start_time": 1768115880.7347558,
  "process_end_time": 1768116168.6960409,
  "total_elapsed_time_seconds": 287.96,
  "rounds_time_stats": {
    "round_1": 49.57,
    "round_2": 49.71,
    "round_3": 46.96,
    "round_4": 32.22,
    "round_5": 62.58,
    "round_6": 46.91
  }
}