{
  "process_start_time": 1768117210.061582,
  "process_end_time": 1768117508.0595202,
  "total_elapsed_time_seconds": 298.0,
  "rounds_time_stats": {
    "round_1": 56.56,
    "round_2": 51.7,
    "round_3": 45.41,
    "round_4": 47.06,
    "round_5": 46.72,
    "round_6": 50.55
  }
}