{
  "process_start_time": 1767888942.3902714,
  "process_end_time": 1767888953.4830034,
  "total_elapsed_time_seconds": 11.09,
  "rounds_time_stats": {
    "round_1": 11.09
  }
}