{
  "process_start_time": 1767884621.1870012,
  "process_end_time": 1767884727.2844775,
  "total_elapsed_time_seconds": 106.1,
  "rounds_time_stats": {
    "round_1": 19.31,
    "round_2": 15.35,
    "round_3": 18.63,
    "round_4": 16.83,
    "round_5": 17.46,
    "round_6": 18.51
  }
}