{
  "process_start_time": 1767884545.124813,
  "process_end_time": 1767884641.7748384,
  "total_elapsed_time_seconds": 96.65,
  "rounds_time_stats": {
    "round_1": 27.89,
    "round_2": 14.59,
    "round_3": 14.0,
    "round_4": 15.19,
    "round_5": 11.59,
    "round_6": 13.38
  }
}