{
  "process_start_time": 1768551753.6497016,
  "process_end_time": 1768551900.5696313,
  "total_elapsed_time_seconds": 146.92,
  "rounds_time_stats": {
    "round_1": 28.48,
    "round_2": 29.25,
    "round_3": 22.59,
    "round_4": 23.31,
    "round_5": 20.71,
    "round_6": 22.57
  }
}