{
  "process_start_time": 1767885129.6454027,
  "process_end_time": 1767885317.150196,
  "total_elapsed_time_seconds": 187.5,
  "rounds_time_stats": {
    "round_1": 33.61,
    "round_2": 29.69,
    "round_3": 24.06,
    "round_4": 32.69,
    "round_5": 32.59,
    "round_6": 34.88
  }
}