{
  "process_start_time": 1767889478.0624113,
  "process_end_time": 1767889571.3082566,
  "total_elapsed_time_seconds": 93.25,
  "rounds_time_stats": {
    "round_1": 13.69,
    "round_2": 15.73,
    "round_3": 15.51,
    "round_4": 16.76,
    "round_5": 19.75,
    "round_6": 11.8
  }
}