{
  "process_start_time": 1767884474.87832,
  "process_end_time": 1767884528.6748164,
  "total_elapsed_time_seconds": 53.8,
  "rounds_time_stats": {
    "round_1": 28.72,
    "round_2": 25.07
  }
}