{
  "process_start_time": 1767678073.949131,
  "process_end_time": 1767678371.3351543,
  "total_elapsed_time_seconds": 297.39,
  "rounds_time_stats": {
    "round_1": 82.68,
    "round_2": 35.54,
    "round_3": 45.3,
    "round_4": 42.01,
    "round_5": 43.11,
    "round_6": 48.74
  }
}