{
  "process_start_time": 1768556209.9958756,
  "process_end_time": 1768556421.2507174,
  "total_elapsed_time_seconds": 211.25,
  "rounds_time_stats": {
    "round_1": 38.53,
    "round_2": 36.53,
    "round_3": 31.27,
    "round_4": 28.71,
    "round_5": 38.84,
    "round_6": 37.37
  }
}