{
  "process_start_time": 1767885432.8390586,
  "process_end_time": 1767885553.1729228,
  "total_elapsed_time_seconds": 120.33,
  "rounds_time_stats": {
    "round_1": 21.86,
    "round_2": 22.64,
    "round_3": 19.96,
    "round_4": 15.63,
    "round_5": 17.71,
    "round_6": 22.52
  }
}