{
  "process_start_time": 1767890308.2391138,
  "process_end_time": 1767890325.240919,
  "total_elapsed_time_seconds": 17.0,
  "rounds_time_stats": {
    "round_1": 17.0
  }
}