{
  "process_start_time": 1767678640.3059356,
  "process_end_time": 1767678898.648216,
  "total_elapsed_time_seconds": 258.34,
  "rounds_time_stats": {
    "round_1": 39.66,
    "round_2": 30.66,
    "round_3": 51.55,
    "round_4": 46.36,
    "round_5": 46.72,
    "round_6": 43.38
  }
}