{
  "process_start_time": 1768116170.3993835,
  "process_end_time": 1768116489.2645478,
  "total_elapsed_time_seconds": 318.87,
  "rounds_time_stats": {
    "round_1": 46.69,
    "round_2": 46.15,
    "round_3": 77.92,
    "round_4": 39.59,
    "round_5": 62.23,
    "round_6": 46.29
  }
}