{
  "process_start_time": 1767884300.300947,
  "process_end_time": 1767884336.023568,
  "total_elapsed_time_seconds": 35.72,
  "rounds_time_stats": {
    "round_1": 35.67
  }
}