{
  "process_start_time": 1767888666.4440696,
  "process_end_time": 1767888851.5211325,
  "total_elapsed_time_seconds": 185.08,
  "rounds_time_stats": {
    "round_1": 19.62,
    "round_2": 28.35,
    "round_3": 29.61,
    "round_4": 33.04,
    "round_5": 31.03,
    "round_6": 43.43
  }
}