{
  "process_start_time": 1767888543.4956152,
  "process_end_time": 1767888737.1455958,
  "total_elapsed_time_seconds": 193.65,
  "rounds_time_stats": {
    "round_1": 31.18,
    "round_2": 47.44,
    "round_3": 30.71,
    "round_4": 30.64,
    "round_5": 26.18,
    "round_6": 27.49
  }
}