{
  "process_start_time": 1767973270.7909462,
  "process_end_time": 1767973452.5428607,
  "total_elapsed_time_seconds": 181.75,
  "rounds_time_stats": {
    "round_1": 24.43,
    "round_2": 22.7,
    "round_3": 38.44,
    "round_4": 33.92,
    "round_5": 30.48,
    "round_6": 31.78
  }
}