{
  "process_start_time": 1767970610.530388,
  "process_end_time": 1767971113.0746458,
  "total_elapsed_time_seconds": 502.54,
  "rounds_time_stats": {
    "round_1": 31.04,
    "round_2": 49.77,
    "round_3": 65.1,
    "round_4": 117.08,
    "round_5": 116.13,
    "round_6": 123.41
  }
}