{
  "process_start_time": 1767885603.607941,
  "process_end_time": 1767885628.551787,
  "total_elapsed_time_seconds": 24.94,
  "rounds_time_stats": {
    "round_1": 24.55,
    "round_2": 0.39
  }
}