{
  "process_start_time": 1767889208.1324759,
  "process_end_time": 1767889331.5156295,
  "total_elapsed_time_seconds": 123.38,
  "rounds_time_stats": {
    "round_1": 19.18,
    "round_2": 17.66,
    "round_3": 16.63,
    "round_4": 24.41,
    "round_5": 22.24,
    "round_6": 23.27
  }
}