{
  "process_start_time": 1767889969.0988507,
  "process_end_time": 1767890085.982975,
  "total_elapsed_time_seconds": 116.88,
  "rounds_time_stats": {
    "round_1": 12.85,
    "round_2": 19.17,
    "round_3": 14.61,
    "round_4": 10.68,
    "round_5": 19.46,
    "round_6": 40.11
  }
}