{
  "process_start_time": 1767883870.191855,
  "process_end_time": 1767883907.4847364,
  "total_elapsed_time_seconds": 37.29,
  "rounds_time_stats": {
    "round_1": 15.58,
    "round_2": 21.7
  }
}