{
  "process_start_time": 1767976518.1097662,
  "process_end_time": 1767976680.839312,
  "total_elapsed_time_seconds": 162.73,
  "rounds_time_stats": {
    "round_1": 27.47,
    "round_2": 22.9,
    "round_3": 27.04,
    "round_4": 27.71,
    "round_5": 27.89,
    "round_6": 29.73
  }
}