{
  "process_start_time": 1767976571.794136,
  "process_end_time": 1767976777.7371514,
  "total_elapsed_time_seconds": 205.94,
  "rounds_time_stats": {
    "round_1": 28.19,
    "round_2": 34.99,
    "round_3": 34.69,
    "round_4": 40.13,
    "round_5": 32.15,
    "round_6": 35.79
  }
}