{
  "process_start_time": 1768551397.5488153,
  "process_end_time": 1768551584.3055317,
  "total_elapsed_time_seconds": 186.76,
  "rounds_time_stats": {
    "round_1": 38.24,
    "round_2": 30.95,
    "round_3": 28.34,
    "round_4": 28.25,
    "round_5": 32.53,
    "round_6": 28.43
  }
}