{
  "process_start_time": 1767678906.4984925,
  "process_end_time": 1767679181.6311493,
  "total_elapsed_time_seconds": 275.13,
  "rounds_time_stats": {
    "round_1": 38.14,
    "round_2": 42.26,
    "round_3": 42.76,
    "round_4": 45.51,
    "round_5": 62.67,
    "round_6": 43.79
  }
}