{
  "process_start_time": 1767888265.218649,
  "process_end_time": 1767888275.9925416,
  "total_elapsed_time_seconds": 10.77,
  "rounds_time_stats": {
    "round_1": 10.77
  }
}