{
  "process_start_time": 1768555382.3352294,
  "process_end_time": 1768555469.122183,
  "total_elapsed_time_seconds": 86.79,
  "rounds_time_stats": {
    "round_1": 13.59,
    "round_2": 31.68,
    "round_3": 27.36,
    "round_4": 14.16
  }
}