{
  "process_start_time": 1767883506.3593018,
  "process_end_time": 1767883640.3046153,
  "total_elapsed_time_seconds": 133.95,
  "rounds_time_stats": {
    "round_1": 133.9
  }
}