{
  "process_start_time": 1767679999.4479752,
  "process_end_time": 1767680277.9810386,
  "total_elapsed_time_seconds": 278.53,
  "rounds_time_stats": {
    "round_1": 44.4,
    "round_2": 48.38,
    "round_3": 47.23,
    "round_4": 45.01,
    "round_5": 50.32,
    "round_6": 43.19
  }
}