{
  "process_start_time": 1767690201.7698722,
  "process_end_time": 1767690513.0711095,
  "total_elapsed_time_seconds": 311.3,
  "rounds_time_stats": {
    "round_1": 48.76,
    "round_2": 58.43,
    "round_3": 48.41,
    "round_4": 48.0,
    "round_5": 47.91,
    "round_6": 59.78
  }
}