{
  "process_start_time": 1767684380.1969383,
  "process_end_time": 1767684671.8838248,
  "total_elapsed_time_seconds": 291.69,
  "rounds_time_stats": {
    "round_1": 48.46,
    "round_2": 46.78,
    "round_3": 56.79,
    "round_4": 47.54,
    "round_5": 47.44,
    "round_6": 44.68
  }
}