{
  "process_start_time": 1767890761.8764946,
  "process_end_time": 1767890782.367856,
  "total_elapsed_time_seconds": 20.49,
  "rounds_time_stats": {
    "round_1": 20.49
  }
}