{
  "process_start_time": 1767684104.185926,
  "process_end_time": 1767684394.1177008,
  "total_elapsed_time_seconds": 289.93,
  "rounds_time_stats": {
    "round_1": 48.27,
    "round_2": 45.92,
    "round_3": 62.87,
    "round_4": 44.54,
    "round_5": 46.7,
    "round_6": 41.62
  }
}