{
  "process_start_time": 1767889397.5705519,
  "process_end_time": 1767889416.6629305,
  "total_elapsed_time_seconds": 19.09,
  "rounds_time_stats": {
    "round_1": 19.09
  }
}