{
  "process_start_time": 1767889557.9532351,
  "process_end_time": 1767889646.2300231,
  "total_elapsed_time_seconds": 88.28,
  "rounds_time_stats": {
    "round_1": 17.27,
    "round_2": 20.71,
    "round_3": 24.67,
    "round_4": 25.61
  }
}