{
  "process_start_time": 1768554749.27696,
  "process_end_time": 1768554925.4066782,
  "total_elapsed_time_seconds": 176.13,
  "rounds_time_stats": {
    "round_1": 25.74,
    "round_2": 34.24,
    "round_3": 27.91,
    "round_4": 29.0,
    "round_5": 26.81,
    "round_6": 32.44
  }
}