{
  "process_start_time": 1767685588.8968246,
  "process_end_time": 1767685850.0126565,
  "total_elapsed_time_seconds": 261.12,
  "rounds_time_stats": {
    "round_1": 37.83,
    "round_2": 39.2,
    "round_3": 44.77,
    "round_4": 52.15,
    "round_5": 40.84,
    "round_6": 46.32
  }
}