{
  "process_start_time": 1767975762.440603,
  "process_end_time": 1767975943.187199,
  "total_elapsed_time_seconds": 180.75,
  "rounds_time_stats": {
    "round_1": 26.56,
    "round_2": 30.58,
    "round_3": 32.66,
    "round_4": 29.21,
    "round_5": 32.79,
    "round_6": 28.94
  }
}