{
  "process_start_time": 1767888669.1842883,
  "process_end_time": 1767888826.2887259,
  "total_elapsed_time_seconds": 157.1,
  "rounds_time_stats": {
    "round_1": 27.59,
    "round_2": 24.94,
    "round_3": 22.84,
    "round_4": 28.71,
    "round_5": 25.62,
    "round_6": 27.41
  }
}