{
  "process_start_time": 1767884526.4512477,
  "process_end_time": 1767884592.7980816,
  "total_elapsed_time_seconds": 66.35,
  "rounds_time_stats": {
    "round_1": 22.61,
    "round_2": 21.03,
    "round_3": 22.7
  }
}