{
  "process_start_time": 1767884363.6709704,
  "process_end_time": 1767884390.3570337,
  "total_elapsed_time_seconds": 26.69,
  "rounds_time_stats": {
    "round_1": 26.68
  }
}