{
  "process_start_time": 1767889431.084699,
  "process_end_time": 1767889446.6455421,
  "total_elapsed_time_seconds": 15.56,
  "rounds_time_stats": {
    "round_1": 15.56
  }
}