{
  "process_start_time": 1767885867.2685533,
  "process_end_time": 1767885912.9785142,
  "total_elapsed_time_seconds": 45.71,
  "rounds_time_stats": {
    "round_1": 22.95,
    "round_2": 22.75
  }
}