{
  "process_start_time": 1767975930.646383,
  "process_end_time": 1767976154.9749498,
  "total_elapsed_time_seconds": 224.33,
  "rounds_time_stats": {
    "round_1": 32.85,
    "round_2": 38.6,
    "round_3": 42.29,
    "round_4": 30.93,
    "round_5": 38.58,
    "round_6": 41.08
  }
}