{
  "process_start_time": 1768108491.4169412,
  "process_end_time": 1768108774.1596386,
  "total_elapsed_time_seconds": 282.74,
  "rounds_time_stats": {
    "round_1": 56.34,
    "round_2": 36.75,
    "round_3": 45.31,
    "round_4": 49.73,
    "round_5": 47.41,
    "round_6": 47.2
  }
}