{
  "process_start_time": 1768555462.0809643,
  "process_end_time": 1768555505.1766598,
  "total_elapsed_time_seconds": 43.1,
  "rounds_time_stats": {
    "round_1": 43.07
  }
}