{
  "process_start_time": 1767889511.3889143,
  "process_end_time": 1767889533.4427044,
  "total_elapsed_time_seconds": 22.05,
  "rounds_time_stats": {
    "round_1": 21.54,
    "round_2": 0.52
  }
}