{
  "process_start_time": 1767976349.2686367,
  "process_end_time": 1767976526.3087928,
  "total_elapsed_time_seconds": 177.04,
  "rounds_time_stats": {
    "round_1": 29.4,
    "round_2": 31.71,
    "round_3": 28.64,
    "round_4": 29.66,
    "round_5": 30.68,
    "round_6": 26.95
  }
}