{
  "process_start_time": 1767681355.389642,
  "process_end_time": 1767681565.7216334,
  "total_elapsed_time_seconds": 210.33,
  "rounds_time_stats": {
    "round_1": 46.06,
    "round_2": 35.11,
    "round_3": 42.36,
    "round_4": 30.17,
    "round_5": 28.31,
    "round_6": 28.32
  }
}