{
  "process_start_time": 1768550225.9059227,
  "process_end_time": 1768550501.5501237,
  "total_elapsed_time_seconds": 275.64,
  "rounds_time_stats": {
    "round_1": 41.08,
    "round_2": 42.02,
    "round_3": 45.5,
    "round_4": 46.22,
    "round_5": 43.91,
    "round_6": 56.92
  }
}