{
  "process_start_time": 1767885365.5665846,
  "process_end_time": 1767885493.867912,
  "total_elapsed_time_seconds": 128.3,
  "rounds_time_stats": {
    "round_1": 27.4,
    "round_2": 68.16,
    "round_3": 32.74
  }
}