{
  "process_start_time": 1768116139.259428,
  "process_end_time": 1768116393.5190723,
  "total_elapsed_time_seconds": 254.26,
  "rounds_time_stats": {
    "round_1": 39.07,
    "round_2": 46.64,
    "round_3": 49.8,
    "round_4": 54.64,
    "round_5": 20.01,
    "round_6": 44.09
  }
}