{
  "process_start_time": 1767888832.9078097,
  "process_end_time": 1767888844.9596941,
  "total_elapsed_time_seconds": 12.05,
  "rounds_time_stats": {
    "round_1": 12.05
  }
}