{
  "process_start_time": 1767975136.2616944,
  "process_end_time": 1767975322.9930437,
  "total_elapsed_time_seconds": 186.73,
  "rounds_time_stats": {
    "round_1": 28.46,
    "round_2": 26.95,
    "round_3": 29.09,
    "round_4": 35.41,
    "round_5": 34.78,
    "round_6": 32.04
  }
}