{
  "process_start_time": 1768555782.4385686,
  "process_end_time": 1768555957.6416059,
  "total_elapsed_time_seconds": 175.2,
  "rounds_time_stats": {
    "round_1": 28.23,
    "round_2": 29.13,
    "round_3": 28.72,
    "round_4": 29.08,
    "round_5": 30.81,
    "round_6": 29.23
  }
}