{
  "process_start_time": 1767885293.133174,
  "process_end_time": 1767885328.6878633,
  "total_elapsed_time_seconds": 35.55,
  "rounds_time_stats": {
    "round_1": 18.64,
    "round_2": 16.74,
    "round_3": 0.17
  }
}