{
  "process_start_time": 1767684460.942947,
  "process_end_time": 1767684737.9086456,
  "total_elapsed_time_seconds": 276.97,
  "rounds_time_stats": {
    "round_1": 38.0,
    "round_2": 43.61,
    "round_3": 44.88,
    "round_4": 41.1,
    "round_5": 56.38,
    "round_6": 52.98
  }
}