{
  "process_start_time": 1767687291.9746947,
  "process_end_time": 1767687576.9841075,
  "total_elapsed_time_seconds": 285.01,
  "rounds_time_stats": {
    "round_1": 46.6,
    "round_2": 48.83,
    "round_3": 50.38,
    "round_4": 43.22,
    "round_5": 53.0,
    "round_6": 42.97
  }
}