{
  "process_start_time": 1767688280.5917263,
  "process_end_time": 1767688555.8078623,
  "total_elapsed_time_seconds": 275.22,
  "rounds_time_stats": {
    "round_1": 42.14,
    "round_2": 49.83,
    "round_3": 44.16,
    "round_4": 48.72,
    "round_5": 41.94,
    "round_6": 48.42
  }
}