{
  "process_start_time": 1767883861.8758082,
  "process_end_time": 1767883937.1365168,
  "total_elapsed_time_seconds": 75.26,
  "rounds_time_stats": {
    "round_1": 17.94,
    "round_2": 20.35,
    "round_3": 20.55,
    "round_4": 15.98,
    "round_5": 0.43
  }
}