{
  "process_start_time": 1767888844.4505599,
  "process_end_time": 1767889016.9714375,
  "total_elapsed_time_seconds": 172.52,
  "rounds_time_stats": {
    "round_1": 26.54,
    "round_2": 23.73,
    "round_3": 32.55,
    "round_4": 29.65,
    "round_5": 29.1,
    "round_6": 30.94
  }
}