{
  "process_start_time": 1767679463.186125,
  "process_end_time": 1767679698.8120556,
  "total_elapsed_time_seconds": 235.63,
  "rounds_time_stats": {
    "round_1": 38.27,
    "round_2": 33.81,
    "round_3": 43.74,
    "round_4": 42.28,
    "round_5": 34.43,
    "round_6": 43.09
  }
}