{
  "process_start_time": 1767885642.7414787,
  "process_end_time": 1767885835.31879,
  "total_elapsed_time_seconds": 192.58,
  "rounds_time_stats": {
    "round_1": 21.1,
    "round_2": 31.1,
    "round_3": 37.23,
    "round_4": 35.63,
    "round_5": 32.12,
    "round_6": 35.4
  }
}