{
  "process_start_time": 1767887557.488847,
  "process_end_time": 1767887585.1365683,
  "total_elapsed_time_seconds": 27.65,
  "rounds_time_stats": {
    "round_1": 27.05,
    "round_2": 0.59
  }
}