{
  "process_start_time": 1767883056.3617284,
  "process_end_time": 1767883138.9828448,
  "total_elapsed_time_seconds": 82.62,
  "rounds_time_stats": {
    "round_1": 12.2,
    "round_2": 15.08,
    "round_3": 12.87,
    "round_4": 15.65,
    "round_5": 11.57,
    "round_6": 15.25
  }
}