{
  "process_start_time": 1767889364.839255,
  "process_end_time": 1767889403.6882846,
  "total_elapsed_time_seconds": 38.85,
  "rounds_time_stats": {
    "round_1": 12.75,
    "round_2": 26.09
  }
}