{
  "process_start_time": 1768555966.600407,
  "process_end_time": 1768556125.2428882,
  "total_elapsed_time_seconds": 158.64,
  "rounds_time_stats": {
    "round_1": 29.09,
    "round_2": 27.6,
    "round_3": 30.14,
    "round_4": 25.62,
    "round_5": 26.41,
    "round_6": 19.78
  }
}