{
  "process_start_time": 1767885941.380439,
  "process_end_time": 1767885960.085741,
  "total_elapsed_time_seconds": 18.71,
  "rounds_time_stats": {
    "round_1": 18.7
  }
}