{
  "process_start_time": 1767975762.4379573,
  "process_end_time": 1767975940.3664138,
  "total_elapsed_time_seconds": 177.93,
  "rounds_time_stats": {
    "round_1": 23.99,
    "round_2": 32.25,
    "round_3": 32.32,
    "round_4": 29.03,
    "round_5": 35.0,
    "round_6": 25.34
  }
}