{
  "process_start_time": 1767889342.0190544,
  "process_end_time": 1767889367.7717745,
  "total_elapsed_time_seconds": 25.75,
  "rounds_time_stats": {
    "round_1": 25.73
  }
}