{
  "process_start_time": 1767888384.2912297,
  "process_end_time": 1767888393.541706,
  "total_elapsed_time_seconds": 9.25,
  "rounds_time_stats": {
    "round_1": 9.25
  }
}