{
  "process_start_time": 1767689464.8140101,
  "process_end_time": 1767689788.316547,
  "total_elapsed_time_seconds": 323.5,
  "rounds_time_stats": {
    "round_1": 70.37,
    "round_2": 46.79,
    "round_3": 55.56,
    "round_4": 45.72,
    "round_5": 57.51,
    "round_6": 47.55
  }
}