{
  "process_start_time": 1768552327.7783291,
  "process_end_time": 1768552661.5391002,
  "total_elapsed_time_seconds": 333.76,
  "rounds_time_stats": {
    "round_1": 22.17,
    "round_2": 26.64,
    "round_3": 137.73,
    "round_4": 63.93,
    "round_5": 46.75,
    "round_6": 36.54
  }
}