{
  "process_start_time": 1767685804.785328,
  "process_end_time": 1767686048.933401,
  "total_elapsed_time_seconds": 244.15,
  "rounds_time_stats": {
    "round_1": 43.76,
    "round_2": 45.01,
    "round_3": 55.63,
    "round_4": 37.86,
    "round_5": 33.47,
    "round_6": 28.42
  }
}