{
  "process_start_time": 1767976679.566303,
  "process_end_time": 1767976847.7834017,
  "total_elapsed_time_seconds": 168.22,
  "rounds_time_stats": {
    "round_1": 29.31,
    "round_2": 20.14,
    "round_3": 29.36,
    "round_4": 29.33,
    "round_5": 31.23,
    "round_6": 28.83
  }
}