{
  "process_start_time": 1767977458.8068895,
  "process_end_time": 1767977616.7701225,
  "total_elapsed_time_seconds": 157.96,
  "rounds_time_stats": {
    "round_1": 13.03,
    "round_2": 24.59,
    "round_3": 25.94,
    "round_4": 32.0,
    "round_5": 30.45,
    "round_6": 31.94
  }
}