{
  "process_start_time": 1767884752.3002713,
  "process_end_time": 1767884773.439383,
  "total_elapsed_time_seconds": 21.14,
  "rounds_time_stats": {
    "round_1": 21.13
  }
}