{
  "process_start_time": 1768555798.6727252,
  "process_end_time": 1768555977.6103725,
  "total_elapsed_time_seconds": 178.94,
  "rounds_time_stats": {
    "round_1": 32.59,
    "round_2": 28.92,
    "round_3": 30.9,
    "round_4": 28.02,
    "round_5": 30.22,
    "round_6": 28.29
  }
}