{
  "process_start_time": 1767884626.5373976,
  "process_end_time": 1767884718.345882,
  "total_elapsed_time_seconds": 91.81,
  "rounds_time_stats": {
    "round_1": 20.62,
    "round_2": 22.84,
    "round_3": 16.25,
    "round_4": 14.86,
    "round_5": 17.23
  }
}