{
  "process_start_time": 1767886466.7549033,
  "process_end_time": 1767886636.9746134,
  "total_elapsed_time_seconds": 170.22,
  "rounds_time_stats": {
    "round_1": 29.36,
    "round_2": 32.11,
    "round_3": 27.07,
    "round_4": 24.39,
    "round_5": 26.51,
    "round_6": 30.77
  }
}