{
  "process_start_time": 1767681082.2568686,
  "process_end_time": 1767681340.677455,
  "total_elapsed_time_seconds": 258.42,
  "rounds_time_stats": {
    "round_1": 41.69,
    "round_2": 39.18,
    "round_3": 44.3,
    "round_4": 44.15,
    "round_5": 42.35,
    "round_6": 46.76
  }
}