{
  "process_start_time": 1768551255.2202702,
  "process_end_time": 1768551427.1896384,
  "total_elapsed_time_seconds": 171.97,
  "rounds_time_stats": {
    "round_1": 29.9,
    "round_2": 29.11,
    "round_3": 27.44,
    "round_4": 29.3,
    "round_5": 29.04,
    "round_6": 27.18
  }
}