{
  "process_start_time": 1767889200.16573,
  "process_end_time": 1767889398.041328,
  "total_elapsed_time_seconds": 197.88,
  "rounds_time_stats": {
    "round_1": 19.67,
    "round_2": 27.18,
    "round_3": 27.14,
    "round_4": 30.3,
    "round_5": 50.49,
    "round_6": 43.1
  }
}