{
  "process_start_time": 1767688555.808761,
  "process_end_time": 1767688848.6331367,
  "total_elapsed_time_seconds": 292.82,
  "rounds_time_stats": {
    "round_1": 52.56,
    "round_2": 49.08,
    "round_3": 47.55,
    "round_4": 53.53,
    "round_5": 45.61,
    "round_6": 44.5
  }
}