{
  "process_start_time": 1768552218.520077,
  "process_end_time": 1768552540.7693172,
  "total_elapsed_time_seconds": 322.25,
  "rounds_time_stats": {
    "round_1": 28.76,
    "round_2": 27.55,
    "round_3": 41.78,
    "round_4": 29.41,
    "round_5": 41.4,
    "round_6": 153.35
  }
}