{
  "process_start_time": 1767678073.9477017,
  "process_end_time": 1767678356.5405085,
  "total_elapsed_time_seconds": 282.59,
  "rounds_time_stats": {
    "round_1": 74.46,
    "round_2": 21.82,
    "round_3": 46.82,
    "round_4": 43.6,
    "round_5": 46.85,
    "round_6": 49.05
  }
}