{
  "process_start_time": 1768552147.9005408,
  "process_end_time": 1768552387.420871,
  "total_elapsed_time_seconds": 239.52,
  "rounds_time_stats": {
    "round_1": 36.99,
    "round_2": 41.63,
    "round_3": 37.79,
    "round_4": 35.38,
    "round_5": 38.77,
    "round_6": 48.96
  }
}