{
  "process_start_time": 1767975136.2555046,
  "process_end_time": 1767975351.9981427,
  "total_elapsed_time_seconds": 215.74,
  "rounds_time_stats": {
    "round_1": 34.0,
    "round_2": 32.53,
    "round_3": 35.55,
    "round_4": 37.29,
    "round_5": 37.86,
    "round_6": 38.51
  }
}