{
  "process_start_time": 1767665185.8389919,
  "process_end_time": 1767665450.0764394,
  "total_elapsed_time_seconds": 264.24,
  "rounds_time_stats": {
    "round_1": 47.95,
    "round_2": 43.87,
    "round_3": 47.88,
    "round_4": 42.71,
    "round_5": 36.68,
    "round_6": 45.14
  }
}