{
  "process_start_time": 1767888855.792968,
  "process_end_time": 1767888870.5600395,
  "total_elapsed_time_seconds": 14.77,
  "rounds_time_stats": {
    "round_1": 14.63,
    "round_2": 0.13
  }
}