{
  "process_start_time": 1767883768.9070697,
  "process_end_time": 1767883919.1520746,
  "total_elapsed_time_seconds": 150.25,
  "rounds_time_stats": {
    "round_1": 19.43,
    "round_2": 25.65,
    "round_3": 25.03,
    "round_4": 27.91,
    "round_5": 27.48,
    "round_6": 24.76
  }
}