{
  "process_start_time": 1767889759.3324077,
  "process_end_time": 1767889890.3110116,
  "total_elapsed_time_seconds": 130.98,
  "rounds_time_stats": {
    "round_1": 22.51,
    "round_2": 21.0,
    "round_3": 25.03,
    "round_4": 19.9,
    "round_5": 18.91,
    "round_6": 23.63
  }
}