{
  "process_start_time": 1767978520.0335672,
  "process_end_time": 1767978674.9614956,
  "total_elapsed_time_seconds": 154.93,
  "rounds_time_stats": {
    "round_1": 17.99,
    "round_2": 33.46,
    "round_3": 29.61,
    "round_4": 30.47,
    "round_5": 26.09,
    "round_6": 17.31
  }
}