{
  "process_start_time": 1768115024.7797766,
  "process_end_time": 1768115295.505892,
  "total_elapsed_time_seconds": 270.73,
  "rounds_time_stats": {
    "round_1": 38.03,
    "round_2": 39.43,
    "round_3": 48.78,
    "round_4": 42.07,
    "round_5": 62.66,
    "round_6": 39.76
  }
}