{
  "process_start_time": 1767678073.9568682,
  "process_end_time": 1767678356.5412145,
  "total_elapsed_time_seconds": 282.58,
  "rounds_time_stats": {
    "round_1": 71.18,
    "round_2": 29.92,
    "round_3": 43.49,
    "round_4": 43.53,
    "round_5": 46.48,
    "round_6": 47.97
  }
}