{
  "process_start_time": 1767884325.848045,
  "process_end_time": 1767884353.257812,
  "total_elapsed_time_seconds": 27.41,
  "rounds_time_stats": {
    "round_1": 27.4
  }
}