{
  "process_start_time": 1768556255.597047,
  "process_end_time": 1768556470.0154233,
  "total_elapsed_time_seconds": 214.42,
  "rounds_time_stats": {
    "round_1": 37.22,
    "round_2": 31.93,
    "round_3": 29.26,
    "round_4": 38.3,
    "round_5": 39.2,
    "round_6": 38.51
  }
}