{
  "process_start_time": 1767890325.3894928,
  "process_end_time": 1767890443.6672943,
  "total_elapsed_time_seconds": 118.28,
  "rounds_time_stats": {
    "round_1": 15.56,
    "round_2": 19.01,
    "round_3": 13.66,
    "round_4": 23.11,
    "round_5": 23.62,
    "round_6": 23.32
  }
}