{
  "process_start_time": 1767886455.6232083,
  "process_end_time": 1767886613.2762089,
  "total_elapsed_time_seconds": 157.65,
  "rounds_time_stats": {
    "round_1": 16.69,
    "round_2": 22.84,
    "round_3": 31.85,
    "round_4": 25.48,
    "round_5": 25.97,
    "round_6": 34.81
  }
}