{
  "process_start_time": 1767689741.8729737,
  "process_end_time": 1767689987.9687378,
  "total_elapsed_time_seconds": 246.1,
  "rounds_time_stats": {
    "round_1": 33.62,
    "round_2": 43.43,
    "round_3": 32.75,
    "round_4": 49.39,
    "round_5": 45.22,
    "round_6": 41.68
  }
}