{
  "process_start_time": 1767885735.3626666,
  "process_end_time": 1767885837.1350276,
  "total_elapsed_time_seconds": 101.77,
  "rounds_time_stats": {
    "round_1": 18.84,
    "round_2": 16.36,
    "round_3": 17.44,
    "round_4": 17.34,
    "round_5": 17.05,
    "round_6": 14.75
  }
}