{
  "process_start_time": 1767886684.4758332,
  "process_end_time": 1767886755.4174383,
  "total_elapsed_time_seconds": 70.94,
  "rounds_time_stats": {
    "round_1": 22.22,
    "round_2": 18.83,
    "round_3": 29.89
  }
}