{
  "process_start_time": 1767978325.8551335,
  "process_end_time": 1767978536.3386269,
  "total_elapsed_time_seconds": 210.48,
  "rounds_time_stats": {
    "round_1": 24.49,
    "round_2": 35.6,
    "round_3": 42.54,
    "round_4": 34.25,
    "round_5": 39.57,
    "round_6": 34.03
  }
}