{
  "process_start_time": 1767890182.8023102,
  "process_end_time": 1767890210.5527408,
  "total_elapsed_time_seconds": 27.75,
  "rounds_time_stats": {
    "round_1": 27.72
  }
}