{
  "process_start_time": 1767883726.189748,
  "process_end_time": 1767883749.1138535,
  "total_elapsed_time_seconds": 22.92,
  "rounds_time_stats": {
    "round_1": 22.92
  }
}