{
  "process_start_time": 1767678356.5420995,
  "process_end_time": 1767678623.6461701,
  "total_elapsed_time_seconds": 267.1,
  "rounds_time_stats": {
    "round_1": 41.69,
    "round_2": 44.54,
    "round_3": 43.55,
    "round_4": 47.8,
    "round_5": 43.83,
    "round_6": 45.69
  }
}