{
  "process_start_time": 1768555940.1790037,
  "process_end_time": 1768556097.0352216,
  "total_elapsed_time_seconds": 156.86,
  "rounds_time_stats": {
    "round_1": 25.72,
    "round_2": 30.3,
    "round_3": 23.77,
    "round_4": 22.58,
    "round_5": 27.21,
    "round_6": 27.28
  }
}