{
  "process_start_time": 1767682370.3188682,
  "process_end_time": 1767682685.7260647,
  "total_elapsed_time_seconds": 315.41,
  "rounds_time_stats": {
    "round_1": 85.35,
    "round_2": 41.24,
    "round_3": 50.43,
    "round_4": 45.62,
    "round_5": 45.82,
    "round_6": 46.94
  }
}