{
  "process_start_time": 1767969655.3062487,
  "process_end_time": 1767970032.2272491,
  "total_elapsed_time_seconds": 376.92,
  "rounds_time_stats": {
    "round_1": 69.88,
    "round_2": 69.48,
    "round_3": 42.14,
    "round_4": 84.13,
    "round_5": 76.76,
    "round_6": 34.52
  }
}