{
  "process_start_time": 1767685066.3958611,
  "process_end_time": 1767685407.1262293,
  "total_elapsed_time_seconds": 340.73,
  "rounds_time_stats": {
    "round_1": 61.94,
    "round_2": 51.65,
    "round_3": 47.8,
    "round_4": 76.04,
    "round_5": 44.77,
    "round_6": 58.53
  }
}