{
  "process_start_time": 1768555364.5140376,
  "process_end_time": 1768555503.7313976,
  "total_elapsed_time_seconds": 139.22,
  "rounds_time_stats": {
    "round_1": 23.24,
    "round_2": 24.61,
    "round_3": 20.47,
    "round_4": 25.06,
    "round_5": 20.21,
    "round_6": 25.62
  }
}