{
  "process_start_time": 1767678625.8954139,
  "process_end_time": 1767678870.1241772,
  "total_elapsed_time_seconds": 244.23,
  "rounds_time_stats": {
    "round_1": 43.84,
    "round_2": 32.05,
    "round_3": 43.83,
    "round_4": 45.74,
    "round_5": 34.18,
    "round_6": 44.6
  }
}