{
  "process_start_time": 1767889632.5891285,
  "process_end_time": 1767889696.1252043,
  "total_elapsed_time_seconds": 63.54,
  "rounds_time_stats": {
    "round_1": 13.65,
    "round_2": 22.3,
    "round_3": 11.53,
    "round_4": 16.05
  }
}