{
  "process_start_time": 1767688789.903498,
  "process_end_time": 1767689073.3202515,
  "total_elapsed_time_seconds": 283.42,
  "rounds_time_stats": {
    "round_1": 44.78,
    "round_2": 46.76,
    "round_3": 43.22,
    "round_4": 50.95,
    "round_5": 46.96,
    "round_6": 50.74
  }
}