{
  "process_start_time": 1767977458.8159883,
  "process_end_time": 1767977654.678794,
  "total_elapsed_time_seconds": 195.86,
  "rounds_time_stats": {
    "round_1": 30.6,
    "round_2": 42.39,
    "round_3": 30.67,
    "round_4": 32.69,
    "round_5": 30.42,
    "round_6": 29.09
  }
}