{
  "process_start_time": 1767677128.8102996,
  "process_end_time": 1767677402.4625344,
  "total_elapsed_time_seconds": 273.65,
  "rounds_time_stats": {
    "round_1": 47.51,
    "round_2": 47.07,
    "round_3": 45.47,
    "round_4": 42.9,
    "round_5": 45.17,
    "round_6": 45.53
  }
}