{
  "process_start_time": 1767978960.1753879,
  "process_end_time": 1767979129.034607,
  "total_elapsed_time_seconds": 168.86,
  "rounds_time_stats": {
    "round_1": 18.65,
    "round_2": 28.71,
    "round_3": 30.18,
    "round_4": 28.38,
    "round_5": 30.18,
    "round_6": 32.75
  }
}