{
  "process_start_time": 1767890086.3980484,
  "process_end_time": 1767890113.8175547,
  "total_elapsed_time_seconds": 27.42,
  "rounds_time_stats": {
    "round_1": 27.4
  }
}