{
  "process_start_time": 1767888628.8947077,
  "process_end_time": 1767888725.1452556,
  "total_elapsed_time_seconds": 96.25,
  "rounds_time_stats": {
    "round_1": 13.35,
    "round_2": 16.61,
    "round_3": 21.21,
    "round_4": 14.11,
    "round_5": 16.79,
    "round_6": 14.17
  }
}