{
  "process_start_time": 1767676065.6941137,
  "process_end_time": 1767676343.122115,
  "total_elapsed_time_seconds": 277.43,
  "rounds_time_stats": {
    "round_1": 45.31,
    "round_2": 46.85,
    "round_3": 50.4,
    "round_4": 44.21,
    "round_5": 45.38,
    "round_6": 45.28
  }
}