{
  "process_start_time": 1767887947.9675899,
  "process_end_time": 1767887960.1927688,
  "total_elapsed_time_seconds": 12.23,
  "rounds_time_stats": {
    "round_1": 12.22
  }
}