{
  "process_start_time": 1767687075.2005036,
  "process_end_time": 1767687370.2332692,
  "total_elapsed_time_seconds": 295.03,
  "rounds_time_stats": {
    "round_1": 49.73,
    "round_2": 60.11,
    "round_3": 48.21,
    "round_4": 47.7,
    "round_5": 42.48,
    "round_6": 46.8
  }
}