{
  "process_start_time": 1767886477.2864914,
  "process_end_time": 1767886537.436797,
  "total_elapsed_time_seconds": 60.15,
  "rounds_time_stats": {
    "round_1": 18.86,
    "round_2": 18.73,
    "round_3": 22.56
  }
}