{
  "process_start_time": 1767888754.1765873,
  "process_end_time": 1767888799.703442,
  "total_elapsed_time_seconds": 45.53,
  "rounds_time_stats": {
    "round_1": 24.79,
    "round_2": 20.73
  }
}