{
  "process_start_time": 1767890705.5732749,
  "process_end_time": 1767890786.5839891,
  "total_elapsed_time_seconds": 81.01,
  "rounds_time_stats": {
    "round_1": 17.21,
    "round_2": 21.98,
    "round_3": 16.82,
    "round_4": 25.0
  }
}