{
  "process_start_time": 1768115979.5168302,
  "process_end_time": 1768116262.087737,
  "total_elapsed_time_seconds": 282.57,
  "rounds_time_stats": {
    "round_1": 54.02,
    "round_2": 45.56,
    "round_3": 41.51,
    "round_4": 49.36,
    "round_5": 44.44,
    "round_6": 47.67
  }
}