{
  "process_start_time": 1767679698.8129532,
  "process_end_time": 1767679985.1421118,
  "total_elapsed_time_seconds": 286.33,
  "rounds_time_stats": {
    "round_1": 45.26,
    "round_2": 53.27,
    "round_3": 45.49,
    "round_4": 46.71,
    "round_5": 46.9,
    "round_6": 48.71
  }
}