{
  "process_start_time": 1767976804.6181412,
  "process_end_time": 1767976981.0518882,
  "total_elapsed_time_seconds": 176.43,
  "rounds_time_stats": {
    "round_1": 22.51,
    "round_2": 31.5,
    "round_3": 32.11,
    "round_4": 26.56,
    "round_5": 34.2,
    "round_6": 29.54
  }
}