{
  "process_start_time": 1767889494.958463,
  "process_end_time": 1767889506.371401,
  "total_elapsed_time_seconds": 11.41,
  "rounds_time_stats": {
    "round_1": 11.41
  }
}