{
  "process_start_time": 1768116444.0281615,
  "process_end_time": 1768116650.359152,
  "total_elapsed_time_seconds": 206.33,
  "rounds_time_stats": {
    "round_1": 38.56,
    "round_2": 27.29,
    "round_3": 29.82,
    "round_4": 38.67,
    "round_5": 44.56,
    "round_6": 27.43
  }
}