{
  "process_start_time": 1767675475.9882905,
  "process_end_time": 1767675750.7981658,
  "total_elapsed_time_seconds": 274.81,
  "rounds_time_stats": {
    "round_1": 66.82,
    "round_2": 37.4,
    "round_3": 43.3,
    "round_4": 41.43,
    "round_5": 40.38,
    "round_6": 45.47
  }
}