{
  "process_start_time": 1768552385.2582889,
  "process_end_time": 1768552758.8573594,
  "total_elapsed_time_seconds": 373.6,
  "rounds_time_stats": {
    "round_1": 142.65,
    "round_2": 49.44,
    "round_3": 57.79,
    "round_4": 37.78,
    "round_5": 60.54,
    "round_6": 25.39
  }
}