{
  "process_start_time": 1767890596.505947,
  "process_end_time": 1767890694.8558657,
  "total_elapsed_time_seconds": 98.35,
  "rounds_time_stats": {
    "round_1": 38.61,
    "round_2": 59.69
  }
}