{
  "process_start_time": 1768117360.7081368,
  "process_end_time": 1768117637.5970361,
  "total_elapsed_time_seconds": 276.89,
  "rounds_time_stats": {
    "round_1": 48.71,
    "round_2": 34.9,
    "round_3": 63.84,
    "round_4": 31.77,
    "round_5": 36.4,
    "round_6": 61.28
  }
}