{
  "process_start_time": 1768555459.152524,
  "process_end_time": 1768555687.5804617,
  "total_elapsed_time_seconds": 228.43,
  "rounds_time_stats": {
    "round_1": 36.35,
    "round_2": 36.02,
    "round_3": 36.29,
    "round_4": 40.49,
    "round_5": 41.57,
    "round_6": 37.71
  }
}