{
  "process_start_time": 1768115209.1715577,
  "process_end_time": 1768115491.9556105,
  "total_elapsed_time_seconds": 282.78,
  "rounds_time_stats": {
    "round_1": 37.75,
    "round_2": 31.35,
    "round_3": 104.46,
    "round_4": 30.76,
    "round_5": 32.47,
    "round_6": 45.99
  }
}