{
  "process_start_time": 1767683252.242144,
  "process_end_time": 1767683529.155736,
  "total_elapsed_time_seconds": 276.91,
  "rounds_time_stats": {
    "round_1": 45.73,
    "round_2": 46.28,
    "round_3": 46.61,
    "round_4": 45.57,
    "round_5": 46.12,
    "round_6": 46.61
  }
}