{
  "process_start_time": 1767883951.5839977,
  "process_end_time": 1767883967.006697,
  "total_elapsed_time_seconds": 15.42,
  "rounds_time_stats": {
    "round_1": 15.42
  }
}