{
  "process_start_time": 1768114739.1078548,
  "process_end_time": 1768115010.3853548,
  "total_elapsed_time_seconds": 271.28,
  "rounds_time_stats": {
    "round_1": 49.79,
    "round_2": 40.78,
    "round_3": 45.62,
    "round_4": 37.14,
    "round_5": 47.14,
    "round_6": 50.81
  }
}