{
  "process_start_time": 1767885166.8780425,
  "process_end_time": 1767885183.238484,
  "total_elapsed_time_seconds": 16.36,
  "rounds_time_stats": {
    "round_1": 16.36
  }
}