{
  "process_start_time": 1768550415.4168699,
  "process_end_time": 1768550704.9257002,
  "total_elapsed_time_seconds": 289.51,
  "rounds_time_stats": {
    "round_1": 46.22,
    "round_2": 42.03,
    "round_3": 52.5,
    "round_4": 43.8,
    "round_5": 59.91,
    "round_6": 45.04
  }
}