{
  "process_start_time": 1767886146.5096614,
  "process_end_time": 1767886175.7579935,
  "total_elapsed_time_seconds": 29.25,
  "rounds_time_stats": {
    "round_1": 29.24
  }
}