{
  "process_start_time": 1768117066.1035125,
  "process_end_time": 1768117331.7062516,
  "total_elapsed_time_seconds": 265.6,
  "rounds_time_stats": {
    "round_1": 48.65,
    "round_2": 46.36,
    "round_3": 32.94,
    "round_4": 32.54,
    "round_5": 45.05,
    "round_6": 60.05
  }
}