{
  "process_start_time": 1768556124.9067686,
  "process_end_time": 1768556257.5708432,
  "total_elapsed_time_seconds": 132.66,
  "rounds_time_stats": {
    "round_1": 25.19,
    "round_2": 22.41,
    "round_3": 17.99,
    "round_4": 21.03,
    "round_5": 24.33,
    "round_6": 21.7
  }
}