{
  "process_start_time": 1767889010.8304346,
  "process_end_time": 1767889020.814085,
  "total_elapsed_time_seconds": 9.98,
  "rounds_time_stats": {
    "round_1": 9.98
  }
}