{
  "process_start_time": 1767679731.1262498,
  "process_end_time": 1767680018.7490344,
  "total_elapsed_time_seconds": 287.62,
  "rounds_time_stats": {
    "round_1": 44.82,
    "round_2": 51.84,
    "round_3": 47.42,
    "round_4": 46.88,
    "round_5": 48.9,
    "round_6": 47.76
  }
}