{
  "process_start_time": 1767971118.9998674,
  "process_end_time": 1767973186.881553,
  "total_elapsed_time_seconds": 2067.88,
  "rounds_time_stats": {
    "round_1": 292.52,
    "round_2": 1616.83,
    "round_3": 46.53,
    "round_4": 26.59,
    "round_5": 57.97,
    "round_6": 27.44
  }
}