{
  "process_start_time": 1767978190.8919966,
  "process_end_time": 1767978355.2569497,
  "total_elapsed_time_seconds": 164.36,
  "rounds_time_stats": {
    "round_1": 20.45,
    "round_2": 24.63,
    "round_3": 31.51,
    "round_4": 29.94,
    "round_5": 29.33,
    "round_6": 28.5
  }
}