{
  "process_start_time": 1767890113.818892,
  "process_end_time": 1767890244.1277637,
  "total_elapsed_time_seconds": 130.31,
  "rounds_time_stats": {
    "round_1": 18.47,
    "round_2": 28.08,
    "round_3": 18.72,
    "round_4": 25.28,
    "round_5": 19.92,
    "round_6": 19.83
  }
}