{
  "process_start_time": 1767890448.305584,
  "process_end_time": 1767890475.398102,
  "total_elapsed_time_seconds": 27.09,
  "rounds_time_stats": {
    "round_1": 27.08
  }
}