{
  "process_start_time": 1767678399.6916506,
  "process_end_time": 1767678669.5015671,
  "total_elapsed_time_seconds": 269.81,
  "rounds_time_stats": {
    "round_1": 38.02,
    "round_2": 33.46,
    "round_3": 48.03,
    "round_4": 58.64,
    "round_5": 49.88,
    "round_6": 41.78
  }
}