{
  "process_start_time": 1767687917.9052372,
  "process_end_time": 1767688217.2615747,
  "total_elapsed_time_seconds": 299.36,
  "rounds_time_stats": {
    "round_1": 45.72,
    "round_2": 62.34,
    "round_3": 47.21,
    "round_4": 48.3,
    "round_5": 48.85,
    "round_6": 46.93
  }
}