{
  "process_start_time": 1767683052.2990623,
  "process_end_time": 1767683286.091906,
  "total_elapsed_time_seconds": 233.79,
  "rounds_time_stats": {
    "round_1": 42.27,
    "round_2": 33.8,
    "round_3": 46.14,
    "round_4": 43.27,
    "round_5": 31.06,
    "round_6": 37.25
  }
}