{
  "process_start_time": 1767888883.0196252,
  "process_end_time": 1767888947.0625882,
  "total_elapsed_time_seconds": 64.04,
  "rounds_time_stats": {
    "round_1": 8.57,
    "round_2": 8.96,
    "round_3": 10.74,
    "round_4": 12.77,
    "round_5": 11.79,
    "round_6": 11.22
  }
}