{
  "process_start_time": 1768108226.9515522,
  "process_end_time": 1768108491.4163868,
  "total_elapsed_time_seconds": 264.46,
  "rounds_time_stats": {
    "round_1": 53.6,
    "round_2": 26.01,
    "round_3": 34.59,
    "round_4": 45.91,
    "round_5": 46.88,
    "round_6": 57.46
  }
}