{
  "process_start_time": 1767886795.3323166,
  "process_end_time": 1767886831.8625617,
  "total_elapsed_time_seconds": 36.53,
  "rounds_time_stats": {
    "round_1": 21.25,
    "round_2": 15.27
  }
}