{
  "process_start_time": 1767689417.217474,
  "process_end_time": 1767689683.5896509,
  "total_elapsed_time_seconds": 266.37,
  "rounds_time_stats": {
    "round_1": 47.61,
    "round_2": 45.79,
    "round_3": 53.11,
    "round_4": 32.47,
    "round_5": 43.04,
    "round_6": 44.35
  }
}