{
  "process_start_time": 1767882937.4412086,
  "process_end_time": 1767882955.6711855,
  "total_elapsed_time_seconds": 18.23,
  "rounds_time_stats": {
    "round_1": 18.23
  }
}