{
  "process_start_time": 1767888412.3756754,
  "process_end_time": 1767888543.991771,
  "total_elapsed_time_seconds": 131.62,
  "rounds_time_stats": {
    "round_1": 29.08,
    "round_2": 26.07,
    "round_3": 20.08,
    "round_4": 25.7,
    "round_5": 30.69
  }
}