{
  "process_start_time": 1768549937.2134914,
  "process_end_time": 1768550210.4400861,
  "total_elapsed_time_seconds": 273.23,
  "rounds_time_stats": {
    "round_1": 40.31,
    "round_2": 48.14,
    "round_3": 47.89,
    "round_4": 44.03,
    "round_5": 42.67,
    "round_6": 50.19
  }
}