{
  "process_start_time": 1768114486.977647,
  "process_end_time": 1768114771.6609726,
  "total_elapsed_time_seconds": 284.68,
  "rounds_time_stats": {
    "round_1": 34.12,
    "round_2": 49.18,
    "round_3": 47.85,
    "round_4": 53.88,
    "round_5": 49.06,
    "round_6": 50.6
  }
}