{
  "process_start_time": 1767691407.048564,
  "process_end_time": 1767691743.217002,
  "total_elapsed_time_seconds": 336.17,
  "rounds_time_stats": {
    "round_1": 88.18,
    "round_2": 60.86,
    "round_3": 43.09,
    "round_4": 48.23,
    "round_5": 49.51,
    "round_6": 46.3
  }
}