{
  "process_start_time": 1767678371.80838,
  "process_end_time": 1767678642.1830876,
  "total_elapsed_time_seconds": 270.37,
  "rounds_time_stats": {
    "round_1": 34.81,
    "round_2": 36.36,
    "round_3": 45.08,
    "round_4": 47.89,
    "round_5": 57.46,
    "round_6": 48.77
  }
}