{
  "process_start_time": 1767889620.9953692,
  "process_end_time": 1767889710.4422014,
  "total_elapsed_time_seconds": 89.45,
  "rounds_time_stats": {
    "round_1": 26.73,
    "round_2": 30.79,
    "round_3": 31.91
  }
}