{
  "process_start_time": 1767890126.5192633,
  "process_end_time": 1767890173.065694,
  "total_elapsed_time_seconds": 46.55,
  "rounds_time_stats": {
    "round_1": 25.67,
    "round_2": 20.87
  }
}