{
  "process_start_time": 1768554914.2963226,
  "process_end_time": 1768554937.777719,
  "total_elapsed_time_seconds": 23.48,
  "rounds_time_stats": {
    "round_1": 23.45,
    "round_2": 0.03
  }
}