{
  "process_start_time": 1767977646.960542,
  "process_end_time": 1767977862.634815,
  "total_elapsed_time_seconds": 215.67,
  "rounds_time_stats": {
    "round_1": 39.88,
    "round_2": 37.91,
    "round_3": 35.1,
    "round_4": 40.07,
    "round_5": 32.32,
    "round_6": 30.39
  }
}