{
  "process_start_time": 1768551229.1525595,
  "process_end_time": 1768551398.257334,
  "total_elapsed_time_seconds": 169.1,
  "rounds_time_stats": {
    "round_1": 25.02,
    "round_2": 30.44,
    "round_3": 28.9,
    "round_4": 27.07,
    "round_5": 29.1,
    "round_6": 28.57
  }
}