{
  "process_start_time": 1767687029.937327,
  "process_end_time": 1767687308.483607,
  "total_elapsed_time_seconds": 278.55,
  "rounds_time_stats": {
    "round_1": 43.17,
    "round_2": 38.2,
    "round_3": 46.43,
    "round_4": 76.57,
    "round_5": 43.07,
    "round_6": 31.1
  }
}