{
  "process_start_time": 1767973961.5390193,
  "process_end_time": 1767974392.6833394,
  "total_elapsed_time_seconds": 431.14,
  "rounds_time_stats": {
    "round_1": 75.07,
    "round_2": 95.44,
    "round_3": 58.54,
    "round_4": 67.29,
    "round_5": 77.76,
    "round_6": 57.04
  }
}