{
  "process_start_time": 1767676326.5465038,
  "process_end_time": 1767676572.9324937,
  "total_elapsed_time_seconds": 246.39,
  "rounds_time_stats": {
    "round_1": 35.33,
    "round_2": 40.05,
    "round_3": 35.3,
    "round_4": 44.82,
    "round_5": 46.34,
    "round_6": 44.55
  }
}