{
  "process_start_time": 1767889508.032243,
  "process_end_time": 1767889540.014672,
  "total_elapsed_time_seconds": 31.98,
  "rounds_time_stats": {
    "round_1": 11.78,
    "round_2": 20.17
  }
}