{
  "process_start_time": 1767685697.086937,
  "process_end_time": 1767685962.8399801,
  "total_elapsed_time_seconds": 265.75,
  "rounds_time_stats": {
    "round_1": 37.96,
    "round_2": 53.11,
    "round_3": 46.89,
    "round_4": 43.09,
    "round_5": 42.89,
    "round_6": 41.81
  }
}