{
  "process_start_time": 1768116780.159692,
  "process_end_time": 1768117032.3558974,
  "total_elapsed_time_seconds": 252.2,
  "rounds_time_stats": {
    "round_1": 30.57,
    "round_2": 27.09,
    "round_3": 54.59,
    "round_4": 50.65,
    "round_5": 45.5,
    "round_6": 43.8
  }
}