{
  "process_start_time": 1767885737.8687804,
  "process_end_time": 1767885783.2802854,
  "total_elapsed_time_seconds": 45.41,
  "rounds_time_stats": {
    "round_1": 27.84,
    "round_2": 17.57
  }
}