{
  "process_start_time": 1767682972.5617855,
  "process_end_time": 1767683251.0123262,
  "total_elapsed_time_seconds": 278.45,
  "rounds_time_stats": {
    "round_1": 46.22,
    "round_2": 46.56,
    "round_3": 47.26,
    "round_4": 44.63,
    "round_5": 46.46,
    "round_6": 47.32
  }
}