{
  "process_start_time": 1767889646.233789,
  "process_end_time": 1767889719.2618828,
  "total_elapsed_time_seconds": 73.03,
  "rounds_time_stats": {
    "round_1": 13.13,
    "round_2": 14.51,
    "round_3": 25.21,
    "round_4": 20.17
  }
}