{
  "process_start_time": 1767689961.7627306,
  "process_end_time": 1767690247.1468878,
  "total_elapsed_time_seconds": 285.38,
  "rounds_time_stats": {
    "round_1": 45.28,
    "round_2": 46.45,
    "round_3": 43.35,
    "round_4": 43.22,
    "round_5": 61.94,
    "round_6": 45.13
  }
}