{
  "process_start_time": 1768555467.778498,
  "process_end_time": 1768555506.851268,
  "total_elapsed_time_seconds": 39.07,
  "rounds_time_stats": {
    "round_1": 39.05
  }
}