{
  "process_start_time": 1767978190.8927999,
  "process_end_time": 1767978395.444153,
  "total_elapsed_time_seconds": 204.55,
  "rounds_time_stats": {
    "round_1": 24.48,
    "round_2": 34.91,
    "round_3": 37.31,
    "round_4": 39.23,
    "round_5": 34.96,
    "round_6": 33.64
  }
}