{
  "process_start_time": 1767886648.782597,
  "process_end_time": 1767886666.6616294,
  "total_elapsed_time_seconds": 17.88,
  "rounds_time_stats": {
    "round_1": 17.88
  }
}