{
  "process_start_time": 1767691407.0440006,
  "process_end_time": 1767691703.4553063,
  "total_elapsed_time_seconds": 296.41,
  "rounds_time_stats": {
    "round_1": 74.64,
    "round_2": 43.3,
    "round_3": 47.65,
    "round_4": 47.43,
    "round_5": 46.39,
    "round_6": 37.0
  }
}