{
  "process_start_time": 1767885622.6255386,
  "process_end_time": 1767885650.8125389,
  "total_elapsed_time_seconds": 28.19,
  "rounds_time_stats": {
    "round_1": 16.44,
    "round_2": 11.74
  }
}