{
  "process_start_time": 1767884236.3557105,
  "process_end_time": 1767884273.6510231,
  "total_elapsed_time_seconds": 37.3,
  "rounds_time_stats": {
    "round_1": 20.56,
    "round_2": 16.74
  }
}