{
  "process_start_time": 1768551079.4363022,
  "process_end_time": 1768551264.8159552,
  "total_elapsed_time_seconds": 185.38,
  "rounds_time_stats": {
    "round_1": 44.36,
    "round_2": 32.01,
    "round_3": 29.09,
    "round_4": 29.03,
    "round_5": 24.43,
    "round_6": 26.46
  }
}