{
  "process_start_time": 1768551396.0918922,
  "process_end_time": 1768551562.630569,
  "total_elapsed_time_seconds": 166.54,
  "rounds_time_stats": {
    "round_1": 30.13,
    "round_2": 31.2,
    "round_3": 28.0,
    "round_4": 26.77,
    "round_5": 21.98,
    "round_6": 28.45
  }
}