{
  "process_start_time": 1767883689.8257098,
  "process_end_time": 1767883719.9716096,
  "total_elapsed_time_seconds": 30.15,
  "rounds_time_stats": {
    "round_1": 30.14
  }
}