{
  "process_start_time": 1767849999.4768512,
  "process_end_time": 1767850147.505956,
  "total_elapsed_time_seconds": 148.03,
  "rounds_time_stats": {
    "round_1": 11.28,
    "round_2": 25.44,
    "round_3": 24.89,
    "round_4": 30.75,
    "round_5": 27.98,
    "round_6": 27.7
  }
}