{
  "process_start_time": 1767882908.0862904,
  "process_end_time": 1767882929.1521833,
  "total_elapsed_time_seconds": 21.07,
  "rounds_time_stats": {
    "round_1": 21.06
  }
}