{
  "process_start_time": 1768556806.2767437,
  "process_end_time": 1768556962.947866,
  "total_elapsed_time_seconds": 156.67,
  "rounds_time_stats": {
    "round_1": 31.14,
    "round_2": 26.93,
    "round_3": 21.28,
    "round_4": 28.09,
    "round_5": 22.71,
    "round_6": 26.52
  }
}