{
  "process_start_time": 1767975499.9107504,
  "process_end_time": 1767975625.0699968,
  "total_elapsed_time_seconds": 125.16,
  "rounds_time_stats": {
    "round_1": 22.35,
    "round_2": 23.2,
    "round_3": 24.55,
    "round_4": 22.07,
    "round_5": 18.07,
    "round_6": 14.92
  }
}