{
  "process_start_time": 1767890857.187443,
  "process_end_time": 1767890997.9712775,
  "total_elapsed_time_seconds": 140.78,
  "rounds_time_stats": {
    "round_1": 27.17,
    "round_2": 28.37,
    "round_3": 30.98,
    "round_4": 22.34,
    "round_5": 16.31,
    "round_6": 15.62
  }
}