{
  "process_start_time": 1767883499.8514233,
  "process_end_time": 1767883516.0630658,
  "total_elapsed_time_seconds": 16.21,
  "rounds_time_stats": {
    "round_1": 16.21
  }
}