{
  "process_start_time": 1767885825.4272854,
  "process_end_time": 1767885841.431951,
  "total_elapsed_time_seconds": 16.0,
  "rounds_time_stats": {
    "round_1": 16.0
  }
}