{
  "process_start_time": 1767884804.2200978,
  "process_end_time": 1767884825.0129623,
  "total_elapsed_time_seconds": 20.79,
  "rounds_time_stats": {
    "round_1": 20.79
  }
}