{
  "process_start_time": 1767888676.559819,
  "process_end_time": 1767888703.1846642,
  "total_elapsed_time_seconds": 26.62,
  "rounds_time_stats": {
    "round_1": 26.62
  }
}