{
  "process_start_time": 1767889824.710276,
  "process_end_time": 1767889837.179184,
  "total_elapsed_time_seconds": 12.47,
  "rounds_time_stats": {
    "round_1": 12.47
  }
}