{
  "process_start_time": 1767889176.9592502,
  "process_end_time": 1767889312.960145,
  "total_elapsed_time_seconds": 136.0,
  "rounds_time_stats": {
    "round_1": 21.12,
    "round_2": 25.22,
    "round_3": 22.0,
    "round_4": 22.46,
    "round_5": 24.47,
    "round_6": 20.72
  }
}