{
  "process_start_time": 1767884543.1835392,
  "process_end_time": 1767884667.8531678,
  "total_elapsed_time_seconds": 124.67,
  "rounds_time_stats": {
    "round_1": 31.58,
    "round_2": 17.27,
    "round_3": 19.04,
    "round_4": 15.69,
    "round_5": 25.25,
    "round_6": 15.83
  }
}