{
  "process_start_time": 1767884479.7721477,
  "process_end_time": 1767884804.1990612,
  "total_elapsed_time_seconds": 324.43,
  "rounds_time_stats": {
    "round_1": 40.73,
    "round_2": 90.7,
    "round_3": 92.13,
    "round_4": 41.44,
    "round_5": 59.4
  }
}