{
  "process_start_time": 1767887021.1649718,
  "process_end_time": 1767887074.3170393,
  "total_elapsed_time_seconds": 53.15,
  "rounds_time_stats": {
    "round_1": 53.07
  }
}