{
  "process_start_time": 1768550746.497489,
  "process_end_time": 1768551007.9210505,
  "total_elapsed_time_seconds": 261.42,
  "rounds_time_stats": {
    "round_1": 46.01,
    "round_2": 40.64,
    "round_3": 42.74,
    "round_4": 58.2,
    "round_5": 42.65,
    "round_6": 31.18
  }
}