{
  "process_start_time": 1767890610.3230398,
  "process_end_time": 1767890748.616459,
  "total_elapsed_time_seconds": 138.29,
  "rounds_time_stats": {
    "round_1": 18.0,
    "round_2": 23.21,
    "round_3": 24.74,
    "round_4": 26.36,
    "round_5": 22.71,
    "round_6": 23.24
  }
}