{
  "process_start_time": 1767685831.476254,
  "process_end_time": 1767686057.0010107,
  "total_elapsed_time_seconds": 225.52,
  "rounds_time_stats": {
    "round_1": 44.78,
    "round_2": 60.28,
    "round_3": 37.13,
    "round_4": 37.87,
    "round_5": 28.38,
    "round_6": 17.07
  }
}