{
  "process_start_time": 1767890438.8042526,
  "process_end_time": 1767890472.7191756,
  "total_elapsed_time_seconds": 33.91,
  "rounds_time_stats": {
    "round_1": 33.91
  }
}