{
  "process_start_time": 1768116679.3173795,
  "process_end_time": 1768116959.6014352,
  "total_elapsed_time_seconds": 280.28,
  "rounds_time_stats": {
    "round_1": 43.76,
    "round_2": 48.01,
    "round_3": 43.73,
    "round_4": 45.78,
    "round_5": 47.17,
    "round_6": 51.83
  }
}