{
  "process_start_time": 1767976135.2681692,
  "process_end_time": 1767976318.3375003,
  "total_elapsed_time_seconds": 183.07,
  "rounds_time_stats": {
    "round_1": 28.37,
    "round_2": 33.12,
    "round_3": 27.35,
    "round_4": 36.3,
    "round_5": 31.29,
    "round_6": 26.63
  }
}