{
  "process_start_time": 1767978402.8380852,
  "process_end_time": 1767978622.0374782,
  "total_elapsed_time_seconds": 219.2,
  "rounds_time_stats": {
    "round_1": 31.42,
    "round_2": 34.2,
    "round_3": 43.44,
    "round_4": 32.23,
    "round_5": 41.08,
    "round_6": 36.83
  }
}