{
  "process_start_time": 1767682370.305544,
  "process_end_time": 1767682672.0099363,
  "total_elapsed_time_seconds": 301.7,
  "rounds_time_stats": {
    "round_1": 59.01,
    "round_2": 48.41,
    "round_3": 55.71,
    "round_4": 43.09,
    "round_5": 48.74,
    "round_6": 46.74
  }
}