{
  "process_start_time": 1767883651.715636,
  "process_end_time": 1767883828.368094,
  "total_elapsed_time_seconds": 176.65,
  "rounds_time_stats": {
    "round_1": 14.3,
    "round_2": 24.31,
    "round_3": 36.81,
    "round_4": 39.25,
    "round_5": 28.7,
    "round_6": 33.29
  }
}