{
  "process_start_time": 1767886006.160085,
  "process_end_time": 1767886166.9464378,
  "total_elapsed_time_seconds": 160.79,
  "rounds_time_stats": {
    "round_1": 25.43,
    "round_2": 35.43,
    "round_3": 22.82,
    "round_4": 32.17,
    "round_5": 22.32,
    "round_6": 22.62
  }
}