{
  "process_start_time": 1767889647.4263425,
  "process_end_time": 1767889755.2234855,
  "total_elapsed_time_seconds": 107.8,
  "rounds_time_stats": {
    "round_1": 15.36,
    "round_2": 18.07,
    "round_3": 22.85,
    "round_4": 51.49
  }
}