{
  "process_start_time": 1768549937.2129295,
  "process_end_time": 1768550210.7289195,
  "total_elapsed_time_seconds": 273.52,
  "rounds_time_stats": {
    "round_1": 43.92,
    "round_2": 47.5,
    "round_3": 41.48,
    "round_4": 45.66,
    "round_5": 45.35,
    "round_6": 49.6
  }
}