{
  "process_start_time": 1767886414.4178925,
  "process_end_time": 1767886440.9817524,
  "total_elapsed_time_seconds": 26.56,
  "rounds_time_stats": {
    "round_1": 26.56
  }
}