{
  "process_start_time": 1767888960.707367,
  "process_end_time": 1767889075.8906653,
  "total_elapsed_time_seconds": 115.18,
  "rounds_time_stats": {
    "round_1": 17.62,
    "round_2": 19.28,
    "round_3": 19.53,
    "round_4": 16.1,
    "round_5": 23.5,
    "round_6": 19.15
  }
}