{
  "process_start_time": 1767974041.8068585,
  "process_end_time": 1767974320.9444456,
  "total_elapsed_time_seconds": 279.14,
  "rounds_time_stats": {
    "round_1": 45.77,
    "round_2": 43.25,
    "round_3": 59.58,
    "round_4": 37.0,
    "round_5": 42.8,
    "round_6": 50.74
  }
}