{
  "process_start_time": 1767890627.3032959,
  "process_end_time": 1767890876.5181231,
  "total_elapsed_time_seconds": 249.21,
  "rounds_time_stats": {
    "round_1": 39.59,
    "round_2": 39.02,
    "round_3": 40.83,
    "round_4": 43.5,
    "round_5": 47.27,
    "round_6": 39.02
  }
}