{
  "process_start_time": 1767885908.403077,
  "process_end_time": 1767886005.3234403,
  "total_elapsed_time_seconds": 96.92,
  "rounds_time_stats": {
    "round_1": 23.66,
    "round_2": 31.89,
    "round_3": 41.35
  }
}