{
  "process_start_time": 1767883640.2991595,
  "process_end_time": 1767883891.9169269,
  "total_elapsed_time_seconds": 251.62,
  "rounds_time_stats": {
    "round_1": 30.42,
    "round_2": 32.88,
    "round_3": 36.71,
    "round_4": 47.34,
    "round_5": 48.1,
    "round_6": 56.15
  }
}