{
  "process_start_time": 1767682966.467505,
  "process_end_time": 1767683218.7219622,
  "total_elapsed_time_seconds": 252.25,
  "rounds_time_stats": {
    "round_1": 38.97,
    "round_2": 39.47,
    "round_3": 35.28,
    "round_4": 49.01,
    "round_5": 43.64,
    "round_6": 45.88
  }
}