{
  "process_start_time": 1767975456.455766,
  "process_end_time": 1767975614.0771935,
  "total_elapsed_time_seconds": 157.62,
  "rounds_time_stats": {
    "round_1": 30.64,
    "round_2": 40.37,
    "round_3": 30.49,
    "round_4": 21.31,
    "round_5": 16.7,
    "round_6": 18.1
  }
}