{
  "process_start_time": 1767675543.3019974,
  "process_end_time": 1767675790.083754,
  "total_elapsed_time_seconds": 246.78,
  "rounds_time_stats": {
    "round_1": 43.96,
    "round_2": 36.36,
    "round_3": 41.33,
    "round_4": 40.56,
    "round_5": 44.94,
    "round_6": 39.62
  }
}