{
  "process_start_time": 1767885972.266075,
  "process_end_time": 1767886101.783753,
  "total_elapsed_time_seconds": 129.52,
  "rounds_time_stats": {
    "round_1": 19.26,
    "round_2": 18.29,
    "round_3": 22.12,
    "round_4": 26.2,
    "round_5": 27.08,
    "round_6": 16.56
  }
}