{
  "process_start_time": 1768109491.7440605,
  "process_end_time": 1768109733.9095428,
  "total_elapsed_time_seconds": 242.17,
  "rounds_time_stats": {
    "round_1": 38.05,
    "round_2": 32.58,
    "round_3": 47.49,
    "round_4": 47.83,
    "round_5": 42.82,
    "round_6": 33.39
  }
}