{
  "process_start_time": 1767887599.1793003,
  "process_end_time": 1767887635.3782105,
  "total_elapsed_time_seconds": 36.2,
  "rounds_time_stats": {
    "round_1": 36.16
  }
}