{
  "process_start_time": 1767974335.1702259,
  "process_end_time": 1767974732.5486355,
  "total_elapsed_time_seconds": 397.38,
  "rounds_time_stats": {
    "round_1": 58.25,
    "round_2": 68.61,
    "round_3": 40.03,
    "round_4": 104.33,
    "round_5": 43.44,
    "round_6": 82.73
  }
}