{
  "process_start_time": 1767969499.7429905,
  "process_end_time": 1767969810.4113955,
  "total_elapsed_time_seconds": 310.67,
  "rounds_time_stats": {
    "round_1": 34.89,
    "round_2": 53.06,
    "round_3": 67.21,
    "round_4": 34.87,
    "round_5": 53.6,
    "round_6": 67.04
  }
}