{
  "process_start_time": 1767977458.8023758,
  "process_end_time": 1767977637.0714364,
  "total_elapsed_time_seconds": 178.27,
  "rounds_time_stats": {
    "round_1": 29.87,
    "round_2": 23.24,
    "round_3": 30.85,
    "round_4": 28.8,
    "round_5": 32.63,
    "round_6": 32.88
  }
}