{
  "process_start_time": 1767887342.9318786,
  "process_end_time": 1767887368.640938,
  "total_elapsed_time_seconds": 25.71,
  "rounds_time_stats": {
    "round_1": 25.63
  }
}