{
  "process_start_time": 1767681160.0224118,
  "process_end_time": 1767681436.2198718,
  "total_elapsed_time_seconds": 276.2,
  "rounds_time_stats": {
    "round_1": 44.41,
    "round_2": 39.76,
    "round_3": 44.56,
    "round_4": 42.28,
    "round_5": 48.38,
    "round_6": 56.81
  }
}