{
  "process_start_time": 1767886465.166274,
  "process_end_time": 1767886661.9041526,
  "total_elapsed_time_seconds": 196.74,
  "rounds_time_stats": {
    "round_1": 24.78,
    "round_2": 30.4,
    "round_3": 31.34,
    "round_4": 36.36,
    "round_5": 38.44,
    "round_6": 35.41
  }
}