{
  "process_start_time": 1767675770.983479,
  "process_end_time": 1767676109.926455,
  "total_elapsed_time_seconds": 338.94,
  "rounds_time_stats": {
    "round_1": 48.17,
    "round_2": 72.45,
    "round_3": 60.58,
    "round_4": 48.55,
    "round_5": 44.66,
    "round_6": 64.54
  }
}