{
  "process_start_time": 1768116380.2989442,
  "process_end_time": 1768116629.998897,
  "total_elapsed_time_seconds": 249.7,
  "rounds_time_stats": {
    "round_1": 25.93,
    "round_2": 37.46,
    "round_3": 44.03,
    "round_4": 55.31,
    "round_5": 40.74,
    "round_6": 46.22
  }
}