{
  "process_start_time": 1767889193.935631,
  "process_end_time": 1767889356.1337454,
  "total_elapsed_time_seconds": 162.2,
  "rounds_time_stats": {
    "round_1": 21.54,
    "round_2": 18.73,
    "round_3": 32.31,
    "round_4": 35.68,
    "round_5": 25.11,
    "round_6": 28.83
  }
}