{
  "process_start_time": 1768108111.7622428,
  "process_end_time": 1768108418.6793022,
  "total_elapsed_time_seconds": 306.92,
  "rounds_time_stats": {
    "round_1": 47.39,
    "round_2": 37.92,
    "round_3": 72.49,
    "round_4": 57.84,
    "round_5": 43.41,
    "round_6": 47.87
  }
}