{
  "process_start_time": 1767691988.9862986,
  "process_end_time": 1767692212.1283555,
  "total_elapsed_time_seconds": 223.14,
  "rounds_time_stats": {
    "round_1": 52.72,
    "round_2": 40.3,
    "round_3": 32.68,
    "round_4": 29.88,
    "round_5": 44.58,
    "round_6": 22.97
  }
}