{
  "process_start_time": 1767885683.1613448,
  "process_end_time": 1767885755.7813704,
  "total_elapsed_time_seconds": 72.62,
  "rounds_time_stats": {
    "round_1": 26.48,
    "round_2": 24.62,
    "round_3": 21.5
  }
}