{
  "process_start_time": 1767890188.0400257,
  "process_end_time": 1767890217.720815,
  "total_elapsed_time_seconds": 29.68,
  "rounds_time_stats": {
    "round_1": 29.65
  }
}