{
  "process_start_time": 1767886770.451039,
  "process_end_time": 1767886826.6191015,
  "total_elapsed_time_seconds": 56.17,
  "rounds_time_stats": {
    "round_1": 18.04,
    "round_2": 18.7,
    "round_3": 19.42
  }
}