{
  "process_start_time": 1767885318.5989892,
  "process_end_time": 1767885362.1923134,
  "total_elapsed_time_seconds": 43.59,
  "rounds_time_stats": {
    "round_1": 43.56
  }
}