{
  "process_start_time": 1767882890.734729,
  "process_end_time": 1767883067.340488,
  "total_elapsed_time_seconds": 176.61,
  "rounds_time_stats": {
    "round_1": 25.9,
    "round_2": 25.71,
    "round_3": 35.72,
    "round_4": 21.46,
    "round_5": 34.95,
    "round_6": 32.86
  }
}