{
  "process_start_time": 1767687862.3048391,
  "process_end_time": 1767688153.132716,
  "total_elapsed_time_seconds": 290.83,
  "rounds_time_stats": {
    "round_1": 44.19,
    "round_2": 39.82,
    "round_3": 48.41,
    "round_4": 63.46,
    "round_5": 45.65,
    "round_6": 49.3
  }
}