{
  "process_start_time": 1767688399.3746195,
  "process_end_time": 1767688724.9778728,
  "total_elapsed_time_seconds": 325.6,
  "rounds_time_stats": {
    "round_1": 58.36,
    "round_2": 51.18,
    "round_3": 48.21,
    "round_4": 50.78,
    "round_5": 50.28,
    "round_6": 66.8
  }
}