{
  "process_start_time": 1767888443.3490825,
  "process_end_time": 1767888459.498398,
  "total_elapsed_time_seconds": 16.15,
  "rounds_time_stats": {
    "round_1": 16.13
  }
}