{
  "process_start_time": 1767679192.2566185,
  "process_end_time": 1767679461.726609,
  "total_elapsed_time_seconds": 269.47,
  "rounds_time_stats": {
    "round_1": 45.89,
    "round_2": 45.18,
    "round_3": 47.04,
    "round_4": 43.26,
    "round_5": 47.94,
    "round_6": 40.16
  }
}