{
  "process_start_time": 1767676573.45436,
  "process_end_time": 1767676828.5578566,
  "total_elapsed_time_seconds": 255.1,
  "rounds_time_stats": {
    "round_1": 42.86,
    "round_2": 44.25,
    "round_3": 50.12,
    "round_4": 41.24,
    "round_5": 44.22,
    "round_6": 32.41
  }
}