{
  "process_start_time": 1767976317.9053488,
  "process_end_time": 1767976479.879546,
  "total_elapsed_time_seconds": 161.97,
  "rounds_time_stats": {
    "round_1": 23.77,
    "round_2": 27.64,
    "round_3": 17.88,
    "round_4": 32.87,
    "round_5": 25.06,
    "round_6": 34.76
  }
}