{
  "process_start_time": 1767889025.4410808,
  "process_end_time": 1767889166.5124435,
  "total_elapsed_time_seconds": 141.07,
  "rounds_time_stats": {
    "round_1": 18.99,
    "round_2": 19.1,
    "round_3": 26.06,
    "round_4": 31.76,
    "round_5": 25.34,
    "round_6": 19.82
  }
}