{
  "process_start_time": 1767886825.3072302,
  "process_end_time": 1767886909.7653325,
  "total_elapsed_time_seconds": 84.46,
  "rounds_time_stats": {
    "round_1": 17.55,
    "round_2": 33.36,
    "round_3": 33.52
  }
}