{
  "process_start_time": 1767977851.6694102,
  "process_end_time": 1767978013.2895954,
  "total_elapsed_time_seconds": 161.62,
  "rounds_time_stats": {
    "round_1": 29.62,
    "round_2": 29.89,
    "round_3": 23.54,
    "round_4": 30.29,
    "round_5": 22.47,
    "round_6": 25.81
  }
}