{
  "process_start_time": 1767676294.8066583,
  "process_end_time": 1767676588.8990808,
  "total_elapsed_time_seconds": 294.09,
  "rounds_time_stats": {
    "round_1": 50.77,
    "round_2": 43.43,
    "round_3": 48.51,
    "round_4": 42.82,
    "round_5": 48.56,
    "round_6": 60.0
  }
}