{
  "process_start_time": 1767971364.2475743,
  "process_end_time": 1767973117.2487907,
  "total_elapsed_time_seconds": 1753.0,
  "rounds_time_stats": {
    "round_1": 107.72,
    "round_2": 1549.2,
    "round_3": 27.44,
    "round_4": 27.1,
    "round_5": 21.23,
    "round_6": 20.3
  }
}