{
  "process_start_time": 1767884330.3945742,
  "process_end_time": 1767884382.4030352,
  "total_elapsed_time_seconds": 52.01,
  "rounds_time_stats": {
    "round_1": 19.72,
    "round_2": 24.42,
    "round_3": 7.86
  }
}