{
  "process_start_time": 1767888288.712873,
  "process_end_time": 1767888377.3240776,
  "total_elapsed_time_seconds": 88.61,
  "rounds_time_stats": {
    "round_1": 18.62,
    "round_2": 13.72,
    "round_3": 13.02,
    "round_4": 15.47,
    "round_5": 17.66,
    "round_6": 10.13
  }
}