{
  "process_start_time": 1767679426.358427,
  "process_end_time": 1767679467.9071777,
  "total_elapsed_time_seconds": 41.55,
  "rounds_time_stats": {
    "round_1": 41.52
  }
}