{
  "process_start_time": 1767885820.4794893,
  "process_end_time": 1767886003.8352945,
  "total_elapsed_time_seconds": 183.36,
  "rounds_time_stats": {
    "round_1": 27.72,
    "round_2": 23.79,
    "round_3": 32.73,
    "round_4": 30.02,
    "round_5": 34.91,
    "round_6": 34.18
  }
}