{
  "process_start_time": 1767678073.945732,
  "process_end_time": 1767678371.8070686,
  "total_elapsed_time_seconds": 297.86,
  "rounds_time_stats": {
    "round_1": 83.59,
    "round_2": 34.93,
    "round_3": 45.92,
    "round_4": 38.63,
    "round_5": 50.34,
    "round_6": 44.45
  }
}