{
  "process_start_time": 1767889357.1945863,
  "process_end_time": 1767889427.2144241,
  "total_elapsed_time_seconds": 70.02,
  "rounds_time_stats": {
    "round_1": 30.15,
    "round_2": 39.85
  }
}