{
  "process_start_time": 1767882890.731298,
  "process_end_time": 1767882917.8420694,
  "total_elapsed_time_seconds": 27.11,
  "rounds_time_stats": {
    "round_1": 27.09
  }
}