{
  "process_start_time": 1767890103.2475653,
  "process_end_time": 1767890272.0737984,
  "total_elapsed_time_seconds": 168.83,
  "rounds_time_stats": {
    "round_1": 21.26,
    "round_2": 31.1,
    "round_3": 37.76,
    "round_4": 26.24,
    "round_5": 26.92,
    "round_6": 25.55
  }
}