{
  "process_start_time": 1767676875.7910135,
  "process_end_time": 1767677178.3750837,
  "total_elapsed_time_seconds": 302.58,
  "rounds_time_stats": {
    "round_1": 45.37,
    "round_2": 61.24,
    "round_3": 48.2,
    "round_4": 51.61,
    "round_5": 33.41,
    "round_6": 62.74
  }
}