{
  "process_start_time": 1767676904.7108676,
  "process_end_time": 1767677163.6102786,
  "total_elapsed_time_seconds": 258.9,
  "rounds_time_stats": {
    "round_1": 43.17,
    "round_2": 45.55,
    "round_3": 36.25,
    "round_4": 44.39,
    "round_5": 41.73,
    "round_6": 47.81
  }
}