{
  "process_start_time": 1768107778.4727206,
  "process_end_time": 1768108012.643121,
  "total_elapsed_time_seconds": 234.17,
  "rounds_time_stats": {
    "round_1": 29.73,
    "round_2": 33.95,
    "round_3": 40.17,
    "round_4": 46.35,
    "round_5": 44.63,
    "round_6": 39.34
  }
}