{
  "process_start_time": 1767885328.5366833,
  "process_end_time": 1767885457.883821,
  "total_elapsed_time_seconds": 129.35,
  "rounds_time_stats": {
    "round_1": 18.64,
    "round_2": 22.78,
    "round_3": 19.88,
    "round_4": 22.55,
    "round_5": 21.91,
    "round_6": 23.59
  }
}