{
  "process_start_time": 1767975762.4382405,
  "process_end_time": 1767975931.3923938,
  "total_elapsed_time_seconds": 168.95,
  "rounds_time_stats": {
    "round_1": 27.54,
    "round_2": 23.46,
    "round_3": 29.11,
    "round_4": 31.38,
    "round_5": 32.46,
    "round_6": 24.99
  }
}