{
  "process_start_time": 1768554982.5095372,
  "process_end_time": 1768555143.8721735,
  "total_elapsed_time_seconds": 161.36,
  "rounds_time_stats": {
    "round_1": 28.3,
    "round_2": 26.05,
    "round_3": 23.15,
    "round_4": 29.29,
    "round_5": 27.13,
    "round_6": 27.45
  }
}