{
  "process_start_time": 1767885407.6595507,
  "process_end_time": 1767885436.2767425,
  "total_elapsed_time_seconds": 28.62,
  "rounds_time_stats": {
    "round_1": 28.61
  }
}