{
  "process_start_time": 1767887498.7286873,
  "process_end_time": 1767887520.2248678,
  "total_elapsed_time_seconds": 21.5,
  "rounds_time_stats": {
    "round_1": 21.49
  }
}