{
  "process_start_time": 1767886916.914106,
  "process_end_time": 1767887047.825428,
  "total_elapsed_time_seconds": 130.91,
  "rounds_time_stats": {
    "round_1": 16.46,
    "round_2": 19.08,
    "round_3": 22.94,
    "round_4": 23.41,
    "round_5": 23.62,
    "round_6": 25.4
  }
}