{
  "process_start_time": 1767886230.490503,
  "process_end_time": 1767886257.281876,
  "total_elapsed_time_seconds": 26.79,
  "rounds_time_stats": {
    "round_1": 26.79
  }
}