{
  "process_start_time": 1767689100.670986,
  "process_end_time": 1767689402.165055,
  "total_elapsed_time_seconds": 301.49,
  "rounds_time_stats": {
    "round_1": 64.68,
    "round_2": 47.38,
    "round_3": 46.33,
    "round_4": 49.12,
    "round_5": 48.56,
    "round_6": 45.42
  }
}