{
  "process_start_time": 1767889907.582375,
  "process_end_time": 1767890041.332273,
  "total_elapsed_time_seconds": 133.75,
  "rounds_time_stats": {
    "round_1": 18.85,
    "round_2": 16.02,
    "round_3": 17.3,
    "round_4": 26.35,
    "round_5": 28.89,
    "round_6": 26.33
  }
}