{
  "process_start_time": 1767976973.5999374,
  "process_end_time": 1767977163.7041473,
  "total_elapsed_time_seconds": 190.1,
  "rounds_time_stats": {
    "round_1": 36.51,
    "round_2": 23.35,
    "round_3": 46.48,
    "round_4": 23.68,
    "round_5": 23.09,
    "round_6": 36.99
  }
}