{
  "process_start_time": 1767889423.3755221,
  "process_end_time": 1767889507.7085047,
  "total_elapsed_time_seconds": 84.33,
  "rounds_time_stats": {
    "round_1": 7.95,
    "round_2": 15.86,
    "round_3": 17.39,
    "round_4": 17.88,
    "round_5": 15.42,
    "round_6": 9.82
  }
}