{
  "process_start_time": 1768549937.2176514,
  "process_end_time": 1768550224.5473676,
  "total_elapsed_time_seconds": 287.33,
  "rounds_time_stats": {
    "round_1": 43.25,
    "round_2": 62.7,
    "round_3": 42.37,
    "round_4": 45.03,
    "round_5": 47.78,
    "round_6": 46.21
  }
}