{
  "process_start_time": 1767888728.0476615,
  "process_end_time": 1767888761.0749025,
  "total_elapsed_time_seconds": 33.03,
  "rounds_time_stats": {
    "round_1": 16.4,
    "round_2": 16.62
  }
}