{
  "process_start_time": 1767889671.6787786,
  "process_end_time": 1767889706.8730648,
  "total_elapsed_time_seconds": 35.19,
  "rounds_time_stats": {
    "round_1": 35.17
  }
}