{
  "process_start_time": 1767974022.7827177,
  "process_end_time": 1767974394.651076,
  "total_elapsed_time_seconds": 371.87,
  "rounds_time_stats": {
    "round_1": 65.28,
    "round_2": 71.0,
    "round_3": 56.46,
    "round_4": 43.19,
    "round_5": 79.75,
    "round_6": 56.17
  }
}