{
  "process_start_time": 1768550689.7259526,
  "process_end_time": 1768550949.7041001,
  "total_elapsed_time_seconds": 259.98,
  "rounds_time_stats": {
    "round_1": 44.28,
    "round_2": 42.88,
    "round_3": 42.75,
    "round_4": 43.64,
    "round_5": 44.31,
    "round_6": 42.12
  }
}