{
  "process_start_time": 1768114486.9928458,
  "process_end_time": 1768114753.2485123,
  "total_elapsed_time_seconds": 266.26,
  "rounds_time_stats": {
    "round_1": 27.33,
    "round_2": 39.23,
    "round_3": 47.78,
    "round_4": 47.97,
    "round_5": 54.22,
    "round_6": 49.72
  }
}