{
  "process_start_time": 1767889156.366156,
  "process_end_time": 1767889193.4321783,
  "total_elapsed_time_seconds": 37.07,
  "rounds_time_stats": {
    "round_1": 37.05
  }
}