{
  "process_start_time": 1767684971.2966852,
  "process_end_time": 1767685226.3795862,
  "total_elapsed_time_seconds": 255.08,
  "rounds_time_stats": {
    "round_1": 32.27,
    "round_2": 45.37,
    "round_3": 31.43,
    "round_4": 47.26,
    "round_5": 36.6,
    "round_6": 62.16
  }
}