{
  "process_start_time": 1767887259.1017568,
  "process_end_time": 1767887319.2123184,
  "total_elapsed_time_seconds": 60.11,
  "rounds_time_stats": {
    "round_1": 33.85,
    "round_2": 26.25
  }
}