{
  "process_start_time": 1767977646.4296858,
  "process_end_time": 1767977851.6684265,
  "total_elapsed_time_seconds": 205.24,
  "rounds_time_stats": {
    "round_1": 40.42,
    "round_2": 39.5,
    "round_3": 32.18,
    "round_4": 33.0,
    "round_5": 26.86,
    "round_6": 33.27
  }
}