{
  "process_start_time": 1767685790.47631,
  "process_end_time": 1767686039.8243306,
  "total_elapsed_time_seconds": 249.35,
  "rounds_time_stats": {
    "round_1": 44.9,
    "round_2": 41.02,
    "round_3": 43.29,
    "round_4": 57.5,
    "round_5": 32.78,
    "round_6": 29.85
  }
}