{
  "process_start_time": 1767883916.4318352,
  "process_end_time": 1767884138.1806085,
  "total_elapsed_time_seconds": 221.75,
  "rounds_time_stats": {
    "round_1": 37.73,
    "round_2": 38.89,
    "round_3": 40.49,
    "round_4": 34.01,
    "round_5": 36.04,
    "round_6": 34.58
  }
}