{
  "process_start_time": 1767687562.144553,
  "process_end_time": 1767687831.2392294,
  "total_elapsed_time_seconds": 269.09,
  "rounds_time_stats": {
    "round_1": 43.23,
    "round_2": 44.84,
    "round_3": 44.0,
    "round_4": 44.71,
    "round_5": 48.01,
    "round_6": 44.31
  }
}