{
  "process_start_time": 1767890143.1361804,
  "process_end_time": 1767890226.8212028,
  "total_elapsed_time_seconds": 83.69,
  "rounds_time_stats": {
    "round_1": 21.11,
    "round_2": 14.85,
    "round_3": 25.14,
    "round_4": 22.58
  }
}