{
  "process_start_time": 1767888145.2791152,
  "process_end_time": 1767888158.9006433,
  "total_elapsed_time_seconds": 13.62,
  "rounds_time_stats": {
    "round_1": 13.62
  }
}