{
  "process_start_time": 1767890282.9670403,
  "process_end_time": 1767890299.0097725,
  "total_elapsed_time_seconds": 16.04,
  "rounds_time_stats": {
    "round_1": 16.04
  }
}