{
  "process_start_time": 1767676859.3149714,
  "process_end_time": 1767677129.1092234,
  "total_elapsed_time_seconds": 269.79,
  "rounds_time_stats": {
    "round_1": 44.98,
    "round_2": 44.22,
    "round_3": 45.01,
    "round_4": 50.47,
    "round_5": 40.99,
    "round_6": 44.12
  }
}