{
  "process_start_time": 1767971140.7759962,
  "process_end_time": 1767971408.7094023,
  "total_elapsed_time_seconds": 267.93,
  "rounds_time_stats": {
    "round_1": 146.73,
    "round_2": 121.19
  }
}