{
  "process_start_time": 1767849999.4758403,
  "process_end_time": 1767850166.0542195,
  "total_elapsed_time_seconds": 166.58,
  "rounds_time_stats": {
    "round_1": 21.03,
    "round_2": 37.65,
    "round_3": 23.03,
    "round_4": 28.22,
    "round_5": 21.63,
    "round_6": 35.02
  }
}