{
  "process_start_time": 1767978777.4295108,
  "process_end_time": 1767978960.283839,
  "total_elapsed_time_seconds": 182.85,
  "rounds_time_stats": {
    "round_1": 28.88,
    "round_2": 28.45,
    "round_3": 33.93,
    "round_4": 28.69,
    "round_5": 31.16,
    "round_6": 31.75
  }
}