{
  "process_start_time": 1767884887.997177,
  "process_end_time": 1767884912.750456,
  "total_elapsed_time_seconds": 24.75,
  "rounds_time_stats": {
    "round_1": 24.75
  }
}