{
  "process_start_time": 1768550177.8587847,
  "process_end_time": 1768550445.8056521,
  "total_elapsed_time_seconds": 267.95,
  "rounds_time_stats": {
    "round_1": 48.11,
    "round_2": 41.55,
    "round_3": 42.15,
    "round_4": 43.65,
    "round_5": 47.47,
    "round_6": 45.02
  }
}