{
  "process_start_time": 1767886798.5716805,
  "process_end_time": 1767886830.0023065,
  "total_elapsed_time_seconds": 31.43,
  "rounds_time_stats": {
    "round_1": 31.43
  }
}