{
  "process_start_time": 1767692246.0019538,
  "process_end_time": 1767692440.1588228,
  "total_elapsed_time_seconds": 194.16,
  "rounds_time_stats": {
    "round_1": 40.04,
    "round_2": 43.07,
    "round_3": 31.25,
    "round_4": 30.88,
    "round_5": 25.69,
    "round_6": 23.22
  }
}