{
  "process_start_time": 1767890191.7445555,
  "process_end_time": 1767890229.7234786,
  "total_elapsed_time_seconds": 37.98,
  "rounds_time_stats": {
    "round_1": 37.95
  }
}