{
  "process_start_time": 1767888038.043986,
  "process_end_time": 1767888080.7197561,
  "total_elapsed_time_seconds": 42.68,
  "rounds_time_stats": {
    "round_1": 22.7,
    "round_2": 19.98
  }
}