{
  "process_start_time": 1767976490.9762237,
  "process_end_time": 1767976671.0385141,
  "total_elapsed_time_seconds": 180.06,
  "rounds_time_stats": {
    "round_1": 27.42,
    "round_2": 27.84,
    "round_3": 29.58,
    "round_4": 29.87,
    "round_5": 38.24,
    "round_6": 27.11
  }
}