{
  "process_start_time": 1767890383.8174443,
  "process_end_time": 1767890406.910548,
  "total_elapsed_time_seconds": 23.09,
  "rounds_time_stats": {
    "round_1": 23.09
  }
}