{
  "process_start_time": 1768108196.24518,
  "process_end_time": 1768108431.8009849,
  "total_elapsed_time_seconds": 235.56,
  "rounds_time_stats": {
    "round_1": 37.81,
    "round_2": 35.66,
    "round_3": 43.68,
    "round_4": 40.55,
    "round_5": 33.42,
    "round_6": 44.44
  }
}