{
  "process_start_time": 1768551407.2389493,
  "process_end_time": 1768551555.954556,
  "total_elapsed_time_seconds": 148.72,
  "rounds_time_stats": {
    "round_1": 21.16,
    "round_2": 27.68,
    "round_3": 27.99,
    "round_4": 28.74,
    "round_5": 21.16,
    "round_6": 21.99
  }
}