{
  "process_start_time": 1768108554.1913204,
  "process_end_time": 1768108774.9901264,
  "total_elapsed_time_seconds": 220.8,
  "rounds_time_stats": {
    "round_1": 36.9,
    "round_2": 33.68,
    "round_3": 27.84,
    "round_4": 32.79,
    "round_5": 41.45,
    "round_6": 48.13
  }
}