{
  "process_start_time": 1767685226.3805006,
  "process_end_time": 1767685485.566085,
  "total_elapsed_time_seconds": 259.19,
  "rounds_time_stats": {
    "round_1": 35.99,
    "round_2": 39.88,
    "round_3": 45.96,
    "round_4": 41.93,
    "round_5": 45.4,
    "round_6": 50.02
  }
}