{
  "process_start_time": 1767883557.0145712,
  "process_end_time": 1767883582.6973932,
  "total_elapsed_time_seconds": 25.68,
  "rounds_time_stats": {
    "round_1": 25.68
  }
}