{
  "process_start_time": 1767883077.9482908,
  "process_end_time": 1767883100.8465135,
  "total_elapsed_time_seconds": 22.9,
  "rounds_time_stats": {
    "round_1": 22.89
  }
}