{
  "process_start_time": 1767884381.6371987,
  "process_end_time": 1767884503.2441072,
  "total_elapsed_time_seconds": 121.61,
  "rounds_time_stats": {
    "round_1": 16.48,
    "round_2": 26.92,
    "round_3": 18.25,
    "round_4": 15.93,
    "round_5": 21.47,
    "round_6": 22.56
  }
}