{
  "process_start_time": 1768107999.71439,
  "process_end_time": 1768108004.8794005,
  "total_elapsed_time_seconds": 5.17,
  "rounds_time_stats": {
    "round_1": 5.16
  }
}