{
  "process_start_time": 1767883257.14326,
  "process_end_time": 1767883345.1361642,
  "total_elapsed_time_seconds": 87.99,
  "rounds_time_stats": {
    "round_1": 27.64,
    "round_2": 26.3,
    "round_3": 34.06
  }
}