{
  "process_start_time": 1767890461.4354153,
  "process_end_time": 1767890482.2870584,
  "total_elapsed_time_seconds": 20.85,
  "rounds_time_stats": {
    "round_1": 20.85
  }
}