{
  "process_start_time": 1768115848.5135412,
  "process_end_time": 1768116139.25855,
  "total_elapsed_time_seconds": 290.75,
  "rounds_time_stats": {
    "round_1": 60.69,
    "round_2": 39.77,
    "round_3": 45.93,
    "round_4": 49.21,
    "round_5": 48.36,
    "round_6": 46.79
  }
}