{
  "process_start_time": 1768556431.483801,
  "process_end_time": 1768556635.355208,
  "total_elapsed_time_seconds": 203.87,
  "rounds_time_stats": {
    "round_1": 38.25,
    "round_2": 30.59,
    "round_3": 35.86,
    "round_4": 30.03,
    "round_5": 31.38,
    "round_6": 37.76
  }
}