{
  "process_start_time": 1767886063.3298101,
  "process_end_time": 1767886079.4408422,
  "total_elapsed_time_seconds": 16.11,
  "rounds_time_stats": {
    "round_1": 16.1
  }
}