{
  "process_start_time": 1767976177.1925828,
  "process_end_time": 1767976359.6107578,
  "total_elapsed_time_seconds": 182.42,
  "rounds_time_stats": {
    "round_1": 32.28,
    "round_2": 29.48,
    "round_3": 32.11,
    "round_4": 29.43,
    "round_5": 30.11,
    "round_6": 29.01
  }
}