{
  "process_start_time": 1767975524.865025,
  "process_end_time": 1767975590.1973772,
  "total_elapsed_time_seconds": 65.33,
  "rounds_time_stats": {
    "round_1": 65.31
  }
}