{
  "process_start_time": 1767888262.4612434,
  "process_end_time": 1767888403.8533328,
  "total_elapsed_time_seconds": 141.39,
  "rounds_time_stats": {
    "round_1": 16.83,
    "round_2": 25.05,
    "round_3": 24.29,
    "round_4": 25.4,
    "round_5": 20.86,
    "round_6": 28.96
  }
}