{
  "process_start_time": 1767676845.467336,
  "process_end_time": 1767677117.4754436,
  "total_elapsed_time_seconds": 272.01,
  "rounds_time_stats": {
    "round_1": 45.69,
    "round_2": 43.3,
    "round_3": 45.19,
    "round_4": 50.58,
    "round_5": 38.58,
    "round_6": 48.66
  }
}