{
  "process_start_time": 1768556345.8386927,
  "process_end_time": 1768556506.7463372,
  "total_elapsed_time_seconds": 160.91,
  "rounds_time_stats": {
    "round_1": 28.35,
    "round_2": 26.22,
    "round_3": 29.49,
    "round_4": 28.71,
    "round_5": 21.49,
    "round_6": 26.64
  }
}