{
  "process_start_time": 1767691407.0437064,
  "process_end_time": 1767691681.1773617,
  "total_elapsed_time_seconds": 274.13,
  "rounds_time_stats": {
    "round_1": 82.8,
    "round_2": 32.85,
    "round_3": 32.6,
    "round_4": 42.83,
    "round_5": 34.57,
    "round_6": 48.48
  }
}