{
  "process_start_time": 1767885081.017476,
  "process_end_time": 1767885202.602543,
  "total_elapsed_time_seconds": 121.59,
  "rounds_time_stats": {
    "round_1": 18.5,
    "round_2": 21.99,
    "round_3": 21.01,
    "round_4": 18.88,
    "round_5": 20.04,
    "round_6": 21.16
  }
}