{
  "process_start_time": 1767680834.4592535,
  "process_end_time": 1767681114.8548357,
  "total_elapsed_time_seconds": 280.4,
  "rounds_time_stats": {
    "round_1": 45.36,
    "round_2": 46.69,
    "round_3": 46.06,
    "round_4": 45.18,
    "round_5": 45.89,
    "round_6": 51.21
  }
}