{
  "process_start_time": 1767687013.7400959,
  "process_end_time": 1767687294.1954048,
  "total_elapsed_time_seconds": 280.46,
  "rounds_time_stats": {
    "round_1": 48.1,
    "round_2": 38.19,
    "round_3": 43.95,
    "round_4": 40.31,
    "round_5": 49.79,
    "round_6": 60.11
  }
}