{
  "process_start_time": 1767888833.8878863,
  "process_end_time": 1767888845.5019963,
  "total_elapsed_time_seconds": 11.61,
  "rounds_time_stats": {
    "round_1": 11.61
  }
}