{
  "process_start_time": 1767975454.3641253,
  "process_end_time": 1767975617.9700048,
  "total_elapsed_time_seconds": 163.61,
  "rounds_time_stats": {
    "round_1": 25.44,
    "round_2": 23.7,
    "round_3": 33.26,
    "round_4": 31.71,
    "round_5": 29.93,
    "round_6": 19.57
  }
}