{
  "process_start_time": 1767684275.0498054,
  "process_end_time": 1767684549.4246314,
  "total_elapsed_time_seconds": 274.37,
  "rounds_time_stats": {
    "round_1": 46.14,
    "round_2": 44.83,
    "round_3": 47.28,
    "round_4": 47.64,
    "round_5": 45.72,
    "round_6": 42.77
  }
}