{
  "process_start_time": 1767676265.2792683,
  "process_end_time": 1767676539.5465815,
  "total_elapsed_time_seconds": 274.27,
  "rounds_time_stats": {
    "round_1": 45.1,
    "round_2": 50.08,
    "round_3": 44.95,
    "round_4": 48.36,
    "round_5": 41.31,
    "round_6": 44.47
  }
}