{
  "process_start_time": 1767692148.6561859,
  "process_end_time": 1767692381.7094638,
  "total_elapsed_time_seconds": 233.05,
  "rounds_time_stats": {
    "round_1": 44.51,
    "round_2": 42.73,
    "round_3": 41.21,
    "round_4": 38.23,
    "round_5": 35.08,
    "round_6": 31.29
  }
}