{
  "process_start_time": 1768550503.4713662,
  "process_end_time": 1768550760.437068,
  "total_elapsed_time_seconds": 256.97,
  "rounds_time_stats": {
    "round_1": 39.87,
    "round_2": 38.71,
    "round_3": 44.24,
    "round_4": 45.83,
    "round_5": 49.3,
    "round_6": 39.02
  }
}