{
  "process_start_time": 1767883684.9470475,
  "process_end_time": 1767883726.1884959,
  "total_elapsed_time_seconds": 41.24,
  "rounds_time_stats": {
    "round_1": 17.42,
    "round_2": 23.81
  }
}