{
  "process_start_time": 1768551774.472332,
  "process_end_time": 1768551903.1658185,
  "total_elapsed_time_seconds": 128.69,
  "rounds_time_stats": {
    "round_1": 25.56,
    "round_2": 20.27,
    "round_3": 18.27,
    "round_4": 21.36,
    "round_5": 22.7,
    "round_6": 20.52
  }
}