{
  "process_start_time": 1767688822.0452893,
  "process_end_time": 1767689163.1240346,
  "total_elapsed_time_seconds": 341.08,
  "rounds_time_stats": {
    "round_1": 75.27,
    "round_2": 61.0,
    "round_3": 64.24,
    "round_4": 47.23,
    "round_5": 49.47,
    "round_6": 43.87
  }
}