{
  "process_start_time": 1767886969.951214,
  "process_end_time": 1767886986.829811,
  "total_elapsed_time_seconds": 16.88,
  "rounds_time_stats": {
    "round_1": 16.87
  }
}