{
  "process_start_time": 1767884198.269102,
  "process_end_time": 1767884223.5514154,
  "total_elapsed_time_seconds": 25.28,
  "rounds_time_stats": {
    "round_1": 25.27
  }
}