{
  "process_start_time": 1767680543.3851147,
  "process_end_time": 1767680791.4692626,
  "total_elapsed_time_seconds": 248.08,
  "rounds_time_stats": {
    "round_1": 37.35,
    "round_2": 37.35,
    "round_3": 35.23,
    "round_4": 45.17,
    "round_5": 45.67,
    "round_6": 47.31
  }
}