{
  "process_start_time": 1767888437.2250516,
  "process_end_time": 1767888662.0347743,
  "total_elapsed_time_seconds": 224.81,
  "rounds_time_stats": {
    "round_1": 27.78,
    "round_2": 29.5,
    "round_3": 32.42,
    "round_4": 37.1,
    "round_5": 68.98,
    "round_6": 29.03
  }
}