{
  "process_start_time": 1767681403.005456,
  "process_end_time": 1767681619.2496774,
  "total_elapsed_time_seconds": 216.24,
  "rounds_time_stats": {
    "round_1": 48.31,
    "round_2": 45.81,
    "round_3": 42.78,
    "round_4": 37.2,
    "round_5": 28.88,
    "round_6": 13.27
  }
}