{
  "process_start_time": 1767676603.0630577,
  "process_end_time": 1767676877.3363452,
  "total_elapsed_time_seconds": 274.27,
  "rounds_time_stats": {
    "round_1": 38.09,
    "round_2": 51.16,
    "round_3": 46.83,
    "round_4": 42.74,
    "round_5": 48.29,
    "round_6": 47.17
  }
}