{
  "process_start_time": 1767889498.5463102,
  "process_end_time": 1767889517.1298463,
  "total_elapsed_time_seconds": 18.58,
  "rounds_time_stats": {
    "round_1": 18.58
  }
}