{
  "process_start_time": 1767886232.769818,
  "process_end_time": 1767886252.0910199,
  "total_elapsed_time_seconds": 19.32,
  "rounds_time_stats": {
    "round_1": 19.32
  }
}