{
  "process_start_time": 1768116831.0611455,
  "process_end_time": 1768117113.7565064,
  "total_elapsed_time_seconds": 282.7,
  "rounds_time_stats": {
    "round_1": 46.51,
    "round_2": 48.6,
    "round_3": 47.45,
    "round_4": 45.45,
    "round_5": 46.85,
    "round_6": 47.83
  }
}