{
  "process_start_time": 1767888760.196206,
  "process_end_time": 1767888780.6630516,
  "total_elapsed_time_seconds": 20.47,
  "rounds_time_stats": {
    "round_1": 20.46
  }
}