{
  "process_start_time": 1767679434.3362784,
  "process_end_time": 1767679697.1541238,
  "total_elapsed_time_seconds": 262.82,
  "rounds_time_stats": {
    "round_1": 34.15,
    "round_2": 49.48,
    "round_3": 46.43,
    "round_4": 44.32,
    "round_5": 46.99,
    "round_6": 41.45
  }
}