{
  "process_start_time": 1767675776.4741354,
  "process_end_time": 1767676077.5025418,
  "total_elapsed_time_seconds": 301.03,
  "rounds_time_stats": {
    "round_1": 36.5,
    "round_2": 65.83,
    "round_3": 58.77,
    "round_4": 44.52,
    "round_5": 48.08,
    "round_6": 47.32
  }
}