{
  "process_start_time": 1768556218.4742806,
  "process_end_time": 1768556382.4099832,
  "total_elapsed_time_seconds": 163.94,
  "rounds_time_stats": {
    "round_1": 27.53,
    "round_2": 30.96,
    "round_3": 28.34,
    "round_4": 30.43,
    "round_5": 20.22,
    "round_6": 26.45
  }
}