{
  "process_start_time": 1767885457.4037154,
  "process_end_time": 1767885613.8164916,
  "total_elapsed_time_seconds": 156.41,
  "rounds_time_stats": {
    "round_1": 23.07,
    "round_2": 27.8,
    "round_3": 22.91,
    "round_4": 29.87,
    "round_5": 28.93,
    "round_6": 23.83
  }
}