{
  "process_start_time": 1767886637.2700558,
  "process_end_time": 1767886656.635671,
  "total_elapsed_time_seconds": 19.37,
  "rounds_time_stats": {
    "round_1": 19.36
  }
}