{
  "process_start_time": 1768550978.0257008,
  "process_end_time": 1768551211.6823924,
  "total_elapsed_time_seconds": 233.66,
  "rounds_time_stats": {
    "round_1": 42.19,
    "round_2": 44.92,
    "round_3": 58.34,
    "round_4": 30.57,
    "round_5": 31.06,
    "round_6": 26.57
  }
}