{
  "process_start_time": 1767975489.268526,
  "process_end_time": 1767975636.0071805,
  "total_elapsed_time_seconds": 146.74,
  "rounds_time_stats": {
    "round_1": 23.47,
    "round_2": 31.92,
    "round_3": 25.94,
    "round_4": 27.05,
    "round_5": 19.44,
    "round_6": 18.92
  }
}