{
  "process_start_time": 1767886138.4298859,
  "process_end_time": 1767886158.313162,
  "total_elapsed_time_seconds": 19.88,
  "rounds_time_stats": {
    "round_1": 19.88
  }
}