{
  "process_start_time": 1768556963.920558,
  "process_end_time": 1768557128.9968765,
  "total_elapsed_time_seconds": 165.08,
  "rounds_time_stats": {
    "round_1": 34.83,
    "round_2": 28.16,
    "round_3": 22.71,
    "round_4": 24.43,
    "round_5": 24.46,
    "round_6": 30.48
  }
}