{
  "process_start_time": 1768556305.3912349,
  "process_end_time": 1768556475.6971292,
  "total_elapsed_time_seconds": 170.31,
  "rounds_time_stats": {
    "round_1": 28.31,
    "round_2": 28.16,
    "round_3": 30.08,
    "round_4": 28.56,
    "round_5": 27.09,
    "round_6": 28.11
  }
}