{
  "process_start_time": 1768117669.2848907,
  "process_end_time": 1768117932.907685,
  "total_elapsed_time_seconds": 263.62,
  "rounds_time_stats": {
    "round_1": 37.55,
    "round_2": 28.68,
    "round_3": 52.94,
    "round_4": 55.34,
    "round_5": 51.13,
    "round_6": 37.98
  }
}