{
  "process_start_time": 1767887770.7038298,
  "process_end_time": 1767887926.4190667,
  "total_elapsed_time_seconds": 155.72,
  "rounds_time_stats": {
    "round_1": 18.88,
    "round_2": 29.93,
    "round_3": 28.33,
    "round_4": 24.87,
    "round_5": 30.26,
    "round_6": 23.46
  }
}