{
  "process_start_time": 1767888761.8243058,
  "process_end_time": 1767888776.3511405,
  "total_elapsed_time_seconds": 14.53,
  "rounds_time_stats": {
    "round_1": 14.52
  }
}