{
  "process_start_time": 1767889498.909113,
  "process_end_time": 1767889513.6718001,
  "total_elapsed_time_seconds": 14.76,
  "rounds_time_stats": {
    "round_1": 14.76
  }
}