{
  "process_start_time": 1767889757.9576423,
  "process_end_time": 1767889844.3347363,
  "total_elapsed_time_seconds": 86.38,
  "rounds_time_stats": {
    "round_1": 23.74,
    "round_2": 18.48,
    "round_3": 21.1,
    "round_4": 23.05
  }
}