{
  "process_start_time": 1767884878.8465936,
  "process_end_time": 1767885145.4387329,
  "total_elapsed_time_seconds": 266.59,
  "rounds_time_stats": {
    "round_1": 19.95,
    "round_2": 22.24,
    "round_3": 144.77,
    "round_4": 28.63,
    "round_5": 23.59,
    "round_6": 27.41
  }
}