{
  "process_start_time": 1767889553.0168502,
  "process_end_time": 1767889617.388163,
  "total_elapsed_time_seconds": 64.37,
  "rounds_time_stats": {
    "round_1": 19.45,
    "round_2": 44.9
  }
}