{
  "process_start_time": 1768109246.8409631,
  "process_end_time": 1768109491.7430694,
  "total_elapsed_time_seconds": 244.9,
  "rounds_time_stats": {
    "round_1": 39.73,
    "round_2": 33.63,
    "round_3": 48.37,
    "round_4": 48.14,
    "round_5": 41.43,
    "round_6": 33.59
  }
}