{
  "process_start_time": 1767887824.034909,
  "process_end_time": 1767888047.453996,
  "total_elapsed_time_seconds": 223.42,
  "rounds_time_stats": {
    "round_1": 27.13,
    "round_2": 46.13,
    "round_3": 42.08,
    "round_4": 35.27,
    "round_5": 29.2,
    "round_6": 43.6
  }
}