{
  "process_start_time": 1767889930.3772063,
  "process_end_time": 1767889938.5578566,
  "total_elapsed_time_seconds": 8.18,
  "rounds_time_stats": {
    "round_1": 8.18
  }
}