{
  "process_start_time": 1767684459.4116242,
  "process_end_time": 1767684754.852211,
  "total_elapsed_time_seconds": 295.44,
  "rounds_time_stats": {
    "round_1": 45.06,
    "round_2": 46.03,
    "round_3": 47.55,
    "round_4": 59.13,
    "round_5": 48.88,
    "round_6": 48.79
  }
}