{
  "process_start_time": 1767975342.2432768,
  "process_end_time": 1767975545.1767106,
  "total_elapsed_time_seconds": 202.93,
  "rounds_time_stats": {
    "round_1": 29.46,
    "round_2": 36.74,
    "round_3": 35.76,
    "round_4": 30.28,
    "round_5": 33.61,
    "round_6": 37.08
  }
}