{
  "process_start_time": 1767978988.9344206,
  "process_end_time": 1767979178.4261703,
  "total_elapsed_time_seconds": 189.49,
  "rounds_time_stats": {
    "round_1": 22.89,
    "round_2": 34.52,
    "round_3": 29.59,
    "round_4": 30.0,
    "round_5": 32.27,
    "round_6": 40.22
  }
}