{
  "process_start_time": 1767675749.1195493,
  "process_end_time": 1767676016.2328026,
  "total_elapsed_time_seconds": 267.11,
  "rounds_time_stats": {
    "round_1": 41.93,
    "round_2": 39.85,
    "round_3": 45.2,
    "round_4": 44.84,
    "round_5": 47.99,
    "round_6": 47.31
  }
}