{
  "process_start_time": 1767681163.137808,
  "process_end_time": 1767681436.3579252,
  "total_elapsed_time_seconds": 273.22,
  "rounds_time_stats": {
    "round_1": 54.67,
    "round_2": 40.3,
    "round_3": 38.15,
    "round_4": 44.29,
    "round_5": 46.85,
    "round_6": 48.97
  }
}