{
  "process_start_time": 1768115265.9709415,
  "process_end_time": 1768115545.0550358,
  "total_elapsed_time_seconds": 279.08,
  "rounds_time_stats": {
    "round_1": 33.92,
    "round_2": 66.45,
    "round_3": 34.88,
    "round_4": 46.11,
    "round_5": 43.99,
    "round_6": 53.71
  }
}