{
  "process_start_time": 1767885101.851295,
  "process_end_time": 1767885135.6855335,
  "total_elapsed_time_seconds": 33.83,
  "rounds_time_stats": {
    "round_1": 33.83
  }
}