{
  "process_start_time": 1768115863.2418277,
  "process_end_time": 1768116151.0655215,
  "total_elapsed_time_seconds": 287.82,
  "rounds_time_stats": {
    "round_1": 49.55,
    "round_2": 50.44,
    "round_3": 49.37,
    "round_4": 46.97,
    "round_5": 45.98,
    "round_6": 45.51
  }
}