{
  "process_start_time": 1768555949.5705206,
  "process_end_time": 1768556149.424622,
  "total_elapsed_time_seconds": 199.85,
  "rounds_time_stats": {
    "round_1": 37.82,
    "round_2": 34.86,
    "round_3": 31.17,
    "round_4": 34.57,
    "round_5": 28.04,
    "round_6": 33.4
  }
}