{
  "process_start_time": 1767978777.4437675,
  "process_end_time": 1767978957.9558725,
  "total_elapsed_time_seconds": 180.51,
  "rounds_time_stats": {
    "round_1": 28.89,
    "round_2": 31.72,
    "round_3": 29.44,
    "round_4": 29.01,
    "round_5": 32.94,
    "round_6": 28.5
  }
}