{
  "process_start_time": 1767889040.347161,
  "process_end_time": 1767889049.876251,
  "total_elapsed_time_seconds": 9.53,
  "rounds_time_stats": {
    "round_1": 9.53
  }
}