{
  "process_start_time": 1768556130.7546268,
  "process_end_time": 1768556209.9953244,
  "total_elapsed_time_seconds": 79.24,
  "rounds_time_stats": {
    "round_1": 36.41,
    "round_2": 42.82
  }
}