{
  "process_start_time": 1767684912.7162817,
  "process_end_time": 1767685196.943051,
  "total_elapsed_time_seconds": 284.23,
  "rounds_time_stats": {
    "round_1": 45.09,
    "round_2": 45.63,
    "round_3": 48.76,
    "round_4": 46.19,
    "round_5": 45.54,
    "round_6": 53.0
  }
}