{
  "process_start_time": 1767886977.2390814,
  "process_end_time": 1767887229.012957,
  "total_elapsed_time_seconds": 251.77,
  "rounds_time_stats": {
    "round_1": 28.19,
    "round_2": 35.11,
    "round_3": 40.94,
    "round_4": 44.36,
    "round_5": 54.7,
    "round_6": 48.46
  }
}