{
  "process_start_time": 1768554749.2803254,
  "process_end_time": 1768554934.1555378,
  "total_elapsed_time_seconds": 184.88,
  "rounds_time_stats": {
    "round_1": 25.53,
    "round_2": 25.82,
    "round_3": 26.91,
    "round_4": 27.67,
    "round_5": 39.92,
    "round_6": 39.03
  }
}