{
  "process_start_time": 1768556174.033491,
  "process_end_time": 1768556335.003247,
  "total_elapsed_time_seconds": 160.97,
  "rounds_time_stats": {
    "round_1": 24.06,
    "round_2": 29.4,
    "round_3": 30.34,
    "round_4": 26.74,
    "round_5": 21.15,
    "round_6": 29.28
  }
}