{
  "process_start_time": 1767974394.6522083,
  "process_end_time": 1767974713.875808,
  "total_elapsed_time_seconds": 319.22,
  "rounds_time_stats": {
    "round_1": 96.39,
    "round_2": 49.33,
    "round_3": 38.89,
    "round_4": 58.26,
    "round_5": 39.53,
    "round_6": 36.82
  }
}