{
  "process_start_time": 1768108850.4547808,
  "process_end_time": 1768109131.6099565,
  "total_elapsed_time_seconds": 281.16,
  "rounds_time_stats": {
    "round_1": 45.68,
    "round_2": 47.52,
    "round_3": 49.42,
    "round_4": 44.27,
    "round_5": 48.9,
    "round_6": 45.37
  }
}