{
  "process_start_time": 1767889238.5370874,
  "process_end_time": 1767889266.5061135,
  "total_elapsed_time_seconds": 27.97,
  "rounds_time_stats": {
    "round_1": 27.95
  }
}