{
  "process_start_time": 1767888084.7285295,
  "process_end_time": 1767888107.774125,
  "total_elapsed_time_seconds": 23.05,
  "rounds_time_stats": {
    "round_1": 10.9,
    "round_2": 12.14
  }
}