{
  "process_start_time": 1767890048.5973577,
  "process_end_time": 1767890102.0779343,
  "total_elapsed_time_seconds": 53.48,
  "rounds_time_stats": {
    "round_1": 53.48
  }
}