{
  "process_start_time": 1768554749.2786245,
  "process_end_time": 1768554904.6224825,
  "total_elapsed_time_seconds": 155.34,
  "rounds_time_stats": {
    "round_1": 26.82,
    "round_2": 24.64,
    "round_3": 25.93,
    "round_4": 22.37,
    "round_5": 26.1,
    "round_6": 29.48
  }
}