{
  "process_start_time": 1767684035.5293958,
  "process_end_time": 1767684318.268865,
  "total_elapsed_time_seconds": 282.74,
  "rounds_time_stats": {
    "round_1": 35.75,
    "round_2": 44.67,
    "round_3": 49.22,
    "round_4": 62.28,
    "round_5": 48.84,
    "round_6": 41.97
  }
}