{
  "process_start_time": 1767888947.0639358,
  "process_end_time": 1767888958.5880463,
  "total_elapsed_time_seconds": 11.52,
  "rounds_time_stats": {
    "round_1": 11.52
  }
}