{
  "process_start_time": 1767973684.7746406,
  "process_end_time": 1767973872.3738098,
  "total_elapsed_time_seconds": 187.6,
  "rounds_time_stats": {
    "round_1": 29.15,
    "round_2": 31.73,
    "round_3": 29.01,
    "round_4": 58.04,
    "round_5": 21.43,
    "round_6": 18.24
  }
}