{
  "process_start_time": 1767688490.9975815,
  "process_end_time": 1767688789.7673645,
  "total_elapsed_time_seconds": 298.77,
  "rounds_time_stats": {
    "round_1": 51.51,
    "round_2": 47.21,
    "round_3": 50.84,
    "round_4": 49.39,
    "round_5": 50.19,
    "round_6": 49.61
  }
}