{
  "process_start_time": 1767683580.5787401,
  "process_end_time": 1767683868.8965259,
  "total_elapsed_time_seconds": 288.32,
  "rounds_time_stats": {
    "round_1": 45.28,
    "round_2": 56.56,
    "round_3": 47.85,
    "round_4": 49.22,
    "round_5": 46.55,
    "round_6": 42.85
  }
}