{
  "process_start_time": 1767689743.5096433,
  "process_end_time": 1767690052.4125447,
  "total_elapsed_time_seconds": 308.9,
  "rounds_time_stats": {
    "round_1": 77.2,
    "round_2": 45.65,
    "round_3": 49.06,
    "round_4": 47.32,
    "round_5": 43.11,
    "round_6": 46.56
  }
}