{
  "process_start_time": 1768556744.4337175,
  "process_end_time": 1768556915.8994143,
  "total_elapsed_time_seconds": 171.47,
  "rounds_time_stats": {
    "round_1": 29.3,
    "round_2": 25.06,
    "round_3": 29.84,
    "round_4": 28.37,
    "round_5": 29.93,
    "round_6": 28.96
  }
}