{
  "process_start_time": 1767886233.6704245,
  "process_end_time": 1767886280.3086195,
  "total_elapsed_time_seconds": 46.64,
  "rounds_time_stats": {
    "round_1": 23.64,
    "round_2": 22.99
  }
}