{
  "process_start_time": 1768555382.0980473,
  "process_end_time": 1768555514.1215758,
  "total_elapsed_time_seconds": 132.02,
  "rounds_time_stats": {
    "round_1": 14.12,
    "round_2": 20.87,
    "round_3": 29.73,
    "round_4": 20.04,
    "round_5": 16.51,
    "round_6": 30.75
  }
}