{
  "process_start_time": 1767688070.777083,
  "process_end_time": 1767688353.274081,
  "total_elapsed_time_seconds": 282.5,
  "rounds_time_stats": {
    "round_1": 47.45,
    "round_2": 49.0,
    "round_3": 47.96,
    "round_4": 50.86,
    "round_5": 43.99,
    "round_6": 43.24
  }
}