{
  "process_start_time": 1767969796.9055905,
  "process_end_time": 1767970090.1448898,
  "total_elapsed_time_seconds": 293.24,
  "rounds_time_stats": {
    "round_1": 73.59,
    "round_2": 40.98,
    "round_3": 39.58,
    "round_4": 46.4,
    "round_5": 47.52,
    "round_6": 45.17
  }
}