{
  "process_start_time": 1767889539.5780897,
  "process_end_time": 1767889586.710561,
  "total_elapsed_time_seconds": 47.13,
  "rounds_time_stats": {
    "round_1": 23.63,
    "round_2": 23.49
  }
}