{
  "process_start_time": 1767890225.8383825,
  "process_end_time": 1767890240.608787,
  "total_elapsed_time_seconds": 14.77,
  "rounds_time_stats": {
    "round_1": 14.76
  }
}