{
  "process_start_time": 1768556449.224837,
  "process_end_time": 1768556616.3767948,
  "total_elapsed_time_seconds": 167.15,
  "rounds_time_stats": {
    "round_1": 25.68,
    "round_2": 25.64,
    "round_3": 26.75,
    "round_4": 30.3,
    "round_5": 26.17,
    "round_6": 32.6
  }
}