{
  "process_start_time": 1767885139.450503,
  "process_end_time": 1767885166.8737805,
  "total_elapsed_time_seconds": 27.42,
  "rounds_time_stats": {
    "round_1": 27.42
  }
}