{
  "process_start_time": 1767883597.7359145,
  "process_end_time": 1767883615.2592235,
  "total_elapsed_time_seconds": 17.52,
  "rounds_time_stats": {
    "round_1": 17.51
  }
}