{
  "process_start_time": 1767884174.1029935,
  "process_end_time": 1767884198.9868858,
  "total_elapsed_time_seconds": 24.88,
  "rounds_time_stats": {
    "round_1": 24.87
  }
}