{
  "process_start_time": 1767883909.5099418,
  "process_end_time": 1767884128.9730885,
  "total_elapsed_time_seconds": 219.46,
  "rounds_time_stats": {
    "round_1": 33.7,
    "round_2": 31.09,
    "round_3": 35.96,
    "round_4": 50.23,
    "round_5": 33.51,
    "round_6": 34.96
  }
}