{
  "process_start_time": 1767887079.645407,
  "process_end_time": 1767887182.0874412,
  "total_elapsed_time_seconds": 102.44,
  "rounds_time_stats": {
    "round_1": 11.03,
    "round_2": 19.27,
    "round_3": 19.65,
    "round_4": 17.11,
    "round_5": 11.82,
    "round_6": 23.56
  }
}