{
  "process_start_time": 1767676948.6081104,
  "process_end_time": 1767677191.2712624,
  "total_elapsed_time_seconds": 242.66,
  "rounds_time_stats": {
    "round_1": 61.99,
    "round_2": 30.51,
    "round_3": 30.08,
    "round_4": 44.82,
    "round_5": 43.55,
    "round_6": 31.72
  }
}