{
  "process_start_time": 1768549937.2152236,
  "process_end_time": 1768550211.4557226,
  "total_elapsed_time_seconds": 274.24,
  "rounds_time_stats": {
    "round_1": 43.04,
    "round_2": 46.49,
    "round_3": 45.8,
    "round_4": 44.95,
    "round_5": 44.45,
    "round_6": 49.5
  }
}