{
  "process_start_time": 1767889098.7687876,
  "process_end_time": 1767889118.6737618,
  "total_elapsed_time_seconds": 19.9,
  "rounds_time_stats": {
    "round_1": 19.9
  }
}