{
  "process_start_time": 1767890814.997389,
  "process_end_time": 1767890989.3047297,
  "total_elapsed_time_seconds": 174.31,
  "rounds_time_stats": {
    "round_1": 27.46,
    "round_2": 29.3,
    "round_3": 34.62,
    "round_4": 43.25,
    "round_5": 22.2,
    "round_6": 17.46
  }
}