{
  "process_start_time": 1767886550.7905183,
  "process_end_time": 1767886703.7788255,
  "total_elapsed_time_seconds": 152.99,
  "rounds_time_stats": {
    "round_1": 21.38,
    "round_2": 28.49,
    "round_3": 35.62,
    "round_4": 34.47,
    "round_5": 33.02
  }
}