{
  "process_start_time": 1767890041.975492,
  "process_end_time": 1767890126.5179179,
  "total_elapsed_time_seconds": 84.54,
  "rounds_time_stats": {
    "round_1": 57.44,
    "round_2": 27.09
  }
}