{
  "process_start_time": 1767849999.4760752,
  "process_end_time": 1767850190.938462,
  "total_elapsed_time_seconds": 191.46,
  "rounds_time_stats": {
    "round_1": 21.76,
    "round_2": 37.48,
    "round_3": 31.05,
    "round_4": 39.36,
    "round_5": 36.45,
    "round_6": 25.35
  }
}