{
  "process_start_time": 1767689464.672258,
  "process_end_time": 1767689741.8720775,
  "total_elapsed_time_seconds": 277.2,
  "rounds_time_stats": {
    "round_1": 45.91,
    "round_2": 41.11,
    "round_3": 60.14,
    "round_4": 41.98,
    "round_5": 42.96,
    "round_6": 45.1
  }
}