{
  "process_start_time": 1767977706.5384645,
  "process_end_time": 1767977892.0143592,
  "total_elapsed_time_seconds": 185.48,
  "rounds_time_stats": {
    "round_1": 32.54,
    "round_2": 30.69,
    "round_3": 32.97,
    "round_4": 24.64,
    "round_5": 34.99,
    "round_6": 29.65
  }
}