{
  "process_start_time": 1767885037.2691646,
  "process_end_time": 1767885064.9703114,
  "total_elapsed_time_seconds": 27.7,
  "rounds_time_stats": {
    "round_1": 27.69
  }
}