{
  "process_start_time": 1768556784.3122277,
  "process_end_time": 1768556936.3108985,
  "total_elapsed_time_seconds": 152.0,
  "rounds_time_stats": {
    "round_1": 17.86,
    "round_2": 26.24,
    "round_3": 26.16,
    "round_4": 22.43,
    "round_5": 30.43,
    "round_6": 28.87
  }
}