{
  "process_start_time": 1767887182.0891232,
  "process_end_time": 1767887253.7312589,
  "total_elapsed_time_seconds": 71.64,
  "rounds_time_stats": {
    "round_1": 12.08,
    "round_2": 11.2,
    "round_3": 13.91,
    "round_4": 11.28,
    "round_5": 11.36,
    "round_6": 11.8
  }
}