{
  "process_start_time": 1768116262.6488733,
  "process_end_time": 1768116558.5098937,
  "total_elapsed_time_seconds": 295.86,
  "rounds_time_stats": {
    "round_1": 66.49,
    "round_2": 64.95,
    "round_3": 33.5,
    "round_4": 46.42,
    "round_5": 43.23,
    "round_6": 41.26
  }
}