{
  "process_start_time": 1767883307.0800176,
  "process_end_time": 1767883343.1339638,
  "total_elapsed_time_seconds": 36.05,
  "rounds_time_stats": {
    "round_1": 36.04
  }
}