{
  "process_start_time": 1767978960.2847946,
  "process_end_time": 1767979127.8597486,
  "total_elapsed_time_seconds": 167.57,
  "rounds_time_stats": {
    "round_1": 19.98,
    "round_2": 25.77,
    "round_3": 31.51,
    "round_4": 28.59,
    "round_5": 29.21,
    "round_6": 32.51
  }
}