{
  "process_start_time": 1767890566.7165856,
  "process_end_time": 1767890717.1321206,
  "total_elapsed_time_seconds": 150.42,
  "rounds_time_stats": {
    "round_1": 24.91,
    "round_2": 19.44,
    "round_3": 20.49,
    "round_4": 33.85,
    "round_5": 31.38,
    "round_6": 20.34
  }
}