{
  "process_start_time": 1767885908.8592246,
  "process_end_time": 1767886071.4135199,
  "total_elapsed_time_seconds": 162.55,
  "rounds_time_stats": {
    "round_1": 23.29,
    "round_2": 16.84,
    "round_3": 21.81,
    "round_4": 22.65,
    "round_5": 20.74,
    "round_6": 57.23
  }
}