{
  "process_start_time": 1767883243.485311,
  "process_end_time": 1767883266.6826067,
  "total_elapsed_time_seconds": 23.2,
  "rounds_time_stats": {
    "round_1": 23.19
  }
}