{
  "process_start_time": 1767886005.3256116,
  "process_end_time": 1767886029.474483,
  "total_elapsed_time_seconds": 24.15,
  "rounds_time_stats": {
    "round_1": 23.96,
    "round_2": 0.19
  }
}