{
  "process_start_time": 1768551239.0088851,
  "process_end_time": 1768551407.1577106,
  "total_elapsed_time_seconds": 168.15,
  "rounds_time_stats": {
    "round_1": 26.01,
    "round_2": 28.41,
    "round_3": 28.04,
    "round_4": 28.97,
    "round_5": 29.8,
    "round_6": 26.92
  }
}