{
  "process_start_time": 1768115055.7373827,
  "process_end_time": 1768115386.920209,
  "total_elapsed_time_seconds": 331.18,
  "rounds_time_stats": {
    "round_1": 39.14,
    "round_2": 40.56,
    "round_3": 45.39,
    "round_4": 59.35,
    "round_5": 42.19,
    "round_6": 104.56
  }
}