{
  "process_start_time": 1767883344.3655014,
  "process_end_time": 1767883379.0690124,
  "total_elapsed_time_seconds": 34.7,
  "rounds_time_stats": {
    "round_1": 34.7
  }
}