{
  "process_start_time": 1767688463.6801298,
  "process_end_time": 1767688529.928296,
  "total_elapsed_time_seconds": 66.25,
  "rounds_time_stats": {
    "round_1": 66.22
  }
}