{
  "process_start_time": 1768556166.9411259,
  "process_end_time": 1768556411.7508962,
  "total_elapsed_time_seconds": 244.81,
  "rounds_time_stats": {
    "round_1": 31.78,
    "round_2": 38.87,
    "round_3": 30.38,
    "round_4": 65.38,
    "round_5": 40.58,
    "round_6": 37.83
  }
}