{
  "process_start_time": 1768115040.448547,
  "process_end_time": 1768115302.7675574,
  "total_elapsed_time_seconds": 262.32,
  "rounds_time_stats": {
    "round_1": 44.32,
    "round_2": 50.35,
    "round_3": 44.7,
    "round_4": 42.92,
    "round_5": 45.99,
    "round_6": 34.03
  }
}