{
  "process_start_time": 1767886560.6427636,
  "process_end_time": 1767886659.7685125,
  "total_elapsed_time_seconds": 99.13,
  "rounds_time_stats": {
    "round_1": 23.1,
    "round_2": 34.96,
    "round_3": 41.06
  }
}