{
  "process_start_time": 1767679494.2848384,
  "process_end_time": 1767679812.3077881,
  "total_elapsed_time_seconds": 318.02,
  "rounds_time_stats": {
    "round_1": 40.69,
    "round_2": 56.44,
    "round_3": 47.95,
    "round_4": 47.9,
    "round_5": 45.28,
    "round_6": 79.76
  }
}