{
  "process_start_time": 1768108538.2976348,
  "process_end_time": 1768108818.1262336,
  "total_elapsed_time_seconds": 279.83,
  "rounds_time_stats": {
    "round_1": 37.11,
    "round_2": 39.1,
    "round_3": 48.22,
    "round_4": 65.14,
    "round_5": 45.25,
    "round_6": 45.0
  }
}