{
  "process_start_time": 1767665201.9498904,
  "process_end_time": 1767665476.1612754,
  "total_elapsed_time_seconds": 274.21,
  "rounds_time_stats": {
    "round_1": 46.02,
    "round_2": 43.51,
    "round_3": 49.98,
    "round_4": 46.8,
    "round_5": 46.25,
    "round_6": 41.65
  }
}