{
  "process_start_time": 1768748393.5617712,
  "process_end_time": 1768748587.7590375,
  "total_elapsed_time_seconds": 194.2,
  "rounds_time_stats": {
    "round_1": 36.5,
    "round_2": 27.69,
    "round_3": 32.87,
    "round_4": 33.34,
    "round_5": 33.12,
    "round_6": 30.67
  }
}