{
  "process_start_time": 1767885671.437205,
  "process_end_time": 1767885705.125669,
  "total_elapsed_time_seconds": 33.69,
  "rounds_time_stats": {
    "round_1": 33.68
  }
}