{
  "process_start_time": 1767887542.7497294,
  "process_end_time": 1767887563.1932564,
  "total_elapsed_time_seconds": 20.44,
  "rounds_time_stats": {
    "round_1": 20.44
  }
}