{
  "process_start_time": 1767888298.669369,
  "process_end_time": 1767888309.0039492,
  "total_elapsed_time_seconds": 10.33,
  "rounds_time_stats": {
    "round_1": 10.33
  }
}