{
  "process_start_time": 1767689165.1482286,
  "process_end_time": 1767689449.2882335,
  "total_elapsed_time_seconds": 284.14,
  "rounds_time_stats": {
    "round_1": 47.97,
    "round_2": 44.95,
    "round_3": 49.03,
    "round_4": 48.17,
    "round_5": 43.16,
    "round_6": 50.85
  }
}