{
  "process_start_time": 1767883285.3191564,
  "process_end_time": 1767883375.9333236,
  "total_elapsed_time_seconds": 90.61,
  "rounds_time_stats": {
    "round_1": 41.26,
    "round_2": 49.35
  }
}