{
  "process_start_time": 1767692033.1840866,
  "process_end_time": 1767692303.3659358,
  "total_elapsed_time_seconds": 270.18,
  "rounds_time_stats": {
    "round_1": 34.83,
    "round_2": 50.66,
    "round_3": 44.2,
    "round_4": 42.55,
    "round_5": 58.58,
    "round_6": 39.36
  }
}