{
  "process_start_time": 1767973961.5391982,
  "process_end_time": 1767974240.7949648,
  "total_elapsed_time_seconds": 279.26,
  "rounds_time_stats": {
    "round_1": 39.68,
    "round_2": 48.1,
    "round_3": 51.32,
    "round_4": 43.45,
    "round_5": 45.28,
    "round_6": 51.42
  }
}