{
  "process_start_time": 1767883772.5118337,
  "process_end_time": 1767883946.0634594,
  "total_elapsed_time_seconds": 173.55,
  "rounds_time_stats": {
    "round_1": 29.16,
    "round_2": 32.9,
    "round_3": 30.73,
    "round_4": 26.99,
    "round_5": 28.64,
    "round_6": 25.12
  }
}