{
  "process_start_time": 1767887988.3349054,
  "process_end_time": 1767888035.7295632,
  "total_elapsed_time_seconds": 47.39,
  "rounds_time_stats": {
    "round_1": 5.93,
    "round_2": 9.06,
    "round_3": 7.79,
    "round_4": 7.88,
    "round_5": 7.5,
    "round_6": 9.23
  }
}