{
  "process_start_time": 1767890278.5037427,
  "process_end_time": 1767890379.0368621,
  "total_elapsed_time_seconds": 100.53,
  "rounds_time_stats": {
    "round_1": 100.45
  }
}