{
  "process_start_time": 1767887602.2778249,
  "process_end_time": 1767887622.5910933,
  "total_elapsed_time_seconds": 20.31,
  "rounds_time_stats": {
    "round_1": 20.31
  }
}