{
  "process_start_time": 1767890511.588256,
  "process_end_time": 1767890540.368309,
  "total_elapsed_time_seconds": 28.78,
  "rounds_time_stats": {
    "round_1": 28.77
  }
}