{
  "process_start_time": 1767885162.9457269,
  "process_end_time": 1767885178.0938542,
  "total_elapsed_time_seconds": 15.15,
  "rounds_time_stats": {
    "round_1": 15.13
  }
}