{
  "process_start_time": 1768550501.551049,
  "process_end_time": 1768550762.9654686,
  "total_elapsed_time_seconds": 261.41,
  "rounds_time_stats": {
    "round_1": 41.03,
    "round_2": 40.27,
    "round_3": 44.93,
    "round_4": 44.49,
    "round_5": 48.22,
    "round_6": 42.47
  }
}