{
  "process_start_time": 1768555205.3691182,
  "process_end_time": 1768555383.9827914,
  "total_elapsed_time_seconds": 178.61,
  "rounds_time_stats": {
    "round_1": 35.62,
    "round_2": 25.16,
    "round_3": 21.52,
    "round_4": 39.52,
    "round_5": 28.7,
    "round_6": 28.09
  }
}