{
  "process_start_time": 1768554749.276455,
  "process_end_time": 1768554905.1245956,
  "total_elapsed_time_seconds": 155.85,
  "rounds_time_stats": {
    "round_1": 25.17,
    "round_2": 25.15,
    "round_3": 28.53,
    "round_4": 28.67,
    "round_5": 19.52,
    "round_6": 28.81
  }
}