{
  "process_start_time": 1768551544.5761304,
  "process_end_time": 1768551708.717191,
  "total_elapsed_time_seconds": 164.14,
  "rounds_time_stats": {
    "round_1": 28.01,
    "round_2": 29.06,
    "round_3": 29.95,
    "round_4": 27.38,
    "round_5": 25.58,
    "round_6": 24.15
  }
}