{
  "process_start_time": 1767690148.654861,
  "process_end_time": 1767690418.4969273,
  "total_elapsed_time_seconds": 269.84,
  "rounds_time_stats": {
    "round_1": 36.74,
    "round_2": 47.76,
    "round_3": 48.5,
    "round_4": 42.52,
    "round_5": 48.83,
    "round_6": 45.49
  }
}