{
  "process_start_time": 1767884034.5129666,
  "process_end_time": 1767884141.311321,
  "total_elapsed_time_seconds": 106.8,
  "rounds_time_stats": {
    "round_1": 11.36,
    "round_2": 24.45,
    "round_3": 11.53,
    "round_4": 21.52,
    "round_5": 17.65,
    "round_6": 20.28
  }
}