{
  "process_start_time": 1768109318.8591201,
  "process_end_time": 1768109593.491007,
  "total_elapsed_time_seconds": 274.63,
  "rounds_time_stats": {
    "round_1": 48.48,
    "round_2": 49.55,
    "round_3": 43.8,
    "round_4": 43.32,
    "round_5": 45.63,
    "round_6": 43.85
  }
}