{
  "process_start_time": 1767887971.8095412,
  "process_end_time": 1767888015.2828226,
  "total_elapsed_time_seconds": 43.47,
  "rounds_time_stats": {
    "round_1": 5.76,
    "round_2": 11.19,
    "round_3": 5.76,
    "round_4": 8.94,
    "round_5": 6.02,
    "round_6": 5.8
  }
}