{
  "process_start_time": 1767887559.2023375,
  "process_end_time": 1767887718.2409532,
  "total_elapsed_time_seconds": 159.04,
  "rounds_time_stats": {
    "round_1": 30.13,
    "round_2": 26.14,
    "round_3": 26.52,
    "round_4": 25.16,
    "round_5": 23.85,
    "round_6": 27.22
  }
}