{
  "process_start_time": 1768551427.1904857,
  "process_end_time": 1768551620.350308,
  "total_elapsed_time_seconds": 193.16,
  "rounds_time_stats": {
    "round_1": 30.07,
    "round_2": 29.03,
    "round_3": 40.4,
    "round_4": 38.07,
    "round_5": 26.15,
    "round_6": 29.45
  }
}