{
  "process_start_time": 1767883725.304972,
  "process_end_time": 1767883745.8876636,
  "total_elapsed_time_seconds": 20.58,
  "rounds_time_stats": {
    "round_1": 20.58
  }
}