{
  "process_start_time": 1767689275.035265,
  "process_end_time": 1767689567.3693337,
  "total_elapsed_time_seconds": 292.33,
  "rounds_time_stats": {
    "round_1": 45.27,
    "round_2": 48.42,
    "round_3": 47.88,
    "round_4": 48.0,
    "round_5": 44.61,
    "round_6": 58.16
  }
}