{
  "process_start_time": 1767975517.6840549,
  "process_end_time": 1767975647.7030241,
  "total_elapsed_time_seconds": 130.02,
  "rounds_time_stats": {
    "round_1": 23.0,
    "round_2": 21.48,
    "round_3": 29.22,
    "round_4": 19.12,
    "round_5": 20.76,
    "round_6": 16.44
  }
}