{
  "process_start_time": 1767675735.0919118,
  "process_end_time": 1767675999.661918,
  "total_elapsed_time_seconds": 264.57,
  "rounds_time_stats": {
    "round_1": 36.98,
    "round_2": 47.16,
    "round_3": 42.86,
    "round_4": 43.54,
    "round_5": 45.41,
    "round_6": 48.62
  }
}