{
  "process_start_time": 1767886444.4745138,
  "process_end_time": 1767886584.322467,
  "total_elapsed_time_seconds": 139.85,
  "rounds_time_stats": {
    "round_1": 18.52,
    "round_2": 15.69,
    "round_3": 22.29,
    "round_4": 27.29,
    "round_5": 29.49,
    "round_6": 26.56
  }
}