{
  "process_start_time": 1767884255.0251062,
  "process_end_time": 1767884270.1378148,
  "total_elapsed_time_seconds": 15.11,
  "rounds_time_stats": {
    "round_1": 15.11
  }
}