{
  "process_start_time": 1767675776.4196165,
  "process_end_time": 1767676062.6613111,
  "total_elapsed_time_seconds": 286.24,
  "rounds_time_stats": {
    "round_1": 37.36,
    "round_2": 48.11,
    "round_3": 45.74,
    "round_4": 57.51,
    "round_5": 46.54,
    "round_6": 50.97
  }
}