{
  "process_start_time": 1767883710.4496155,
  "process_end_time": 1767883771.7830708,
  "total_elapsed_time_seconds": 61.33,
  "rounds_time_stats": {
    "round_1": 30.25,
    "round_2": 31.08
  }
}