{
  "process_start_time": 1767973270.7896643,
  "process_end_time": 1767973306.27801,
  "total_elapsed_time_seconds": 35.49,
  "rounds_time_stats": {
    "round_1": 35.46
  }
}