{
  "process_start_time": 1767890574.2185044,
  "process_end_time": 1767890597.18913,
  "total_elapsed_time_seconds": 22.97,
  "rounds_time_stats": {
    "round_1": 22.96
  }
}