{
  "process_start_time": 1767885358.7233925,
  "process_end_time": 1767885370.6939955,
  "total_elapsed_time_seconds": 11.97,
  "rounds_time_stats": {
    "round_1": 11.97
  }
}