{
  "process_start_time": 1767687948.5878828,
  "process_end_time": 1767688008.6842246,
  "total_elapsed_time_seconds": 60.1,
  "rounds_time_stats": {
    "round_1": 60.07
  }
}