{
  "process_start_time": 1767969587.3019226,
  "process_end_time": 1767969886.7419593,
  "total_elapsed_time_seconds": 299.44,
  "rounds_time_stats": {
    "round_1": 66.39,
    "round_2": 36.51,
    "round_3": 53.8,
    "round_4": 36.21,
    "round_5": 42.05,
    "round_6": 64.48
  }
}