{
  "process_start_time": 1767665432.9233255,
  "process_end_time": 1767665578.6774895,
  "total_elapsed_time_seconds": 145.75,
  "rounds_time_stats": {
    "round_1": 46.33,
    "round_2": 25.43,
    "round_3": 19.31,
    "round_4": 18.58,
    "round_5": 18.69,
    "round_6": 17.41
  }
}