{
  "process_start_time": 1768748393.5608647,
  "process_end_time": 1768748607.2073786,
  "total_elapsed_time_seconds": 213.65,
  "rounds_time_stats": {
    "round_1": 42.71,
    "round_2": 34.04,
    "round_3": 32.18,
    "round_4": 32.07,
    "round_5": 34.99,
    "round_6": 37.65
  }
}