{
  "process_start_time": 1767887939.4340637,
  "process_end_time": 1767887956.403162,
  "total_elapsed_time_seconds": 16.97,
  "rounds_time_stats": {
    "round_1": 16.97
  }
}