{
  "process_start_time": 1767974594.1031408,
  "process_end_time": 1767974943.2689197,
  "total_elapsed_time_seconds": 349.17,
  "rounds_time_stats": {
    "round_1": 49.37,
    "round_2": 58.38,
    "round_3": 69.09,
    "round_4": 70.11,
    "round_5": 39.98,
    "round_6": 62.23
  }
}