{
  "process_start_time": 1767679458.491147,
  "process_end_time": 1767679730.239281,
  "total_elapsed_time_seconds": 271.75,
  "rounds_time_stats": {
    "round_1": 45.68,
    "round_2": 43.25,
    "round_3": 44.48,
    "round_4": 48.45,
    "round_5": 45.09,
    "round_6": 44.81
  }
}