{
  "process_start_time": 1768551016.7017837,
  "process_end_time": 1768551238.534134,
  "total_elapsed_time_seconds": 221.83,
  "rounds_time_stats": {
    "round_1": 47.28,
    "round_2": 58.93,
    "round_3": 33.11,
    "round_4": 28.61,
    "round_5": 29.11,
    "round_6": 24.78
  }
}