{
  "process_start_time": 1767884185.2026215,
  "process_end_time": 1767884206.020518,
  "total_elapsed_time_seconds": 20.82,
  "rounds_time_stats": {
    "round_1": 20.81
  }
}