{
  "process_start_time": 1767883559.9730177,
  "process_end_time": 1767883659.1632855,
  "total_elapsed_time_seconds": 99.19,
  "rounds_time_stats": {
    "round_1": 15.89,
    "round_2": 16.14,
    "round_3": 17.93,
    "round_4": 17.99,
    "round_5": 16.96,
    "round_6": 14.28
  }
}