{
  "process_start_time": 1767682370.305281,
  "process_end_time": 1767682688.1567392,
  "total_elapsed_time_seconds": 317.85,
  "rounds_time_stats": {
    "round_1": 85.76,
    "round_2": 40.08,
    "round_3": 49.74,
    "round_4": 46.72,
    "round_5": 45.52,
    "round_6": 50.03
  }
}