{
  "process_start_time": 1767882929.8563657,
  "process_end_time": 1767883199.2727253,
  "total_elapsed_time_seconds": 269.42,
  "rounds_time_stats": {
    "round_1": 34.91,
    "round_2": 38.33,
    "round_3": 32.31,
    "round_4": 58.53,
    "round_5": 49.47,
    "round_6": 55.87
  }
}