{
  "process_start_time": 1767885186.0009027,
  "process_end_time": 1767885293.1297798,
  "total_elapsed_time_seconds": 107.13,
  "rounds_time_stats": {
    "round_1": 17.36,
    "round_2": 17.04,
    "round_3": 16.83,
    "round_4": 19.87,
    "round_5": 18.84,
    "round_6": 17.18
  }
}