{
  "process_start_time": 1768554749.2623708,
  "process_end_time": 1768554882.717181,
  "total_elapsed_time_seconds": 133.45,
  "rounds_time_stats": {
    "round_1": 26.87,
    "round_2": 21.72,
    "round_3": 21.87,
    "round_4": 18.82,
    "round_5": 20.18,
    "round_6": 24.0
  }
}