{
  "process_start_time": 1767885695.23264,
  "process_end_time": 1767885734.9671848,
  "total_elapsed_time_seconds": 39.73,
  "rounds_time_stats": {
    "round_1": 13.64,
    "round_2": 11.57,
    "round_3": 14.49
  }
}