{
  "process_start_time": 1768117440.2904317,
  "process_end_time": 1768117745.61926,
  "total_elapsed_time_seconds": 305.33,
  "rounds_time_stats": {
    "round_1": 45.6,
    "round_2": 40.7,
    "round_3": 48.35,
    "round_4": 31.13,
    "round_5": 78.68,
    "round_6": 60.87
  }
}