{
  "process_start_time": 1767676541.5979445,
  "process_end_time": 1767676800.5067043,
  "total_elapsed_time_seconds": 258.91,
  "rounds_time_stats": {
    "round_1": 46.58,
    "round_2": 41.22,
    "round_3": 43.62,
    "round_4": 36.85,
    "round_5": 42.88,
    "round_6": 47.75
  }
}