{
  "process_start_time": 1768114789.0492861,
  "process_end_time": 1768115056.4046926,
  "total_elapsed_time_seconds": 267.36,
  "rounds_time_stats": {
    "round_1": 32.49,
    "round_2": 47.65,
    "round_3": 42.34,
    "round_4": 49.55,
    "round_5": 49.14,
    "round_6": 46.19
  }
}