{
  "process_start_time": 1767973670.7133539,
  "process_end_time": 1767973867.0310535,
  "total_elapsed_time_seconds": 196.32,
  "rounds_time_stats": {
    "round_1": 36.17,
    "round_2": 38.93,
    "round_3": 40.09,
    "round_4": 35.98,
    "round_5": 22.97,
    "round_6": 22.19
  }
}