{
  "process_start_time": 1767886700.136242,
  "process_end_time": 1767886707.1535392,
  "total_elapsed_time_seconds": 7.02,
  "rounds_time_stats": {
    "round_1": 7.02
  }
}