{
  "process_start_time": 1768552207.9082859,
  "process_end_time": 1768552346.1030738,
  "total_elapsed_time_seconds": 138.19,
  "rounds_time_stats": {
    "round_1": 22.04,
    "round_2": 24.86,
    "round_3": 20.87,
    "round_4": 19.43,
    "round_5": 23.09,
    "round_6": 27.9
  }
}