{
  "process_start_time": 1767884387.5455225,
  "process_end_time": 1767884410.5756278,
  "total_elapsed_time_seconds": 23.03,
  "rounds_time_stats": {
    "round_1": 23.02
  }
}