{
  "process_start_time": 1767692212.1292002,
  "process_end_time": 1767692401.3579369,
  "total_elapsed_time_seconds": 189.23,
  "rounds_time_stats": {
    "round_1": 30.57,
    "round_2": 27.61,
    "round_3": 34.52,
    "round_4": 35.14,
    "round_5": 30.65,
    "round_6": 30.75
  }
}