{
  "process_start_time": 1767886978.8122742,
  "process_end_time": 1767887036.5630665,
  "total_elapsed_time_seconds": 57.75,
  "rounds_time_stats": {
    "round_1": 57.66
  }
}