{
  "process_start_time": 1767680104.9073067,
  "process_end_time": 1767680381.8146923,
  "total_elapsed_time_seconds": 276.91,
  "rounds_time_stats": {
    "round_1": 50.72,
    "round_2": 48.75,
    "round_3": 45.01,
    "round_4": 46.59,
    "round_5": 41.0,
    "round_6": 44.84
  }
}