{
  "process_start_time": 1767684659.4280424,
  "process_end_time": 1767684973.3804796,
  "total_elapsed_time_seconds": 313.95,
  "rounds_time_stats": {
    "round_1": 47.63,
    "round_2": 48.54,
    "round_3": 61.97,
    "round_4": 63.52,
    "round_5": 46.44,
    "round_6": 45.85
  }
}