{
  "process_start_time": 1767884130.030474,
  "process_end_time": 1767884260.5347264,
  "total_elapsed_time_seconds": 130.5,
  "rounds_time_stats": {
    "round_1": 18.48,
    "round_2": 17.86,
    "round_3": 21.62,
    "round_4": 18.61,
    "round_5": 26.64,
    "round_6": 27.3
  }
}