{
  "process_start_time": 1767689465.123895,
  "process_end_time": 1767689775.0164492,
  "total_elapsed_time_seconds": 309.89,
  "rounds_time_stats": {
    "round_1": 39.88,
    "round_2": 60.58,
    "round_3": 46.1,
    "round_4": 42.13,
    "round_5": 71.72,
    "round_6": 49.48
  }
}