{
  "process_start_time": 1767883647.1215315,
  "process_end_time": 1767883918.1166563,
  "total_elapsed_time_seconds": 271.0,
  "rounds_time_stats": {
    "round_1": 43.95,
    "round_2": 68.4,
    "round_3": 58.79,
    "round_4": 47.65,
    "round_5": 52.2
  }
}