{
  "process_start_time": 1767885395.4416633,
  "process_end_time": 1767885450.6708162,
  "total_elapsed_time_seconds": 55.23,
  "rounds_time_stats": {
    "round_1": 24.05,
    "round_2": 31.17
  }
}