{
  "process_start_time": 1767889812.1939917,
  "process_end_time": 1767889824.7090163,
  "total_elapsed_time_seconds": 12.52,
  "rounds_time_stats": {
    "round_1": 12.51
  }
}