{
  "process_start_time": 1767889516.893929,
  "process_end_time": 1767889570.809982,
  "total_elapsed_time_seconds": 53.92,
  "rounds_time_stats": {
    "round_1": 27.41,
    "round_2": 26.49
  }
}