{
  "process_start_time": 1767889841.3203745,
  "process_end_time": 1767889966.3021057,
  "total_elapsed_time_seconds": 124.98,
  "rounds_time_stats": {
    "round_1": 10.72,
    "round_2": 15.67,
    "round_3": 26.4,
    "round_4": 20.1,
    "round_5": 34.37,
    "round_6": 17.72
  }
}