{
  "process_start_time": 1767886981.3175242,
  "process_end_time": 1767887007.9717534,
  "total_elapsed_time_seconds": 26.65,
  "rounds_time_stats": {
    "round_1": 26.65
  }
}