{
  "process_start_time": 1767890462.468516,
  "process_end_time": 1767890482.4476693,
  "total_elapsed_time_seconds": 19.98,
  "rounds_time_stats": {
    "round_1": 19.98
  }
}