{
  "process_start_time": 1767888255.1231122,
  "process_end_time": 1767888312.3665278,
  "total_elapsed_time_seconds": 57.24,
  "rounds_time_stats": {
    "round_1": 21.85,
    "round_2": 14.54,
    "round_3": 20.85
  }
}