{
  "process_start_time": 1767683603.4669886,
  "process_end_time": 1767683881.5841582,
  "total_elapsed_time_seconds": 278.12,
  "rounds_time_stats": {
    "round_1": 34.02,
    "round_2": 45.91,
    "round_3": 50.57,
    "round_4": 58.13,
    "round_5": 45.5,
    "round_6": 43.99
  }
}