{
  "process_start_time": 1768551555.6626372,
  "process_end_time": 1768551744.7074084,
  "total_elapsed_time_seconds": 189.04,
  "rounds_time_stats": {
    "round_1": 36.27,
    "round_2": 30.95,
    "round_3": 28.61,
    "round_4": 25.92,
    "round_5": 31.29,
    "round_6": 36.01
  }
}