{
  "process_start_time": 1767690322.5302117,
  "process_end_time": 1767690578.313846,
  "total_elapsed_time_seconds": 255.78,
  "rounds_time_stats": {
    "round_1": 47.5,
    "round_2": 50.71,
    "round_3": 48.04,
    "round_4": 43.99,
    "round_5": 37.56,
    "round_6": 27.99
  }
}