{
  "process_start_time": 1767889174.134137,
  "process_end_time": 1767889354.1624844,
  "total_elapsed_time_seconds": 180.03,
  "rounds_time_stats": {
    "round_1": 29.05,
    "round_2": 26.93,
    "round_3": 40.16,
    "round_4": 21.63,
    "round_5": 26.61,
    "round_6": 35.65
  }
}