{
  "process_start_time": 1767888793.9635055,
  "process_end_time": 1767888806.2403753,
  "total_elapsed_time_seconds": 12.28,
  "rounds_time_stats": {
    "round_1": 12.27
  }
}