{
  "process_start_time": 1768555820.8253968,
  "process_end_time": 1768555987.1852975,
  "total_elapsed_time_seconds": 166.36,
  "rounds_time_stats": {
    "round_1": 28.89,
    "round_2": 21.57,
    "round_3": 27.99,
    "round_4": 27.92,
    "round_5": 29.56,
    "round_6": 30.43
  }
}