{
  "process_start_time": 1767884010.4378312,
  "process_end_time": 1767884033.6982763,
  "total_elapsed_time_seconds": 23.26,
  "rounds_time_stats": {
    "round_1": 23.26
  }
}