{
  "process_start_time": 1767886114.9404826,
  "process_end_time": 1767886132.4032998,
  "total_elapsed_time_seconds": 17.46,
  "rounds_time_stats": {
    "round_1": 17.46
  }
}