{
  "process_start_time": 1768109586.9379616,
  "process_end_time": 1768109810.095684,
  "total_elapsed_time_seconds": 223.16,
  "rounds_time_stats": {
    "round_1": 38.02,
    "round_2": 46.4,
    "round_3": 46.74,
    "round_4": 40.41,
    "round_5": 30.17,
    "round_6": 21.41
  }
}