{
  "process_start_time": 1767889467.743489,
  "process_end_time": 1767889489.5701358,
  "total_elapsed_time_seconds": 21.83,
  "rounds_time_stats": {
    "round_1": 21.82
  }
}