{
  "process_start_time": 1767889145.3658442,
  "process_end_time": 1767889156.2058253,
  "total_elapsed_time_seconds": 10.84,
  "rounds_time_stats": {
    "round_1": 10.84
  }
}