{
  "process_start_time": 1767884377.023568,
  "process_end_time": 1767884517.9326634,
  "total_elapsed_time_seconds": 140.91,
  "rounds_time_stats": {
    "round_1": 25.93,
    "round_2": 29.19,
    "round_3": 20.11,
    "round_4": 24.27,
    "round_5": 22.55,
    "round_6": 18.84
  }
}