{
  "process_start_time": 1767890328.6768692,
  "process_end_time": 1767890381.697397,
  "total_elapsed_time_seconds": 53.02,
  "rounds_time_stats": {
    "round_1": 14.53,
    "round_2": 17.47,
    "round_3": 21.02
  }
}