{
  "process_start_time": 1767886406.475108,
  "process_end_time": 1767886565.1820436,
  "total_elapsed_time_seconds": 158.71,
  "rounds_time_stats": {
    "round_1": 22.51,
    "round_2": 32.69,
    "round_3": 22.79,
    "round_4": 27.23,
    "round_5": 22.42,
    "round_6": 31.07
  }
}