{
  "process_start_time": 1767885651.275337,
  "process_end_time": 1767885688.799745,
  "total_elapsed_time_seconds": 37.52,
  "rounds_time_stats": {
    "round_1": 14.43,
    "round_2": 23.09
  }
}