{
  "process_start_time": 1767885737.2570326,
  "process_end_time": 1767885755.7994308,
  "total_elapsed_time_seconds": 18.54,
  "rounds_time_stats": {
    "round_1": 18.54
  }
}