{
  "process_start_time": 1767678388.719733,
  "process_end_time": 1767678652.8077283,
  "total_elapsed_time_seconds": 264.09,
  "rounds_time_stats": {
    "round_1": 39.36,
    "round_2": 45.38,
    "round_3": 42.28,
    "round_4": 32.64,
    "round_5": 58.65,
    "round_6": 45.77
  }
}