{
  "process_start_time": 1767889186.2662034,
  "process_end_time": 1767889217.5885127,
  "total_elapsed_time_seconds": 31.32,
  "rounds_time_stats": {
    "round_1": 11.13,
    "round_2": 9.98,
    "round_3": 10.2
  }
}