{
  "process_start_time": 1767887480.1917067,
  "process_end_time": 1767887501.538987,
  "total_elapsed_time_seconds": 21.35,
  "rounds_time_stats": {
    "round_1": 21.33
  }
}