{
  "process_start_time": 1767889719.2627692,
  "process_end_time": 1767889744.5586615,
  "total_elapsed_time_seconds": 25.3,
  "rounds_time_stats": {
    "round_1": 25.29
  }
}