{
  "process_start_time": 1767975136.2577128,
  "process_end_time": 1767975360.1047778,
  "total_elapsed_time_seconds": 223.85,
  "rounds_time_stats": {
    "round_1": 38.11,
    "round_2": 35.15,
    "round_3": 38.08,
    "round_4": 36.43,
    "round_5": 37.89,
    "round_6": 38.18
  }
}