{
  "process_start_time": 1767888067.2374232,
  "process_end_time": 1767888076.7033694,
  "total_elapsed_time_seconds": 9.47,
  "rounds_time_stats": {
    "round_1": 9.46
  }
}