{
  "process_start_time": 1767886328.466992,
  "process_end_time": 1767886363.1929965,
  "total_elapsed_time_seconds": 34.73,
  "rounds_time_stats": {
    "round_1": 34.72
  }
}