{
  "process_start_time": 1767888715.0938346,
  "process_end_time": 1767888725.948361,
  "total_elapsed_time_seconds": 10.85,
  "rounds_time_stats": {
    "round_1": 10.85
  }
}