{
  "process_start_time": 1767890737.7016878,
  "process_end_time": 1767890765.288543,
  "total_elapsed_time_seconds": 27.59,
  "rounds_time_stats": {
    "round_1": 27.52
  }
}