{
  "process_start_time": 1767689274.6746123,
  "process_end_time": 1767689581.5710742,
  "total_elapsed_time_seconds": 306.9,
  "rounds_time_stats": {
    "round_1": 80.92,
    "round_2": 44.75,
    "round_3": 47.88,
    "round_4": 48.01,
    "round_5": 41.28,
    "round_6": 44.05
  }
}