{
  "process_start_time": 1768554749.277774,
  "process_end_time": 1768554893.1694372,
  "total_elapsed_time_seconds": 143.89,
  "rounds_time_stats": {
    "round_1": 26.35,
    "round_2": 23.41,
    "round_3": 27.32,
    "round_4": 19.86,
    "round_5": 19.82,
    "round_6": 27.13
  }
}