{
  "process_start_time": 1767888703.428005,
  "process_end_time": 1767888716.1476772,
  "total_elapsed_time_seconds": 12.72,
  "rounds_time_stats": {
    "round_1": 12.72
  }
}