{
  "process_start_time": 1767883238.2478497,
  "process_end_time": 1767883279.8084447,
  "total_elapsed_time_seconds": 41.56,
  "rounds_time_stats": {
    "round_1": 19.98,
    "round_2": 21.58
  }
}