{
  "process_start_time": 1767885155.4869304,
  "process_end_time": 1767885171.8195744,
  "total_elapsed_time_seconds": 16.33,
  "rounds_time_stats": {
    "round_1": 16.33
  }
}