{
  "process_start_time": 1767888806.2416482,
  "process_end_time": 1767888818.5246346,
  "total_elapsed_time_seconds": 12.28,
  "rounds_time_stats": {
    "round_1": 12.28
  }
}