{
  "process_start_time": 1767885314.5111885,
  "process_end_time": 1767885331.1410897,
  "total_elapsed_time_seconds": 16.63,
  "rounds_time_stats": {
    "round_1": 16.62
  }
}