{
  "process_start_time": 1767687325.5299957,
  "process_end_time": 1767687622.0514858,
  "total_elapsed_time_seconds": 296.52,
  "rounds_time_stats": {
    "round_1": 46.8,
    "round_2": 49.07,
    "round_3": 47.39,
    "round_4": 48.98,
    "round_5": 60.66,
    "round_6": 43.62
  }
}