{
  "process_start_time": 1767890002.059554,
  "process_end_time": 1767890095.676003,
  "total_elapsed_time_seconds": 93.62,
  "rounds_time_stats": {
    "round_1": 13.63,
    "round_2": 21.15,
    "round_3": 58.83
  }
}