{
  "process_start_time": 1768117192.7793858,
  "process_end_time": 1768117440.2894976,
  "total_elapsed_time_seconds": 247.51,
  "rounds_time_stats": {
    "round_1": 22.91,
    "round_2": 39.32,
    "round_3": 46.08,
    "round_4": 47.32,
    "round_5": 48.21,
    "round_6": 43.68
  }
}