{
  "process_start_time": 1767691708.3928547,
  "process_end_time": 1767692031.5471528,
  "total_elapsed_time_seconds": 323.15,
  "rounds_time_stats": {
    "round_1": 44.19,
    "round_2": 46.4,
    "round_3": 46.42,
    "round_4": 65.94,
    "round_5": 61.73,
    "round_6": 58.47
  }
}