{
  "process_start_time": 1767973460.0752354,
  "process_end_time": 1767973675.0035691,
  "total_elapsed_time_seconds": 214.93,
  "rounds_time_stats": {
    "round_1": 25.72,
    "round_2": 38.07,
    "round_3": 33.99,
    "round_4": 34.95,
    "round_5": 41.79,
    "round_6": 40.4
  }
}