{
  "process_start_time": 1767889756.1694157,
  "process_end_time": 1767889813.044649,
  "total_elapsed_time_seconds": 56.88,
  "rounds_time_stats": {
    "round_1": 31.69,
    "round_2": 25.17,
    "round_3": 0.01
  }
}