{
  "process_start_time": 1767889533.4459267,
  "process_end_time": 1767889545.0986173,
  "total_elapsed_time_seconds": 11.65,
  "rounds_time_stats": {
    "round_1": 11.65
  }
}