{
  "process_start_time": 1767888315.7871451,
  "process_end_time": 1767888420.3386168,
  "total_elapsed_time_seconds": 104.55,
  "rounds_time_stats": {
    "round_1": 23.18,
    "round_2": 19.91,
    "round_3": 27.75,
    "round_4": 33.69
  }
}