{
  "process_start_time": 1767887139.8465104,
  "process_end_time": 1767887246.108342,
  "total_elapsed_time_seconds": 106.26,
  "rounds_time_stats": {
    "round_1": 25.71,
    "round_2": 26.54,
    "round_3": 26.49,
    "round_4": 27.21,
    "round_5": 0.3
  }
}