{
  "process_start_time": 1767883565.1619911,
  "process_end_time": 1767883662.152288,
  "total_elapsed_time_seconds": 96.99,
  "rounds_time_stats": {
    "round_1": 17.01,
    "round_2": 16.49,
    "round_3": 16.99,
    "round_4": 16.07,
    "round_5": 17.38,
    "round_6": 13.04
  }
}