{
  "process_start_time": 1767889836.8109598,
  "process_end_time": 1767889907.5798476,
  "total_elapsed_time_seconds": 70.77,
  "rounds_time_stats": {
    "round_1": 12.18,
    "round_2": 22.91,
    "round_3": 12.77,
    "round_4": 22.9
  }
}