{
  "process_start_time": 1767888388.41054,
  "process_end_time": 1767888419.8567843,
  "total_elapsed_time_seconds": 31.45,
  "rounds_time_stats": {
    "round_1": 14.43,
    "round_2": 17.01
  }
}