{
  "process_start_time": 1767883681.8273365,
  "process_end_time": 1767883713.0791821,
  "total_elapsed_time_seconds": 31.25,
  "rounds_time_stats": {
    "round_1": 12.03,
    "round_2": 19.22
  }
}