{
  "process_start_time": 1768550157.492586,
  "process_end_time": 1768550413.7794957,
  "total_elapsed_time_seconds": 256.29,
  "rounds_time_stats": {
    "round_1": 38.04,
    "round_2": 43.15,
    "round_3": 39.62,
    "round_4": 42.97,
    "round_5": 46.65,
    "round_6": 45.86
  }
}