{
  "process_start_time": 1767888175.5018666,
  "process_end_time": 1767888190.0242925,
  "total_elapsed_time_seconds": 14.52,
  "rounds_time_stats": {
    "round_1": 14.52
  }
}