{
  "process_start_time": 1767687995.2569299,
  "process_end_time": 1767688280.591143,
  "total_elapsed_time_seconds": 285.33,
  "rounds_time_stats": {
    "round_1": 44.84,
    "round_2": 44.1,
    "round_3": 50.39,
    "round_4": 51.27,
    "round_5": 47.92,
    "round_6": 46.81
  }
}