{
  "process_start_time": 1767682965.535552,
  "process_end_time": 1767683235.2964995,
  "total_elapsed_time_seconds": 269.76,
  "rounds_time_stats": {
    "round_1": 37.56,
    "round_2": 49.07,
    "round_3": 41.73,
    "round_4": 48.18,
    "round_5": 45.53,
    "round_6": 47.68
  }
}