{
  "process_start_time": 1767890340.8602161,
  "process_end_time": 1767890355.6187527,
  "total_elapsed_time_seconds": 14.76,
  "rounds_time_stats": {
    "round_1": 14.75
  }
}