{
  "process_start_time": 1767889845.9296796,
  "process_end_time": 1767889970.015798,
  "total_elapsed_time_seconds": 124.09,
  "rounds_time_stats": {
    "round_1": 21.71,
    "round_2": 20.82,
    "round_3": 16.03,
    "round_4": 24.12,
    "round_5": 22.35,
    "round_6": 19.05
  }
}