{
  "process_start_time": 1767887717.2415304,
  "process_end_time": 1767887816.1284037,
  "total_elapsed_time_seconds": 98.89,
  "rounds_time_stats": {
    "round_1": 13.08,
    "round_2": 18.33,
    "round_3": 20.41,
    "round_4": 13.91,
    "round_5": 14.28,
    "round_6": 18.87
  }
}