{
  "process_start_time": 1767886409.8156466,
  "process_end_time": 1767886437.9356809,
  "total_elapsed_time_seconds": 28.12,
  "rounds_time_stats": {
    "round_1": 28.12
  }
}