{
  "process_start_time": 1767888853.341463,
  "process_end_time": 1767888898.4632957,
  "total_elapsed_time_seconds": 45.12,
  "rounds_time_stats": {
    "round_1": 16.47,
    "round_2": 14.23,
    "round_3": 14.42
  }
}