{
  "process_start_time": 1768108831.4462416,
  "process_end_time": 1768109085.9617443,
  "total_elapsed_time_seconds": 254.52,
  "rounds_time_stats": {
    "round_1": 28.29,
    "round_2": 38.5,
    "round_3": 45.44,
    "round_4": 48.65,
    "round_5": 45.0,
    "round_6": 48.63
  }
}