{
  "process_start_time": 1767975517.5181556,
  "process_end_time": 1767975660.1067855,
  "total_elapsed_time_seconds": 142.59,
  "rounds_time_stats": {
    "round_1": 31.37,
    "round_2": 32.32,
    "round_3": 26.65,
    "round_4": 17.34,
    "round_5": 17.57,
    "round_6": 17.33
  }
}