{
  "process_start_time": 1767885573.2520456,
  "process_end_time": 1767885796.872277,
  "total_elapsed_time_seconds": 223.62,
  "rounds_time_stats": {
    "round_1": 37.56,
    "round_2": 68.84,
    "round_3": 38.75,
    "round_4": 38.7,
    "round_5": 39.76
  }
}