{
  "process_start_time": 1768554780.2044983,
  "process_end_time": 1768555001.8186054,
  "total_elapsed_time_seconds": 221.61,
  "rounds_time_stats": {
    "round_1": 30.01,
    "round_2": 37.96,
    "round_3": 37.07,
    "round_4": 39.91,
    "round_5": 37.66,
    "round_6": 38.99
  }
}