{
  "process_start_time": 1768117423.4978502,
  "process_end_time": 1768117685.0237749,
  "total_elapsed_time_seconds": 261.53,
  "rounds_time_stats": {
    "round_1": 28.96,
    "round_2": 41.26,
    "round_3": 49.1,
    "round_4": 50.0,
    "round_5": 42.42,
    "round_6": 49.79
  }
}