{
  "process_start_time": 1767883991.2042248,
  "process_end_time": 1767884024.3021858,
  "total_elapsed_time_seconds": 33.1,
  "rounds_time_stats": {
    "round_1": 13.6,
    "round_2": 19.5
  }
}