{
  "process_start_time": 1767885100.6474364,
  "process_end_time": 1767885171.9987385,
  "total_elapsed_time_seconds": 71.35,
  "rounds_time_stats": {
    "round_1": 29.35,
    "round_2": 42.0
  }
}