{
  "process_start_time": 1768114739.8661804,
  "process_end_time": 1768115026.8888035,
  "total_elapsed_time_seconds": 287.02,
  "rounds_time_stats": {
    "round_1": 38.74,
    "round_2": 36.95,
    "round_3": 61.77,
    "round_4": 50.63,
    "round_5": 62.29,
    "round_6": 36.64
  }
}