{
  "process_start_time": 1767676588.820849,
  "process_end_time": 1767676874.3791978,
  "total_elapsed_time_seconds": 285.56,
  "rounds_time_stats": {
    "round_1": 51.78,
    "round_2": 50.16,
    "round_3": 47.94,
    "round_4": 44.32,
    "round_5": 46.35,
    "round_6": 45.01
  }
}