{
  "process_start_time": 1768552146.0752964,
  "process_end_time": 1768552344.956205,
  "total_elapsed_time_seconds": 198.88,
  "rounds_time_stats": {
    "round_1": 32.67,
    "round_2": 25.99,
    "round_3": 38.09,
    "round_4": 42.7,
    "round_5": 31.89,
    "round_6": 27.53
  }
}