{
  "process_start_time": 1767888411.700054,
  "process_end_time": 1767888442.8784695,
  "total_elapsed_time_seconds": 31.18,
  "rounds_time_stats": {
    "round_1": 12.38,
    "round_2": 18.8
  }
}