{
  "process_start_time": 1767888402.140667,
  "process_end_time": 1767888436.0212865,
  "total_elapsed_time_seconds": 33.88,
  "rounds_time_stats": {
    "round_1": 33.86
  }
}