{
  "process_start_time": 1767884478.214943,
  "process_end_time": 1767884533.5973115,
  "total_elapsed_time_seconds": 55.38,
  "rounds_time_stats": {
    "round_1": 28.13,
    "round_2": 27.25
  }
}