{
  "process_start_time": 1768116457.0615852,
  "process_end_time": 1768116672.9765887,
  "total_elapsed_time_seconds": 215.92,
  "rounds_time_stats": {
    "round_1": 37.55,
    "round_2": 29.15,
    "round_3": 34.54,
    "round_4": 38.15,
    "round_5": 33.26,
    "round_6": 43.26
  }
}