{
  "process_start_time": 1767680759.472641,
  "process_end_time": 1767681053.122629,
  "total_elapsed_time_seconds": 293.65,
  "rounds_time_stats": {
    "round_1": 40.52,
    "round_2": 49.2,
    "round_3": 66.03,
    "round_4": 41.41,
    "round_5": 48.33,
    "round_6": 48.16
  }
}