{
  "process_start_time": 1768551398.3050356,
  "process_end_time": 1768551591.7854524,
  "total_elapsed_time_seconds": 193.48,
  "rounds_time_stats": {
    "round_1": 29.01,
    "round_2": 30.14,
    "round_3": 30.89,
    "round_4": 36.0,
    "round_5": 31.53,
    "round_6": 35.91
  }
}