{
  "process_start_time": 1767884334.6326115,
  "process_end_time": 1767884428.7874072,
  "total_elapsed_time_seconds": 94.15,
  "rounds_time_stats": {
    "round_1": 18.0,
    "round_2": 25.6,
    "round_3": 24.52,
    "round_4": 26.02
  }
}