{
  "process_start_time": 1767676110.6912963,
  "process_end_time": 1767676388.6262102,
  "total_elapsed_time_seconds": 277.93,
  "rounds_time_stats": {
    "round_1": 46.57,
    "round_2": 31.99,
    "round_3": 59.7,
    "round_4": 49.21,
    "round_5": 45.44,
    "round_6": 45.02
  }
}