{
  "process_start_time": 1767889539.0472963,
  "process_end_time": 1767889565.3753204,
  "total_elapsed_time_seconds": 26.33,
  "rounds_time_stats": {
    "round_1": 26.31
  }
}