{
  "process_start_time": 1767886361.0774431,
  "process_end_time": 1767886378.504396,
  "total_elapsed_time_seconds": 17.43,
  "rounds_time_stats": {
    "round_1": 17.42
  }
}