{
  "process_start_time": 1767883346.9572222,
  "process_end_time": 1767883407.4842901,
  "total_elapsed_time_seconds": 60.53,
  "rounds_time_stats": {
    "round_1": 26.81,
    "round_2": 33.69
  }
}