{
  "process_start_time": 1767978190.8995938,
  "process_end_time": 1767978429.8594432,
  "total_elapsed_time_seconds": 238.96,
  "rounds_time_stats": {
    "round_1": 25.18,
    "round_2": 35.25,
    "round_3": 45.4,
    "round_4": 46.09,
    "round_5": 43.65,
    "round_6": 43.39
  }
}