{
  "process_start_time": 1768552180.7389967,
  "process_end_time": 1768552324.4731445,
  "total_elapsed_time_seconds": 143.73,
  "rounds_time_stats": {
    "round_1": 28.39,
    "round_2": 27.37,
    "round_3": 20.13,
    "round_4": 28.29,
    "round_5": 18.33,
    "round_6": 21.22
  }
}