{
  "process_start_time": 1767974688.7835758,
  "process_end_time": 1767974966.051173,
  "total_elapsed_time_seconds": 277.27,
  "rounds_time_stats": {
    "round_1": 43.36,
    "round_2": 40.38,
    "round_3": 69.86,
    "round_4": 37.8,
    "round_5": 38.11,
    "round_6": 47.76
  }
}