{
  "process_start_time": 1767683589.3585026,
  "process_end_time": 1767683867.0612845,
  "total_elapsed_time_seconds": 277.7,
  "rounds_time_stats": {
    "round_1": 36.35,
    "round_2": 60.72,
    "round_3": 46.11,
    "round_4": 47.94,
    "round_5": 43.54,
    "round_6": 43.04
  }
}