{
  "process_start_time": 1767890227.5943162,
  "process_end_time": 1767890273.404583,
  "total_elapsed_time_seconds": 45.81,
  "rounds_time_stats": {
    "round_1": 16.94,
    "round_2": 14.51,
    "round_3": 13.91,
    "round_4": 0.43
  }
}