{
  "process_start_time": 1768555069.5982966,
  "process_end_time": 1768555244.2998445,
  "total_elapsed_time_seconds": 174.7,
  "rounds_time_stats": {
    "round_1": 29.08,
    "round_2": 29.37,
    "round_3": 25.97,
    "round_4": 23.47,
    "round_5": 36.3,
    "round_6": 30.51
  }
}