{
  "process_start_time": 1767887832.7805367,
  "process_end_time": 1767887971.8084893,
  "total_elapsed_time_seconds": 139.03,
  "rounds_time_stats": {
    "round_1": 14.76,
    "round_2": 24.88,
    "round_3": 26.42,
    "round_4": 26.75,
    "round_5": 26.61,
    "round_6": 19.61
  }
}