{
  "process_start_time": 1767676800.2971125,
  "process_end_time": 1767677074.0616453,
  "total_elapsed_time_seconds": 273.76,
  "rounds_time_stats": {
    "round_1": 44.23,
    "round_2": 47.58,
    "round_3": 45.02,
    "round_4": 45.25,
    "round_5": 46.93,
    "round_6": 44.75
  }
}