{
  "process_start_time": 1767678626.8193626,
  "process_end_time": 1767678882.5797625,
  "total_elapsed_time_seconds": 255.76,
  "rounds_time_stats": {
    "round_1": 45.4,
    "round_2": 29.17,
    "round_3": 44.86,
    "round_4": 47.18,
    "round_5": 48.98,
    "round_6": 40.18
  }
}