{
  "process_start_time": 1767975332.4917471,
  "process_end_time": 1767975517.5172677,
  "total_elapsed_time_seconds": 185.03,
  "rounds_time_stats": {
    "round_1": 28.66,
    "round_2": 28.63,
    "round_3": 38.65,
    "round_4": 37.31,
    "round_5": 24.76,
    "round_6": 27.0
  }
}