{
  "process_start_time": 1767884191.5277357,
  "process_end_time": 1767884285.9891026,
  "total_elapsed_time_seconds": 94.46,
  "rounds_time_stats": {
    "round_1": 18.0,
    "round_2": 20.31,
    "round_3": 18.24,
    "round_4": 15.51,
    "round_5": 22.0,
    "round_6": 0.4
  }
}