{
  "process_start_time": 1767689150.3030457,
  "process_end_time": 1767689431.555785,
  "total_elapsed_time_seconds": 281.25,
  "rounds_time_stats": {
    "round_1": 39.25,
    "round_2": 53.22,
    "round_3": 44.46,
    "round_4": 47.78,
    "round_5": 48.28,
    "round_6": 48.25
  }
}