{
  "process_start_time": 1767890010.5202477,
  "process_end_time": 1767890086.849338,
  "total_elapsed_time_seconds": 76.33,
  "rounds_time_stats": {
    "round_1": 10.89,
    "round_2": 11.4,
    "round_3": 12.92,
    "round_4": 40.93,
    "round_5": 0.19
  }
}