{
  "process_start_time": 1768555596.4198499,
  "process_end_time": 1768555762.4337158,
  "total_elapsed_time_seconds": 166.01,
  "rounds_time_stats": {
    "round_1": 31.24,
    "round_2": 30.87,
    "round_3": 26.03,
    "round_4": 23.7,
    "round_5": 26.64,
    "round_6": 27.53
  }
}