{
  "process_start_time": 1767679461.727658,
  "process_end_time": 1767679733.3391285,
  "total_elapsed_time_seconds": 271.61,
  "rounds_time_stats": {
    "round_1": 42.46,
    "round_2": 45.75,
    "round_3": 41.38,
    "round_4": 50.21,
    "round_5": 44.33,
    "round_6": 47.48
  }
}