{
  "process_start_time": 1767685237.8733087,
  "process_end_time": 1767685515.3505244,
  "total_elapsed_time_seconds": 277.48,
  "rounds_time_stats": {
    "round_1": 45.12,
    "round_2": 44.42,
    "round_3": 47.67,
    "round_4": 43.09,
    "round_5": 49.05,
    "round_6": 48.13
  }
}