{
  "process_start_time": 1767883196.2123985,
  "process_end_time": 1767883239.7879124,
  "total_elapsed_time_seconds": 43.58,
  "rounds_time_stats": {
    "round_1": 43.51
  }
}