{
  "process_start_time": 1767890725.1931276,
  "process_end_time": 1767890753.282639,
  "total_elapsed_time_seconds": 28.09,
  "rounds_time_stats": {
    "round_1": 27.96
  }
}