{
  "process_start_time": 1767890254.1390007,
  "process_end_time": 1767890313.769166,
  "total_elapsed_time_seconds": 59.63,
  "rounds_time_stats": {
    "round_1": 6.83,
    "round_2": 9.22,
    "round_3": 11.64,
    "round_4": 9.82,
    "round_5": 12.51,
    "round_6": 9.62
  }
}