{
  "process_start_time": 1768551194.308163,
  "process_end_time": 1768551236.7170773,
  "total_elapsed_time_seconds": 42.41,
  "rounds_time_stats": {
    "round_1": 42.39
  }
}