{
  "process_start_time": 1767887676.4960797,
  "process_end_time": 1767887691.468492,
  "total_elapsed_time_seconds": 14.97,
  "rounds_time_stats": {
    "round_1": 14.97
  }
}