{
  "process_start_time": 1768551572.2444766,
  "process_end_time": 1768551725.985059,
  "total_elapsed_time_seconds": 153.74,
  "rounds_time_stats": {
    "round_1": 13.74,
    "round_2": 25.25,
    "round_3": 30.22,
    "round_4": 28.26,
    "round_5": 26.82,
    "round_6": 29.45
  }
}