{
  "process_start_time": 1767690082.5704975,
  "process_end_time": 1767690142.8511496,
  "total_elapsed_time_seconds": 60.28,
  "rounds_time_stats": {
    "round_1": 60.25
  }
}