{
  "process_start_time": 1768109205.0698538,
  "process_end_time": 1768109431.0402982,
  "total_elapsed_time_seconds": 225.97,
  "rounds_time_stats": {
    "round_1": 31.45,
    "round_2": 37.59,
    "round_3": 31.21,
    "round_4": 30.4,
    "round_5": 48.85,
    "round_6": 46.46
  }
}