{
  "process_start_time": 1767683610.5126233,
  "process_end_time": 1767683915.6822834,
  "total_elapsed_time_seconds": 305.17,
  "rounds_time_stats": {
    "round_1": 72.93,
    "round_2": 46.61,
    "round_3": 49.56,
    "round_4": 44.58,
    "round_5": 42.06,
    "round_6": 49.43
  }
}