{
  "process_start_time": 1767883676.6332588,
  "process_end_time": 1767883746.4452522,
  "total_elapsed_time_seconds": 69.81,
  "rounds_time_stats": {
    "round_1": 13.36,
    "round_2": 14.87,
    "round_3": 20.89,
    "round_4": 20.68
  }
}