{
  "process_start_time": 1767885493.88052,
  "process_end_time": 1767885517.7196963,
  "total_elapsed_time_seconds": 23.84,
  "rounds_time_stats": {
    "round_1": 23.47,
    "round_2": 0.37
  }
}