{
  "process_start_time": 1767888249.0218868,
  "process_end_time": 1767888265.3453655,
  "total_elapsed_time_seconds": 16.32,
  "rounds_time_stats": {
    "round_1": 16.32
  }
}