{
  "process_start_time": 1767971415.7095592,
  "process_end_time": 1767973133.057788,
  "total_elapsed_time_seconds": 1717.35,
  "rounds_time_stats": {
    "round_1": 1605.25,
    "round_2": 26.46,
    "round_3": 21.79,
    "round_4": 17.68,
    "round_5": 21.42,
    "round_6": 24.75
  }
}