{
  "process_start_time": 1767680435.9973636,
  "process_end_time": 1767680699.7168095,
  "total_elapsed_time_seconds": 263.72,
  "rounds_time_stats": {
    "round_1": 44.94,
    "round_2": 42.56,
    "round_3": 47.22,
    "round_4": 38.58,
    "round_5": 46.04,
    "round_6": 44.38
  }
}