{
  "process_start_time": 1768551389.522402,
  "process_end_time": 1768551555.4527423,
  "total_elapsed_time_seconds": 165.93,
  "rounds_time_stats": {
    "round_1": 24.76,
    "round_2": 22.08,
    "round_3": 29.89,
    "round_4": 28.18,
    "round_5": 30.05,
    "round_6": 30.97
  }
}