{
  "process_start_time": 1767685759.5189927,
  "process_end_time": 1767686019.6769621,
  "total_elapsed_time_seconds": 260.16,
  "rounds_time_stats": {
    "round_1": 45.81,
    "round_2": 43.7,
    "round_3": 44.3,
    "round_4": 42.03,
    "round_5": 53.77,
    "round_6": 30.55
  }
}