{
  "process_start_time": 1767882890.7319438,
  "process_end_time": 1767882910.7817154,
  "total_elapsed_time_seconds": 20.05,
  "rounds_time_stats": {
    "round_1": 20.04
  }
}