{
  "process_start_time": 1767886029.489518,
  "process_end_time": 1767886082.603101,
  "total_elapsed_time_seconds": 53.11,
  "rounds_time_stats": {
    "round_1": 53.11
  }
}