{
  "process_start_time": 1768115025.4552789,
  "process_end_time": 1768115265.9662123,
  "total_elapsed_time_seconds": 240.51,
  "rounds_time_stats": {
    "round_1": 40.99,
    "round_2": 30.67,
    "round_3": 36.99,
    "round_4": 45.82,
    "round_5": 42.6,
    "round_6": 43.43
  }
}