{
  "process_start_time": 1767888413.066692,
  "process_end_time": 1767888579.7725382,
  "total_elapsed_time_seconds": 166.71,
  "rounds_time_stats": {
    "round_1": 22.11,
    "round_2": 27.41,
    "round_3": 21.69,
    "round_4": 41.49,
    "round_5": 27.41,
    "round_6": 26.6
  }
}