{
  "process_start_time": 1767886593.983465,
  "process_end_time": 1767886671.5915945,
  "total_elapsed_time_seconds": 77.61,
  "rounds_time_stats": {
    "round_1": 13.73,
    "round_2": 20.89,
    "round_3": 23.08,
    "round_4": 19.08,
    "round_5": 0.82
  }
}