{
  "process_start_time": 1768554905.328286,
  "process_end_time": 1768555070.1345289,
  "total_elapsed_time_seconds": 164.81,
  "rounds_time_stats": {
    "round_1": 17.84,
    "round_2": 22.98,
    "round_3": 22.69,
    "round_4": 28.91,
    "round_5": 33.97,
    "round_6": 38.41
  }
}