{
  "process_start_time": 1768552017.349586,
  "process_end_time": 1768552183.2525718,
  "total_elapsed_time_seconds": 165.9,
  "rounds_time_stats": {
    "round_1": 27.28,
    "round_2": 28.1,
    "round_3": 26.76,
    "round_4": 27.48,
    "round_5": 29.53,
    "round_6": 26.76
  }
}