{
  "process_start_time": 1767888422.7824352,
  "process_end_time": 1767888437.2238355,
  "total_elapsed_time_seconds": 14.44,
  "rounds_time_stats": {
    "round_1": 14.44
  }
}