{
  "process_start_time": 1767884533.6002529,
  "process_end_time": 1767884564.836495,
  "total_elapsed_time_seconds": 31.24,
  "rounds_time_stats": {
    "round_1": 31.23
  }
}