{
  "process_start_time": 1767978190.8909278,
  "process_end_time": 1767978323.7156982,
  "total_elapsed_time_seconds": 132.82,
  "rounds_time_stats": {
    "round_1": 11.82,
    "round_2": 25.47,
    "round_3": 22.13,
    "round_4": 26.03,
    "round_5": 21.57,
    "round_6": 25.8
  }
}