{
  "process_start_time": 1767886756.874173,
  "process_end_time": 1767886802.4305615,
  "total_elapsed_time_seconds": 45.56,
  "rounds_time_stats": {
    "round_1": 18.86,
    "round_2": 26.28,
    "round_3": 0.42
  }
}