{
  "process_start_time": 1767690248.7541258,
  "process_end_time": 1767690549.6684577,
  "total_elapsed_time_seconds": 300.91,
  "rounds_time_stats": {
    "round_1": 44.56,
    "round_2": 60.39,
    "round_3": 52.88,
    "round_4": 46.74,
    "round_5": 59.17,
    "round_6": 37.16
  }
}