{
  "process_start_time": 1767689333.7255273,
  "process_end_time": 1767689613.6162663,
  "total_elapsed_time_seconds": 279.89,
  "rounds_time_stats": {
    "round_1": 47.68,
    "round_2": 47.13,
    "round_3": 48.73,
    "round_4": 45.87,
    "round_5": 44.13,
    "round_6": 46.35
  }
}