{
  "process_start_time": 1767970266.0791066,
  "process_end_time": 1767970816.4974513,
  "total_elapsed_time_seconds": 550.42,
  "rounds_time_stats": {
    "round_1": 79.06,
    "round_2": 78.38,
    "round_3": 77.78,
    "round_4": 71.38,
    "round_5": 61.84,
    "round_6": 181.97
  }
}