{
  "process_start_time": 1768552254.0194216,
  "process_end_time": 1768552661.0560615,
  "total_elapsed_time_seconds": 407.04,
  "rounds_time_stats": {
    "round_1": 39.7,
    "round_2": 44.53,
    "round_3": 49.93,
    "round_4": 139.8,
    "round_5": 86.81,
    "round_6": 46.26
  }
}