{
  "process_start_time": 1767976359.8589196,
  "process_end_time": 1767976557.1191597,
  "total_elapsed_time_seconds": 197.26,
  "rounds_time_stats": {
    "round_1": 28.55,
    "round_2": 32.28,
    "round_3": 37.66,
    "round_4": 32.67,
    "round_5": 27.6,
    "round_6": 38.5
  }
}