{
  "process_start_time": 1767681035.3756108,
  "process_end_time": 1767681309.507544,
  "total_elapsed_time_seconds": 274.13,
  "rounds_time_stats": {
    "round_1": 40.91,
    "round_2": 38.57,
    "round_3": 63.12,
    "round_4": 45.33,
    "round_5": 40.79,
    "round_6": 45.41
  }
}