{
  "process_start_time": 1767882948.9359348,
  "process_end_time": 1767882980.8404891,
  "total_elapsed_time_seconds": 31.9,
  "rounds_time_stats": {
    "round_1": 31.9
  }
}