{
  "process_start_time": 1767885797.0448587,
  "process_end_time": 1767885811.8773422,
  "total_elapsed_time_seconds": 14.83,
  "rounds_time_stats": {
    "round_1": 14.83
  }
}