{
  "process_start_time": 1767890472.7205312,
  "process_end_time": 1767890491.3214052,
  "total_elapsed_time_seconds": 18.6,
  "rounds_time_stats": {
    "round_1": 18.58
  }
}