{
  "process_start_time": 1768555587.277487,
  "process_end_time": 1768555751.2188623,
  "total_elapsed_time_seconds": 163.94,
  "rounds_time_stats": {
    "round_1": 21.86,
    "round_2": 29.24,
    "round_3": 26.99,
    "round_4": 31.93,
    "round_5": 26.22,
    "round_6": 27.71
  }
}