{
  "process_start_time": 1767888667.18709,
  "process_end_time": 1767888777.6438143,
  "total_elapsed_time_seconds": 110.46,
  "rounds_time_stats": {
    "round_1": 15.99,
    "round_2": 16.61,
    "round_3": 23.19,
    "round_4": 15.63,
    "round_5": 16.92,
    "round_6": 22.12
  }
}