{
  "process_start_time": 1767887697.5525963,
  "process_end_time": 1767887744.037896,
  "total_elapsed_time_seconds": 46.49,
  "rounds_time_stats": {
    "round_1": 46.41
  }
}