{
  "process_start_time": 1767664926.1273081,
  "process_end_time": 1767665217.520621,
  "total_elapsed_time_seconds": 291.39,
  "rounds_time_stats": {
    "round_1": 36.1,
    "round_2": 50.34,
    "round_3": 62.33,
    "round_4": 47.82,
    "round_5": 48.59,
    "round_6": 46.21
  }
}