{
  "process_start_time": 1767682947.751394,
  "process_end_time": 1767683234.8616724,
  "total_elapsed_time_seconds": 287.11,
  "rounds_time_stats": {
    "round_1": 45.17,
    "round_2": 56.11,
    "round_3": 47.93,
    "round_4": 47.2,
    "round_5": 42.87,
    "round_6": 47.83
  }
}