{
  "process_start_time": 1767888093.115469,
  "process_end_time": 1767888100.84179,
  "total_elapsed_time_seconds": 7.73,
  "rounds_time_stats": {
    "round_1": 7.72
  }
}