{
  "process_start_time": 1767978950.2561707,
  "process_end_time": 1767979168.3748147,
  "total_elapsed_time_seconds": 218.12,
  "rounds_time_stats": {
    "round_1": 31.16,
    "round_2": 45.21,
    "round_3": 38.28,
    "round_4": 39.86,
    "round_5": 31.7,
    "round_6": 31.91
  }
}