{
  "process_start_time": 1767681236.9691892,
  "process_end_time": 1767681509.4189422,
  "total_elapsed_time_seconds": 272.45,
  "rounds_time_stats": {
    "round_1": 44.19,
    "round_2": 43.16,
    "round_3": 46.65,
    "round_4": 46.11,
    "round_5": 47.09,
    "round_6": 45.25
  }
}