{
  "process_start_time": 1767890786.8132265,
  "process_end_time": 1767890948.306687,
  "total_elapsed_time_seconds": 161.49,
  "rounds_time_stats": {
    "round_1": 23.02,
    "round_2": 28.09,
    "round_3": 27.24,
    "round_4": 25.92,
    "round_5": 30.2,
    "round_6": 27.0
  }
}