{
  "process_start_time": 1768551973.343709,
  "process_end_time": 1768552127.6161528,
  "total_elapsed_time_seconds": 154.27,
  "rounds_time_stats": {
    "round_1": 28.62,
    "round_2": 20.59,
    "round_3": 22.14,
    "round_4": 27.01,
    "round_5": 28.23,
    "round_6": 27.68
  }
}