{
  "process_start_time": 1768108774.9912207,
  "process_end_time": 1768109035.96386,
  "total_elapsed_time_seconds": 260.97,
  "rounds_time_stats": {
    "round_1": 38.52,
    "round_2": 33.07,
    "round_3": 53.25,
    "round_4": 44.2,
    "round_5": 48.61,
    "round_6": 43.31
  }
}