{
  "process_start_time": 1768117865.3769703,
  "process_end_time": 1768118141.3486443,
  "total_elapsed_time_seconds": 275.97,
  "rounds_time_stats": {
    "round_1": 43.8,
    "round_2": 34.57,
    "round_3": 39.17,
    "round_4": 76.72,
    "round_5": 43.98,
    "round_6": 37.72
  }
}