{
  "process_start_time": 1768551079.7717378,
  "process_end_time": 1768551255.2193847,
  "total_elapsed_time_seconds": 175.45,
  "rounds_time_stats": {
    "round_1": 41.8,
    "round_2": 34.02,
    "round_3": 26.92,
    "round_4": 23.66,
    "round_5": 24.04,
    "round_6": 25.02
  }
}