{
  "process_start_time": 1767676343.1229188,
  "process_end_time": 1767676616.9430778,
  "total_elapsed_time_seconds": 273.82,
  "rounds_time_stats": {
    "round_1": 46.52,
    "round_2": 49.13,
    "round_3": 43.04,
    "round_4": 47.64,
    "round_5": 44.89,
    "round_6": 42.6
  }
}