{
  "process_start_time": 1768115239.679052,
  "process_end_time": 1768115545.7212753,
  "total_elapsed_time_seconds": 306.04,
  "rounds_time_stats": {
    "round_1": 41.08,
    "round_2": 91.26,
    "round_3": 29.56,
    "round_4": 61.83,
    "round_5": 43.21,
    "round_6": 39.1
  }
}