{
  "process_start_time": 1767978493.4788878,
  "process_end_time": 1767978639.2373672,
  "total_elapsed_time_seconds": 145.76,
  "rounds_time_stats": {
    "round_1": 21.34,
    "round_2": 19.54,
    "round_3": 24.66,
    "round_4": 24.41,
    "round_5": 28.17,
    "round_6": 27.65
  }
}