{
  "process_start_time": 1767679876.07388,
  "process_end_time": 1767680137.1338615,
  "total_elapsed_time_seconds": 261.06,
  "rounds_time_stats": {
    "round_1": 48.47,
    "round_2": 45.21,
    "round_3": 46.68,
    "round_4": 42.04,
    "round_5": 32.17,
    "round_6": 46.49
  }
}