{
  "process_start_time": 1767885844.2966285,
  "process_end_time": 1767886001.5484188,
  "total_elapsed_time_seconds": 157.25,
  "rounds_time_stats": {
    "round_1": 29.01,
    "round_2": 35.09,
    "round_3": 55.21,
    "round_4": 37.93
  }
}