{
  "process_start_time": 1767890277.0668826,
  "process_end_time": 1767890291.4846537,
  "total_elapsed_time_seconds": 14.42,
  "rounds_time_stats": {
    "round_1": 14.41
  }
}