{
  "process_start_time": 1768551238.5353227,
  "process_end_time": 1768551388.2479727,
  "total_elapsed_time_seconds": 149.71,
  "rounds_time_stats": {
    "round_1": 26.53,
    "round_2": 27.91,
    "round_3": 21.91,
    "round_4": 24.66,
    "round_5": 20.7,
    "round_6": 28.0
  }
}