{
  "process_start_time": 1767887222.7358243,
  "process_end_time": 1767887265.5687108,
  "total_elapsed_time_seconds": 42.83,
  "rounds_time_stats": {
    "round_1": 19.57,
    "round_2": 23.26
  }
}