{
  "process_start_time": 1767889413.6535475,
  "process_end_time": 1767889425.609128,
  "total_elapsed_time_seconds": 11.96,
  "rounds_time_stats": {
    "round_1": 11.95
  }
}