{
  "process_start_time": 1768107778.4749792,
  "process_end_time": 1768108029.977095,
  "total_elapsed_time_seconds": 251.5,
  "rounds_time_stats": {
    "round_1": 25.37,
    "round_2": 50.32,
    "round_3": 56.31,
    "round_4": 33.15,
    "round_5": 44.59,
    "round_6": 41.76
  }
}