{
  "process_start_time": 1767888954.1986785,
  "process_end_time": 1767889038.7351992,
  "total_elapsed_time_seconds": 84.54,
  "rounds_time_stats": {
    "round_1": 28.76,
    "round_2": 25.66,
    "round_3": 30.1
  }
}