{
  "process_start_time": 1767691986.9429543,
  "process_end_time": 1767692263.1173215,
  "total_elapsed_time_seconds": 276.17,
  "rounds_time_stats": {
    "round_1": 45.13,
    "round_2": 58.28,
    "round_3": 41.28,
    "round_4": 47.55,
    "round_5": 43.4,
    "round_6": 40.53
  }
}