{
  "process_start_time": 1767889617.3903608,
  "process_end_time": 1767889686.9397655,
  "total_elapsed_time_seconds": 69.55,
  "rounds_time_stats": {
    "round_1": 31.74,
    "round_2": 37.79
  }
}