{
  "process_start_time": 1768109035.6533065,
  "process_end_time": 1768109246.8403802,
  "total_elapsed_time_seconds": 211.19,
  "rounds_time_stats": {
    "round_1": 34.49,
    "round_2": 32.57,
    "round_3": 44.99,
    "round_4": 40.65,
    "round_5": 32.58,
    "round_6": 25.89
  }
}