{
  "process_start_time": 1768554781.5965326,
  "process_end_time": 1768555002.1766043,
  "total_elapsed_time_seconds": 220.58,
  "rounds_time_stats": {
    "round_1": 37.29,
    "round_2": 38.51,
    "round_3": 37.86,
    "round_4": 29.61,
    "round_5": 38.18,
    "round_6": 39.11
  }
}