{
  "process_start_time": 1767691407.05796,
  "process_end_time": 1767691643.1323535,
  "total_elapsed_time_seconds": 236.07,
  "rounds_time_stats": {
    "round_1": 68.93,
    "round_2": 30.6,
    "round_3": 44.65,
    "round_4": 28.4,
    "round_5": 32.38,
    "round_6": 31.12
  }
}