{
  "process_start_time": 1767978777.4279134,
  "process_end_time": 1767978988.1837523,
  "total_elapsed_time_seconds": 210.76,
  "rounds_time_stats": {
    "round_1": 29.96,
    "round_2": 41.69,
    "round_3": 37.35,
    "round_4": 33.6,
    "round_5": 37.94,
    "round_6": 30.22
  }
}