{
  "process_start_time": 1767676647.9066074,
  "process_end_time": 1767676921.0006425,
  "total_elapsed_time_seconds": 273.09,
  "rounds_time_stats": {
    "round_1": 41.27,
    "round_2": 46.91,
    "round_3": 47.17,
    "round_4": 44.46,
    "round_5": 49.29,
    "round_6": 43.99
  }
}