{
  "process_start_time": 1767675997.1771238,
  "process_end_time": 1767676249.0182233,
  "total_elapsed_time_seconds": 251.84,
  "rounds_time_stats": {
    "round_1": 50.43,
    "round_2": 44.49,
    "round_3": 31.36,
    "round_4": 35.21,
    "round_5": 49.54,
    "round_6": 40.81
  }
}