{
  "process_start_time": 1768552387.4219222,
  "process_end_time": 1768552733.0574903,
  "total_elapsed_time_seconds": 345.64,
  "rounds_time_stats": {
    "round_1": 152.16,
    "round_2": 36.42,
    "round_3": 60.06,
    "round_4": 35.05,
    "round_5": 29.27,
    "round_6": 32.68
  }
}