{
  "process_start_time": 1767970266.0789537,
  "process_end_time": 1767970693.0945532,
  "total_elapsed_time_seconds": 427.02,
  "rounds_time_stats": {
    "round_1": 79.72,
    "round_2": 58.35,
    "round_3": 49.26,
    "round_4": 49.05,
    "round_5": 122.02,
    "round_6": 68.62
  }
}