{
  "process_start_time": 1767969574.399178,
  "process_end_time": 1767969850.4244938,
  "total_elapsed_time_seconds": 276.03,
  "rounds_time_stats": {
    "round_1": 49.42,
    "round_2": 53.11,
    "round_3": 38.13,
    "round_4": 42.45,
    "round_5": 39.03,
    "round_6": 53.89
  }
}