{
  "process_start_time": 1767888108.3329768,
  "process_end_time": 1767888126.969967,
  "total_elapsed_time_seconds": 18.64,
  "rounds_time_stats": {
    "round_1": 18.63
  }
}