{
  "process_start_time": 1767678400.0662842,
  "process_end_time": 1767678672.0379498,
  "total_elapsed_time_seconds": 271.97,
  "rounds_time_stats": {
    "round_1": 39.8,
    "round_2": 47.94,
    "round_3": 47.83,
    "round_4": 41.48,
    "round_5": 50.61,
    "round_6": 44.31
  }
}