{
  "process_start_time": 1767889851.0581439,
  "process_end_time": 1767889902.6432648,
  "total_elapsed_time_seconds": 51.59,
  "rounds_time_stats": {
    "round_1": 13.86,
    "round_2": 13.29,
    "round_3": 24.43
  }
}