{
  "process_start_time": 1767685301.0033824,
  "process_end_time": 1767685588.8956323,
  "total_elapsed_time_seconds": 287.89,
  "rounds_time_stats": {
    "round_1": 42.36,
    "round_2": 45.05,
    "round_3": 48.08,
    "round_4": 48.28,
    "round_5": 61.08,
    "round_6": 43.04
  }
}