{
  "process_start_time": 1767888922.5197856,
  "process_end_time": 1767888942.3889687,
  "total_elapsed_time_seconds": 19.87,
  "rounds_time_stats": {
    "round_1": 19.87
  }
}