{
  "process_start_time": 1768109246.6706214,
  "process_end_time": 1768109532.6617537,
  "total_elapsed_time_seconds": 285.99,
  "rounds_time_stats": {
    "round_1": 45.99,
    "round_2": 43.08,
    "round_3": 49.97,
    "round_4": 45.16,
    "round_5": 60.45,
    "round_6": 41.33
  }
}