{
  "process_start_time": 1768108226.1889071,
  "process_end_time": 1768108472.864814,
  "total_elapsed_time_seconds": 246.68,
  "rounds_time_stats": {
    "round_1": 33.86,
    "round_2": 37.82,
    "round_3": 43.83,
    "round_4": 43.87,
    "round_5": 47.52,
    "round_6": 39.76
  }
}