{
  "process_start_time": 1767890366.0862648,
  "process_end_time": 1767890376.859704,
  "total_elapsed_time_seconds": 10.77,
  "rounds_time_stats": {
    "round_1": 10.77
  }
}