{
  "process_start_time": 1767889209.6248765,
  "process_end_time": 1767889355.7702315,
  "total_elapsed_time_seconds": 146.15,
  "rounds_time_stats": {
    "round_1": 22.23,
    "round_2": 22.57,
    "round_3": 29.47,
    "round_4": 22.2,
    "round_5": 24.38,
    "round_6": 25.28
  }
}