{
  "process_start_time": 1767889571.3098347,
  "process_end_time": 1767889588.7737978,
  "total_elapsed_time_seconds": 17.46,
  "rounds_time_stats": {
    "round_1": 6.82,
    "round_2": 10.24,
    "round_3": 0.41
  }
}