{
  "process_start_time": 1767888626.8990927,
  "process_end_time": 1767888729.3047774,
  "total_elapsed_time_seconds": 102.41,
  "rounds_time_stats": {
    "round_1": 16.03,
    "round_2": 16.2,
    "round_3": 19.06,
    "round_4": 18.26,
    "round_5": 17.21,
    "round_6": 15.64
  }
}