{
  "process_start_time": 1767679119.2889833,
  "process_end_time": 1767679360.7445529,
  "total_elapsed_time_seconds": 241.46,
  "rounds_time_stats": {
    "round_1": 34.87,
    "round_2": 40.16,
    "round_3": 41.05,
    "round_4": 29.6,
    "round_5": 50.6,
    "round_6": 45.17
  }
}