{
  "process_start_time": 1768115652.8950095,
  "process_end_time": 1768115912.6373515,
  "total_elapsed_time_seconds": 259.74,
  "rounds_time_stats": {
    "round_1": 20.77,
    "round_2": 41.71,
    "round_3": 55.48,
    "round_4": 46.3,
    "round_5": 45.4,
    "round_6": 50.09
  }
}