{
  "process_start_time": 1767888805.8282723,
  "process_end_time": 1767888819.7652376,
  "total_elapsed_time_seconds": 13.94,
  "rounds_time_stats": {
    "round_1": 13.93
  }
}