{
  "process_start_time": 1768555294.248797,
  "process_end_time": 1768555451.882997,
  "total_elapsed_time_seconds": 157.63,
  "rounds_time_stats": {
    "round_1": 24.27,
    "round_2": 29.0,
    "round_3": 26.49,
    "round_4": 27.27,
    "round_5": 19.4,
    "round_6": 31.2
  }
}