{
  "process_start_time": 1767689213.8340504,
  "process_end_time": 1767689464.664329,
  "total_elapsed_time_seconds": 250.83,
  "rounds_time_stats": {
    "round_1": 34.73,
    "round_2": 42.05,
    "round_3": 38.13,
    "round_4": 54.5,
    "round_5": 42.3,
    "round_6": 39.11
  }
}