{
  "process_start_time": 1767887862.4534369,
  "process_end_time": 1767887878.2557704,
  "total_elapsed_time_seconds": 15.8,
  "rounds_time_stats": {
    "round_1": 15.8
  }
}