{
  "process_start_time": 1767979010.419881,
  "process_end_time": 1767979199.992079,
  "total_elapsed_time_seconds": 189.57,
  "rounds_time_stats": {
    "round_1": 25.15,
    "round_2": 30.48,
    "round_3": 30.61,
    "round_4": 40.79,
    "round_5": 30.38,
    "round_6": 32.17
  }
}