{
  "process_start_time": 1767884409.2216136,
  "process_end_time": 1767884425.5023603,
  "total_elapsed_time_seconds": 16.28,
  "rounds_time_stats": {
    "round_1": 16.28
  }
}