{
  "process_start_time": 1767889416.6648414,
  "process_end_time": 1767889431.2908115,
  "total_elapsed_time_seconds": 14.63,
  "rounds_time_stats": {
    "round_1": 14.62
  }
}