{
  "process_start_time": 1767687606.6654804,
  "process_end_time": 1767687891.183199,
  "total_elapsed_time_seconds": 284.52,
  "rounds_time_stats": {
    "round_1": 41.2,
    "round_2": 60.39,
    "round_3": 45.5,
    "round_4": 48.76,
    "round_5": 56.97,
    "round_6": 31.69
  }
}