{
  "process_start_time": 1767973270.7941887,
  "process_end_time": 1767973463.4296708,
  "total_elapsed_time_seconds": 192.64,
  "rounds_time_stats": {
    "round_1": 25.75,
    "round_2": 35.08,
    "round_3": 34.49,
    "round_4": 31.72,
    "round_5": 32.75,
    "round_6": 32.84
  }
}