{
  "process_start_time": 1768117576.6645722,
  "process_end_time": 1768117884.0787566,
  "total_elapsed_time_seconds": 307.41,
  "rounds_time_stats": {
    "round_1": 53.96,
    "round_2": 37.85,
    "round_3": 45.94,
    "round_4": 65.76,
    "round_5": 70.42,
    "round_6": 33.49
  }
}