{
  "process_start_time": 1768748393.5632837,
  "process_end_time": 1768748579.4043317,
  "total_elapsed_time_seconds": 185.84,
  "rounds_time_stats": {
    "round_1": 32.03,
    "round_2": 22.7,
    "round_3": 32.76,
    "round_4": 33.87,
    "round_5": 31.77,
    "round_6": 32.7
  }
}