{
  "process_start_time": 1767887910.7355616,
  "process_end_time": 1767887938.1466434,
  "total_elapsed_time_seconds": 27.41,
  "rounds_time_stats": {
    "round_1": 27.41
  }
}