{
  "process_start_time": 1767883429.1347694,
  "process_end_time": 1767883504.1326427,
  "total_elapsed_time_seconds": 75.0,
  "rounds_time_stats": {
    "round_1": 13.38,
    "round_2": 15.44,
    "round_3": 13.37,
    "round_4": 17.53,
    "round_5": 15.28
  }
}