{
  "process_start_time": 1767886090.6477106,
  "process_end_time": 1767886146.5082881,
  "total_elapsed_time_seconds": 55.86,
  "rounds_time_stats": {
    "round_1": 55.86
  }
}