{
  "process_start_time": 1768108817.5039978,
  "process_end_time": 1768109099.5960178,
  "total_elapsed_time_seconds": 282.09,
  "rounds_time_stats": {
    "round_1": 71.55,
    "round_2": 27.55,
    "round_3": 42.08,
    "round_4": 48.39,
    "round_5": 48.78,
    "round_6": 43.73
  }
}