{
  "process_start_time": 1767888688.1530974,
  "process_end_time": 1767888752.4009209,
  "total_elapsed_time_seconds": 64.25,
  "rounds_time_stats": {
    "round_1": 21.03,
    "round_2": 43.21
  }
}