{
  "process_start_time": 1767883199.2920167,
  "process_end_time": 1767883337.2888277,
  "total_elapsed_time_seconds": 138.0,
  "rounds_time_stats": {
    "round_1": 12.81,
    "round_2": 20.78,
    "round_3": 16.97,
    "round_4": 33.13,
    "round_5": 17.11,
    "round_6": 37.2
  }
}