{
  "process_start_time": 1767888782.569265,
  "process_end_time": 1767888823.448543,
  "total_elapsed_time_seconds": 40.88,
  "rounds_time_stats": {
    "round_1": 40.86
  }
}