{
  "process_start_time": 1767888776.0548427,
  "process_end_time": 1767888789.7019699,
  "total_elapsed_time_seconds": 13.65,
  "rounds_time_stats": {
    "round_1": 13.64
  }
}