{
  "process_start_time": 1767889089.691026,
  "process_end_time": 1767889098.767924,
  "total_elapsed_time_seconds": 9.08,
  "rounds_time_stats": {
    "round_1": 9.07
  }
}