{
  "process_start_time": 1768114803.4685795,
  "process_end_time": 1768115101.604864,
  "total_elapsed_time_seconds": 298.14,
  "rounds_time_stats": {
    "round_1": 33.59,
    "round_2": 73.72,
    "round_3": 50.54,
    "round_4": 48.04,
    "round_5": 45.41,
    "round_6": 46.82
  }
}