{
  "process_start_time": 1767885960.9040067,
  "process_end_time": 1767885986.642069,
  "total_elapsed_time_seconds": 25.74,
  "rounds_time_stats": {
    "round_1": 25.71
  }
}