{
  "process_start_time": 1767885499.6830225,
  "process_end_time": 1767885523.7650845,
  "total_elapsed_time_seconds": 24.08,
  "rounds_time_stats": {
    "round_1": 23.79,
    "round_2": 0.28
  }
}