{
  "process_start_time": 1767889958.085965,
  "process_end_time": 1767889969.6567633,
  "total_elapsed_time_seconds": 11.57,
  "rounds_time_stats": {
    "round_1": 11.57
  }
}