{
  "process_start_time": 1768556547.1575015,
  "process_end_time": 1768556713.8949106,
  "total_elapsed_time_seconds": 166.74,
  "rounds_time_stats": {
    "round_1": 24.52,
    "round_2": 23.62,
    "round_3": 29.33,
    "round_4": 31.77,
    "round_5": 30.76,
    "round_6": 26.75
  }
}