{
  "process_start_time": 1767687304.7470162,
  "process_end_time": 1767687609.179579,
  "total_elapsed_time_seconds": 304.43,
  "rounds_time_stats": {
    "round_1": 48.6,
    "round_2": 47.59,
    "round_3": 50.25,
    "round_4": 66.81,
    "round_5": 46.7,
    "round_6": 44.5
  }
}