{
  "process_start_time": 1767890161.9162269,
  "process_end_time": 1767890169.9552286,
  "total_elapsed_time_seconds": 8.04,
  "rounds_time_stats": {
    "round_1": 8.04
  }
}