{
  "process_start_time": 1767886148.1680105,
  "process_end_time": 1767886205.4429677,
  "total_elapsed_time_seconds": 57.27,
  "rounds_time_stats": {
    "round_1": 19.6,
    "round_2": 37.66
  }
}