{
  "process_start_time": 1767890484.1232324,
  "process_end_time": 1767890627.3020716,
  "total_elapsed_time_seconds": 143.18,
  "rounds_time_stats": {
    "round_1": 17.17,
    "round_2": 31.17,
    "round_3": 37.78,
    "round_4": 24.07,
    "round_5": 32.98
  }
}