{
  "process_start_time": 1767886124.3800108,
  "process_end_time": 1767886367.110417,
  "total_elapsed_time_seconds": 242.73,
  "rounds_time_stats": {
    "round_1": 28.52,
    "round_2": 36.24,
    "round_3": 26.77,
    "round_4": 48.57,
    "round_5": 49.44,
    "round_6": 53.19
  }
}