{
  "process_start_time": 1767884572.679206,
  "process_end_time": 1767884606.9574249,
  "total_elapsed_time_seconds": 34.28,
  "rounds_time_stats": {
    "round_1": 18.61,
    "round_2": 15.66
  }
}