{
  "process_start_time": 1767885276.823232,
  "process_end_time": 1767885296.881815,
  "total_elapsed_time_seconds": 20.06,
  "rounds_time_stats": {
    "round_1": 20.06
  }
}