{
  "process_start_time": 1767886658.782802,
  "process_end_time": 1767886760.9144619,
  "total_elapsed_time_seconds": 102.13,
  "rounds_time_stats": {
    "round_1": 31.35,
    "round_2": 36.48,
    "round_3": 34.29
  }
}