{
  "process_start_time": 1767680521.3207731,
  "process_end_time": 1767680747.301221,
  "total_elapsed_time_seconds": 225.98,
  "rounds_time_stats": {
    "round_1": 28.4,
    "round_2": 27.13,
    "round_3": 31.36,
    "round_4": 44.7,
    "round_5": 44.47,
    "round_6": 49.91
  }
}