{
  "process_start_time": 1767889007.069735,
  "process_end_time": 1767889024.4563313,
  "total_elapsed_time_seconds": 17.39,
  "rounds_time_stats": {
    "round_1": 17.38
  }
}