{
  "process_start_time": 1767886462.4479833,
  "process_end_time": 1767886482.614688,
  "total_elapsed_time_seconds": 20.17,
  "rounds_time_stats": {
    "round_1": 20.16
  }
}