{
  "process_start_time": 1767887989.3018787,
  "process_end_time": 1767888037.6636093,
  "total_elapsed_time_seconds": 48.36,
  "rounds_time_stats": {
    "round_1": 7.15,
    "round_2": 8.26,
    "round_3": 7.44,
    "round_4": 8.66,
    "round_5": 8.43,
    "round_6": 8.42
  }
}