{
  "process_start_time": 1767973496.1406887,
  "process_end_time": 1767973693.9496365,
  "total_elapsed_time_seconds": 197.81,
  "rounds_time_stats": {
    "round_1": 20.75,
    "round_2": 29.74,
    "round_3": 38.23,
    "round_4": 39.41,
    "round_5": 39.75,
    "round_6": 29.93
  }
}