{
  "process_start_time": 1767889667.0216885,
  "process_end_time": 1767889704.5378983,
  "total_elapsed_time_seconds": 37.52,
  "rounds_time_stats": {
    "round_1": 37.5
  }
}