{
  "process_start_time": 1767890508.042229,
  "process_end_time": 1767890535.2248635,
  "total_elapsed_time_seconds": 27.18,
  "rounds_time_stats": {
    "round_1": 27.17
  }
}