{
  "process_start_time": 1767975932.8403308,
  "process_end_time": 1767976113.2070003,
  "total_elapsed_time_seconds": 180.37,
  "rounds_time_stats": {
    "round_1": 24.8,
    "round_2": 33.7,
    "round_3": 29.06,
    "round_4": 26.04,
    "round_5": 28.75,
    "round_6": 38.02
  }
}