{
  "process_start_time": 1767886065.6595113,
  "process_end_time": 1767886124.377569,
  "total_elapsed_time_seconds": 58.72,
  "rounds_time_stats": {
    "round_1": 26.0,
    "round_2": 32.72
  }
}