{
  "process_start_time": 1768549937.2266483,
  "process_end_time": 1768550177.8578486,
  "total_elapsed_time_seconds": 240.63,
  "rounds_time_stats": {
    "round_1": 35.95,
    "round_2": 20.01,
    "round_3": 49.75,
    "round_4": 39.08,
    "round_5": 56.5,
    "round_6": 39.34
  }
}