{
  "process_start_time": 1767890510.1681657,
  "process_end_time": 1767890570.5906277,
  "total_elapsed_time_seconds": 60.42,
  "rounds_time_stats": {
    "round_1": 29.09,
    "round_2": 31.32
  }
}