{
  "process_start_time": 1767886678.7232044,
  "process_end_time": 1767886696.5140836,
  "total_elapsed_time_seconds": 17.79,
  "rounds_time_stats": {
    "round_1": 17.78
  }
}