{
  "process_start_time": 1768116456.8452048,
  "process_end_time": 1768116713.685732,
  "total_elapsed_time_seconds": 256.84,
  "rounds_time_stats": {
    "round_1": 46.74,
    "round_2": 41.67,
    "round_3": 37.53,
    "round_4": 48.08,
    "round_5": 44.01,
    "round_6": 38.81
  }
}