{
  "process_start_time": 1768551725.9861333,
  "process_end_time": 1768551859.5180027,
  "total_elapsed_time_seconds": 133.53,
  "rounds_time_stats": {
    "round_1": 25.85,
    "round_2": 22.58,
    "round_3": 25.71,
    "round_4": 17.99,
    "round_5": 18.05,
    "round_6": 23.35
  }
}