{
  "process_start_time": 1767687708.3516216,
  "process_end_time": 1767687950.5147808,
  "total_elapsed_time_seconds": 242.16,
  "rounds_time_stats": {
    "round_1": 40.23,
    "round_2": 54.56,
    "round_3": 42.52,
    "round_4": 46.33,
    "round_5": 58.51
  }
}