{
  "process_start_time": 1767883259.725137,
  "process_end_time": 1767883411.5439832,
  "total_elapsed_time_seconds": 151.82,
  "rounds_time_stats": {
    "round_1": 28.2,
    "round_2": 13.9,
    "round_3": 30.67,
    "round_4": 15.12,
    "round_5": 34.36,
    "round_6": 29.56
  }
}