{
  "process_start_time": 1767887718.2431757,
  "process_end_time": 1767887743.0641913,
  "total_elapsed_time_seconds": 24.82,
  "rounds_time_stats": {
    "round_1": 24.81
  }
}