{
  "process_start_time": 1767885323.0245051,
  "process_end_time": 1767885345.2587328,
  "total_elapsed_time_seconds": 22.23,
  "rounds_time_stats": {
    "round_1": 22.23
  }
}