{
  "process_start_time": 1768115932.460365,
  "process_end_time": 1768116185.3350315,
  "total_elapsed_time_seconds": 252.87,
  "rounds_time_stats": {
    "round_1": 36.63,
    "round_2": 43.95,
    "round_3": 44.22,
    "round_4": 34.34,
    "round_5": 46.27,
    "round_6": 47.46
  }
}