{
  "process_start_time": 1767681250.1096392,
  "process_end_time": 1767681526.40426,
  "total_elapsed_time_seconds": 276.29,
  "rounds_time_stats": {
    "round_1": 42.25,
    "round_2": 45.23,
    "round_3": 46.52,
    "round_4": 52.05,
    "round_5": 44.55,
    "round_6": 45.69
  }
}