{
  "process_start_time": 1768555384.421757,
  "process_end_time": 1768555539.0814025,
  "total_elapsed_time_seconds": 154.66,
  "rounds_time_stats": {
    "round_1": 36.3,
    "round_2": 28.84,
    "round_3": 21.05,
    "round_4": 25.33,
    "round_5": 21.96,
    "round_6": 21.18
  }
}