{
  "process_start_time": 1768108212.290251,
  "process_end_time": 1768108432.9186735,
  "total_elapsed_time_seconds": 220.63,
  "rounds_time_stats": {
    "round_1": 36.59,
    "round_2": 30.28,
    "round_3": 33.77,
    "round_4": 40.23,
    "round_5": 32.64,
    "round_6": 47.11
  }
}