{
  "process_start_time": 1767970948.0806382,
  "process_end_time": 1767973067.2263622,
  "total_elapsed_time_seconds": 2119.15,
  "rounds_time_stats": {
    "round_1": 74.78,
    "round_2": 172.04,
    "round_3": 221.79,
    "round_4": 121.28,
    "round_5": 1493.76,
    "round_6": 35.49
  }
}