{
  "process_start_time": 1767886950.5640724,
  "process_end_time": 1767887001.0105498,
  "total_elapsed_time_seconds": 50.45,
  "rounds_time_stats": {
    "round_1": 50.4
  }
}