{
  "process_start_time": 1767884382.4048595,
  "process_end_time": 1767884409.22002,
  "total_elapsed_time_seconds": 26.82,
  "rounds_time_stats": {
    "round_1": 26.81
  }
}