{
  "process_start_time": 1768550979.8760254,
  "process_end_time": 1768551206.6505475,
  "total_elapsed_time_seconds": 226.77,
  "rounds_time_stats": {
    "round_1": 41.47,
    "round_2": 45.01,
    "round_3": 41.27,
    "round_4": 39.25,
    "round_5": 29.18,
    "round_6": 30.59
  }
}