{
  "process_start_time": 1767889428.7265866,
  "process_end_time": 1767889501.2509592,
  "total_elapsed_time_seconds": 72.52,
  "rounds_time_stats": {
    "round_1": 9.94,
    "round_2": 12.77,
    "round_3": 13.2,
    "round_4": 12.04,
    "round_5": 12.75,
    "round_6": 11.83
  }
}