{
  "process_start_time": 1767884592.800182,
  "process_end_time": 1767884657.3548188,
  "total_elapsed_time_seconds": 64.55,
  "rounds_time_stats": {
    "round_1": 21.1,
    "round_2": 43.44
  }
}