{
  "process_start_time": 1768117331.7072413,
  "process_end_time": 1768117621.3765237,
  "total_elapsed_time_seconds": 289.67,
  "rounds_time_stats": {
    "round_1": 40.18,
    "round_2": 38.95,
    "round_3": 46.99,
    "round_4": 52.03,
    "round_5": 48.59,
    "round_6": 62.93
  }
}