{
  "process_start_time": 1767889146.750609,
  "process_end_time": 1767889157.477663,
  "total_elapsed_time_seconds": 10.73,
  "rounds_time_stats": {
    "round_1": 10.72
  }
}