{
  "process_start_time": 1767886249.9832628,
  "process_end_time": 1767886409.8141623,
  "total_elapsed_time_seconds": 159.83,
  "rounds_time_stats": {
    "round_1": 27.98,
    "round_2": 29.98,
    "round_3": 24.9,
    "round_4": 26.02,
    "round_5": 25.69,
    "round_6": 25.25
  }
}