{
  "process_start_time": 1767889818.2171152,
  "process_end_time": 1767889945.974082,
  "total_elapsed_time_seconds": 127.76,
  "rounds_time_stats": {
    "round_1": 23.47,
    "round_2": 19.21,
    "round_3": 16.9,
    "round_4": 20.96,
    "round_5": 27.04,
    "round_6": 20.17
  }
}