{
  "process_start_time": 1767884563.3790073,
  "process_end_time": 1767884616.692525,
  "total_elapsed_time_seconds": 53.31,
  "rounds_time_stats": {
    "round_1": 19.42,
    "round_2": 16.04,
    "round_3": 17.84
  }
}