{
  "process_start_time": 1768551555.0607178,
  "process_end_time": 1768551715.2257714,
  "total_elapsed_time_seconds": 160.17,
  "rounds_time_stats": {
    "round_1": 23.6,
    "round_2": 23.61,
    "round_3": 28.46,
    "round_4": 28.34,
    "round_5": 26.28,
    "round_6": 29.87
  }
}