{
  "process_start_time": 1768555099.2985194,
  "process_end_time": 1768555261.8403056,
  "total_elapsed_time_seconds": 162.54,
  "rounds_time_stats": {
    "round_1": 26.68,
    "round_2": 28.07,
    "round_3": 22.96,
    "round_4": 27.95,
    "round_5": 28.52,
    "round_6": 28.36
  }
}