{
  "process_start_time": 1767683215.739093,
  "process_end_time": 1767683530.2335858,
  "total_elapsed_time_seconds": 314.49,
  "rounds_time_stats": {
    "round_1": 51.85,
    "round_2": 77.52,
    "round_3": 46.29,
    "round_4": 46.51,
    "round_5": 47.04,
    "round_6": 45.29
  }
}