{
  "process_start_time": 1767677160.2114382,
  "process_end_time": 1767677371.2786908,
  "total_elapsed_time_seconds": 211.07,
  "rounds_time_stats": {
    "round_1": 32.78,
    "round_2": 39.08,
    "round_3": 34.89,
    "round_4": 27.87,
    "round_5": 32.3,
    "round_6": 44.15
  }
}