{
  "process_start_time": 1768555685.57768,
  "process_end_time": 1768555818.247791,
  "total_elapsed_time_seconds": 132.67,
  "rounds_time_stats": {
    "round_1": 17.57,
    "round_2": 22.37,
    "round_3": 28.45,
    "round_4": 28.94,
    "round_5": 16.27,
    "round_6": 19.07
  }
}