{
  "process_start_time": 1767887389.059639,
  "process_end_time": 1767887454.0267427,
  "total_elapsed_time_seconds": 64.97,
  "rounds_time_stats": {
    "round_1": 31.89,
    "round_2": 33.06
  }
}