{
  "process_start_time": 1767889331.6580882,
  "process_end_time": 1767889341.8813977,
  "total_elapsed_time_seconds": 10.22,
  "rounds_time_stats": {
    "round_1": 10.22
  }
}