{
  "process_start_time": 1767678388.10886,
  "process_end_time": 1767678669.8023887,
  "total_elapsed_time_seconds": 281.69,
  "rounds_time_stats": {
    "round_1": 40.12,
    "round_2": 58.78,
    "round_3": 44.17,
    "round_4": 50.26,
    "round_5": 45.0,
    "round_6": 43.35
  }
}