{
  "process_start_time": 1767888107.6042235,
  "process_end_time": 1767888126.8908045,
  "total_elapsed_time_seconds": 19.29,
  "rounds_time_stats": {
    "round_1": 19.28
  }
}