{
  "process_start_time": 1767689182.8147898,
  "process_end_time": 1767689464.6714168,
  "total_elapsed_time_seconds": 281.86,
  "rounds_time_stats": {
    "round_1": 44.04,
    "round_2": 45.87,
    "round_3": 47.76,
    "round_4": 47.73,
    "round_5": 46.79,
    "round_6": 49.68
  }
}