{
  "process_start_time": 1767685464.829859,
  "process_end_time": 1767685711.8817568,
  "total_elapsed_time_seconds": 247.05,
  "rounds_time_stats": {
    "round_1": 34.49,
    "round_2": 62.33,
    "round_3": 39.45,
    "round_4": 31.5,
    "round_5": 33.24,
    "round_6": 46.05
  }
}