{
  "process_start_time": 1767887230.7035189,
  "process_end_time": 1767887381.9218554,
  "total_elapsed_time_seconds": 151.22,
  "rounds_time_stats": {
    "round_1": 28.69,
    "round_2": 30.52,
    "round_3": 19.68,
    "round_4": 26.92,
    "round_5": 24.35,
    "round_6": 21.04
  }
}