{
  "process_start_time": 1767885349.4792354,
  "process_end_time": 1767885466.920805,
  "total_elapsed_time_seconds": 117.44,
  "rounds_time_stats": {
    "round_1": 19.43,
    "round_2": 40.72,
    "round_3": 24.91,
    "round_4": 32.33
  }
}