{
  "process_start_time": 1767885695.9109902,
  "process_end_time": 1767885726.1433198,
  "total_elapsed_time_seconds": 30.23,
  "rounds_time_stats": {
    "round_1": 13.58,
    "round_2": 16.61
  }
}