{
  "process_start_time": 1768116503.9579551,
  "process_end_time": 1768116780.1583061,
  "total_elapsed_time_seconds": 276.2,
  "rounds_time_stats": {
    "round_1": 35.43,
    "round_2": 39.52,
    "round_3": 47.74,
    "round_4": 43.41,
    "round_5": 69.49,
    "round_6": 40.6
  }
}