{
  "process_start_time": 1767685760.7572627,
  "process_end_time": 1767686011.092655,
  "total_elapsed_time_seconds": 250.34,
  "rounds_time_stats": {
    "round_1": 36.7,
    "round_2": 43.74,
    "round_3": 46.22,
    "round_4": 43.9,
    "round_5": 45.98,
    "round_6": 33.79
  }
}