{
  "process_start_time": 1767883572.8236775,
  "process_end_time": 1767883649.0359838,
  "total_elapsed_time_seconds": 76.21,
  "rounds_time_stats": {
    "round_1": 37.64,
    "round_2": 38.57
  }
}