{
  "process_start_time": 1767886261.016109,
  "process_end_time": 1767886283.173308,
  "total_elapsed_time_seconds": 22.16,
  "rounds_time_stats": {
    "round_1": 22.15
  }
}