{
  "process_start_time": 1767888275.9032462,
  "process_end_time": 1767888376.9814105,
  "total_elapsed_time_seconds": 101.08,
  "rounds_time_stats": {
    "round_1": 15.27,
    "round_2": 18.81,
    "round_3": 18.57,
    "round_4": 16.33,
    "round_5": 15.79,
    "round_6": 16.31
  }
}