{
  "process_start_time": 1767684578.5776324,
  "process_end_time": 1767684882.9765449,
  "total_elapsed_time_seconds": 304.4,
  "rounds_time_stats": {
    "round_1": 46.39,
    "round_2": 44.54,
    "round_3": 66.03,
    "round_4": 60.77,
    "round_5": 36.6,
    "round_6": 50.07
  }
}