{
  "process_start_time": 1767884270.1451774,
  "process_end_time": 1767884325.8293047,
  "total_elapsed_time_seconds": 55.68,
  "rounds_time_stats": {
    "round_1": 30.62,
    "round_2": 25.06
  }
}