{
  "process_start_time": 1767883533.9838467,
  "process_end_time": 1767883563.4099305,
  "total_elapsed_time_seconds": 29.43,
  "rounds_time_stats": {
    "round_1": 29.42
  }
}