{
  "process_start_time": 1768556828.6668272,
  "process_end_time": 1768557015.927693,
  "total_elapsed_time_seconds": 187.26,
  "rounds_time_stats": {
    "round_1": 38.52,
    "round_2": 40.34,
    "round_3": 37.44,
    "round_4": 32.21,
    "round_5": 29.56,
    "round_6": 9.2
  }
}