{
  "process_start_time": 1768554905.1264448,
  "process_end_time": 1768555052.6579874,
  "total_elapsed_time_seconds": 147.53,
  "rounds_time_stats": {
    "round_1": 28.39,
    "round_2": 19.51,
    "round_3": 20.27,
    "round_4": 20.75,
    "round_5": 26.12,
    "round_6": 32.51
  }
}