{
  "process_start_time": 1768748393.5598762,
  "process_end_time": 1768748439.2169988,
  "total_elapsed_time_seconds": 45.66,
  "rounds_time_stats": {
    "round_1": 45.64
  }
}