{
  "process_start_time": 1767691407.0442338,
  "process_end_time": 1767691713.4059355,
  "total_elapsed_time_seconds": 306.36,
  "rounds_time_stats": {
    "round_1": 73.75,
    "round_2": 45.61,
    "round_3": 46.6,
    "round_4": 46.06,
    "round_5": 44.49,
    "round_6": 49.85
  }
}