{
  "process_start_time": 1767884254.1451986,
  "process_end_time": 1767884268.3626328,
  "total_elapsed_time_seconds": 14.22,
  "rounds_time_stats": {
    "round_1": 14.21
  }
}