{
  "process_start_time": 1767884017.2546732,
  "process_end_time": 1767884040.2675698,
  "total_elapsed_time_seconds": 23.01,
  "rounds_time_stats": {
    "round_1": 23.01
  }
}