{
  "process_start_time": 1767884007.847303,
  "process_end_time": 1767884038.3432066,
  "total_elapsed_time_seconds": 30.5,
  "rounds_time_stats": {
    "round_1": 30.49
  }
}