{
  "process_start_time": 1767888490.85063,
  "process_end_time": 1767888505.3943944,
  "total_elapsed_time_seconds": 14.54,
  "rounds_time_stats": {
    "round_1": 14.54
  }
}