{
  "process_start_time": 1767885362.1947324,
  "process_end_time": 1767885374.6895766,
  "total_elapsed_time_seconds": 12.49,
  "rounds_time_stats": {
    "round_1": 12.49
  }
}