{
  "process_start_time": 1767888250.2718031,
  "process_end_time": 1767888288.2580469,
  "total_elapsed_time_seconds": 37.99,
  "rounds_time_stats": {
    "round_1": 18.88,
    "round_2": 19.1
  }
}