{
  "process_start_time": 1767885324.858218,
  "process_end_time": 1767885349.473485,
  "total_elapsed_time_seconds": 24.62,
  "rounds_time_stats": {
    "round_1": 24.61
  }
}