{
  "process_start_time": 1767675475.9731646,
  "process_end_time": 1767675775.3088095,
  "total_elapsed_time_seconds": 299.34,
  "rounds_time_stats": {
    "round_1": 72.59,
    "round_2": 49.83,
    "round_3": 39.77,
    "round_4": 41.72,
    "round_5": 41.33,
    "round_6": 54.1
  }
}