{
  "process_start_time": 1767678954.0437844,
  "process_end_time": 1767679251.0581408,
  "total_elapsed_time_seconds": 297.01,
  "rounds_time_stats": {
    "round_1": 60.25,
    "round_2": 46.85,
    "round_3": 45.41,
    "round_4": 47.17,
    "round_5": 40.81,
    "round_6": 56.52
  }
}