{
  "process_start_time": 1767887617.9160647,
  "process_end_time": 1767887661.269717,
  "total_elapsed_time_seconds": 43.35,
  "rounds_time_stats": {
    "round_1": 43.35
  }
}