{
  "process_start_time": 1767688758.3028994,
  "process_end_time": 1767689087.4107966,
  "total_elapsed_time_seconds": 329.11,
  "rounds_time_stats": {
    "round_1": 62.83,
    "round_2": 75.04,
    "round_3": 43.48,
    "round_4": 53.31,
    "round_5": 47.27,
    "round_6": 47.16
  }
}