{
  "process_start_time": 1767883273.9299538,
  "process_end_time": 1767883304.2273765,
  "total_elapsed_time_seconds": 30.3,
  "rounds_time_stats": {
    "round_1": 30.29
  }
}