{
  "process_start_time": 1767888780.663961,
  "process_end_time": 1767888805.060264,
  "total_elapsed_time_seconds": 24.4,
  "rounds_time_stats": {
    "round_1": 24.39
  }
}