{
  "process_start_time": 1767886380.7071867,
  "process_end_time": 1767886417.5374937,
  "total_elapsed_time_seconds": 36.83,
  "rounds_time_stats": {
    "round_1": 17.95,
    "round_2": 18.87
  }
}