{
  "process_start_time": 1767889554.5304444,
  "process_end_time": 1767889577.9852183,
  "total_elapsed_time_seconds": 23.45,
  "rounds_time_stats": {
    "round_1": 23.45
  }
}