{
  "process_start_time": 1767888968.5128822,
  "process_end_time": 1767888977.5776722,
  "total_elapsed_time_seconds": 9.06,
  "rounds_time_stats": {
    "round_1": 9.06
  }
}