{
  "process_start_time": 1767976479.880226,
  "process_end_time": 1767976634.8121302,
  "total_elapsed_time_seconds": 154.93,
  "rounds_time_stats": {
    "round_1": 29.48,
    "round_2": 22.62,
    "round_3": 25.02,
    "round_4": 20.64,
    "round_5": 27.49,
    "round_6": 29.67
  }
}