{
  "process_start_time": 1767686727.6032398,
  "process_end_time": 1767687030.8428926,
  "total_elapsed_time_seconds": 303.24,
  "rounds_time_stats": {
    "round_1": 79.08,
    "round_2": 44.03,
    "round_3": 49.64,
    "round_4": 44.35,
    "round_5": 43.42,
    "round_6": 42.71
  }
}