{
  "process_start_time": 1768551764.0321188,
  "process_end_time": 1768551953.382272,
  "total_elapsed_time_seconds": 189.35,
  "rounds_time_stats": {
    "round_1": 34.79,
    "round_2": 26.41,
    "round_3": 34.93,
    "round_4": 31.34,
    "round_5": 28.66,
    "round_6": 33.21
  }
}