{
  "process_start_time": 1767886578.0413363,
  "process_end_time": 1767886667.7200046,
  "total_elapsed_time_seconds": 89.68,
  "rounds_time_stats": {
    "round_1": 10.77,
    "round_2": 11.19,
    "round_3": 19.43,
    "round_4": 14.3,
    "round_5": 21.54,
    "round_6": 12.45
  }
}