{
  "process_start_time": 1767887959.1026895,
  "process_end_time": 1767887996.4308884,
  "total_elapsed_time_seconds": 37.33,
  "rounds_time_stats": {
    "round_1": 37.31
  }
}