{
  "process_start_time": 1767886707.157617,
  "process_end_time": 1767886802.7400503,
  "total_elapsed_time_seconds": 95.58,
  "rounds_time_stats": {
    "round_1": 35.07,
    "round_2": 60.01,
    "round_3": 0.5
  }
}