{
  "process_start_time": 1767977458.8166687,
  "process_end_time": 1767977637.1358645,
  "total_elapsed_time_seconds": 178.32,
  "rounds_time_stats": {
    "round_1": 28.17,
    "round_2": 24.83,
    "round_3": 28.95,
    "round_4": 33.1,
    "round_5": 30.88,
    "round_6": 32.37
  }
}