{
  "process_start_time": 1767688991.0710285,
  "process_end_time": 1767689274.6737225,
  "total_elapsed_time_seconds": 283.6,
  "rounds_time_stats": {
    "round_1": 47.94,
    "round_2": 49.11,
    "round_3": 44.29,
    "round_4": 47.1,
    "round_5": 48.31,
    "round_6": 46.85
  }
}