{
  "process_start_time": 1767680018.7502744,
  "process_end_time": 1767680309.7447772,
  "total_elapsed_time_seconds": 290.99,
  "rounds_time_stats": {
    "round_1": 57.2,
    "round_2": 45.6,
    "round_3": 49.6,
    "round_4": 47.59,
    "round_5": 47.94,
    "round_6": 43.06
  }
}