{
  "process_start_time": 1767890727.3070514,
  "process_end_time": 1767890755.6774592,
  "total_elapsed_time_seconds": 28.37,
  "rounds_time_stats": {
    "round_1": 28.34
  }
}