{
  "process_start_time": 1767677070.2059386,
  "process_end_time": 1767677356.3255355,
  "total_elapsed_time_seconds": 286.12,
  "rounds_time_stats": {
    "round_1": 45.12,
    "round_2": 45.42,
    "round_3": 60.46,
    "round_4": 47.49,
    "round_5": 41.77,
    "round_6": 45.85
  }
}