{
  "process_start_time": 1767679968.6119516,
  "process_end_time": 1767680234.7414227,
  "total_elapsed_time_seconds": 266.13,
  "rounds_time_stats": {
    "round_1": 50.57,
    "round_2": 40.8,
    "round_3": 45.96,
    "round_4": 44.4,
    "round_5": 37.31,
    "round_6": 47.09
  }
}