{
  "process_start_time": 1767975332.746955,
  "process_end_time": 1767975544.8956437,
  "total_elapsed_time_seconds": 212.15,
  "rounds_time_stats": {
    "round_1": 31.51,
    "round_2": 35.2,
    "round_3": 36.35,
    "round_4": 37.52,
    "round_5": 36.21,
    "round_6": 35.36
  }
}