{
  "process_start_time": 1767889415.727174,
  "process_end_time": 1767889435.9607131,
  "total_elapsed_time_seconds": 20.23,
  "rounds_time_stats": {
    "round_1": 9.82,
    "round_2": 10.41
  }
}