{
  "process_start_time": 1767883069.1940112,
  "process_end_time": 1767883257.141647,
  "total_elapsed_time_seconds": 187.95,
  "rounds_time_stats": {
    "round_1": 26.45,
    "round_2": 24.71,
    "round_3": 31.15,
    "round_4": 31.91,
    "round_5": 27.1,
    "round_6": 46.62
  }
}