{
  "process_start_time": 1767886357.883044,
  "process_end_time": 1767886404.9622073,
  "total_elapsed_time_seconds": 47.08,
  "rounds_time_stats": {
    "round_1": 13.49,
    "round_2": 16.18,
    "round_3": 17.4
  }
}