{
  "process_start_time": 1767976698.6878858,
  "process_end_time": 1767976881.2364044,
  "total_elapsed_time_seconds": 182.55,
  "rounds_time_stats": {
    "round_1": 21.54,
    "round_2": 32.11,
    "round_3": 34.07,
    "round_4": 32.61,
    "round_5": 28.09,
    "round_6": 34.13
  }
}