{
  "process_start_time": 1767889237.2502935,
  "process_end_time": 1767889300.3047686,
  "total_elapsed_time_seconds": 63.05,
  "rounds_time_stats": {
    "round_1": 29.88,
    "round_2": 33.13
  }
}