{
  "process_start_time": 1767890218.1332827,
  "process_end_time": 1767890227.9966717,
  "total_elapsed_time_seconds": 9.86,
  "rounds_time_stats": {
    "round_1": 9.86
  }
}