{
  "process_start_time": 1767886651.7229943,
  "process_end_time": 1767886684.416039,
  "total_elapsed_time_seconds": 32.69,
  "rounds_time_stats": {
    "round_1": 32.67
  }
}