{
  "process_start_time": 1768108298.8070946,
  "process_end_time": 1768108517.1645458,
  "total_elapsed_time_seconds": 218.36,
  "rounds_time_stats": {
    "round_1": 34.28,
    "round_2": 62.88,
    "round_3": 30.74,
    "round_4": 28.12,
    "round_5": 26.53,
    "round_6": 35.82
  }
}