{
  "process_start_time": 1767886154.2785037,
  "process_end_time": 1767886181.9877164,
  "total_elapsed_time_seconds": 27.71,
  "rounds_time_stats": {
    "round_1": 27.7
  }
}