{
  "process_start_time": 1768550179.0165496,
  "process_end_time": 1768550445.631772,
  "total_elapsed_time_seconds": 266.62,
  "rounds_time_stats": {
    "round_1": 46.17,
    "round_2": 42.2,
    "round_3": 42.32,
    "round_4": 45.47,
    "round_5": 45.68,
    "round_6": 44.77
  }
}