{
  "process_start_time": 1767884302.2720537,
  "process_end_time": 1767884322.13529,
  "total_elapsed_time_seconds": 19.86,
  "rounds_time_stats": {
    "round_1": 19.84
  }
}