{
  "process_start_time": 1767676574.3805687,
  "process_end_time": 1767676845.225557,
  "total_elapsed_time_seconds": 270.84,
  "rounds_time_stats": {
    "round_1": 42.73,
    "round_2": 43.21,
    "round_3": 47.86,
    "round_4": 43.82,
    "round_5": 48.28,
    "round_6": 44.94
  }
}