{
  "process_start_time": 1767977832.8543084,
  "process_end_time": 1767978007.5056865,
  "total_elapsed_time_seconds": 174.65,
  "rounds_time_stats": {
    "round_1": 29.51,
    "round_2": 28.87,
    "round_3": 30.77,
    "round_4": 35.12,
    "round_5": 29.64,
    "round_6": 20.74
  }
}