{
  "process_start_time": 1767689322.2667859,
  "process_end_time": 1767689612.9714286,
  "total_elapsed_time_seconds": 290.7,
  "rounds_time_stats": {
    "round_1": 44.34,
    "round_2": 50.61,
    "round_3": 45.79,
    "round_4": 45.36,
    "round_5": 57.65,
    "round_6": 46.96
  }
}