{
  "process_start_time": 1767887096.5694587,
  "process_end_time": 1767887193.6481767,
  "total_elapsed_time_seconds": 97.08,
  "rounds_time_stats": {
    "round_1": 14.42,
    "round_2": 16.39,
    "round_3": 16.71,
    "round_4": 12.64,
    "round_5": 18.33,
    "round_6": 18.59
  }
}