{
  "process_start_time": 1767975762.4389703,
  "process_end_time": 1767975934.3332548,
  "total_elapsed_time_seconds": 171.89,
  "rounds_time_stats": {
    "round_1": 26.53,
    "round_2": 33.02,
    "round_3": 29.36,
    "round_4": 30.77,
    "round_5": 29.94,
    "round_6": 22.27
  }
}