{
  "process_start_time": 1768108507.2672374,
  "process_end_time": 1768108759.62956,
  "total_elapsed_time_seconds": 252.36,
  "rounds_time_stats": {
    "round_1": 39.82,
    "round_2": 37.69,
    "round_3": 45.16,
    "round_4": 48.56,
    "round_5": 46.83,
    "round_6": 34.3
  }
}