{
  "process_start_time": 1767887950.9258206,
  "process_end_time": 1767887959.1014912,
  "total_elapsed_time_seconds": 8.18,
  "rounds_time_stats": {
    "round_1": 8.17
  }
}