{
  "process_start_time": 1767888096.5554748,
  "process_end_time": 1767888133.8763819,
  "total_elapsed_time_seconds": 37.32,
  "rounds_time_stats": {
    "round_1": 16.6,
    "round_2": 20.72
  }
}