{
  "process_start_time": 1767882890.7307281,
  "process_end_time": 1767882972.8318741,
  "total_elapsed_time_seconds": 82.1,
  "rounds_time_stats": {
    "round_1": 19.53,
    "round_2": 28.76,
    "round_3": 33.8
  }
}