{
  "process_start_time": 1768117144.3221269,
  "process_end_time": 1768117348.4304278,
  "total_elapsed_time_seconds": 204.11,
  "rounds_time_stats": {
    "round_1": 29.28,
    "round_2": 31.6,
    "round_3": 34.84,
    "round_4": 31.16,
    "round_5": 45.12,
    "round_6": 32.1
  }
}