{
  "process_start_time": 1768117242.6488733,
  "process_end_time": 1768117509.3531992,
  "total_elapsed_time_seconds": 266.7,
  "rounds_time_stats": {
    "round_1": 36.55,
    "round_2": 48.48,
    "round_3": 35.33,
    "round_4": 47.36,
    "round_5": 47.56,
    "round_6": 51.42
  }
}