{
  "process_start_time": 1767685545.8525767,
  "process_end_time": 1767685805.3815298,
  "total_elapsed_time_seconds": 259.53,
  "rounds_time_stats": {
    "round_1": 32.89,
    "round_2": 41.32,
    "round_3": 46.54,
    "round_4": 47.5,
    "round_5": 49.2,
    "round_6": 42.07
  }
}