{
  "process_start_time": 1767688103.6483023,
  "process_end_time": 1767688448.2750866,
  "total_elapsed_time_seconds": 344.63,
  "rounds_time_stats": {
    "round_1": 64.87,
    "round_2": 48.47,
    "round_3": 62.38,
    "round_4": 59.06,
    "round_5": 45.53,
    "round_6": 64.31
  }
}