{
  "process_start_time": 1767691744.4110103,
  "process_end_time": 1767692033.5222664,
  "total_elapsed_time_seconds": 289.11,
  "rounds_time_stats": {
    "round_1": 34.45,
    "round_2": 48.63,
    "round_3": 51.03,
    "round_4": 47.5,
    "round_5": 63.15,
    "round_6": 44.34
  }
}