{
  "process_start_time": 1767885432.2804427,
  "process_end_time": 1767885584.1442566,
  "total_elapsed_time_seconds": 151.86,
  "rounds_time_stats": {
    "round_1": 22.5,
    "round_2": 27.27,
    "round_3": 26.45,
    "round_4": 22.77,
    "round_5": 22.15,
    "round_6": 30.73
  }
}