{
  "process_start_time": 1767684472.598041,
  "process_end_time": 1767684699.1722488,
  "total_elapsed_time_seconds": 226.57,
  "rounds_time_stats": {
    "round_1": 40.96,
    "round_2": 47.64,
    "round_3": 42.84,
    "round_4": 30.7,
    "round_5": 29.18,
    "round_6": 35.25
  }
}