{
  "process_start_time": 1767977832.939557,
  "process_end_time": 1767978020.0333338,
  "total_elapsed_time_seconds": 187.09,
  "rounds_time_stats": {
    "round_1": 36.35,
    "round_2": 33.67,
    "round_3": 31.4,
    "round_4": 30.29,
    "round_5": 31.9,
    "round_6": 23.49
  }
}