{
  "process_start_time": 1767890760.2714214,
  "process_end_time": 1767890782.4146216,
  "total_elapsed_time_seconds": 22.14,
  "rounds_time_stats": {
    "round_1": 22.14
  }
}