{
  "process_start_time": 1767684944.15303,
  "process_end_time": 1767685227.139104,
  "total_elapsed_time_seconds": 282.99,
  "rounds_time_stats": {
    "round_1": 46.07,
    "round_2": 41.49,
    "round_3": 49.34,
    "round_4": 47.61,
    "round_5": 50.73,
    "round_6": 47.74
  }
}