{
  "process_start_time": 1767887660.7231946,
  "process_end_time": 1767887728.0775466,
  "total_elapsed_time_seconds": 67.35,
  "rounds_time_stats": {
    "round_1": 15.46,
    "round_2": 27.18,
    "round_3": 24.7
  }
}