{
  "process_start_time": 1768554749.2770894,
  "process_end_time": 1768554964.7736955,
  "total_elapsed_time_seconds": 215.5,
  "rounds_time_stats": {
    "round_1": 26.78,
    "round_2": 41.32,
    "round_3": 39.07,
    "round_4": 38.58,
    "round_5": 37.64,
    "round_6": 32.1
  }
}