{
  "process_start_time": 1767684639.826152,
  "process_end_time": 1767684944.0735133,
  "total_elapsed_time_seconds": 304.25,
  "rounds_time_stats": {
    "round_1": 50.42,
    "round_2": 44.83,
    "round_3": 67.64,
    "round_4": 47.36,
    "round_5": 48.16,
    "round_6": 45.83
  }
}