{
  "process_start_time": 1767885400.8187628,
  "process_end_time": 1767885572.2549725,
  "total_elapsed_time_seconds": 171.44,
  "rounds_time_stats": {
    "round_1": 27.31,
    "round_2": 29.03,
    "round_3": 32.29,
    "round_4": 26.8,
    "round_5": 27.44,
    "round_6": 28.57
  }
}