{
  "process_start_time": 1767973306.2794516,
  "process_end_time": 1767973331.225722,
  "total_elapsed_time_seconds": 24.95,
  "rounds_time_stats": {
    "round_1": 24.9,
    "round_2": 0.05
  }
}