{
  "process_start_time": 1767678385.3859444,
  "process_end_time": 1767678601.0227778,
  "total_elapsed_time_seconds": 215.64,
  "rounds_time_stats": {
    "round_1": 38.81,
    "round_2": 44.23,
    "round_3": 28.0,
    "round_4": 47.83,
    "round_5": 31.27,
    "round_6": 25.49
  }
}