{
  "process_start_time": 1767691681.7248535,
  "process_end_time": 1767691954.7427425,
  "total_elapsed_time_seconds": 273.02,
  "rounds_time_stats": {
    "round_1": 46.71,
    "round_2": 43.13,
    "round_3": 43.33,
    "round_4": 47.61,
    "round_5": 47.8,
    "round_6": 44.43
  }
}