{
  "process_start_time": 1767888465.3985214,
  "process_end_time": 1767888487.6948018,
  "total_elapsed_time_seconds": 22.3,
  "rounds_time_stats": {
    "round_1": 22.29
  }
}