{
  "process_start_time": 1767885726.1716492,
  "process_end_time": 1767885892.4533794,
  "total_elapsed_time_seconds": 166.28,
  "rounds_time_stats": {
    "round_1": 29.84,
    "round_2": 32.15,
    "round_3": 25.88,
    "round_4": 27.72,
    "round_5": 24.71,
    "round_6": 25.97
  }
}