{
  "process_start_time": 1767978363.3605454,
  "process_end_time": 1767978548.8947072,
  "total_elapsed_time_seconds": 185.53,
  "rounds_time_stats": {
    "round_1": 21.06,
    "round_2": 28.7,
    "round_3": 33.84,
    "round_4": 23.85,
    "round_5": 36.7,
    "round_6": 41.39
  }
}