{
  "process_start_time": 1767683268.8295321,
  "process_end_time": 1767683544.8429863,
  "total_elapsed_time_seconds": 276.01,
  "rounds_time_stats": {
    "round_1": 41.56,
    "round_2": 50.59,
    "round_3": 47.45,
    "round_4": 43.02,
    "round_5": 48.83,
    "round_6": 44.56
  }
}