{
  "process_start_time": 1768107778.4738228,
  "process_end_time": 1768107937.1136959,
  "total_elapsed_time_seconds": 158.64,
  "rounds_time_stats": {
    "round_1": 24.06,
    "round_2": 18.31,
    "round_3": 29.33,
    "round_4": 28.11,
    "round_5": 25.79,
    "round_6": 33.03
  }
}