{
  "process_start_time": 1767884378.3058527,
  "process_end_time": 1767884561.867461,
  "total_elapsed_time_seconds": 183.56,
  "rounds_time_stats": {
    "round_1": 26.04,
    "round_2": 28.2,
    "round_3": 43.76,
    "round_4": 26.61,
    "round_5": 27.38,
    "round_6": 31.57
  }
}