{
  "process_start_time": 1767885862.067331,
  "process_end_time": 1767885908.8487477,
  "total_elapsed_time_seconds": 46.78,
  "rounds_time_stats": {
    "round_1": 21.31,
    "round_2": 24.88,
    "round_3": 0.59
  }
}