{
  "process_start_time": 1767890567.7595322,
  "process_end_time": 1767890642.483458,
  "total_elapsed_time_seconds": 74.72,
  "rounds_time_stats": {
    "round_1": 20.13,
    "round_2": 21.93,
    "round_3": 32.65
  }
}