{
  "process_start_time": 1767889813.6595027,
  "process_end_time": 1767889838.4087408,
  "total_elapsed_time_seconds": 24.75,
  "rounds_time_stats": {
    "round_1": 24.74
  }
}