{
  "process_start_time": 1767888967.2437606,
  "process_end_time": 1767888979.310547,
  "total_elapsed_time_seconds": 12.07,
  "rounds_time_stats": {
    "round_1": 12.06
  }
}