{
  "process_start_time": 1767889717.7865698,
  "process_end_time": 1767889756.1676147,
  "total_elapsed_time_seconds": 38.38,
  "rounds_time_stats": {
    "round_1": 38.36
  }
}