{
  "process_start_time": 1767888218.2913556,
  "process_end_time": 1767888395.832465,
  "total_elapsed_time_seconds": 177.54,
  "rounds_time_stats": {
    "round_1": 29.0,
    "round_2": 33.72,
    "round_3": 32.81,
    "round_4": 25.89,
    "round_5": 26.23,
    "round_6": 29.89
  }
}