{
  "process_start_time": 1767973961.5349517,
  "process_end_time": 1767974321.8411655,
  "total_elapsed_time_seconds": 360.31,
  "rounds_time_stats": {
    "round_1": 72.32,
    "round_2": 54.97,
    "round_3": 70.23,
    "round_4": 56.54,
    "round_5": 40.61,
    "round_6": 65.63
  }
}