{
  "process_start_time": 1768551417.1937158,
  "process_end_time": 1768551583.3899713,
  "total_elapsed_time_seconds": 166.2,
  "rounds_time_stats": {
    "round_1": 30.58,
    "round_2": 28.96,
    "round_3": 25.7,
    "round_4": 23.95,
    "round_5": 29.23,
    "round_6": 27.77
  }
}