{
  "process_start_time": 1767688566.7785609,
  "process_end_time": 1767688880.5107172,
  "total_elapsed_time_seconds": 313.73,
  "rounds_time_stats": {
    "round_1": 53.47,
    "round_2": 54.86,
    "round_3": 47.5,
    "round_4": 67.55,
    "round_5": 46.79,
    "round_6": 43.56
  }
}