{
  "process_start_time": 1767886760.9160032,
  "process_end_time": 1767886875.267476,
  "total_elapsed_time_seconds": 114.35,
  "rounds_time_stats": {
    "round_1": 17.52,
    "round_2": 22.89,
    "round_3": 15.7,
    "round_4": 17.43,
    "round_5": 19.05,
    "round_6": 21.75
  }
}