{
  "process_start_time": 1767676603.1042867,
  "process_end_time": 1767676891.902193,
  "total_elapsed_time_seconds": 288.8,
  "rounds_time_stats": {
    "round_1": 44.4,
    "round_2": 41.46,
    "round_3": 48.5,
    "round_4": 47.41,
    "round_5": 60.31,
    "round_6": 46.71
  }
}