{
  "process_start_time": 1768556218.6461086,
  "process_end_time": 1768556382.7226124,
  "total_elapsed_time_seconds": 164.08,
  "rounds_time_stats": {
    "round_1": 21.5,
    "round_2": 25.18,
    "round_3": 27.61,
    "round_4": 29.45,
    "round_5": 23.89,
    "round_6": 36.45
  }
}