{
  "process_start_time": 1767886684.6717534,
  "process_end_time": 1767886795.3190112,
  "total_elapsed_time_seconds": 110.65,
  "rounds_time_stats": {
    "round_1": 17.52,
    "round_2": 20.52,
    "round_3": 14.32,
    "round_4": 18.54,
    "round_5": 18.74,
    "round_6": 21.01
  }
}