{
  "process_start_time": 1767889780.1148233,
  "process_end_time": 1767889973.8913593,
  "total_elapsed_time_seconds": 193.78,
  "rounds_time_stats": {
    "round_1": 24.75,
    "round_2": 27.98,
    "round_3": 37.53,
    "round_4": 29.86,
    "round_5": 30.13,
    "round_6": 43.51
  }
}