{
  "process_start_time": 1767976359.557217,
  "process_end_time": 1767976536.9596376,
  "total_elapsed_time_seconds": 177.4,
  "rounds_time_stats": {
    "round_1": 29.65,
    "round_2": 31.27,
    "round_3": 28.75,
    "round_4": 30.14,
    "round_5": 30.0,
    "round_6": 27.58
  }
}