{
  "process_start_time": 1768552540.7701573,
  "process_end_time": 1768552807.8528738,
  "total_elapsed_time_seconds": 267.08,
  "rounds_time_stats": {
    "round_1": 73.11,
    "round_2": 33.78,
    "round_3": 64.79,
    "round_4": 26.56,
    "round_5": 17.91,
    "round_6": 50.93
  }
}