{
  "process_start_time": 1767889188.784052,
  "process_end_time": 1767889245.1895278,
  "total_elapsed_time_seconds": 56.41,
  "rounds_time_stats": {
    "round_1": 12.45,
    "round_2": 13.0,
    "round_3": 16.74,
    "round_4": 14.21
  }
}