{
  "process_start_time": 1768555051.9969852,
  "process_end_time": 1768555205.3681462,
  "total_elapsed_time_seconds": 153.37,
  "rounds_time_stats": {
    "round_1": 28.84,
    "round_2": 20.07,
    "round_3": 19.48,
    "round_4": 26.98,
    "round_5": 29.6,
    "round_6": 28.39
  }
}