{
  "process_start_time": 1767884268.853279,
  "process_end_time": 1767884297.6105175,
  "total_elapsed_time_seconds": 28.76,
  "rounds_time_stats": {
    "round_1": 28.75
  }
}