{
  "process_start_time": 1768556915.9000115,
  "process_end_time": 1768557048.237984,
  "total_elapsed_time_seconds": 132.34,
  "rounds_time_stats": {
    "round_1": 28.42,
    "round_2": 27.43,
    "round_3": 26.57,
    "round_4": 24.5,
    "round_5": 13.32,
    "round_6": 12.09
  }
}