{
  "process_start_time": 1767973453.09197,
  "process_end_time": 1767973685.734231,
  "total_elapsed_time_seconds": 232.64,
  "rounds_time_stats": {
    "round_1": 31.64,
    "round_2": 39.13,
    "round_3": 43.98,
    "round_4": 35.99,
    "round_5": 39.09,
    "round_6": 42.82
  }
}