{
  "process_start_time": 1767888083.9916484,
  "process_end_time": 1767888108.332065,
  "total_elapsed_time_seconds": 24.34,
  "rounds_time_stats": {
    "round_1": 11.18,
    "round_2": 13.16
  }
}