{
  "process_start_time": 1767977458.8034878,
  "process_end_time": 1767977706.5365846,
  "total_elapsed_time_seconds": 247.73,
  "rounds_time_stats": {
    "round_1": 37.07,
    "round_2": 46.04,
    "round_3": 43.34,
    "round_4": 41.62,
    "round_5": 38.88,
    "round_6": 40.78
  }
}