{
  "process_start_time": 1767886258.599821,
  "process_end_time": 1767886380.698327,
  "total_elapsed_time_seconds": 122.1,
  "rounds_time_stats": {
    "round_1": 22.62,
    "round_2": 22.42,
    "round_3": 17.07,
    "round_4": 21.78,
    "round_5": 20.57,
    "round_6": 17.62
  }
}