{
  "process_start_time": 1767886904.5417523,
  "process_end_time": 1767886989.7127044,
  "total_elapsed_time_seconds": 85.17,
  "rounds_time_stats": {
    "round_1": 18.01,
    "round_2": 24.79,
    "round_3": 21.34,
    "round_4": 20.65,
    "round_5": 0.39
  }
}