{
  "process_start_time": 1767665202.1251295,
  "process_end_time": 1767665407.5304399,
  "total_elapsed_time_seconds": 205.41,
  "rounds_time_stats": {
    "round_1": 38.16,
    "round_2": 46.07,
    "round_3": 27.81,
    "round_4": 33.38,
    "round_5": 32.47,
    "round_6": 27.51
  }
}