{
  "process_start_time": 1767888043.413835,
  "process_end_time": 1767888067.234888,
  "total_elapsed_time_seconds": 23.82,
  "rounds_time_stats": {
    "round_1": 10.83,
    "round_2": 12.98
  }
}