{
  "process_start_time": 1768556228.4589002,
  "process_end_time": 1768556401.244444,
  "total_elapsed_time_seconds": 172.79,
  "rounds_time_stats": {
    "round_1": 27.2,
    "round_2": 30.82,
    "round_3": 29.42,
    "round_4": 27.62,
    "round_5": 30.96,
    "round_6": 26.76
  }
}