{
  "process_start_time": 1767687752.1292994,
  "process_end_time": 1767688026.7527432,
  "total_elapsed_time_seconds": 274.62,
  "rounds_time_stats": {
    "round_1": 50.35,
    "round_2": 44.62,
    "round_3": 43.73,
    "round_4": 44.36,
    "round_5": 43.81,
    "round_6": 47.75
  }
}