{
  "process_start_time": 1768116972.6213562,
  "process_end_time": 1768117255.3849645,
  "total_elapsed_time_seconds": 282.76,
  "rounds_time_stats": {
    "round_1": 40.61,
    "round_2": 61.66,
    "round_3": 33.47,
    "round_4": 38.21,
    "round_5": 48.78,
    "round_6": 60.03
  }
}