{
  "process_start_time": 1767971589.0430553,
  "process_end_time": 1767973188.3359425,
  "total_elapsed_time_seconds": 1599.29,
  "rounds_time_stats": {
    "round_1": 1451.28,
    "round_2": 36.23,
    "round_3": 26.89,
    "round_4": 29.71,
    "round_5": 30.73,
    "round_6": 24.46
  }
}