{
  "process_start_time": 1767682965.830452,
  "process_end_time": 1767683236.8463767,
  "total_elapsed_time_seconds": 271.02,
  "rounds_time_stats": {
    "round_1": 39.28,
    "round_2": 45.18,
    "round_3": 47.63,
    "round_4": 46.08,
    "round_5": 44.54,
    "round_6": 48.3
  }
}