{
  "process_start_time": 1767680835.6461055,
  "process_end_time": 1767681084.1200702,
  "total_elapsed_time_seconds": 248.47,
  "rounds_time_stats": {
    "round_1": 47.27,
    "round_2": 41.95,
    "round_3": 34.2,
    "round_4": 43.19,
    "round_5": 34.67,
    "round_6": 47.19
  }
}