{
  "process_start_time": 1767883659.1751974,
  "process_end_time": 1767883676.6308005,
  "total_elapsed_time_seconds": 17.46,
  "rounds_time_stats": {
    "round_1": 17.08,
    "round_2": 0.37
  }
}