{
  "process_start_time": 1767973450.5471356,
  "process_end_time": 1767973633.1442585,
  "total_elapsed_time_seconds": 182.6,
  "rounds_time_stats": {
    "round_1": 24.01,
    "round_2": 30.06,
    "round_3": 26.09,
    "round_4": 36.68,
    "round_5": 34.3,
    "round_6": 31.46
  }
}