{
  "process_start_time": 1768115295.5067225,
  "process_end_time": 1768115611.325321,
  "total_elapsed_time_seconds": 315.82,
  "rounds_time_stats": {
    "round_1": 87.46,
    "round_2": 35.94,
    "round_3": 44.33,
    "round_4": 46.99,
    "round_5": 51.42,
    "round_6": 49.67
  }
}