{
  "process_start_time": 1767883605.1111155,
  "process_end_time": 1767883621.5244515,
  "total_elapsed_time_seconds": 16.41,
  "rounds_time_stats": {
    "round_1": 16.41
  }
}