{
  "process_start_time": 1767886938.0987406,
  "process_end_time": 1767886974.2917085,
  "total_elapsed_time_seconds": 36.19,
  "rounds_time_stats": {
    "round_1": 36.14
  }
}