{
  "process_start_time": 1768114486.9779158,
  "process_end_time": 1768114739.1062899,
  "total_elapsed_time_seconds": 252.13,
  "rounds_time_stats": {
    "round_1": 27.26,
    "round_2": 32.94,
    "round_3": 39.34,
    "round_4": 46.57,
    "round_5": 56.85,
    "round_6": 49.15
  }
}