{
  "process_start_time": 1767889137.402178,
  "process_end_time": 1767889145.364096,
  "total_elapsed_time_seconds": 7.96,
  "rounds_time_stats": {
    "round_1": 7.96
  }
}