{
  "process_start_time": 1767678898.5294344,
  "process_end_time": 1767678956.657702,
  "total_elapsed_time_seconds": 58.13,
  "rounds_time_stats": {
    "round_1": 58.1
  }
}