{
  "process_start_time": 1767887816.1315215,
  "process_end_time": 1767887960.2219975,
  "total_elapsed_time_seconds": 144.09,
  "rounds_time_stats": {
    "round_1": 27.75,
    "round_2": 21.52,
    "round_3": 25.3,
    "round_4": 23.15,
    "round_5": 20.31,
    "round_6": 26.05
  }
}