{
  "process_start_time": 1768551723.4981987,
  "process_end_time": 1768551750.312394,
  "total_elapsed_time_seconds": 26.81,
  "rounds_time_stats": {
    "round_1": 26.79
  }
}