{
  "process_start_time": 1768116027.6786063,
  "process_end_time": 1768116341.3532853,
  "total_elapsed_time_seconds": 313.67,
  "rounds_time_stats": {
    "round_1": 51.37,
    "round_2": 59.86,
    "round_3": 44.59,
    "round_4": 32.47,
    "round_5": 47.65,
    "round_6": 77.73
  }
}