{
  "process_start_time": 1767883407.87224,
  "process_end_time": 1767883426.129644,
  "total_elapsed_time_seconds": 18.26,
  "rounds_time_stats": {
    "round_1": 18.25
  }
}