{
  "process_start_time": 1768116184.458974,
  "process_end_time": 1768116454.5062184,
  "total_elapsed_time_seconds": 270.05,
  "rounds_time_stats": {
    "round_1": 36.38,
    "round_2": 45.86,
    "round_3": 62.56,
    "round_4": 19.13,
    "round_5": 57.48,
    "round_6": 48.65
  }
}