{
  "process_start_time": 1767886531.6851182,
  "process_end_time": 1767886648.9681864,
  "total_elapsed_time_seconds": 117.28,
  "rounds_time_stats": {
    "round_1": 12.29,
    "round_2": 20.06,
    "round_3": 20.46,
    "round_4": 22.18,
    "round_5": 18.97,
    "round_6": 23.32
  }
}