{
  "process_start_time": 1767887256.838992,
  "process_end_time": 1767887312.4520936,
  "total_elapsed_time_seconds": 55.61,
  "rounds_time_stats": {
    "round_1": 31.95,
    "round_2": 23.66
  }
}