{
  "process_start_time": 1767888190.755504,
  "process_end_time": 1767888230.3808196,
  "total_elapsed_time_seconds": 39.63,
  "rounds_time_stats": {
    "round_1": 18.76,
    "round_2": 20.86
  }
}