{
  "process_start_time": 1767677458.1965647,
  "process_end_time": 1767677645.6578772,
  "total_elapsed_time_seconds": 187.46,
  "rounds_time_stats": {
    "round_1": 33.89,
    "round_2": 32.55,
    "round_3": 36.19,
    "round_4": 38.23,
    "round_5": 28.54,
    "round_6": 18.06
  }
}