{
  "process_start_time": 1767883892.6774728,
  "process_end_time": 1767883910.3633633,
  "total_elapsed_time_seconds": 17.69,
  "rounds_time_stats": {
    "round_1": 17.68
  }
}