{
  "process_start_time": 1768551457.2508974,
  "process_end_time": 1768551611.7480063,
  "total_elapsed_time_seconds": 154.5,
  "rounds_time_stats": {
    "round_1": 28.66,
    "round_2": 29.49,
    "round_3": 26.0,
    "round_4": 24.15,
    "round_5": 24.69,
    "round_6": 21.5
  }
}