{
  "process_start_time": 1768551175.8694022,
  "process_end_time": 1768551322.6960294,
  "total_elapsed_time_seconds": 146.83,
  "rounds_time_stats": {
    "round_1": 29.48,
    "round_2": 24.73,
    "round_3": 21.9,
    "round_4": 22.82,
    "round_5": 20.37,
    "round_6": 27.51
  }
}