{
  "process_start_time": 1767887769.3438146,
  "process_end_time": 1767887792.837994,
  "total_elapsed_time_seconds": 23.49,
  "rounds_time_stats": {
    "round_1": 23.49
  }
}