{
  "process_start_time": 1767886404.964134,
  "process_end_time": 1767886477.2417605,
  "total_elapsed_time_seconds": 72.28,
  "rounds_time_stats": {
    "round_1": 22.15,
    "round_2": 28.22,
    "round_3": 21.56,
    "round_4": 0.34
  }
}