{
  "process_start_time": 1767883134.607574,
  "process_end_time": 1767883168.5538325,
  "total_elapsed_time_seconds": 33.95,
  "rounds_time_stats": {
    "round_1": 15.01,
    "round_2": 18.93
  }
}