{
  "process_start_time": 1768551281.6969435,
  "process_end_time": 1768551457.2498758,
  "total_elapsed_time_seconds": 175.55,
  "rounds_time_stats": {
    "round_1": 32.04,
    "round_2": 28.07,
    "round_3": 28.0,
    "round_4": 28.19,
    "round_5": 29.0,
    "round_6": 30.24
  }
}