{
  "process_start_time": 1767975326.3364973,
  "process_end_time": 1767975524.8639932,
  "total_elapsed_time_seconds": 198.53,
  "rounds_time_stats": {
    "round_1": 27.71,
    "round_2": 32.9,
    "round_3": 31.87,
    "round_4": 34.92,
    "round_5": 36.64,
    "round_6": 34.48
  }
}