{
  "process_start_time": 1768107778.4776502,
  "process_end_time": 1768107999.7130334,
  "total_elapsed_time_seconds": 221.24,
  "rounds_time_stats": {
    "round_1": 25.69,
    "round_2": 43.99,
    "round_3": 28.43,
    "round_4": 36.51,
    "round_5": 43.38,
    "round_6": 43.24
  }
}