{
  "process_start_time": 1767679283.3651195,
  "process_end_time": 1767679548.1921806,
  "total_elapsed_time_seconds": 264.83,
  "rounds_time_stats": {
    "round_1": 45.85,
    "round_2": 46.07,
    "round_3": 43.33,
    "round_4": 43.56,
    "round_5": 41.56,
    "round_6": 44.46
  }
}