{
  "process_start_time": 1767886095.5508628,
  "process_end_time": 1767886185.717669,
  "total_elapsed_time_seconds": 90.17,
  "rounds_time_stats": {
    "round_1": 90.16
  }
}