{
  "process_start_time": 1767976778.3363416,
  "process_end_time": 1767976961.074777,
  "total_elapsed_time_seconds": 182.74,
  "rounds_time_stats": {
    "round_1": 29.92,
    "round_2": 27.52,
    "round_3": 34.61,
    "round_4": 30.46,
    "round_5": 29.33,
    "round_6": 30.89
  }
}