{
  "process_start_time": 1768551020.7956274,
  "process_end_time": 1768551237.7192614,
  "total_elapsed_time_seconds": 216.92,
  "rounds_time_stats": {
    "round_1": 45.03,
    "round_2": 41.73,
    "round_3": 39.02,
    "round_4": 29.31,
    "round_5": 30.6,
    "round_6": 31.24
  }
}