{
  "process_start_time": 1767977458.807506,
  "process_end_time": 1767977655.770273,
  "total_elapsed_time_seconds": 196.96,
  "rounds_time_stats": {
    "round_1": 36.43,
    "round_2": 35.63,
    "round_3": 31.47,
    "round_4": 31.91,
    "round_5": 32.35,
    "round_6": 29.17
  }
}