{
  "process_start_time": 1767884820.589564,
  "process_end_time": 1767884912.0315783,
  "total_elapsed_time_seconds": 91.44,
  "rounds_time_stats": {
    "round_1": 12.5,
    "round_2": 39.61,
    "round_3": 12.9,
    "round_4": 26.42
  }
}