{
  "process_start_time": 1767889611.5081046,
  "process_end_time": 1767889620.9940562,
  "total_elapsed_time_seconds": 9.49,
  "rounds_time_stats": {
    "round_1": 9.48
  }
}