{
  "process_start_time": 1768114753.2497253,
  "process_end_time": 1768115003.978518,
  "total_elapsed_time_seconds": 250.73,
  "rounds_time_stats": {
    "round_1": 27.95,
    "round_2": 33.15,
    "round_3": 46.87,
    "round_4": 47.66,
    "round_5": 51.08,
    "round_6": 44.02
  }
}