{
  "process_start_time": 1768555531.760907,
  "process_end_time": 1768555706.8536305,
  "total_elapsed_time_seconds": 175.09,
  "rounds_time_stats": {
    "round_1": 28.16,
    "round_2": 27.97,
    "round_3": 30.96,
    "round_4": 29.89,
    "round_5": 28.41,
    "round_6": 29.7
  }
}