{
  "process_start_time": 1768108727.3419693,
  "process_end_time": 1768109009.6837692,
  "total_elapsed_time_seconds": 282.34,
  "rounds_time_stats": {
    "round_1": 52.32,
    "round_2": 36.4,
    "round_3": 50.91,
    "round_4": 44.07,
    "round_5": 48.89,
    "round_6": 49.74
  }
}