{
  "process_start_time": 1767979114.6033564,
  "process_end_time": 1767979241.9500856,
  "total_elapsed_time_seconds": 127.35,
  "rounds_time_stats": {
    "round_1": 27.89,
    "round_2": 23.13,
    "round_3": 18.75,
    "round_4": 21.31,
    "round_5": 20.0,
    "round_6": 16.27
  }
}