{
  "process_start_time": 1767882890.7321472,
  "process_end_time": 1767882912.736031,
  "total_elapsed_time_seconds": 22.0,
  "rounds_time_stats": {
    "round_1": 22.0
  }
}