{
  "process_start_time": 1767689496.7358828,
  "process_end_time": 1767689821.4335806,
  "total_elapsed_time_seconds": 324.7,
  "rounds_time_stats": {
    "round_1": 53.44,
    "round_2": 60.05,
    "round_3": 41.17,
    "round_4": 45.71,
    "round_5": 45.22,
    "round_6": 79.1
  }
}