{
  "process_start_time": 1768555451.8840556,
  "process_end_time": 1768555596.418489,
  "total_elapsed_time_seconds": 144.53,
  "rounds_time_stats": {
    "round_1": 24.67,
    "round_2": 24.66,
    "round_3": 18.42,
    "round_4": 26.58,
    "round_5": 27.64,
    "round_6": 22.57
  }
}