{
  "process_start_time": 1767970572.3641133,
  "process_end_time": 1767971118.999156,
  "total_elapsed_time_seconds": 546.64,
  "rounds_time_stats": {
    "round_1": 32.78,
    "round_2": 80.77,
    "round_3": 100.44,
    "round_4": 86.34,
    "round_5": 118.82,
    "round_6": 127.48
  }
}