{
  "process_start_time": 1767889649.180483,
  "process_end_time": 1767889759.3313408,
  "total_elapsed_time_seconds": 110.15,
  "rounds_time_stats": {
    "round_1": 15.45,
    "round_2": 22.97,
    "round_3": 15.21,
    "round_4": 16.97,
    "round_5": 14.33,
    "round_6": 25.22
  }
}