{
  "process_start_time": 1767884210.289151,
  "process_end_time": 1767884355.1827238,
  "total_elapsed_time_seconds": 144.89,
  "rounds_time_stats": {
    "round_1": 17.04,
    "round_2": 16.87,
    "round_3": 23.34,
    "round_4": 38.04,
    "round_5": 22.8,
    "round_6": 26.81
  }
}