{
  "process_start_time": 1767889153.8962388,
  "process_end_time": 1767889183.234833,
  "total_elapsed_time_seconds": 29.34,
  "rounds_time_stats": {
    "round_1": 29.32
  }
}