{
  "process_start_time": 1767883266.6920567,
  "process_end_time": 1767883285.3692877,
  "total_elapsed_time_seconds": 18.68,
  "rounds_time_stats": {
    "round_1": 18.67
  }
}