{
  "process_start_time": 1767691407.0426676,
  "process_end_time": 1767691695.220585,
  "total_elapsed_time_seconds": 288.18,
  "rounds_time_stats": {
    "round_1": 55.86,
    "round_2": 46.75,
    "round_3": 46.91,
    "round_4": 42.63,
    "round_5": 48.9,
    "round_6": 47.14
  }
}