{
  "process_start_time": 1767890782.3690338,
  "process_end_time": 1767890815.25181,
  "total_elapsed_time_seconds": 32.88,
  "rounds_time_stats": {
    "round_1": 32.88
  }
}