{
  "process_start_time": 1767970757.0220656,
  "process_end_time": 1767971581.807426,
  "total_elapsed_time_seconds": 824.79,
  "rounds_time_stats": {
    "round_1": 86.46,
    "round_2": 149.15,
    "round_3": 123.15,
    "round_4": 122.87,
    "round_5": 121.88,
    "round_6": 221.28
  }
}