{
  "process_start_time": 1767975940.367442,
  "process_end_time": 1767976145.534528,
  "total_elapsed_time_seconds": 205.17,
  "rounds_time_stats": {
    "round_1": 31.68,
    "round_2": 41.05,
    "round_3": 33.66,
    "round_4": 36.14,
    "round_5": 31.84,
    "round_6": 30.79
  }
}