{
  "process_start_time": 1767976718.2221432,
  "process_end_time": 1767976996.6160479,
  "total_elapsed_time_seconds": 278.39,
  "rounds_time_stats": {
    "round_1": 42.34,
    "round_2": 47.55,
    "round_3": 52.35,
    "round_4": 50.6,
    "round_5": 40.91,
    "round_6": 44.64
  }
}