{
  "process_start_time": 1767890134.073109,
  "process_end_time": 1767890206.1017869,
  "total_elapsed_time_seconds": 72.03,
  "rounds_time_stats": {
    "round_1": 12.99,
    "round_2": 12.76,
    "round_3": 12.03,
    "round_4": 12.51,
    "round_5": 10.38,
    "round_6": 11.35
  }
}