{
  "process_start_time": 1767888406.917773,
  "process_end_time": 1767888440.5732336,
  "total_elapsed_time_seconds": 33.66,
  "rounds_time_stats": {
    "round_1": 13.55,
    "round_2": 20.1
  }
}