{
  "process_start_time": 1767973576.0088816,
  "process_end_time": 1767973845.3892658,
  "total_elapsed_time_seconds": 269.38,
  "rounds_time_stats": {
    "round_1": 44.61,
    "round_2": 38.04,
    "round_3": 48.67,
    "round_4": 46.43,
    "round_5": 45.8,
    "round_6": 45.82
  }
}