{
  "process_start_time": 1767884360.4514494,
  "process_end_time": 1767884387.5433984,
  "total_elapsed_time_seconds": 27.09,
  "rounds_time_stats": {
    "round_1": 27.07
  }
}