{
  "process_start_time": 1767978777.4272876,
  "process_end_time": 1767978988.933166,
  "total_elapsed_time_seconds": 211.51,
  "rounds_time_stats": {
    "round_1": 30.48,
    "round_2": 39.07,
    "round_3": 39.51,
    "round_4": 34.07,
    "round_5": 39.43,
    "round_6": 28.94
  }
}