{
  "process_start_time": 1767664926.1107702,
  "process_end_time": 1767665200.6439068,
  "total_elapsed_time_seconds": 274.53,
  "rounds_time_stats": {
    "round_1": 39.2,
    "round_2": 47.57,
    "round_3": 46.55,
    "round_4": 44.23,
    "round_5": 47.79,
    "round_6": 49.19
  }
}