{
  "process_start_time": 1767687015.6799328,
  "process_end_time": 1767687325.2600303,
  "total_elapsed_time_seconds": 309.58,
  "rounds_time_stats": {
    "round_1": 57.57,
    "round_2": 70.02,
    "round_3": 41.71,
    "round_4": 48.41,
    "round_5": 42.8,
    "round_6": 49.08
  }
}