{
  "process_start_time": 1767688202.449266,
  "process_end_time": 1767688492.6396375,
  "total_elapsed_time_seconds": 290.19,
  "rounds_time_stats": {
    "round_1": 44.09,
    "round_2": 45.29,
    "round_3": 45.15,
    "round_4": 63.62,
    "round_5": 47.63,
    "round_6": 44.41
  }
}