{
  "process_start_time": 1767676361.317155,
  "process_end_time": 1767676631.7102015,
  "total_elapsed_time_seconds": 270.39,
  "rounds_time_stats": {
    "round_1": 43.4,
    "round_2": 49.7,
    "round_3": 39.83,
    "round_4": 50.04,
    "round_5": 44.14,
    "round_6": 43.28
  }
}