{
  "process_start_time": 1767970265.9388134,
  "process_end_time": 1767970557.3324895,
  "total_elapsed_time_seconds": 291.39,
  "rounds_time_stats": {
    "round_1": 49.96,
    "round_2": 45.83,
    "round_3": 42.69,
    "round_4": 49.05,
    "round_5": 63.73,
    "round_6": 40.13
  }
}