{
  "process_start_time": 1767890140.072067,
  "process_end_time": 1767890281.7263381,
  "total_elapsed_time_seconds": 141.65,
  "rounds_time_stats": {
    "round_1": 23.76,
    "round_2": 22.49,
    "round_3": 19.0,
    "round_4": 23.53,
    "round_5": 25.0,
    "round_6": 27.88
  }
}