{
  "process_start_time": 1767883230.2345393,
  "process_end_time": 1767883263.9431086,
  "total_elapsed_time_seconds": 33.71,
  "rounds_time_stats": {
    "round_1": 33.66
  }
}