{
  "process_start_time": 1768116846.0282269,
  "process_end_time": 1768117112.2726212,
  "total_elapsed_time_seconds": 266.24,
  "rounds_time_stats": {
    "round_1": 44.35,
    "round_2": 49.35,
    "round_3": 33.82,
    "round_4": 46.11,
    "round_5": 44.06,
    "round_6": 48.55
  }
}