{
  "process_start_time": 1767691407.0434976,
  "process_end_time": 1767691743.8848202,
  "total_elapsed_time_seconds": 336.84,
  "rounds_time_stats": {
    "round_1": 78.49,
    "round_2": 54.49,
    "round_3": 46.62,
    "round_4": 46.68,
    "round_5": 62.43,
    "round_6": 48.14
  }
}