{
  "process_start_time": 1768552085.5345256,
  "process_end_time": 1768552228.0100248,
  "total_elapsed_time_seconds": 142.48,
  "rounds_time_stats": {
    "round_1": 19.47,
    "round_2": 22.85,
    "round_3": 25.99,
    "round_4": 21.48,
    "round_5": 26.61,
    "round_6": 26.07
  }
}