{
  "process_start_time": 1767889692.4708543,
  "process_end_time": 1767889845.7004704,
  "total_elapsed_time_seconds": 153.23,
  "rounds_time_stats": {
    "round_1": 32.56,
    "round_2": 21.38,
    "round_3": 26.22,
    "round_4": 23.14,
    "round_5": 24.0,
    "round_6": 25.93
  }
}