{
  "process_start_time": 1767680076.9428067,
  "process_end_time": 1767680367.1904683,
  "total_elapsed_time_seconds": 290.25,
  "rounds_time_stats": {
    "round_1": 62.97,
    "round_2": 47.16,
    "round_3": 47.63,
    "round_4": 44.89,
    "round_5": 45.18,
    "round_6": 42.41
  }
}