{
  "process_start_time": 1767885828.8197188,
  "process_end_time": 1767885855.7543728,
  "total_elapsed_time_seconds": 26.93,
  "rounds_time_stats": {
    "round_1": 26.93
  }
}