{
  "process_start_time": 1767885193.1476734,
  "process_end_time": 1767885323.9281695,
  "total_elapsed_time_seconds": 130.78,
  "rounds_time_stats": {
    "round_1": 25.04,
    "round_2": 24.02,
    "round_3": 19.92,
    "round_4": 19.37,
    "round_5": 23.28,
    "round_6": 19.15
  }
}