{
  "process_start_time": 1767885783.2812886,
  "process_end_time": 1767885864.783894,
  "total_elapsed_time_seconds": 81.5,
  "rounds_time_stats": {
    "round_1": 42.9,
    "round_2": 38.59
  }
}