{
  "process_start_time": 1768550776.7877817,
  "process_end_time": 1768551021.4316165,
  "total_elapsed_time_seconds": 244.64,
  "rounds_time_stats": {
    "round_1": 36.7,
    "round_2": 32.52,
    "round_3": 45.16,
    "round_4": 44.97,
    "round_5": 44.27,
    "round_6": 41.03
  }
}