{
  "process_start_time": 1767677342.153457,
  "process_end_time": 1767677574.7786698,
  "total_elapsed_time_seconds": 232.63,
  "rounds_time_stats": {
    "round_1": 35.64,
    "round_2": 40.01,
    "round_3": 42.94,
    "round_4": 37.09,
    "round_5": 40.37,
    "round_6": 36.57
  }
}