{
  "process_start_time": 1768109506.6999195,
  "process_end_time": 1768109733.9365706,
  "total_elapsed_time_seconds": 227.24,
  "rounds_time_stats": {
    "round_1": 41.28,
    "round_2": 27.88,
    "round_3": 34.8,
    "round_4": 46.2,
    "round_5": 44.17,
    "round_6": 32.9
  }
}