{
  "process_start_time": 1768114955.5957487,
  "process_end_time": 1768115224.1178977,
  "total_elapsed_time_seconds": 268.52,
  "rounds_time_stats": {
    "round_1": 31.49,
    "round_2": 39.85,
    "round_3": 44.86,
    "round_4": 45.33,
    "round_5": 47.62,
    "round_6": 59.37
  }
}