{
  "process_start_time": 1767888624.0958357,
  "process_end_time": 1767888666.8779812,
  "total_elapsed_time_seconds": 42.78,
  "rounds_time_stats": {
    "round_1": 11.03,
    "round_2": 13.7,
    "round_3": 17.84,
    "round_4": 0.22
  }
}