{
  "process_start_time": 1767978957.9569523,
  "process_end_time": 1767979080.8446004,
  "total_elapsed_time_seconds": 122.89,
  "rounds_time_stats": {
    "round_1": 28.4,
    "round_2": 45.59,
    "round_3": 48.87
  }
}