{
  "process_start_time": 1767886178.9739907,
  "process_end_time": 1767886199.4601016,
  "total_elapsed_time_seconds": 20.49,
  "rounds_time_stats": {
    "round_1": 20.48
  }
}