{
  "process_start_time": 1767883099.5584338,
  "process_end_time": 1767883130.5838737,
  "total_elapsed_time_seconds": 31.03,
  "rounds_time_stats": {
    "round_1": 31.02
  }
}