{
  "process_start_time": 1768555098.8771145,
  "process_end_time": 1768555262.2951264,
  "total_elapsed_time_seconds": 163.42,
  "rounds_time_stats": {
    "round_1": 21.44,
    "round_2": 24.73,
    "round_3": 31.52,
    "round_4": 29.26,
    "round_5": 28.55,
    "round_6": 27.91
  }
}