{
  "process_start_time": 1767885567.5176353,
  "process_end_time": 1767885590.7879384,
  "total_elapsed_time_seconds": 23.27,
  "rounds_time_stats": {
    "round_1": 23.26
  }
}