{
  "process_start_time": 1767890109.6510422,
  "process_end_time": 1767890140.0663633,
  "total_elapsed_time_seconds": 30.42,
  "rounds_time_stats": {
    "round_1": 13.15,
    "round_2": 17.26
  }
}