{
  "process_start_time": 1767883260.455771,
  "process_end_time": 1767883363.7326415,
  "total_elapsed_time_seconds": 103.28,
  "rounds_time_stats": {
    "round_1": 18.15,
    "round_2": 14.37,
    "round_3": 16.8,
    "round_4": 18.29,
    "round_5": 18.36,
    "round_6": 17.29
  }
}