{
  "process_start_time": 1768117443.3674488,
  "process_end_time": 1768117668.6285987,
  "total_elapsed_time_seconds": 225.26,
  "rounds_time_stats": {
    "round_1": 42.42,
    "round_2": 30.09,
    "round_3": 30.35,
    "round_4": 36.11,
    "round_5": 49.8,
    "round_6": 36.49
  }
}