{
  "process_start_time": 1768551751.93253,
  "process_end_time": 1768551894.2116015,
  "total_elapsed_time_seconds": 142.28,
  "rounds_time_stats": {
    "round_1": 29.66,
    "round_2": 20.75,
    "round_3": 24.18,
    "round_4": 24.68,
    "round_5": 24.81,
    "round_6": 18.19
  }
}