{
  "process_start_time": 1767885362.415994,
  "process_end_time": 1767885375.987354,
  "total_elapsed_time_seconds": 13.57,
  "rounds_time_stats": {
    "round_1": 13.57
  }
}