{
  "process_start_time": 1767679985.2143784,
  "process_end_time": 1767680264.2721431,
  "total_elapsed_time_seconds": 279.06,
  "rounds_time_stats": {
    "round_1": 45.82,
    "round_2": 44.9,
    "round_3": 45.34,
    "round_4": 49.61,
    "round_5": 45.04,
    "round_6": 48.35
  }
}