{
  "process_start_time": 1767678388.1075804,
  "process_end_time": 1767678640.3050673,
  "total_elapsed_time_seconds": 252.2,
  "rounds_time_stats": {
    "round_1": 40.0,
    "round_2": 43.59,
    "round_3": 42.55,
    "round_4": 46.52,
    "round_5": 33.85,
    "round_6": 45.68
  }
}