{
  "process_start_time": 1767885291.2665644,
  "process_end_time": 1767885333.229429,
  "total_elapsed_time_seconds": 41.96,
  "rounds_time_stats": {
    "round_1": 19.73,
    "round_2": 22.04,
    "round_3": 0.19
  }
}