{
  "process_start_time": 1767890237.630749,
  "process_end_time": 1767890254.1320398,
  "total_elapsed_time_seconds": 16.5,
  "rounds_time_stats": {
    "round_1": 16.5
  }
}