{
  "process_start_time": 1767889188.5475817,
  "process_end_time": 1767889208.1310616,
  "total_elapsed_time_seconds": 19.58,
  "rounds_time_stats": {
    "round_1": 7.18,
    "round_2": 12.4
  }
}