{
  "process_start_time": 1768555891.1006923,
  "process_end_time": 1768556041.721532,
  "total_elapsed_time_seconds": 150.62,
  "rounds_time_stats": {
    "round_1": 25.96,
    "round_2": 23.58,
    "round_3": 19.22,
    "round_4": 27.25,
    "round_5": 24.86,
    "round_6": 29.75
  }
}