{
  "process_start_time": 1767675788.0968258,
  "process_end_time": 1767676064.6901383,
  "total_elapsed_time_seconds": 276.59,
  "rounds_time_stats": {
    "round_1": 43.57,
    "round_2": 45.37,
    "round_3": 44.08,
    "round_4": 45.29,
    "round_5": 50.73,
    "round_6": 47.56
  }
}