{
  "process_start_time": 1767885351.229384,
  "process_end_time": 1767885538.6032813,
  "total_elapsed_time_seconds": 187.37,
  "rounds_time_stats": {
    "round_1": 20.73,
    "round_2": 42.76,
    "round_3": 27.12,
    "round_4": 22.01,
    "round_5": 52.93,
    "round_6": 21.82
  }
}