{
  "process_start_time": 1768117316.396261,
  "process_end_time": 1768117593.631849,
  "total_elapsed_time_seconds": 277.24,
  "rounds_time_stats": {
    "round_1": 37.76,
    "round_2": 41.01,
    "round_3": 46.37,
    "round_4": 51.82,
    "round_5": 47.43,
    "round_6": 52.85
  }
}