{
  "process_start_time": 1768108775.6018538,
  "process_end_time": 1768109055.6077647,
  "total_elapsed_time_seconds": 280.01,
  "rounds_time_stats": {
    "round_1": 52.01,
    "round_2": 33.69,
    "round_3": 48.41,
    "round_4": 50.6,
    "round_5": 48.76,
    "round_6": 46.53
  }
}