{
  "process_start_time": 1767973270.7903087,
  "process_end_time": 1767973306.0437727,
  "total_elapsed_time_seconds": 35.25,
  "rounds_time_stats": {
    "round_1": 35.21
  }
}