{
  "process_start_time": 1767888848.7512302,
  "process_end_time": 1767888859.0804439,
  "total_elapsed_time_seconds": 10.33,
  "rounds_time_stats": {
    "round_1": 10.33
  }
}