{
  "process_start_time": 1768551564.8477905,
  "process_end_time": 1768551723.6704583,
  "total_elapsed_time_seconds": 158.82,
  "rounds_time_stats": {
    "round_1": 24.23,
    "round_2": 22.44,
    "round_3": 29.82,
    "round_4": 28.36,
    "round_5": 28.91,
    "round_6": 25.05
  }
}