{
  "process_start_time": 1767888032.9695563,
  "process_end_time": 1767888043.8370166,
  "total_elapsed_time_seconds": 10.87,
  "rounds_time_stats": {
    "round_1": 10.86
  }
}