{
  "process_start_time": 1767889974.936734,
  "process_end_time": 1767890025.0078847,
  "total_elapsed_time_seconds": 50.07,
  "rounds_time_stats": {
    "round_1": 22.68,
    "round_2": 27.36
  }
}