{
  "process_start_time": 1767679908.401594,
  "process_end_time": 1767680186.3133047,
  "total_elapsed_time_seconds": 277.91,
  "rounds_time_stats": {
    "round_1": 47.03,
    "round_2": 41.73,
    "round_3": 47.35,
    "round_4": 46.39,
    "round_5": 45.52,
    "round_6": 49.88
  }
}