{
  "process_start_time": 1767888703.3155077,
  "process_end_time": 1767888724.7400606,
  "total_elapsed_time_seconds": 21.42,
  "rounds_time_stats": {
    "round_1": 10.97,
    "round_2": 10.45
  }
}