{
  "process_start_time": 1768117775.2939873,
  "process_end_time": 1768118116.2116144,
  "total_elapsed_time_seconds": 340.92,
  "rounds_time_stats": {
    "round_1": 69.87,
    "round_2": 38.53,
    "round_3": 49.58,
    "round_4": 65.8,
    "round_5": 59.78,
    "round_6": 57.35
  }
}