{
  "process_start_time": 1767970266.0929368,
  "process_end_time": 1767970658.261144,
  "total_elapsed_time_seconds": 392.17,
  "rounds_time_stats": {
    "round_1": 58.02,
    "round_2": 78.71,
    "round_3": 48.75,
    "round_4": 37.47,
    "round_5": 69.66,
    "round_6": 99.55
  }
}