{
  "process_start_time": 1768552034.565031,
  "process_end_time": 1768552208.0798426,
  "total_elapsed_time_seconds": 173.51,
  "rounds_time_stats": {
    "round_1": 28.16,
    "round_2": 27.79,
    "round_3": 28.32,
    "round_4": 29.07,
    "round_5": 27.21,
    "round_6": 32.95
  }
}