{
  "process_start_time": 1767890230.5638044,
  "process_end_time": 1767890302.1918209,
  "total_elapsed_time_seconds": 71.63,
  "rounds_time_stats": {
    "round_1": 23.36,
    "round_2": 30.18,
    "round_3": 17.72,
    "round_4": 0.37
  }
}