{
  "process_start_time": 1767885647.5172603,
  "process_end_time": 1767885733.3656251,
  "total_elapsed_time_seconds": 85.85,
  "rounds_time_stats": {
    "round_1": 14.19,
    "round_2": 14.91,
    "round_3": 29.32,
    "round_4": 27.42
  }
}