{
  "process_start_time": 1768555318.6084487,
  "process_end_time": 1768555485.9630978,
  "total_elapsed_time_seconds": 167.35,
  "rounds_time_stats": {
    "round_1": 27.58,
    "round_2": 28.92,
    "round_3": 26.51,
    "round_4": 29.12,
    "round_5": 28.42,
    "round_6": 26.81
  }
}