{
  "process_start_time": 1767690199.6719441,
  "process_end_time": 1767690467.5550814,
  "total_elapsed_time_seconds": 267.88,
  "rounds_time_stats": {
    "round_1": 46.62,
    "round_2": 35.22,
    "round_3": 43.52,
    "round_4": 48.08,
    "round_5": 43.91,
    "round_6": 50.53
  }
}