{
  "process_start_time": 1767888792.881323,
  "process_end_time": 1767888802.7527215,
  "total_elapsed_time_seconds": 9.87,
  "rounds_time_stats": {
    "round_1": 9.87
  }
}