{
  "process_start_time": 1767887352.758224,
  "process_end_time": 1767887542.7482429,
  "total_elapsed_time_seconds": 189.99,
  "rounds_time_stats": {
    "round_1": 20.72,
    "round_2": 22.88,
    "round_3": 44.97,
    "round_4": 46.06,
    "round_5": 27.93,
    "round_6": 27.41
  }
}