{
  "process_start_time": 1767883310.7070396,
  "process_end_time": 1767883348.348737,
  "total_elapsed_time_seconds": 37.64,
  "rounds_time_stats": {
    "round_1": 37.62
  }
}