{
  "process_start_time": 1767889097.8148437,
  "process_end_time": 1767889186.2651374,
  "total_elapsed_time_seconds": 88.45,
  "rounds_time_stats": {
    "round_1": 14.02,
    "round_2": 14.55,
    "round_3": 12.63,
    "round_4": 18.21,
    "round_5": 16.0,
    "round_6": 13.04
  }
}