{
  "process_start_time": 1768552399.8510363,
  "process_end_time": 1768552799.0864048,
  "total_elapsed_time_seconds": 399.24,
  "rounds_time_stats": {
    "round_1": 150.58,
    "round_2": 75.44,
    "round_3": 35.35,
    "round_4": 50.29,
    "round_5": 29.09,
    "round_6": 58.48
  }
}