{
  "process_start_time": 1768117363.99847,
  "process_end_time": 1768117635.775397,
  "total_elapsed_time_seconds": 271.78,
  "rounds_time_stats": {
    "round_1": 41.01,
    "round_2": 39.01,
    "round_3": 46.56,
    "round_4": 32.92,
    "round_5": 51.74,
    "round_6": 60.53
  }
}