{
  "process_start_time": 1767886781.343971,
  "process_end_time": 1767886821.3460026,
  "total_elapsed_time_seconds": 40.0,
  "rounds_time_stats": {
    "round_1": 24.37,
    "round_2": 15.63
  }
}