{
  "process_start_time": 1768114993.5720353,
  "process_end_time": 1768115238.747775,
  "total_elapsed_time_seconds": 245.18,
  "rounds_time_stats": {
    "round_1": 39.0,
    "round_2": 34.07,
    "round_3": 35.58,
    "round_4": 48.52,
    "round_5": 40.79,
    "round_6": 47.21
  }
}