{
  "process_start_time": 1767676541.5496461,
  "process_end_time": 1767676845.0567772,
  "total_elapsed_time_seconds": 303.51,
  "rounds_time_stats": {
    "round_1": 74.83,
    "round_2": 42.92,
    "round_3": 51.3,
    "round_4": 40.13,
    "round_5": 49.26,
    "round_6": 45.07
  }
}