{
  "process_start_time": 1767890000.8293104,
  "process_end_time": 1767890096.415269,
  "total_elapsed_time_seconds": 95.59,
  "rounds_time_stats": {
    "round_1": 11.31,
    "round_2": 19.11,
    "round_3": 15.75,
    "round_4": 49.41
  }
}