{
  "process_start_time": 1768555136.6228375,
  "process_end_time": 1768555359.1654527,
  "total_elapsed_time_seconds": 222.54,
  "rounds_time_stats": {
    "round_1": 40.0,
    "round_2": 38.62,
    "round_3": 38.78,
    "round_4": 36.07,
    "round_5": 38.68,
    "round_6": 30.38
  }
}