{
  "process_start_time": 1767886525.6369114,
  "process_end_time": 1767886686.4425833,
  "total_elapsed_time_seconds": 160.81,
  "rounds_time_stats": {
    "round_1": 16.72,
    "round_2": 21.75,
    "round_3": 32.6,
    "round_4": 27.53,
    "round_5": 30.53,
    "round_6": 31.67
  }
}