{
  "process_start_time": 1768556818.0883644,
  "process_end_time": 1768557006.3647268,
  "total_elapsed_time_seconds": 188.28,
  "rounds_time_stats": {
    "round_1": 27.77,
    "round_2": 31.49,
    "round_3": 29.95,
    "round_4": 29.15,
    "round_5": 43.12,
    "round_6": 26.79
  }
}