{
  "process_start_time": 1767664926.1098528,
  "process_end_time": 1767665170.583118,
  "total_elapsed_time_seconds": 244.47,
  "rounds_time_stats": {
    "round_1": 42.94,
    "round_2": 43.61,
    "round_3": 41.17,
    "round_4": 35.65,
    "round_5": 44.71,
    "round_6": 36.39
  }
}