{
  "process_start_time": 1768108959.1078591,
  "process_end_time": 1768109220.1518981,
  "total_elapsed_time_seconds": 261.04,
  "rounds_time_stats": {
    "round_1": 39.46,
    "round_2": 39.52,
    "round_3": 47.43,
    "round_4": 44.34,
    "round_5": 44.2,
    "round_6": 46.1
  }
}