{
  "process_start_time": 1767882912.7369738,
  "process_end_time": 1767882937.4398866,
  "total_elapsed_time_seconds": 24.7,
  "rounds_time_stats": {
    "round_1": 24.7
  }
}