{
  "process_start_time": 1767678356.5413508,
  "process_end_time": 1767678626.1951475,
  "total_elapsed_time_seconds": 269.65,
  "rounds_time_stats": {
    "round_1": 42.26,
    "round_2": 44.01,
    "round_3": 44.75,
    "round_4": 47.57,
    "round_5": 44.38,
    "round_6": 46.69
  }
}