{
  "process_start_time": 1767675789.964509,
  "process_end_time": 1767676079.4107382,
  "total_elapsed_time_seconds": 289.45,
  "rounds_time_stats": {
    "round_1": 34.57,
    "round_2": 53.27,
    "round_3": 59.83,
    "round_4": 45.32,
    "round_5": 48.06,
    "round_6": 48.4
  }
}