{
  "process_start_time": 1767689163.1268115,
  "process_end_time": 1767689464.175621,
  "total_elapsed_time_seconds": 301.05,
  "rounds_time_stats": {
    "round_1": 50.5,
    "round_2": 45.1,
    "round_3": 47.61,
    "round_4": 47.31,
    "round_5": 61.71,
    "round_6": 48.81
  }
}