{
  "process_start_time": 1767976743.7608206,
  "process_end_time": 1767976984.155096,
  "total_elapsed_time_seconds": 240.39,
  "rounds_time_stats": {
    "round_1": 38.26,
    "round_2": 36.17,
    "round_3": 39.05,
    "round_4": 40.36,
    "round_5": 42.67,
    "round_6": 43.89
  }
}