{
  "process_start_time": 1767884032.2009978,
  "process_end_time": 1767884120.8752985,
  "total_elapsed_time_seconds": 88.67,
  "rounds_time_stats": {
    "round_1": 10.25,
    "round_2": 14.87,
    "round_3": 15.0,
    "round_4": 16.78,
    "round_5": 15.62,
    "round_6": 16.15
  }
}