{
  "process_start_time": 1767973495.1359909,
  "process_end_time": 1767973684.7732654,
  "total_elapsed_time_seconds": 189.64,
  "rounds_time_stats": {
    "round_1": 23.81,
    "round_2": 47.19,
    "round_3": 24.13,
    "round_4": 32.91,
    "round_5": 29.03,
    "round_6": 32.56
  }
}