{
  "process_start_time": 1767886653.88247,
  "process_end_time": 1767886687.1956465,
  "total_elapsed_time_seconds": 33.31,
  "rounds_time_stats": {
    "round_1": 33.31
  }
}