{
  "process_start_time": 1767680514.4062564,
  "process_end_time": 1767680758.6802227,
  "total_elapsed_time_seconds": 244.27,
  "rounds_time_stats": {
    "round_1": 38.2,
    "round_2": 30.11,
    "round_3": 41.43,
    "round_4": 43.54,
    "round_5": 45.06,
    "round_6": 45.93
  }
}