{
  "process_start_time": 1768555977.6110168,
  "process_end_time": 1768556131.5945184,
  "total_elapsed_time_seconds": 153.98,
  "rounds_time_stats": {
    "round_1": 25.74,
    "round_2": 27.76,
    "round_3": 22.47,
    "round_4": 26.0,
    "round_5": 25.8,
    "round_6": 26.21
  }
}