{
  "process_start_time": 1767886230.4904184,
  "process_end_time": 1767886258.597982,
  "total_elapsed_time_seconds": 28.11,
  "rounds_time_stats": {
    "round_1": 28.1
  }
}