{
  "process_start_time": 1767969809.448528,
  "process_end_time": 1767970129.6115472,
  "total_elapsed_time_seconds": 320.16,
  "rounds_time_stats": {
    "round_1": 46.43,
    "round_2": 105.83,
    "round_3": 33.86,
    "round_4": 48.27,
    "round_5": 56.07,
    "round_6": 29.7
  }
}