{
  "process_start_time": 1767688185.1715937,
  "process_end_time": 1767688464.8372989,
  "total_elapsed_time_seconds": 279.67,
  "rounds_time_stats": {
    "round_1": 48.15,
    "round_2": 46.66,
    "round_3": 43.86,
    "round_4": 46.83,
    "round_5": 46.03,
    "round_6": 48.13
  }
}