{
  "process_start_time": 1768116341.4448957,
  "process_end_time": 1768116568.9304154,
  "total_elapsed_time_seconds": 227.49,
  "rounds_time_stats": {
    "round_1": 47.15,
    "round_2": 33.92,
    "round_3": 29.74,
    "round_4": 36.53,
    "round_5": 41.47,
    "round_6": 38.68
  }
}