{
  "process_start_time": 1768550704.927643,
  "process_end_time": 1768550801.4184659,
  "total_elapsed_time_seconds": 96.49,
  "rounds_time_stats": {
    "round_1": 96.45
  }
}