{
  "process_start_time": 1767978190.8935828,
  "process_end_time": 1767978429.7212186,
  "total_elapsed_time_seconds": 238.83,
  "rounds_time_stats": {
    "round_1": 26.52,
    "round_2": 40.03,
    "round_3": 50.28,
    "round_4": 47.9,
    "round_5": 38.71,
    "round_6": 35.38
  }
}