{
  "process_start_time": 1767682979.369697,
  "process_end_time": 1767683285.9789686,
  "total_elapsed_time_seconds": 306.61,
  "rounds_time_stats": {
    "round_1": 58.28,
    "round_2": 56.94,
    "round_3": 49.22,
    "round_4": 44.04,
    "round_5": 49.5,
    "round_6": 48.62
  }
}