{
  "process_start_time": 1767887061.998611,
  "process_end_time": 1767887299.51479,
  "total_elapsed_time_seconds": 237.52,
  "rounds_time_stats": {
    "round_1": 39.02,
    "round_2": 26.25,
    "round_3": 49.02,
    "round_4": 48.89,
    "round_5": 28.82,
    "round_6": 45.51
  }
}