{
  "process_start_time": 1768115846.975505,
  "process_end_time": 1768116166.6875982,
  "total_elapsed_time_seconds": 319.71,
  "rounds_time_stats": {
    "round_1": 50.73,
    "round_2": 51.27,
    "round_3": 62.69,
    "round_4": 48.33,
    "round_5": 60.55,
    "round_6": 46.14
  }
}