{
  "process_start_time": 1767883870.8728938,
  "process_end_time": 1767883910.5434744,
  "total_elapsed_time_seconds": 39.67,
  "rounds_time_stats": {
    "round_1": 15.64,
    "round_2": 24.03
  }
}