{
  "process_start_time": 1767970596.424002,
  "process_end_time": 1767971591.6939244,
  "total_elapsed_time_seconds": 995.27,
  "rounds_time_stats": {
    "round_1": 74.68,
    "round_2": 67.27,
    "round_3": 106.47,
    "round_4": 103.41,
    "round_5": 169.53,
    "round_6": 473.91
  }
}