{
  "process_start_time": 1767685020.108535,
  "process_end_time": 1767685301.0014503,
  "total_elapsed_time_seconds": 280.89,
  "rounds_time_stats": {
    "round_1": 47.29,
    "round_2": 47.03,
    "round_3": 51.6,
    "round_4": 48.28,
    "round_5": 41.03,
    "round_6": 45.66
  }
}