{
  "process_start_time": 1767888775.4580312,
  "process_end_time": 1767888794.5161593,
  "total_elapsed_time_seconds": 19.06,
  "rounds_time_stats": {
    "round_1": 19.05
  }
}