{
  "process_start_time": 1767884029.015837,
  "process_end_time": 1767884158.5880566,
  "total_elapsed_time_seconds": 129.57,
  "rounds_time_stats": {
    "round_1": 27.85,
    "round_2": 58.39,
    "round_3": 43.29
  }
}