{
  "process_start_time": 1767678369.1625452,
  "process_end_time": 1767678458.504518,
  "total_elapsed_time_seconds": 89.34,
  "rounds_time_stats": {
    "round_1": 40.72,
    "round_2": 42.89,
    "round_3": 5.73
  }
}