{
  "process_start_time": 1767890436.7256787,
  "process_end_time": 1767890460.491438,
  "total_elapsed_time_seconds": 23.77,
  "rounds_time_stats": {
    "round_1": 23.76
  }
}