{
  "process_start_time": 1768109519.9919457,
  "process_end_time": 1768109758.1264307,
  "total_elapsed_time_seconds": 238.13,
  "rounds_time_stats": {
    "round_1": 37.84,
    "round_2": 33.86,
    "round_3": 30.57,
    "round_4": 33.18,
    "round_5": 47.94,
    "round_6": 54.75
  }
}