{
  "process_start_time": 1767888419.0286152,
  "process_end_time": 1767888479.1021168,
  "total_elapsed_time_seconds": 60.07,
  "rounds_time_stats": {
    "round_1": 20.92,
    "round_2": 22.14,
    "round_3": 17.01
  }
}