{
  "process_start_time": 1767888272.2838876,
  "process_end_time": 1767888344.287262,
  "total_elapsed_time_seconds": 72.0,
  "rounds_time_stats": {
    "round_1": 12.38,
    "round_2": 26.87,
    "round_3": 16.41,
    "round_4": 16.34
  }
}