{
  "process_start_time": 1767890006.8772326,
  "process_end_time": 1767890021.8193812,
  "total_elapsed_time_seconds": 14.94,
  "rounds_time_stats": {
    "round_1": 14.94
  }
}