{
  "process_start_time": 1767889473.7291098,
  "process_end_time": 1767889539.0415616,
  "total_elapsed_time_seconds": 65.31,
  "rounds_time_stats": {
    "round_1": 14.38,
    "round_2": 14.04,
    "round_3": 20.03,
    "round_4": 16.69,
    "round_5": 0.16
  }
}