{
  "process_start_time": 1767884160.85057,
  "process_end_time": 1767884305.2547371,
  "total_elapsed_time_seconds": 144.4,
  "rounds_time_stats": {
    "round_1": 24.28,
    "round_2": 24.42,
    "round_3": 27.09,
    "round_4": 21.47,
    "round_5": 23.0,
    "round_6": 24.15
  }
}