{
  "process_start_time": 1768555331.5995502,
  "process_end_time": 1768555506.7888682,
  "total_elapsed_time_seconds": 175.19,
  "rounds_time_stats": {
    "round_1": 23.51,
    "round_2": 27.34,
    "round_3": 28.09,
    "round_4": 30.3,
    "round_5": 35.19,
    "round_6": 30.75
  }
}