{
  "process_start_time": 1768550819.5899003,
  "process_end_time": 1768551079.4352694,
  "total_elapsed_time_seconds": 259.85,
  "rounds_time_stats": {
    "round_1": 51.42,
    "round_2": 33.98,
    "round_3": 45.04,
    "round_4": 43.97,
    "round_5": 39.48,
    "round_6": 45.96
  }
}