{
  "process_start_time": 1767974269.8849592,
  "process_end_time": 1767974662.1860495,
  "total_elapsed_time_seconds": 392.3,
  "rounds_time_stats": {
    "round_1": 67.45,
    "round_2": 56.43,
    "round_3": 97.15,
    "round_4": 60.01,
    "round_5": 55.66,
    "round_6": 55.59
  }
}