{
  "process_start_time": 1767882890.7451472,
  "process_end_time": 1767882952.9160101,
  "total_elapsed_time_seconds": 62.17,
  "rounds_time_stats": {
    "round_1": 30.87,
    "round_2": 31.28
  }
}