{
  "process_start_time": 1767978777.427056,
  "process_end_time": 1767978950.6078541,
  "total_elapsed_time_seconds": 173.18,
  "rounds_time_stats": {
    "round_1": 24.32,
    "round_2": 27.29,
    "round_3": 32.29,
    "round_4": 25.4,
    "round_5": 33.55,
    "round_6": 30.33
  }
}