{
  "process_start_time": 1767885655.3149128,
  "process_end_time": 1767885695.2152665,
  "total_elapsed_time_seconds": 39.9,
  "rounds_time_stats": {
    "round_1": 15.01,
    "round_2": 24.89
  }
}