{
  "process_start_time": 1767687878.688237,
  "process_end_time": 1767688202.1834717,
  "total_elapsed_time_seconds": 323.5,
  "rounds_time_stats": {
    "round_1": 55.05,
    "round_2": 45.66,
    "round_3": 62.8,
    "round_4": 62.59,
    "round_5": 49.72,
    "round_6": 47.69
  }
}