{
  "process_start_time": 1767683328.7654188,
  "process_end_time": 1767683610.511769,
  "total_elapsed_time_seconds": 281.75,
  "rounds_time_stats": {
    "round_1": 43.23,
    "round_2": 52.65,
    "round_3": 45.32,
    "round_4": 43.67,
    "round_5": 46.08,
    "round_6": 50.78
  }
}