{
  "process_start_time": 1767887652.0910938,
  "process_end_time": 1767887678.6528375,
  "total_elapsed_time_seconds": 26.56,
  "rounds_time_stats": {
    "round_1": 26.53
  }
}