{
  "process_start_time": 1767888979.2710376,
  "process_end_time": 1767889189.318315,
  "total_elapsed_time_seconds": 210.05,
  "rounds_time_stats": {
    "round_1": 17.56,
    "round_2": 33.51,
    "round_3": 34.53,
    "round_4": 41.87,
    "round_5": 31.66,
    "round_6": 50.91
  }
}