{
  "process_start_time": 1767971113.0753264,
  "process_end_time": 1767973095.6135442,
  "total_elapsed_time_seconds": 1982.54,
  "rounds_time_stats": {
    "round_1": 175.34,
    "round_2": 126.94,
    "round_3": 1615.64,
    "round_4": 22.58,
    "round_5": 23.04,
    "round_6": 19.0
  }
}