{
  "process_start_time": 1767889643.3967564,
  "process_end_time": 1767889651.7622428,
  "total_elapsed_time_seconds": 8.37,
  "rounds_time_stats": {
    "round_1": 8.36
  }
}