{
  "process_start_time": 1768108803.8175511,
  "process_end_time": 1768109035.6523726,
  "total_elapsed_time_seconds": 231.83,
  "rounds_time_stats": {
    "round_1": 39.46,
    "round_2": 30.97,
    "round_3": 31.58,
    "round_4": 36.87,
    "round_5": 50.19,
    "round_6": 42.76
  }
}