{
  "process_start_time": 1767887260.2253387,
  "process_end_time": 1767887372.6850965,
  "total_elapsed_time_seconds": 112.46,
  "rounds_time_stats": {
    "round_1": 38.48,
    "round_2": 35.39,
    "round_3": 38.58
  }
}