{
  "process_start_time": 1767886640.6208708,
  "process_end_time": 1767886663.2849777,
  "total_elapsed_time_seconds": 22.66,
  "rounds_time_stats": {
    "round_1": 22.66
  }
}