{
  "process_start_time": 1767890039.9116163,
  "process_end_time": 1767890102.9006374,
  "total_elapsed_time_seconds": 62.99,
  "rounds_time_stats": {
    "round_1": 45.98,
    "round_2": 17.0
  }
}