{
  "process_start_time": 1767890207.4871483,
  "process_end_time": 1767890218.131466,
  "total_elapsed_time_seconds": 10.64,
  "rounds_time_stats": {
    "round_1": 10.64
  }
}