{
  "process_start_time": 1767888581.9876165,
  "process_end_time": 1767888688.139117,
  "total_elapsed_time_seconds": 106.15,
  "rounds_time_stats": {
    "round_1": 44.6,
    "round_2": 23.28,
    "round_3": 38.27
  }
}