{
  "process_start_time": 1767890351.494434,
  "process_end_time": 1767890384.4973133,
  "total_elapsed_time_seconds": 33.0,
  "rounds_time_stats": {
    "round_1": 13.01,
    "round_2": 19.64,
    "round_3": 0.35
  }
}