{
  "process_start_time": 1767680060.7168877,
  "process_end_time": 1767680368.927653,
  "total_elapsed_time_seconds": 308.21,
  "rounds_time_stats": {
    "round_1": 46.49,
    "round_2": 48.28,
    "round_3": 45.94,
    "round_4": 50.08,
    "round_5": 58.17,
    "round_6": 59.24
  }
}