{
  "process_start_time": 1767890188.0317523,
  "process_end_time": 1767890227.6479583,
  "total_elapsed_time_seconds": 39.62,
  "rounds_time_stats": {
    "round_1": 39.58
  }
}