{
  "process_start_time": 1768549937.210281,
  "process_end_time": 1768550251.5602071,
  "total_elapsed_time_seconds": 314.35,
  "rounds_time_stats": {
    "round_1": 51.72,
    "round_2": 68.94,
    "round_3": 58.18,
    "round_4": 45.82,
    "round_5": 49.95,
    "round_6": 39.74
  }
}