{
  "process_start_time": 1767690066.861509,
  "process_end_time": 1767690337.307859,
  "total_elapsed_time_seconds": 270.45,
  "rounds_time_stats": {
    "round_1": 40.46,
    "round_2": 49.59,
    "round_3": 44.27,
    "round_4": 47.34,
    "round_5": 47.11,
    "round_6": 41.66
  }
}