{
  "process_start_time": 1767888045.008099,
  "process_end_time": 1767888068.4015117,
  "total_elapsed_time_seconds": 23.39,
  "rounds_time_stats": {
    "round_1": 23.39
  }
}