{
  "process_start_time": 1767688202.0641327,
  "process_end_time": 1767688477.757963,
  "total_elapsed_time_seconds": 275.69,
  "rounds_time_stats": {
    "round_1": 46.23,
    "round_2": 42.84,
    "round_3": 45.84,
    "round_4": 44.76,
    "round_5": 46.5,
    "round_6": 49.52
  }
}