{
  "process_start_time": 1767884837.0700474,
  "process_end_time": 1767885043.8308878,
  "total_elapsed_time_seconds": 206.76,
  "rounds_time_stats": {
    "round_1": 16.8,
    "round_2": 17.91,
    "round_3": 17.28,
    "round_4": 22.62,
    "round_5": 132.14
  }
}