{
  "process_start_time": 1768116959.602444,
  "process_end_time": 1768117241.8492217,
  "total_elapsed_time_seconds": 282.25,
  "rounds_time_stats": {
    "round_1": 39.5,
    "round_2": 52.14,
    "round_3": 46.11,
    "round_4": 48.64,
    "round_5": 49.37,
    "round_6": 46.48
  }
}