{
  "process_start_time": 1767889166.514108,
  "process_end_time": 1767889176.9582703,
  "total_elapsed_time_seconds": 10.44,
  "rounds_time_stats": {
    "round_1": 10.44
  }
}