{
  "process_start_time": 1767888260.3996139,
  "process_end_time": 1767888313.7691271,
  "total_elapsed_time_seconds": 53.37,
  "rounds_time_stats": {
    "round_1": 15.61,
    "round_2": 19.5,
    "round_3": 18.26
  }
}