{
  "process_start_time": 1767889668.6480134,
  "process_end_time": 1767889719.1242363,
  "total_elapsed_time_seconds": 50.48,
  "rounds_time_stats": {
    "round_1": 50.45
  }
}