{
  "process_start_time": 1767683252.1013322,
  "process_end_time": 1767683514.6351304,
  "total_elapsed_time_seconds": 262.53,
  "rounds_time_stats": {
    "round_1": 46.37,
    "round_2": 41.13,
    "round_3": 32.59,
    "round_4": 48.74,
    "round_5": 48.06,
    "round_6": 45.64
  }
}