{
  "process_start_time": 1768114486.9775507,
  "process_end_time": 1768114722.9869099,
  "total_elapsed_time_seconds": 236.01,
  "rounds_time_stats": {
    "round_1": 28.35,
    "round_2": 38.56,
    "round_3": 45.73,
    "round_4": 35.28,
    "round_5": 50.05,
    "round_6": 38.03
  }
}