{
  "process_start_time": 1767887846.740957,
  "process_end_time": 1767887989.300436,
  "total_elapsed_time_seconds": 142.56,
  "rounds_time_stats": {
    "round_1": 19.64,
    "round_2": 20.8,
    "round_3": 24.12,
    "round_4": 28.89,
    "round_5": 24.05,
    "round_6": 25.06
  }
}