{
  "process_start_time": 1767885938.3919795,
  "process_end_time": 1767886133.5200367,
  "total_elapsed_time_seconds": 195.13,
  "rounds_time_stats": {
    "round_1": 26.76,
    "round_2": 24.63,
    "round_3": 23.73,
    "round_4": 59.47,
    "round_5": 18.84,
    "round_6": 41.7
  }
}