{
  "process_start_time": 1767887806.5600364,
  "process_end_time": 1767887851.611171,
  "total_elapsed_time_seconds": 45.05,
  "rounds_time_stats": {
    "round_1": 24.24,
    "round_2": 20.81
  }
}