{
  "process_start_time": 1767976348.4895241,
  "process_end_time": 1767976518.3690073,
  "total_elapsed_time_seconds": 169.88,
  "rounds_time_stats": {
    "round_1": 31.21,
    "round_2": 29.43,
    "round_3": 27.59,
    "round_4": 24.27,
    "round_5": 29.98,
    "round_6": 27.39
  }
}