{
  "process_start_time": 1767886313.52734,
  "process_end_time": 1767886357.834442,
  "total_elapsed_time_seconds": 44.31,
  "rounds_time_stats": {
    "round_1": 13.9,
    "round_2": 30.39
  }
}