{
  "process_start_time": 1767884779.7124567,
  "process_end_time": 1767884800.8627963,
  "total_elapsed_time_seconds": 21.15,
  "rounds_time_stats": {
    "round_1": 20.91,
    "round_2": 0.24
  }
}