{
  "process_start_time": 1767969222.4677274,
  "process_end_time": 1767969587.7200074,
  "total_elapsed_time_seconds": 365.25,
  "rounds_time_stats": {
    "round_1": 62.11,
    "round_2": 85.26,
    "round_3": 49.81,
    "round_4": 66.24,
    "round_5": 50.05,
    "round_6": 51.77
  }
}