{
  "process_start_time": 1767888708.1426635,
  "process_end_time": 1767888819.7736328,
  "total_elapsed_time_seconds": 111.63,
  "rounds_time_stats": {
    "round_1": 14.77,
    "round_2": 12.59,
    "round_3": 24.82,
    "round_4": 20.76,
    "round_5": 20.43,
    "round_6": 18.26
  }
}