{
  "process_start_time": 1767692033.5230296,
  "process_end_time": 1767692303.8565664,
  "total_elapsed_time_seconds": 270.33,
  "rounds_time_stats": {
    "round_1": 31.16,
    "round_2": 63.98,
    "round_3": 44.42,
    "round_4": 49.91,
    "round_5": 41.74,
    "round_6": 39.13
  }
}