{
  "process_start_time": 1767664926.1102943,
  "process_end_time": 1767665201.9485989,
  "total_elapsed_time_seconds": 275.84,
  "rounds_time_stats": {
    "round_1": 42.72,
    "round_2": 45.05,
    "round_3": 46.45,
    "round_4": 42.38,
    "round_5": 52.54,
    "round_6": 46.71
  }
}