{
  "process_start_time": 1767883864.3837678,
  "process_end_time": 1767884006.3241272,
  "total_elapsed_time_seconds": 141.94,
  "rounds_time_stats": {
    "round_1": 21.64,
    "round_2": 25.3,
    "round_3": 22.69,
    "round_4": 20.59,
    "round_5": 23.06,
    "round_6": 28.66
  }
}