{
  "process_start_time": 1767887542.2557695,
  "process_end_time": 1767887562.081393,
  "total_elapsed_time_seconds": 19.83,
  "rounds_time_stats": {
    "round_1": 19.82
  }
}