{
  "process_start_time": 1768115577.4678109,
  "process_end_time": 1768115831.7782924,
  "total_elapsed_time_seconds": 254.31,
  "rounds_time_stats": {
    "round_1": 23.56,
    "round_2": 54.74,
    "round_3": 42.09,
    "round_4": 41.43,
    "round_5": 45.81,
    "round_6": 46.68
  }
}