{
  "process_start_time": 1768552106.575425,
  "process_end_time": 1768552264.8810918,
  "total_elapsed_time_seconds": 158.31,
  "rounds_time_stats": {
    "round_1": 21.33,
    "round_2": 27.86,
    "round_3": 24.8,
    "round_4": 29.19,
    "round_5": 28.85,
    "round_6": 26.28
  }
}