{
  "process_start_time": 1767888802.7550812,
  "process_end_time": 1767888817.31452,
  "total_elapsed_time_seconds": 14.56,
  "rounds_time_stats": {
    "round_1": 14.56
  }
}