{
  "process_start_time": 1767689928.556632,
  "process_end_time": 1767690199.6710975,
  "total_elapsed_time_seconds": 271.11,
  "rounds_time_stats": {
    "round_1": 49.11,
    "round_2": 44.19,
    "round_3": 44.04,
    "round_4": 46.85,
    "round_5": 44.98,
    "round_6": 41.93
  }
}