{
  "process_start_time": 1767883649.5854845,
  "process_end_time": 1767883677.6437702,
  "total_elapsed_time_seconds": 28.06,
  "rounds_time_stats": {
    "round_1": 10.58,
    "round_2": 17.47
  }
}