{
  "process_start_time": 1767685227.9410467,
  "process_end_time": 1767685516.21751,
  "total_elapsed_time_seconds": 288.28,
  "rounds_time_stats": {
    "round_1": 41.78,
    "round_2": 46.04,
    "round_3": 43.81,
    "round_4": 46.6,
    "round_5": 46.64,
    "round_6": 63.41
  }
}