{
  "process_start_time": 1767888876.474408,
  "process_end_time": 1767888948.822509,
  "total_elapsed_time_seconds": 72.35,
  "rounds_time_stats": {
    "round_1": 11.5,
    "round_2": 11.84,
    "round_3": 13.84,
    "round_4": 12.78,
    "round_5": 10.32,
    "round_6": 12.07
  }
}