{
  "process_start_time": 1767890477.539075,
  "process_end_time": 1767890507.6142845,
  "total_elapsed_time_seconds": 30.08,
  "rounds_time_stats": {
    "round_1": 30.07
  }
}