{
  "process_start_time": 1767887563.098284,
  "process_end_time": 1767887617.5498028,
  "total_elapsed_time_seconds": 54.45,
  "rounds_time_stats": {
    "round_1": 30.85,
    "round_2": 23.26,
    "round_3": 0.35
  }
}