{
  "process_start_time": 1767682652.5840154,
  "process_end_time": 1767682883.7635055,
  "total_elapsed_time_seconds": 231.18,
  "rounds_time_stats": {
    "round_1": 31.64,
    "round_2": 32.01,
    "round_3": 44.05,
    "round_4": 32.14,
    "round_5": 47.35,
    "round_6": 44.0
  }
}