{
  "process_start_time": 1767884303.3416228,
  "process_end_time": 1767884331.407225,
  "total_elapsed_time_seconds": 28.07,
  "rounds_time_stats": {
    "round_1": 28.06
  }
}