{
  "process_start_time": 1767884004.625753,
  "process_end_time": 1767884263.3192873,
  "total_elapsed_time_seconds": 258.69,
  "rounds_time_stats": {
    "round_1": 40.94,
    "round_2": 46.16,
    "round_3": 53.56,
    "round_4": 24.13,
    "round_5": 38.36,
    "round_6": 55.54
  }
}