{
  "process_start_time": 1767888812.6620243,
  "process_end_time": 1767888833.3355696,
  "total_elapsed_time_seconds": 20.67,
  "rounds_time_stats": {
    "round_1": 20.67
  }
}