{
  "process_start_time": 1768555506.7895057,
  "process_end_time": 1768555678.117989,
  "total_elapsed_time_seconds": 171.33,
  "rounds_time_stats": {
    "round_1": 34.35,
    "round_2": 27.0,
    "round_3": 26.87,
    "round_4": 24.45,
    "round_5": 30.2,
    "round_6": 28.44
  }
}