{
  "process_start_time": 1767677432.4971843,
  "process_end_time": 1767677514.0465171,
  "total_elapsed_time_seconds": 81.55,
  "rounds_time_stats": {
    "round_1": 81.53
  }
}