{
  "process_start_time": 1767684974.1348627,
  "process_end_time": 1767685228.0081637,
  "total_elapsed_time_seconds": 253.87,
  "rounds_time_stats": {
    "round_1": 46.39,
    "round_2": 46.34,
    "round_3": 46.71,
    "round_4": 47.82,
    "round_5": 34.48,
    "round_6": 32.13
  }
}