{
  "process_start_time": 1767978190.8900685,
  "process_end_time": 1767978326.79055,
  "total_elapsed_time_seconds": 135.9,
  "rounds_time_stats": {
    "round_1": 10.16,
    "round_2": 19.27,
    "round_3": 22.37,
    "round_4": 25.69,
    "round_5": 29.1,
    "round_6": 29.31
  }
}