{
  "process_start_time": 1767887222.7675896,
  "process_end_time": 1767887264.3354435,
  "total_elapsed_time_seconds": 41.57,
  "rounds_time_stats": {
    "round_1": 11.4,
    "round_2": 30.16
  }
}