{
  "process_start_time": 1768115470.4890013,
  "process_end_time": 1768115728.1846023,
  "total_elapsed_time_seconds": 257.7,
  "rounds_time_stats": {
    "round_1": 39.17,
    "round_2": 49.63,
    "round_3": 36.39,
    "round_4": 59.82,
    "round_5": 41.0,
    "round_6": 31.67
  }
}