{
  "process_start_time": 1768556480.6074219,
  "process_end_time": 1768556695.9162927,
  "total_elapsed_time_seconds": 215.31,
  "rounds_time_stats": {
    "round_1": 36.5,
    "round_2": 40.53,
    "round_3": 39.02,
    "round_4": 30.58,
    "round_5": 30.3,
    "round_6": 38.38
  }
}