{
  "process_start_time": 1767884720.8840375,
  "process_end_time": 1767884887.9955294,
  "total_elapsed_time_seconds": 167.11,
  "rounds_time_stats": {
    "round_1": 13.72,
    "round_2": 16.77,
    "round_3": 36.53,
    "round_4": 12.55,
    "round_5": 14.47,
    "round_6": 73.06
  }
}