{
  "process_start_time": 1767887121.2807503,
  "process_end_time": 1767887151.9431133,
  "total_elapsed_time_seconds": 30.66,
  "rounds_time_stats": {
    "round_1": 30.66
  }
}