{
  "process_start_time": 1767883845.5266476,
  "process_end_time": 1767883978.6850474,
  "total_elapsed_time_seconds": 133.16,
  "rounds_time_stats": {
    "round_1": 22.76,
    "round_2": 25.94,
    "round_3": 26.39,
    "round_4": 18.27,
    "round_5": 18.19,
    "round_6": 21.61
  }
}