{
  "process_start_time": 1767883067.4249175,
  "process_end_time": 1767883099.556888,
  "total_elapsed_time_seconds": 32.13,
  "rounds_time_stats": {
    "round_1": 31.99,
    "round_2": 0.14
  }
}