{
  "process_start_time": 1768108759.6304693,
  "process_end_time": 1768109022.9940772,
  "total_elapsed_time_seconds": 263.36,
  "rounds_time_stats": {
    "round_1": 38.81,
    "round_2": 51.82,
    "round_3": 49.66,
    "round_4": 43.25,
    "round_5": 45.5,
    "round_6": 34.33
  }
}