{
  "process_start_time": 1767969222.4669268,
  "process_end_time": 1767969498.3137474,
  "total_elapsed_time_seconds": 275.85,
  "rounds_time_stats": {
    "round_1": 28.0,
    "round_2": 34.02,
    "round_3": 35.27,
    "round_4": 62.8,
    "round_5": 64.08,
    "round_6": 51.65
  }
}