{
  "process_start_time": 1767882943.4496946,
  "process_end_time": 1767882967.9673116,
  "total_elapsed_time_seconds": 24.52,
  "rounds_time_stats": {
    "round_1": 24.51
  }
}