{
  "process_start_time": 1768551397.3920276,
  "process_end_time": 1768551555.661709,
  "total_elapsed_time_seconds": 158.27,
  "rounds_time_stats": {
    "round_1": 27.79,
    "round_2": 23.06,
    "round_3": 26.19,
    "round_4": 30.24,
    "round_5": 29.2,
    "round_6": 21.79
  }
}