{
  "process_start_time": 1767886354.4649851,
  "process_end_time": 1767886488.1128433,
  "total_elapsed_time_seconds": 133.65,
  "rounds_time_stats": {
    "round_1": 20.54,
    "round_2": 16.97,
    "round_3": 21.73,
    "round_4": 26.21,
    "round_5": 25.23,
    "round_6": 22.96
  }
}