{
  "process_start_time": 1767884199.2488518,
  "process_end_time": 1767884214.7318637,
  "total_elapsed_time_seconds": 15.48,
  "rounds_time_stats": {
    "round_1": 15.48
  }
}