{
  "process_start_time": 1767889296.7388551,
  "process_end_time": 1767889355.0624464,
  "total_elapsed_time_seconds": 58.32,
  "rounds_time_stats": {
    "round_1": 11.29,
    "round_2": 16.49,
    "round_3": 14.77,
    "round_4": 15.77
  }
}