{
  "process_start_time": 1767682671.7220144,
  "process_end_time": 1767682963.0778508,
  "total_elapsed_time_seconds": 291.36,
  "rounds_time_stats": {
    "round_1": 44.06,
    "round_2": 59.8,
    "round_3": 48.7,
    "round_4": 45.15,
    "round_5": 48.57,
    "round_6": 45.07
  }
}