{
  "process_start_time": 1767890901.5293572,
  "process_end_time": 1767890947.973978,
  "total_elapsed_time_seconds": 46.44,
  "rounds_time_stats": {
    "round_1": 46.43
  }
}