{
  "process_start_time": 1768555749.2457483,
  "process_end_time": 1768555927.9721978,
  "total_elapsed_time_seconds": 178.73,
  "rounds_time_stats": {
    "round_1": 33.22,
    "round_2": 28.09,
    "round_3": 28.66,
    "round_4": 29.54,
    "round_5": 29.89,
    "round_6": 29.32
  }
}