{
  "process_start_time": 1767889045.151847,
  "process_end_time": 1767889056.9932964,
  "total_elapsed_time_seconds": 11.84,
  "rounds_time_stats": {
    "round_1": 11.84
  }
}