{
  "process_start_time": 1768555839.7745256,
  "process_end_time": 1768556042.7733326,
  "total_elapsed_time_seconds": 203.0,
  "rounds_time_stats": {
    "round_1": 29.6,
    "round_2": 29.76,
    "round_3": 39.36,
    "round_4": 38.85,
    "round_5": 29.72,
    "round_6": 35.7
  }
}