{
  "process_start_time": 1767689639.3476965,
  "process_end_time": 1767689930.515438,
  "total_elapsed_time_seconds": 291.17,
  "rounds_time_stats": {
    "round_1": 44.5,
    "round_2": 58.68,
    "round_3": 62.57,
    "round_4": 47.79,
    "round_5": 41.38,
    "round_6": 36.24
  }
}