{
  "process_start_time": 1767684690.9104517,
  "process_end_time": 1767684942.5724537,
  "total_elapsed_time_seconds": 251.66,
  "rounds_time_stats": {
    "round_1": 46.08,
    "round_2": 47.78,
    "round_3": 50.82,
    "round_4": 42.91,
    "round_5": 33.46,
    "round_6": 30.6
  }
}