{
  "process_start_time": 1768554903.0888073,
  "process_end_time": 1768555052.457911,
  "total_elapsed_time_seconds": 149.37,
  "rounds_time_stats": {
    "round_1": 22.41,
    "round_2": 26.92,
    "round_3": 29.94,
    "round_4": 22.73,
    "round_5": 24.36,
    "round_6": 23.0
  }
}