{
  "process_start_time": 1767888948.5284202,
  "process_end_time": 1767888959.2481258,
  "total_elapsed_time_seconds": 10.72,
  "rounds_time_stats": {
    "round_1": 10.72
  }
}