{
  "process_start_time": 1767682883.7644255,
  "process_end_time": 1767683130.3584201,
  "total_elapsed_time_seconds": 246.59,
  "rounds_time_stats": {
    "round_1": 45.11,
    "round_2": 36.39,
    "round_3": 39.22,
    "round_4": 33.32,
    "round_5": 44.61,
    "round_6": 47.93
  }
}