{
  "process_start_time": 1767890169.9596286,
  "process_end_time": 1767890230.7838295,
  "total_elapsed_time_seconds": 60.82,
  "rounds_time_stats": {
    "round_1": 8.64,
    "round_2": 11.09,
    "round_3": 7.2,
    "round_4": 11.51,
    "round_5": 8.08,
    "round_6": 14.29
  }
}