{
  "process_start_time": 1767690265.0280526,
  "process_end_time": 1767690524.6127264,
  "total_elapsed_time_seconds": 259.58,
  "rounds_time_stats": {
    "round_1": 41.12,
    "round_2": 33.05,
    "round_3": 50.76,
    "round_4": 45.88,
    "round_5": 46.8,
    "round_6": 41.98
  }
}