{
  "process_start_time": 1768550753.4216976,
  "process_end_time": 1768551007.1625342,
  "total_elapsed_time_seconds": 253.74,
  "rounds_time_stats": {
    "round_1": 39.12,
    "round_2": 42.71,
    "round_3": 40.77,
    "round_4": 43.49,
    "round_5": 43.06,
    "round_6": 44.59
  }
}