{
  "process_start_time": 1767687294.1963668,
  "process_end_time": 1767687563.9768987,
  "total_elapsed_time_seconds": 269.78,
  "rounds_time_stats": {
    "round_1": 39.57,
    "round_2": 36.5,
    "round_3": 50.04,
    "round_4": 48.39,
    "round_5": 47.97,
    "round_6": 47.31
  }
}