{
  "process_start_time": 1767683808.6369562,
  "process_end_time": 1767684086.190737,
  "total_elapsed_time_seconds": 277.55,
  "rounds_time_stats": {
    "round_1": 44.07,
    "round_2": 47.54,
    "round_3": 42.39,
    "round_4": 49.03,
    "round_5": 48.68,
    "round_6": 45.83
  }
}