{
  "process_start_time": 1767691703.456214,
  "process_end_time": 1767692003.8175457,
  "total_elapsed_time_seconds": 300.36,
  "rounds_time_stats": {
    "round_1": 54.67,
    "round_2": 56.58,
    "round_3": 47.68,
    "round_4": 46.61,
    "round_5": 48.56,
    "round_6": 46.26
  }
}