{
  "process_start_time": 1767976797.3148162,
  "process_end_time": 1767976972.2719734,
  "total_elapsed_time_seconds": 174.96,
  "rounds_time_stats": {
    "round_1": 29.75,
    "round_2": 33.07,
    "round_3": 29.33,
    "round_4": 31.86,
    "round_5": 28.26,
    "round_6": 22.69
  }
}