{
  "process_start_time": 1767887119.1272807,
  "process_end_time": 1767887139.835028,
  "total_elapsed_time_seconds": 20.71,
  "rounds_time_stats": {
    "round_1": 20.7
  }
}