{
  "process_start_time": 1768554904.623565,
  "process_end_time": 1768555079.551309,
  "total_elapsed_time_seconds": 174.93,
  "rounds_time_stats": {
    "round_1": 29.56,
    "round_2": 28.92,
    "round_3": 29.35,
    "round_4": 30.26,
    "round_5": 30.08,
    "round_6": 26.76
  }
}