{
  "process_start_time": 1767683234.862609,
  "process_end_time": 1767683529.6850038,
  "total_elapsed_time_seconds": 294.82,
  "rounds_time_stats": {
    "round_1": 49.77,
    "round_2": 75.04,
    "round_3": 45.72,
    "round_4": 30.9,
    "round_5": 47.95,
    "round_6": 45.45
  }
}