{
  "process_start_time": 1768107778.4739797,
  "process_end_time": 1768107963.9554298,
  "total_elapsed_time_seconds": 185.48,
  "rounds_time_stats": {
    "round_1": 27.21,
    "round_2": 28.47,
    "round_3": 29.19,
    "round_4": 30.38,
    "round_5": 24.82,
    "round_6": 45.4
  }
}