{
  "process_start_time": 1768556021.012576,
  "process_end_time": 1768556218.710106,
  "total_elapsed_time_seconds": 197.7,
  "rounds_time_stats": {
    "round_1": 27.98,
    "round_2": 40.27,
    "round_3": 33.82,
    "round_4": 26.6,
    "round_5": 31.22,
    "round_6": 37.79
  }
}