{
  "process_start_time": 1767687355.2784374,
  "process_end_time": 1767687678.7497616,
  "total_elapsed_time_seconds": 323.47,
  "rounds_time_stats": {
    "round_1": 47.15,
    "round_2": 48.71,
    "round_3": 49.43,
    "round_4": 62.84,
    "round_5": 72.87,
    "round_6": 42.47
  }
}