{
  "process_start_time": 1767889589.8032463,
  "process_end_time": 1767889635.4029129,
  "total_elapsed_time_seconds": 45.6,
  "rounds_time_stats": {
    "round_1": 4.99,
    "round_2": 9.36,
    "round_3": 7.01,
    "round_4": 9.81,
    "round_5": 5.93,
    "round_6": 8.49
  }
}