{
  "process_start_time": 1768116568.6884458,
  "process_end_time": 1768116813.5721176,
  "total_elapsed_time_seconds": 244.88,
  "rounds_time_stats": {
    "round_1": 37.27,
    "round_2": 37.67,
    "round_3": 41.88,
    "round_4": 43.77,
    "round_5": 40.86,
    "round_6": 43.43
  }
}