{
  "process_start_time": 1767677446.9101975,
  "process_end_time": 1767677672.9926145,
  "total_elapsed_time_seconds": 226.08,
  "rounds_time_stats": {
    "round_1": 47.47,
    "round_2": 52.46,
    "round_3": 33.42,
    "round_4": 41.9,
    "round_5": 28.56,
    "round_6": 22.27
  }
}