{
  "process_start_time": 1767888819.2027135,
  "process_end_time": 1767888831.2102737,
  "total_elapsed_time_seconds": 12.01,
  "rounds_time_stats": {
    "round_1": 12.01
  }
}