{
  "process_start_time": 1767888975.240271,
  "process_end_time": 1767888983.766083,
  "total_elapsed_time_seconds": 8.53,
  "rounds_time_stats": {
    "round_1": 8.52
  }
}