{
  "process_start_time": 1767890470.5978436,
  "process_end_time": 1767890619.5765595,
  "total_elapsed_time_seconds": 148.98,
  "rounds_time_stats": {
    "round_1": 21.33,
    "round_2": 18.91,
    "round_3": 29.25,
    "round_4": 25.82,
    "round_5": 26.85,
    "round_6": 26.82
  }
}