{
  "process_start_time": 1768114486.9774218,
  "process_end_time": 1768114785.1197317,
  "total_elapsed_time_seconds": 298.14,
  "rounds_time_stats": {
    "round_1": 34.35,
    "round_2": 48.7,
    "round_3": 48.43,
    "round_4": 52.96,
    "round_5": 51.34,
    "round_6": 62.35
  }
}