{
  "process_start_time": 1767883226.5379257,
  "process_end_time": 1767883407.8706868,
  "total_elapsed_time_seconds": 181.33,
  "rounds_time_stats": {
    "round_1": 16.59,
    "round_2": 34.0,
    "round_3": 30.91,
    "round_4": 34.53,
    "round_5": 32.96,
    "round_6": 32.34
  }
}