{
  "process_start_time": 1767883237.905443,
  "process_end_time": 1767883276.7006938,
  "total_elapsed_time_seconds": 38.8,
  "rounds_time_stats": {
    "round_1": 38.79
  }
}