{
  "process_start_time": 1767973270.7926118,
  "process_end_time": 1767973429.8420727,
  "total_elapsed_time_seconds": 159.05,
  "rounds_time_stats": {
    "round_1": 15.33,
    "round_2": 20.0,
    "round_3": 27.54,
    "round_4": 31.95,
    "round_5": 31.93,
    "round_6": 32.3
  }
}