{
  "process_start_time": 1767675798.963208,
  "process_end_time": 1767676079.719333,
  "total_elapsed_time_seconds": 280.76,
  "rounds_time_stats": {
    "round_1": 47.62,
    "round_2": 43.46,
    "round_3": 47.98,
    "round_4": 45.8,
    "round_5": 46.35,
    "round_6": 49.55
  }
}