{
  "process_start_time": 1767883907.2349894,
  "process_end_time": 1767884133.5880353,
  "total_elapsed_time_seconds": 226.35,
  "rounds_time_stats": {
    "round_1": 35.23,
    "round_2": 28.94,
    "round_3": 42.96,
    "round_4": 33.13,
    "round_5": 47.04,
    "round_6": 39.05
  }
}