{
  "process_start_time": 1768554749.2815313,
  "process_end_time": 1768554905.3417728,
  "total_elapsed_time_seconds": 156.06,
  "rounds_time_stats": {
    "round_1": 26.51,
    "round_2": 24.49,
    "round_3": 27.56,
    "round_4": 26.58,
    "round_5": 20.25,
    "round_6": 30.65
  }
}