{
  "process_start_time": 1767692235.8380694,
  "process_end_time": 1767692432.8364732,
  "total_elapsed_time_seconds": 197.0,
  "rounds_time_stats": {
    "round_1": 36.05,
    "round_2": 40.3,
    "round_3": 39.0,
    "round_4": 29.62,
    "round_5": 26.81,
    "round_6": 25.21
  }
}