{
  "process_start_time": 1767887226.29732,
  "process_end_time": 1767887379.9268916,
  "total_elapsed_time_seconds": 153.63,
  "rounds_time_stats": {
    "round_1": 18.6,
    "round_2": 22.06,
    "round_3": 30.28,
    "round_4": 26.18,
    "round_5": 24.39,
    "round_6": 32.12
  }
}