{
  "process_start_time": 1767884616.725739,
  "process_end_time": 1767884721.1193054,
  "total_elapsed_time_seconds": 104.39,
  "rounds_time_stats": {
    "round_1": 13.25,
    "round_2": 18.66,
    "round_3": 20.04,
    "round_4": 17.1,
    "round_5": 15.93,
    "round_6": 19.41
  }
}