{
  "process_start_time": 1767685711.8826404,
  "process_end_time": 1767685988.0321603,
  "total_elapsed_time_seconds": 276.15,
  "rounds_time_stats": {
    "round_1": 47.66,
    "round_2": 45.65,
    "round_3": 44.25,
    "round_4": 44.6,
    "round_5": 41.12,
    "round_6": 52.87
  }
}