{
  "process_start_time": 1767890000.4735122,
  "process_end_time": 1767890031.1236553,
  "total_elapsed_time_seconds": 30.65,
  "rounds_time_stats": {
    "round_1": 13.51,
    "round_2": 17.14
  }
}