{
  "process_start_time": 1768117606.7506645,
  "process_end_time": 1768117916.4880204,
  "total_elapsed_time_seconds": 309.74,
  "rounds_time_stats": {
    "round_1": 45.26,
    "round_2": 76.48,
    "round_3": 50.94,
    "round_4": 44.29,
    "round_5": 44.31,
    "round_6": 48.45
  }
}