{
  "process_start_time": 1767883924.154256,
  "process_end_time": 1767883986.5885983,
  "total_elapsed_time_seconds": 62.43,
  "rounds_time_stats": {
    "round_1": 15.08,
    "round_2": 19.69,
    "round_3": 27.66
  }
}