{
  "process_start_time": 1767973497.3261068,
  "process_end_time": 1767973707.0278666,
  "total_elapsed_time_seconds": 209.7,
  "rounds_time_stats": {
    "round_1": 29.98,
    "round_2": 34.14,
    "round_3": 42.4,
    "round_4": 28.83,
    "round_5": 39.51,
    "round_6": 34.84
  }
}