{
  "process_start_time": 1767884350.0917213,
  "process_end_time": 1767884422.1043031,
  "total_elapsed_time_seconds": 72.01,
  "rounds_time_stats": {
    "round_1": 26.47,
    "round_2": 22.78,
    "round_3": 22.76
  }
}