{
  "process_start_time": 1767689463.9321177,
  "process_end_time": 1767689726.8472774,
  "total_elapsed_time_seconds": 262.92,
  "rounds_time_stats": {
    "round_1": 55.33,
    "round_2": 29.29,
    "round_3": 49.61,
    "round_4": 41.84,
    "round_5": 42.16,
    "round_6": 44.68
  }
}