{
  "process_start_time": 1767883198.1062043,
  "process_end_time": 1767883239.5124328,
  "total_elapsed_time_seconds": 41.41,
  "rounds_time_stats": {
    "round_1": 41.35
  }
}