{
  "process_start_time": 1768555052.615975,
  "process_end_time": 1768555215.5066445,
  "total_elapsed_time_seconds": 162.89,
  "rounds_time_stats": {
    "round_1": 27.96,
    "round_2": 27.56,
    "round_3": 28.17,
    "round_4": 29.66,
    "round_5": 21.41,
    "round_6": 28.14
  }
}