{
  "process_start_time": 1767882926.5680048,
  "process_end_time": 1767882953.162984,
  "total_elapsed_time_seconds": 26.59,
  "rounds_time_stats": {
    "round_1": 26.59
  }
}