{
  "process_start_time": 1767684897.6546988,
  "process_end_time": 1767685200.1992934,
  "total_elapsed_time_seconds": 302.54,
  "rounds_time_stats": {
    "round_1": 39.38,
    "round_2": 54.48,
    "round_3": 61.52,
    "round_4": 44.23,
    "round_5": 50.35,
    "round_6": 52.57
  }
}