{
  "process_start_time": 1767883654.430071,
  "process_end_time": 1767883663.1091292,
  "total_elapsed_time_seconds": 8.68,
  "rounds_time_stats": {
    "round_1": 8.68
  }
}