{
  "process_start_time": 1767885145.4554641,
  "process_end_time": 1767885175.0608706,
  "total_elapsed_time_seconds": 29.61,
  "rounds_time_stats": {
    "round_1": 29.6
  }
}