{
  "process_start_time": 1768555215.6276715,
  "process_end_time": 1768555382.7495222,
  "total_elapsed_time_seconds": 167.12,
  "rounds_time_stats": {
    "round_1": 28.49,
    "round_2": 27.42,
    "round_3": 27.73,
    "round_4": 28.42,
    "round_5": 29.24,
    "round_6": 25.81
  }
}