{
  "process_start_time": 1767975477.5833132,
  "process_end_time": 1767975609.3380105,
  "total_elapsed_time_seconds": 131.75,
  "rounds_time_stats": {
    "round_1": 22.39,
    "round_2": 26.72,
    "round_3": 26.33,
    "round_4": 20.33,
    "round_5": 17.5,
    "round_6": 18.49
  }
}