{
  "process_start_time": 1767888737.0514197,
  "process_end_time": 1767888754.1753564,
  "total_elapsed_time_seconds": 17.12,
  "rounds_time_stats": {
    "round_1": 17.12
  }
}