{
  "process_start_time": 1767885936.6860921,
  "process_end_time": 1767885997.3908923,
  "total_elapsed_time_seconds": 60.7,
  "rounds_time_stats": {
    "round_1": 19.03,
    "round_2": 21.99,
    "round_3": 19.23,
    "round_4": 0.46
  }
}