{
  "process_start_time": 1767970645.2680843,
  "process_end_time": 1767971240.006965,
  "total_elapsed_time_seconds": 594.74,
  "rounds_time_stats": {
    "round_1": 40.28,
    "round_2": 129.98,
    "round_3": 57.39,
    "round_4": 118.63,
    "round_5": 127.05,
    "round_6": 121.41
  }
}