{
  "process_start_time": 1767679193.5872872,
  "process_end_time": 1767679460.7282727,
  "total_elapsed_time_seconds": 267.14,
  "rounds_time_stats": {
    "round_1": 44.22,
    "round_2": 43.69,
    "round_3": 47.48,
    "round_4": 47.18,
    "round_5": 43.74,
    "round_6": 40.83
  }
}