{
  "process_start_time": 1767969562.244554,
  "process_end_time": 1767969998.5637372,
  "total_elapsed_time_seconds": 436.32,
  "rounds_time_stats": {
    "round_1": 45.07,
    "round_2": 47.64,
    "round_3": 48.09,
    "round_4": 93.67,
    "round_5": 53.16,
    "round_6": 148.69
  }
}