{
  "process_start_time": 1768556140.8350525,
  "process_end_time": 1768556178.641809,
  "total_elapsed_time_seconds": 37.81,
  "rounds_time_stats": {
    "round_1": 37.78
  }
}