{
  "process_start_time": 1767889764.5717752,
  "process_end_time": 1767889783.9687982,
  "total_elapsed_time_seconds": 19.4,
  "rounds_time_stats": {
    "round_1": 19.39
  }
}