{
  "process_start_time": 1767888575.845602,
  "process_end_time": 1767888608.6764436,
  "total_elapsed_time_seconds": 32.83,
  "rounds_time_stats": {
    "round_1": 23.37,
    "round_2": 9.46
  }
}