{
  "process_start_time": 1767680820.8806853,
  "process_end_time": 1767681067.6966374,
  "total_elapsed_time_seconds": 246.82,
  "rounds_time_stats": {
    "round_1": 44.08,
    "round_2": 47.32,
    "round_3": 43.22,
    "round_4": 35.62,
    "round_5": 42.49,
    "round_6": 34.09
  }
}