{
  "process_start_time": 1767887316.4753203,
  "process_end_time": 1767887398.7953577,
  "total_elapsed_time_seconds": 82.32,
  "rounds_time_stats": {
    "round_1": 32.87,
    "round_2": 24.4,
    "round_3": 25.04
  }
}