{
  "process_start_time": 1767679164.9130812,
  "process_end_time": 1767679448.013855,
  "total_elapsed_time_seconds": 283.1,
  "rounds_time_stats": {
    "round_1": 56.15,
    "round_2": 43.38,
    "round_3": 48.36,
    "round_4": 48.16,
    "round_5": 43.76,
    "round_6": 43.28
  }
}