{
  "process_start_time": 1767888440.574615,
  "process_end_time": 1767888471.2425318,
  "total_elapsed_time_seconds": 30.67,
  "rounds_time_stats": {
    "round_1": 30.66
  }
}