{
  "process_start_time": 1767883659.7622638,
  "process_end_time": 1767883770.9404202,
  "total_elapsed_time_seconds": 111.18,
  "rounds_time_stats": {
    "round_1": 15.16,
    "round_2": 16.76,
    "round_3": 18.58,
    "round_4": 19.1,
    "round_5": 18.15,
    "round_6": 23.43
  }
}