{
  "process_start_time": 1767675475.9714508,
  "process_end_time": 1767675735.090094,
  "total_elapsed_time_seconds": 259.12,
  "rounds_time_stats": {
    "round_1": 58.33,
    "round_2": 37.52,
    "round_3": 40.41,
    "round_4": 37.35,
    "round_5": 43.43,
    "round_6": 42.07
  }
}