{
  "process_start_time": 1767678073.9489112,
  "process_end_time": 1767678385.6158378,
  "total_elapsed_time_seconds": 311.67,
  "rounds_time_stats": {
    "round_1": 75.63,
    "round_2": 41.97,
    "round_3": 45.64,
    "round_4": 42.28,
    "round_5": 48.13,
    "round_6": 58.01
  }
}