{
  "process_start_time": 1767890367.7724802,
  "process_end_time": 1767890379.856889,
  "total_elapsed_time_seconds": 12.08,
  "rounds_time_stats": {
    "round_1": 12.08
  }
}