{
  "process_start_time": 1767690008.0694768,
  "process_end_time": 1767690295.647697,
  "total_elapsed_time_seconds": 287.58,
  "rounds_time_stats": {
    "round_1": 44.2,
    "round_2": 60.98,
    "round_3": 43.45,
    "round_4": 45.13,
    "round_5": 46.95,
    "round_6": 46.87
  }
}