{
  "process_start_time": 1767889117.5271578,
  "process_end_time": 1767889150.9778557,
  "total_elapsed_time_seconds": 33.45,
  "rounds_time_stats": {
    "round_1": 17.08,
    "round_2": 16.36
  }
}