{
  "process_start_time": 1767888133.3450518,
  "process_end_time": 1767888143.5612304,
  "total_elapsed_time_seconds": 10.22,
  "rounds_time_stats": {
    "round_1": 10.21
  }
}