{
  "process_start_time": 1767890086.8596017,
  "process_end_time": 1767890219.4731102,
  "total_elapsed_time_seconds": 132.61,
  "rounds_time_stats": {
    "round_1": 25.73,
    "round_2": 27.03,
    "round_3": 79.84
  }
}