{
  "process_start_time": 1768555521.867307,
  "process_end_time": 1768555687.3380919,
  "total_elapsed_time_seconds": 165.47,
  "rounds_time_stats": {
    "round_1": 26.24,
    "round_2": 29.72,
    "round_3": 22.24,
    "round_4": 28.16,
    "round_5": 29.22,
    "round_6": 29.89
  }
}