{
  "process_start_time": 1767978190.893355,
  "process_end_time": 1767978402.8367949,
  "total_elapsed_time_seconds": 211.94,
  "rounds_time_stats": {
    "round_1": 39.02,
    "round_2": 37.2,
    "round_3": 38.07,
    "round_4": 32.84,
    "round_5": 31.62,
    "round_6": 33.2
  }
}