{
  "process_start_time": 1767683594.8320348,
  "process_end_time": 1767683898.734935,
  "total_elapsed_time_seconds": 303.9,
  "rounds_time_stats": {
    "round_1": 44.36,
    "round_2": 47.04,
    "round_3": 45.71,
    "round_4": 61.97,
    "round_5": 44.6,
    "round_6": 60.21
  }
}