{
  "process_start_time": 1767687046.6771295,
  "process_end_time": 1767687357.5135238,
  "total_elapsed_time_seconds": 310.84,
  "rounds_time_stats": {
    "round_1": 78.95,
    "round_2": 45.8,
    "round_3": 45.94,
    "round_4": 45.52,
    "round_5": 46.17,
    "round_6": 48.46
  }
}