{
  "process_start_time": 1767883500.2632933,
  "process_end_time": 1767883515.744527,
  "total_elapsed_time_seconds": 15.48,
  "rounds_time_stats": {
    "round_1": 15.48
  }
}