{
  "process_start_time": 1767884847.7811084,
  "process_end_time": 1767885037.2684205,
  "total_elapsed_time_seconds": 189.49,
  "rounds_time_stats": {
    "round_1": 16.25,
    "round_2": 41.07,
    "round_3": 132.17
  }
}