{
  "process_start_time": 1767888979.3118362,
  "process_end_time": 1767889118.006079,
  "total_elapsed_time_seconds": 138.69,
  "rounds_time_stats": {
    "round_1": 21.34,
    "round_2": 24.02,
    "round_3": 22.38,
    "round_4": 19.73,
    "round_5": 26.27,
    "round_6": 24.96
  }
}