{
  "process_start_time": 1767676800.5075884,
  "process_end_time": 1767677042.8607368,
  "total_elapsed_time_seconds": 242.35,
  "rounds_time_stats": {
    "round_1": 45.73,
    "round_2": 43.01,
    "round_3": 48.77,
    "round_4": 39.28,
    "round_5": 32.99,
    "round_6": 32.58
  }
}