{
  "process_start_time": 1767683898.736133,
  "process_end_time": 1767684180.7658522,
  "total_elapsed_time_seconds": 282.03,
  "rounds_time_stats": {
    "round_1": 45.15,
    "round_2": 50.33,
    "round_3": 43.83,
    "round_4": 48.08,
    "round_5": 47.72,
    "round_6": 46.92
  }
}