{
  "process_start_time": 1767976298.7026842,
  "process_end_time": 1767976500.0546145,
  "total_elapsed_time_seconds": 201.35,
  "rounds_time_stats": {
    "round_1": 28.46,
    "round_2": 33.35,
    "round_3": 29.46,
    "round_4": 30.73,
    "round_5": 40.26,
    "round_6": 39.08
  }
}