{
  "process_start_time": 1767887690.115882,
  "process_end_time": 1767887937.565598,
  "total_elapsed_time_seconds": 247.45,
  "rounds_time_stats": {
    "round_1": 52.69,
    "round_2": 31.99,
    "round_3": 37.34,
    "round_4": 44.69,
    "round_5": 37.09,
    "round_6": 43.63
  }
}