{
  "process_start_time": 1768116669.1871073,
  "process_end_time": 1768116922.8191621,
  "total_elapsed_time_seconds": 253.63,
  "rounds_time_stats": {
    "round_1": 43.55,
    "round_2": 32.77,
    "round_3": 42.87,
    "round_4": 43.9,
    "round_5": 46.26,
    "round_6": 44.27
  }
}