{
  "process_start_time": 1767885628.553353,
  "process_end_time": 1767885644.951862,
  "total_elapsed_time_seconds": 16.4,
  "rounds_time_stats": {
    "round_1": 16.4
  }
}