{
  "process_start_time": 1767690451.7808392,
  "process_end_time": 1767690657.965935,
  "total_elapsed_time_seconds": 206.19,
  "rounds_time_stats": {
    "round_1": 46.4,
    "round_2": 53.12,
    "round_3": 34.5,
    "round_4": 29.33,
    "round_5": 21.67,
    "round_6": 21.16
  }
}