{
  "process_start_time": 1767676065.086251,
  "process_end_time": 1767676325.096832,
  "total_elapsed_time_seconds": 260.01,
  "rounds_time_stats": {
    "round_1": 60.86,
    "round_2": 46.14,
    "round_3": 33.65,
    "round_4": 45.93,
    "round_5": 42.94,
    "round_6": 30.47
  }
}