{
  "process_start_time": 1768556819.1834788,
  "process_end_time": 1768556988.8261015,
  "total_elapsed_time_seconds": 169.64,
  "rounds_time_stats": {
    "round_1": 26.94,
    "round_2": 27.62,
    "round_3": 33.68,
    "round_4": 28.37,
    "round_5": 27.72,
    "round_6": 25.3
  }
}