{
  "process_start_time": 1767889665.2396014,
  "process_end_time": 1767889693.9182663,
  "total_elapsed_time_seconds": 28.68,
  "rounds_time_stats": {
    "round_1": 28.65
  }
}