{
  "process_start_time": 1767683236.9048712,
  "process_end_time": 1767683516.6747255,
  "total_elapsed_time_seconds": 279.77,
  "rounds_time_stats": {
    "round_1": 49.07,
    "round_2": 40.46,
    "round_3": 47.5,
    "round_4": 47.94,
    "round_5": 47.7,
    "round_6": 47.1
  }
}