{
  "process_start_time": 1767885282.4685059,
  "process_end_time": 1767885305.8616135,
  "total_elapsed_time_seconds": 23.39,
  "rounds_time_stats": {
    "round_1": 23.38
  }
}