{
  "process_start_time": 1768554749.2771952,
  "process_end_time": 1768554942.467275,
  "total_elapsed_time_seconds": 193.19,
  "rounds_time_stats": {
    "round_1": 33.72,
    "round_2": 29.3,
    "round_3": 35.96,
    "round_4": 27.89,
    "round_5": 38.58,
    "round_6": 27.74
  }
}