{
  "process_start_time": 1768748393.562572,
  "process_end_time": 1768748557.796471,
  "total_elapsed_time_seconds": 164.23,
  "rounds_time_stats": {
    "round_1": 35.33,
    "round_2": 20.25,
    "round_3": 29.43,
    "round_4": 24.24,
    "round_5": 29.82,
    "round_6": 25.16
  }
}