{
  "process_start_time": 1768555215.6436088,
  "process_end_time": 1768555354.2699888,
  "total_elapsed_time_seconds": 138.63,
  "rounds_time_stats": {
    "round_1": 26.46,
    "round_2": 19.1,
    "round_3": 20.0,
    "round_4": 25.81,
    "round_5": 21.68,
    "round_6": 25.57
  }
}