{
  "process_start_time": 1767889784.572487,
  "process_end_time": 1767889810.5329685,
  "total_elapsed_time_seconds": 25.96,
  "rounds_time_stats": {
    "round_1": 25.95
  }
}