{
  "process_start_time": 1767885215.2576504,
  "process_end_time": 1767885260.9912796,
  "total_elapsed_time_seconds": 45.73,
  "rounds_time_stats": {
    "round_1": 20.47,
    "round_2": 25.26
  }
}