{
  "process_start_time": 1767678073.9729984,
  "process_end_time": 1767678372.8642905,
  "total_elapsed_time_seconds": 298.89,
  "rounds_time_stats": {
    "round_1": 82.14,
    "round_2": 36.01,
    "round_3": 45.58,
    "round_4": 44.52,
    "round_5": 45.35,
    "round_6": 45.29
  }
}