{
  "process_start_time": 1767885063.0966036,
  "process_end_time": 1767885119.7757354,
  "total_elapsed_time_seconds": 56.68,
  "rounds_time_stats": {
    "round_1": 26.62,
    "round_2": 29.82,
    "round_3": 0.24
  }
}