{
  "process_start_time": 1767676613.3549726,
  "process_end_time": 1767676891.4354112,
  "total_elapsed_time_seconds": 278.08,
  "rounds_time_stats": {
    "round_1": 48.89,
    "round_2": 44.17,
    "round_3": 45.72,
    "round_4": 48.16,
    "round_5": 42.22,
    "round_6": 48.92
  }
}