{
  "process_start_time": 1767849999.4801123,
  "process_end_time": 1767850147.4534094,
  "total_elapsed_time_seconds": 147.97,
  "rounds_time_stats": {
    "round_1": 23.71,
    "round_2": 23.15,
    "round_3": 29.15,
    "round_4": 22.98,
    "round_5": 21.44,
    "round_6": 27.53
  }
}