{
  "process_start_time": 1767849999.4759698,
  "process_end_time": 1767850181.907042,
  "total_elapsed_time_seconds": 182.43,
  "rounds_time_stats": {
    "round_1": 29.11,
    "round_2": 40.06,
    "round_3": 31.76,
    "round_4": 28.43,
    "round_5": 28.89,
    "round_6": 24.18
  }
}