{
  "process_start_time": 1767678674.5337772,
  "process_end_time": 1767678942.2450995,
  "total_elapsed_time_seconds": 267.71,
  "rounds_time_stats": {
    "round_1": 35.84,
    "round_2": 34.71,
    "round_3": 44.07,
    "round_4": 54.23,
    "round_5": 39.8,
    "round_6": 59.06
  }
}