{
  "process_start_time": 1767889024.4572384,
  "process_end_time": 1767889089.142071,
  "total_elapsed_time_seconds": 64.68,
  "rounds_time_stats": {
    "round_1": 19.98,
    "round_2": 21.52,
    "round_3": 23.08,
    "round_4": 0.11
  }
}