{
  "process_start_time": 1767884039.4224718,
  "process_end_time": 1767884142.2233212,
  "total_elapsed_time_seconds": 102.8,
  "rounds_time_stats": {
    "round_1": 17.33,
    "round_2": 16.57,
    "round_3": 20.48,
    "round_4": 16.04,
    "round_5": 16.48,
    "round_6": 15.9
  }
}