{
  "process_start_time": 1767889837.1597457,
  "process_end_time": 1767889928.246009,
  "total_elapsed_time_seconds": 91.09,
  "rounds_time_stats": {
    "round_1": 11.62,
    "round_2": 17.21,
    "round_3": 10.64,
    "round_4": 12.41,
    "round_5": 17.72,
    "round_6": 21.48
  }
}