{
  "process_start_time": 1768748393.561399,
  "process_end_time": 1768748601.1641958,
  "total_elapsed_time_seconds": 207.6,
  "rounds_time_stats": {
    "round_1": 36.99,
    "round_2": 41.01,
    "round_3": 31.91,
    "round_4": 32.22,
    "round_5": 32.32,
    "round_6": 33.14
  }
}