{
  "process_start_time": 1767886722.728074,
  "process_end_time": 1767886768.2293067,
  "total_elapsed_time_seconds": 45.5,
  "rounds_time_stats": {
    "round_1": 44.69,
    "round_2": 0.81
  }
}