{
  "process_start_time": 1767883595.7960436,
  "process_end_time": 1767883621.1567519,
  "total_elapsed_time_seconds": 25.36,
  "rounds_time_stats": {
    "round_1": 25.36
  }
}