{
  "process_start_time": 1767887565.0609536,
  "process_end_time": 1767887595.5093286,
  "total_elapsed_time_seconds": 30.45,
  "rounds_time_stats": {
    "round_1": 30.43
  }
}