{
  "process_start_time": 1767974284.5862987,
  "process_end_time": 1767974595.2265568,
  "total_elapsed_time_seconds": 310.64,
  "rounds_time_stats": {
    "round_1": 36.89,
    "round_2": 58.32,
    "round_3": 42.17,
    "round_4": 40.84,
    "round_5": 87.52,
    "round_6": 44.89
  }
}