{
  "process_start_time": 1768554749.282475,
  "process_end_time": 1768554781.5959115,
  "total_elapsed_time_seconds": 32.31,
  "rounds_time_stats": {
    "round_1": 32.3
  }
}