{
  "process_start_time": 1767882890.7316537,
  "process_end_time": 1767882911.200192,
  "total_elapsed_time_seconds": 20.47,
  "rounds_time_stats": {
    "round_1": 20.46
  }
}