{
  "process_start_time": 1767678957.6999147,
  "process_end_time": 1767679223.6347866,
  "total_elapsed_time_seconds": 265.93,
  "rounds_time_stats": {
    "round_1": 43.32,
    "round_2": 42.18,
    "round_3": 46.3,
    "round_4": 48.1,
    "round_5": 45.46,
    "round_6": 40.58
  }
}