{
  "process_start_time": 1767688353.2749581,
  "process_end_time": 1767688566.777498,
  "total_elapsed_time_seconds": 213.5,
  "rounds_time_stats": {
    "round_1": 38.42,
    "round_2": 33.36,
    "round_3": 32.31,
    "round_4": 28.7,
    "round_5": 37.44,
    "round_6": 43.28
  }
}