{
  "process_start_time": 1767886499.4232545,
  "process_end_time": 1767886531.6830966,
  "total_elapsed_time_seconds": 32.26,
  "rounds_time_stats": {
    "round_1": 32.25
  }
}