{
  "process_start_time": 1768551562.631632,
  "process_end_time": 1768551774.2434883,
  "total_elapsed_time_seconds": 211.61,
  "rounds_time_stats": {
    "round_1": 30.71,
    "round_2": 38.28,
    "round_3": 38.94,
    "round_4": 38.29,
    "round_5": 35.14,
    "round_6": 30.25
  }
}