{
  "process_start_time": 1768108803.6806233,
  "process_end_time": 1768109071.9829018,
  "total_elapsed_time_seconds": 268.3,
  "rounds_time_stats": {
    "round_1": 39.05,
    "round_2": 39.5,
    "round_3": 43.62,
    "round_4": 51.09,
    "round_5": 45.35,
    "round_6": 49.69
  }
}