{
  "process_start_time": 1767886158.3148532,
  "process_end_time": 1767886219.1116254,
  "total_elapsed_time_seconds": 60.8,
  "rounds_time_stats": {
    "round_1": 18.51,
    "round_2": 25.47,
    "round_3": 16.81
  }
}