{
  "process_start_time": 1767889401.656828,
  "process_end_time": 1767889417.5514517,
  "total_elapsed_time_seconds": 15.89,
  "rounds_time_stats": {
    "round_1": 15.89
  }
}