{
  "process_start_time": 1767886065.1761355,
  "process_end_time": 1767886146.8707838,
  "total_elapsed_time_seconds": 81.69,
  "rounds_time_stats": {
    "round_1": 25.25,
    "round_2": 31.48,
    "round_3": 24.95
  }
}