{
  "process_start_time": 1767676631.4203596,
  "process_end_time": 1767676889.3365593,
  "total_elapsed_time_seconds": 257.92,
  "rounds_time_stats": {
    "round_1": 37.43,
    "round_2": 38.38,
    "round_3": 44.57,
    "round_4": 48.2,
    "round_5": 43.44,
    "round_6": 45.91
  }
}