{
  "process_start_time": 1767887688.7004464,
  "process_end_time": 1767887708.874106,
  "total_elapsed_time_seconds": 20.17,
  "rounds_time_stats": {
    "round_1": 20.17
  }
}