{
  "process_start_time": 1768117348.431526,
  "process_end_time": 1768117669.2157779,
  "total_elapsed_time_seconds": 320.78,
  "rounds_time_stats": {
    "round_1": 38.1,
    "round_2": 57.39,
    "round_3": 47.56,
    "round_4": 51.26,
    "round_5": 49.68,
    "round_6": 76.79
  }
}