{
  "process_start_time": 1767886862.319228,
  "process_end_time": 1767886886.1449325,
  "total_elapsed_time_seconds": 23.83,
  "rounds_time_stats": {
    "round_1": 23.82
  }
}