{
  "process_start_time": 1767849999.4770415,
  "process_end_time": 1767850163.8544056,
  "total_elapsed_time_seconds": 164.38,
  "rounds_time_stats": {
    "round_1": 26.27,
    "round_2": 32.37,
    "round_3": 21.96,
    "round_4": 27.83,
    "round_5": 29.43,
    "round_6": 26.52
  }
}