{
  "process_start_time": 1768116869.4000652,
  "process_end_time": 1768117146.5589328,
  "total_elapsed_time_seconds": 277.16,
  "rounds_time_stats": {
    "round_1": 48.6,
    "round_2": 41.29,
    "round_3": 44.45,
    "round_4": 45.42,
    "round_5": 45.72,
    "round_6": 51.68
  }
}