{
  "process_start_time": 1767887066.3715215,
  "process_end_time": 1767887295.802483,
  "total_elapsed_time_seconds": 229.43,
  "rounds_time_stats": {
    "round_1": 30.21,
    "round_2": 41.99,
    "round_3": 46.65,
    "round_4": 36.22,
    "round_5": 39.55,
    "round_6": 34.81
  }
}