{
  "process_start_time": 1768556595.233851,
  "process_end_time": 1768556744.302288,
  "total_elapsed_time_seconds": 149.07,
  "rounds_time_stats": {
    "round_1": 18.19,
    "round_2": 22.27,
    "round_3": 30.82,
    "round_4": 29.47,
    "round_5": 26.93,
    "round_6": 21.38
  }
}