{
  "process_start_time": 1768115912.8557189,
  "process_end_time": 1768116151.6602728,
  "total_elapsed_time_seconds": 238.8,
  "rounds_time_stats": {
    "round_1": 41.88,
    "round_2": 34.8,
    "round_3": 32.22,
    "round_4": 28.38,
    "round_5": 42.63,
    "round_6": 58.9
  }
}