{
  "process_start_time": 1767885794.3823836,
  "process_end_time": 1767885829.859376,
  "total_elapsed_time_seconds": 35.48,
  "rounds_time_stats": {
    "round_1": 16.58,
    "round_2": 18.89
  }
}