{
  "process_start_time": 1767683793.7033331,
  "process_end_time": 1767684071.8818393,
  "total_elapsed_time_seconds": 278.18,
  "rounds_time_stats": {
    "round_1": 58.7,
    "round_2": 43.4,
    "round_3": 31.47,
    "round_4": 49.02,
    "round_5": 46.66,
    "round_6": 48.93
  }
}