{
  "process_start_time": 1767687847.3056033,
  "process_end_time": 1767688114.4081464,
  "total_elapsed_time_seconds": 267.1,
  "rounds_time_stats": {
    "round_1": 40.36,
    "round_2": 41.94,
    "round_3": 44.96,
    "round_4": 44.87,
    "round_5": 44.79,
    "round_6": 50.19
  }
}