{
  "process_start_time": 1767888636.3686795,
  "process_end_time": 1767888694.5286846,
  "total_elapsed_time_seconds": 58.16,
  "rounds_time_stats": {
    "round_1": 19.02,
    "round_2": 19.98,
    "round_3": 18.86,
    "round_4": 0.3
  }
}