{
  "process_start_time": 1768551214.096845,
  "process_end_time": 1768551283.7608485,
  "total_elapsed_time_seconds": 69.66,
  "rounds_time_stats": {
    "round_1": 29.17,
    "round_2": 40.47
  }
}