{
  "process_start_time": 1767888442.8799894,
  "process_end_time": 1767888635.5235245,
  "total_elapsed_time_seconds": 192.64,
  "rounds_time_stats": {
    "round_1": 32.52,
    "round_2": 45.68,
    "round_3": 22.89,
    "round_4": 38.51,
    "round_5": 53.0,
    "round_6": 0.03
  }
}