{
  "process_start_time": 1768108567.2514293,
  "process_end_time": 1768108850.4535146,
  "total_elapsed_time_seconds": 283.2,
  "rounds_time_stats": {
    "round_1": 55.07,
    "round_2": 40.43,
    "round_3": 48.36,
    "round_4": 47.6,
    "round_5": 43.44,
    "round_6": 48.3
  }
}