{
  "process_start_time": 1767675475.988996,
  "process_end_time": 1767675749.1187172,
  "total_elapsed_time_seconds": 273.13,
  "rounds_time_stats": {
    "round_1": 70.19,
    "round_2": 40.01,
    "round_3": 35.98,
    "round_4": 45.08,
    "round_5": 41.67,
    "round_6": 40.2
  }
}