{
  "process_start_time": 1767890403.8043244,
  "process_end_time": 1767890436.722675,
  "total_elapsed_time_seconds": 32.92,
  "rounds_time_stats": {
    "round_1": 32.9
  }
}