{
  "process_start_time": 1767890256.3778932,
  "process_end_time": 1767890363.8389745,
  "total_elapsed_time_seconds": 107.46,
  "rounds_time_stats": {
    "round_1": 19.24,
    "round_2": 17.28,
    "round_3": 21.61,
    "round_4": 15.83,
    "round_5": 15.31,
    "round_6": 18.2
  }
}