{
  "process_start_time": 1768554749.2780557,
  "process_end_time": 1768554914.4516013,
  "total_elapsed_time_seconds": 165.17,
  "rounds_time_stats": {
    "round_1": 24.47,
    "round_2": 26.97,
    "round_3": 27.45,
    "round_4": 28.68,
    "round_5": 28.62,
    "round_6": 28.98
  }
}