{
  "process_start_time": 1767890299.0108685,
  "process_end_time": 1767890308.6971579,
  "total_elapsed_time_seconds": 9.69,
  "rounds_time_stats": {
    "round_1": 9.68
  }
}