{
  "process_start_time": 1767676065.3616745,
  "process_end_time": 1767676326.5456085,
  "total_elapsed_time_seconds": 261.18,
  "rounds_time_stats": {
    "round_1": 47.65,
    "round_2": 47.59,
    "round_3": 45.03,
    "round_4": 30.36,
    "round_5": 46.27,
    "round_6": 44.27
  }
}