{
  "process_start_time": 1767887924.2990217,
  "process_end_time": 1767887949.8619561,
  "total_elapsed_time_seconds": 25.56,
  "rounds_time_stats": {
    "round_1": 25.56
  }
}