{
  "process_start_time": 1767885834.3096094,
  "process_end_time": 1767885854.5115905,
  "total_elapsed_time_seconds": 20.2,
  "rounds_time_stats": {
    "round_1": 20.18
  }
}