{
  "process_start_time": 1767975136.2532973,
  "process_end_time": 1767975304.7834387,
  "total_elapsed_time_seconds": 168.53,
  "rounds_time_stats": {
    "round_1": 25.76,
    "round_2": 28.91,
    "round_3": 29.1,
    "round_4": 27.1,
    "round_5": 28.65,
    "round_6": 29.01
  }
}