{
  "process_start_time": 1767676843.8239434,
  "process_end_time": 1767677101.6333935,
  "total_elapsed_time_seconds": 257.81,
  "rounds_time_stats": {
    "round_1": 47.96,
    "round_2": 45.39,
    "round_3": 55.9,
    "round_4": 32.89,
    "round_5": 33.05,
    "round_6": 42.61
  }
}