{
  "process_start_time": 1767883802.4277606,
  "process_end_time": 1767883823.1991994,
  "total_elapsed_time_seconds": 20.77,
  "rounds_time_stats": {
    "round_1": 20.76
  }
}