{
  "process_start_time": 1767889556.0526125,
  "process_end_time": 1767889579.2743235,
  "total_elapsed_time_seconds": 23.22,
  "rounds_time_stats": {
    "round_1": 23.22
  }
}