{
  "process_start_time": 1767886502.0541415,
  "process_end_time": 1767886528.9370966,
  "total_elapsed_time_seconds": 26.88,
  "rounds_time_stats": {
    "round_1": 26.88
  }
}