{
  "process_start_time": 1767688804.187084,
  "process_end_time": 1767689117.2357771,
  "total_elapsed_time_seconds": 313.05,
  "rounds_time_stats": {
    "round_1": 47.03,
    "round_2": 61.09,
    "round_3": 46.79,
    "round_4": 49.46,
    "round_5": 48.73,
    "round_6": 59.95
  }
}