{
  "process_start_time": 1767975762.4419935,
  "process_end_time": 1767975979.3662193,
  "total_elapsed_time_seconds": 216.92,
  "rounds_time_stats": {
    "round_1": 23.93,
    "round_2": 36.42,
    "round_3": 39.99,
    "round_4": 43.6,
    "round_5": 36.91,
    "round_6": 36.06
  }
}