{
  "process_start_time": 1767888159.4558868,
  "process_end_time": 1767888167.5762932,
  "total_elapsed_time_seconds": 8.12,
  "rounds_time_stats": {
    "round_1": 8.12
  }
}