{
  "process_start_time": 1767977005.3582187,
  "process_end_time": 1767977122.847169,
  "total_elapsed_time_seconds": 117.49,
  "rounds_time_stats": {
    "round_1": 29.8,
    "round_2": 24.98,
    "round_3": 17.26,
    "round_4": 15.96,
    "round_5": 16.24,
    "round_6": 13.25
  }
}