{
  "process_start_time": 1767883198.5637727,
  "process_end_time": 1767883366.695922,
  "total_elapsed_time_seconds": 168.13,
  "rounds_time_stats": {
    "round_1": 15.43,
    "round_2": 33.57,
    "round_3": 36.95,
    "round_4": 33.26,
    "round_5": 18.15,
    "round_6": 30.76
  }
}