{
  "process_start_time": 1768551050.7560265,
  "process_end_time": 1768551255.5017457,
  "total_elapsed_time_seconds": 204.75,
  "rounds_time_stats": {
    "round_1": 51.55,
    "round_2": 37.92,
    "round_3": 28.21,
    "round_4": 36.56,
    "round_5": 23.82,
    "round_6": 26.68
  }
}