{
  "process_start_time": 1767888560.5706263,
  "process_end_time": 1767888703.7610254,
  "total_elapsed_time_seconds": 143.19,
  "rounds_time_stats": {
    "round_1": 40.65,
    "round_2": 19.42,
    "round_3": 19.79,
    "round_4": 19.87,
    "round_5": 23.89,
    "round_6": 19.57
  }
}