{
  "process_start_time": 1767888172.7671275,
  "process_end_time": 1767888184.5753224,
  "total_elapsed_time_seconds": 11.81,
  "rounds_time_stats": {
    "round_1": 11.81
  }
}