{
  "process_start_time": 1767886282.2242048,
  "process_end_time": 1767886313.6458802,
  "total_elapsed_time_seconds": 31.42,
  "rounds_time_stats": {
    "round_1": 31.42
  }
}