{
  "process_start_time": 1767887221.5229704,
  "process_end_time": 1767887302.4547598,
  "total_elapsed_time_seconds": 80.93,
  "rounds_time_stats": {
    "round_1": 16.18,
    "round_2": 17.67,
    "round_3": 15.47,
    "round_4": 31.6
  }
}