{
  "process_start_time": 1767689189.0531197,
  "process_end_time": 1767689510.5098956,
  "total_elapsed_time_seconds": 321.46,
  "rounds_time_stats": {
    "round_1": 45.19,
    "round_2": 40.96,
    "round_3": 47.48,
    "round_4": 78.03,
    "round_5": 60.72,
    "round_6": 49.0
  }
}