{
  "process_start_time": 1768116473.8318598,
  "process_end_time": 1768116680.2971377,
  "total_elapsed_time_seconds": 206.47,
  "rounds_time_stats": {
    "round_1": 34.52,
    "round_2": 29.65,
    "round_3": 37.21,
    "round_4": 29.65,
    "round_5": 34.37,
    "round_6": 41.05
  }
}