{
  "process_start_time": 1767969498.319297,
  "process_end_time": 1767969768.8655772,
  "total_elapsed_time_seconds": 270.55,
  "rounds_time_stats": {
    "round_1": 37.23,
    "round_2": 39.33,
    "round_3": 50.1,
    "round_4": 40.45,
    "round_5": 37.33,
    "round_6": 66.09
  }
}