{
  "process_start_time": 1767890225.540791,
  "process_end_time": 1767890297.3583214,
  "total_elapsed_time_seconds": 71.82,
  "rounds_time_stats": {
    "round_1": 12.07,
    "round_2": 12.57,
    "round_3": 9.85,
    "round_4": 9.8,
    "round_5": 11.85,
    "round_6": 15.68
  }
}