{
  "process_start_time": 1767678640.9176888,
  "process_end_time": 1767678927.2079186,
  "total_elapsed_time_seconds": 286.29,
  "rounds_time_stats": {
    "round_1": 54.98,
    "round_2": 48.23,
    "round_3": 49.9,
    "round_4": 45.97,
    "round_5": 41.77,
    "round_6": 45.44
  }
}