{
  "process_start_time": 1767682685.7270365,
  "process_end_time": 1767682966.4910262,
  "total_elapsed_time_seconds": 280.76,
  "rounds_time_stats": {
    "round_1": 46.81,
    "round_2": 43.79,
    "round_3": 50.38,
    "round_4": 42.66,
    "round_5": 50.23,
    "round_6": 46.89
  }
}