{
  "process_start_time": 1768551240.9282396,
  "process_end_time": 1768551406.8075757,
  "total_elapsed_time_seconds": 165.88,
  "rounds_time_stats": {
    "round_1": 22.01,
    "round_2": 29.86,
    "round_3": 27.74,
    "round_4": 29.31,
    "round_5": 30.26,
    "round_6": 26.69
  }
}