{
  "process_start_time": 1767890748.7993162,
  "process_end_time": 1767890848.9130266,
  "total_elapsed_time_seconds": 100.11,
  "rounds_time_stats": {
    "round_1": 30.77,
    "round_2": 23.28,
    "round_3": 46.05
  }
}