{
  "process_start_time": 1767884549.9975886,
  "process_end_time": 1767884576.8633032,
  "total_elapsed_time_seconds": 26.87,
  "rounds_time_stats": {
    "round_1": 26.86
  }
}