{
  "process_start_time": 1768109327.3208435,
  "process_end_time": 1768109591.5967293,
  "total_elapsed_time_seconds": 264.28,
  "rounds_time_stats": {
    "round_1": 41.87,
    "round_2": 44.24,
    "round_3": 47.93,
    "round_4": 44.11,
    "round_5": 42.45,
    "round_6": 43.67
  }
}