{
  "process_start_time": 1767883331.9797478,
  "process_end_time": 1767883494.93992,
  "total_elapsed_time_seconds": 162.96,
  "rounds_time_stats": {
    "round_1": 26.3,
    "round_2": 28.54,
    "round_3": 30.62,
    "round_4": 29.46,
    "round_5": 23.32,
    "round_6": 24.72
  }
}