{
  "process_start_time": 1768117807.616554,
  "process_end_time": 1768118088.8308635,
  "total_elapsed_time_seconds": 281.21,
  "rounds_time_stats": {
    "round_1": 35.79,
    "round_2": 51.52,
    "round_3": 31.76,
    "round_4": 38.34,
    "round_5": 77.91,
    "round_6": 45.91
  }
}