{
  "process_start_time": 1767682963.0828376,
  "process_end_time": 1767683268.8285732,
  "total_elapsed_time_seconds": 305.75,
  "rounds_time_stats": {
    "round_1": 47.78,
    "round_2": 54.55,
    "round_3": 47.73,
    "round_4": 41.87,
    "round_5": 62.25,
    "round_6": 51.56
  }
}