{
  "process_start_time": 1768116745.1711383,
  "process_end_time": 1768117015.7200162,
  "total_elapsed_time_seconds": 270.55,
  "rounds_time_stats": {
    "round_1": 41.77,
    "round_2": 57.12,
    "round_3": 46.26,
    "round_4": 48.36,
    "round_5": 37.01,
    "round_6": 40.03
  }
}