{
  "process_start_time": 1767888927.2933106,
  "process_end_time": 1767888961.2098124,
  "total_elapsed_time_seconds": 33.92,
  "rounds_time_stats": {
    "round_1": 17.96,
    "round_2": 15.95
  }
}