{
  "process_start_time": 1768552127.9606316,
  "process_end_time": 1768552275.34554,
  "total_elapsed_time_seconds": 147.38,
  "rounds_time_stats": {
    "round_1": 28.27,
    "round_2": 19.53,
    "round_3": 25.62,
    "round_4": 27.42,
    "round_5": 19.28,
    "round_6": 27.26
  }
}