{
  "process_start_time": 1768550762.966632,
  "process_end_time": 1768551020.7948186,
  "total_elapsed_time_seconds": 257.83,
  "rounds_time_stats": {
    "round_1": 34.98,
    "round_2": 35.52,
    "round_3": 41.94,
    "round_4": 45.75,
    "round_5": 56.69,
    "round_6": 42.94
  }
}