{
  "process_start_time": 1767887495.3751569,
  "process_end_time": 1767887515.0915914,
  "total_elapsed_time_seconds": 19.72,
  "rounds_time_stats": {
    "round_1": 19.71
  }
}