{
  "process_start_time": 1767886261.8072653,
  "process_end_time": 1767886315.7880626,
  "total_elapsed_time_seconds": 53.98,
  "rounds_time_stats": {
    "round_1": 24.81,
    "round_2": 29.16
  }
}