{
  "process_start_time": 1767885429.373241,
  "process_end_time": 1767885458.286494,
  "total_elapsed_time_seconds": 28.91,
  "rounds_time_stats": {
    "round_1": 28.91
  }
}