{
  "process_start_time": 1767884550.570956,
  "process_end_time": 1767884595.1292152,
  "total_elapsed_time_seconds": 44.56,
  "rounds_time_stats": {
    "round_1": 44.55
  }
}