{
  "process_start_time": 1768555108.3353047,
  "process_end_time": 1768555280.6817677,
  "total_elapsed_time_seconds": 172.35,
  "rounds_time_stats": {
    "round_1": 29.52,
    "round_2": 29.21,
    "round_3": 20.73,
    "round_4": 36.74,
    "round_5": 29.39,
    "round_6": 26.76
  }
}