{
  "process_start_time": 1767888977.5801487,
  "process_end_time": 1767889120.7504983,
  "total_elapsed_time_seconds": 143.17,
  "rounds_time_stats": {
    "round_1": 10.52,
    "round_2": 19.76,
    "round_3": 26.87,
    "round_4": 26.86,
    "round_5": 29.91,
    "round_6": 29.23
  }
}