{
  "process_start_time": 1767978777.4273822,
  "process_end_time": 1767978965.3062284,
  "total_elapsed_time_seconds": 187.88,
  "rounds_time_stats": {
    "round_1": 30.0,
    "round_2": 30.8,
    "round_3": 36.03,
    "round_4": 31.73,
    "round_5": 25.68,
    "round_6": 33.63
  }
}