{
  "process_start_time": 1767888153.984412,
  "process_end_time": 1767888175.2691708,
  "total_elapsed_time_seconds": 21.28,
  "rounds_time_stats": {
    "round_1": 21.28
  }
}