{
  "process_start_time": 1768109506.1002522,
  "process_end_time": 1768109733.2446594,
  "total_elapsed_time_seconds": 227.14,
  "rounds_time_stats": {
    "round_1": 34.27,
    "round_2": 48.13,
    "round_3": 43.24,
    "round_4": 34.47,
    "round_5": 33.85,
    "round_6": 33.18
  }
}