{
  "process_start_time": 1767973515.5681775,
  "process_end_time": 1767973808.8585467,
  "total_elapsed_time_seconds": 293.29,
  "rounds_time_stats": {
    "round_1": 44.97,
    "round_2": 53.39,
    "round_3": 48.96,
    "round_4": 43.89,
    "round_5": 47.61,
    "round_6": 54.46
  }
}