{
  "process_start_time": 1768549937.214051,
  "process_end_time": 1768550196.3587492,
  "total_elapsed_time_seconds": 259.14,
  "rounds_time_stats": {
    "round_1": 39.91,
    "round_2": 39.22,
    "round_3": 38.93,
    "round_4": 45.29,
    "round_5": 46.76,
    "round_6": 49.03
  }
}