{
  "process_start_time": 1767890161.508253,
  "process_end_time": 1767890172.489409,
  "total_elapsed_time_seconds": 10.98,
  "rounds_time_stats": {
    "round_1": 10.98
  }
}