{
  "process_start_time": 1767687891.8288338,
  "process_end_time": 1767688202.0628083,
  "total_elapsed_time_seconds": 310.23,
  "rounds_time_stats": {
    "round_1": 37.86,
    "round_2": 50.89,
    "round_3": 59.4,
    "round_4": 47.42,
    "round_5": 66.03,
    "round_6": 48.62
  }
}