{
  "process_start_time": 1768556475.6982615,
  "process_end_time": 1768556657.4284482,
  "total_elapsed_time_seconds": 181.73,
  "rounds_time_stats": {
    "round_1": 24.24,
    "round_2": 28.62,
    "round_3": 36.82,
    "round_4": 32.16,
    "round_5": 29.82,
    "round_6": 30.06
  }
}