{
  "process_start_time": 1767884696.774969,
  "process_end_time": 1767884725.785812,
  "total_elapsed_time_seconds": 29.01,
  "rounds_time_stats": {
    "round_1": 28.99
  }
}