{
  "process_start_time": 1767885498.038686,
  "process_end_time": 1767885625.8998077,
  "total_elapsed_time_seconds": 127.86,
  "rounds_time_stats": {
    "round_1": 21.86,
    "round_2": 29.72,
    "round_3": 33.16,
    "round_4": 43.1
  }
}