{
  "process_start_time": 1767883615.268481,
  "process_end_time": 1767883630.9677792,
  "total_elapsed_time_seconds": 15.7,
  "rounds_time_stats": {
    "round_1": 15.69
  }
}