{
  "process_start_time": 1767683537.5624702,
  "process_end_time": 1767683604.8819258,
  "total_elapsed_time_seconds": 67.32,
  "rounds_time_stats": {
    "round_1": 67.28
  }
}