{
  "process_start_time": 1767687044.9259992,
  "process_end_time": 1767687339.184382,
  "total_elapsed_time_seconds": 294.26,
  "rounds_time_stats": {
    "round_1": 43.52,
    "round_2": 55.92,
    "round_3": 43.87,
    "round_4": 59.06,
    "round_5": 47.36,
    "round_6": 44.54
  }
}