{
  "process_start_time": 1767974605.6546848,
  "process_end_time": 1767974880.9199402,
  "total_elapsed_time_seconds": 275.27,
  "rounds_time_stats": {
    "round_1": 43.54,
    "round_2": 51.94,
    "round_3": 43.5,
    "round_4": 41.49,
    "round_5": 39.47,
    "round_6": 55.32
  }
}