{
  "process_start_time": 1767890146.5317535,
  "process_end_time": 1767890180.7197616,
  "total_elapsed_time_seconds": 34.19,
  "rounds_time_stats": {
    "round_1": 7.35,
    "round_2": 8.48,
    "round_3": 18.36
  }
}