{
  "process_start_time": 1767977841.3993099,
  "process_end_time": 1767978014.4903243,
  "total_elapsed_time_seconds": 173.09,
  "rounds_time_stats": {
    "round_1": 30.37,
    "round_2": 31.9,
    "round_3": 30.26,
    "round_4": 31.82,
    "round_5": 28.53,
    "round_6": 20.22
  }
}