{
  "process_start_time": 1767890354.1323333,
  "process_end_time": 1767890411.0051816,
  "total_elapsed_time_seconds": 56.87,
  "rounds_time_stats": {
    "round_1": 13.62,
    "round_2": 19.31,
    "round_3": 23.94
  }
}