{
  "process_start_time": 1767969222.4949708,
  "process_end_time": 1767969571.5607793,
  "total_elapsed_time_seconds": 349.07,
  "rounds_time_stats": {
    "round_1": 82.13,
    "round_2": 40.71,
    "round_3": 43.82,
    "round_4": 64.15,
    "round_5": 52.32,
    "round_6": 65.94
  }
}