{
  "process_start_time": 1767690319.7545972,
  "process_end_time": 1767690570.9211621,
  "total_elapsed_time_seconds": 251.17,
  "rounds_time_stats": {
    "round_1": 45.96,
    "round_2": 39.74,
    "round_3": 48.51,
    "round_4": 45.07,
    "round_5": 40.37,
    "round_6": 31.51
  }
}