{
  "process_start_time": 1768555996.421807,
  "process_end_time": 1768556181.0546193,
  "total_elapsed_time_seconds": 184.63,
  "rounds_time_stats": {
    "round_1": 23.85,
    "round_2": 32.82,
    "round_3": 37.12,
    "round_4": 35.16,
    "round_5": 24.9,
    "round_6": 30.79
  }
}