{
  "process_start_time": 1767888010.0273445,
  "process_end_time": 1767888027.1428695,
  "total_elapsed_time_seconds": 17.12,
  "rounds_time_stats": {
    "round_1": 17.11
  }
}