{
  "process_start_time": 1767976500.0554483,
  "process_end_time": 1767976695.5922015,
  "total_elapsed_time_seconds": 195.54,
  "rounds_time_stats": {
    "round_1": 33.6,
    "round_2": 33.47,
    "round_3": 37.01,
    "round_4": 37.24,
    "round_5": 29.66,
    "round_6": 24.56
  }
}