{
  "process_start_time": 1768117559.8439112,
  "process_end_time": 1768117807.6155887,
  "total_elapsed_time_seconds": 247.77,
  "rounds_time_stats": {
    "round_1": 56.32,
    "round_2": 29.71,
    "round_3": 32.91,
    "round_4": 27.13,
    "round_5": 32.8,
    "round_6": 68.9
  }
}