{
  "process_start_time": 1767884595.13118,
  "process_end_time": 1767884803.274954,
  "total_elapsed_time_seconds": 208.14,
  "rounds_time_stats": {
    "round_1": 27.72,
    "round_2": 34.87,
    "round_3": 31.32,
    "round_4": 38.81,
    "round_5": 36.52,
    "round_6": 38.9
  }
}