{
  "process_start_time": 1767888557.2014706,
  "process_end_time": 1767888662.7588527,
  "total_elapsed_time_seconds": 105.56,
  "rounds_time_stats": {
    "round_1": 17.23,
    "round_2": 38.78,
    "round_3": 19.66,
    "round_4": 29.87
  }
}