{
  "process_start_time": 1767683595.9253604,
  "process_end_time": 1767683883.9196012,
  "total_elapsed_time_seconds": 287.99,
  "rounds_time_stats": {
    "round_1": 43.85,
    "round_2": 43.78,
    "round_3": 47.17,
    "round_4": 45.74,
    "round_5": 60.92,
    "round_6": 46.54
  }
}