{
  "process_start_time": 1768116471.5497274,
  "process_end_time": 1768116745.7457502,
  "total_elapsed_time_seconds": 274.2,
  "rounds_time_stats": {
    "round_1": 45.69,
    "round_2": 40.48,
    "round_3": 57.0,
    "round_4": 45.0,
    "round_5": 41.01,
    "round_6": 45.01
  }
}