{
  "process_start_time": 1768117443.991198,
  "process_end_time": 1768117745.2311873,
  "total_elapsed_time_seconds": 301.24,
  "rounds_time_stats": {
    "round_1": 44.97,
    "round_2": 37.51,
    "round_3": 47.59,
    "round_4": 32.23,
    "round_5": 62.75,
    "round_6": 76.19
  }
}