{
  "process_start_time": 1767685709.3199053,
  "process_end_time": 1767685989.191835,
  "total_elapsed_time_seconds": 279.87,
  "rounds_time_stats": {
    "round_1": 52.65,
    "round_2": 43.45,
    "round_3": 41.75,
    "round_4": 44.89,
    "round_5": 45.04,
    "round_6": 52.1
  }
}