{
  "process_start_time": 1767977840.066981,
  "process_end_time": 1767978014.3320467,
  "total_elapsed_time_seconds": 174.27,
  "rounds_time_stats": {
    "round_1": 20.93,
    "round_2": 31.63,
    "round_3": 32.41,
    "round_4": 32.18,
    "round_5": 27.85,
    "round_6": 29.26
  }
}