{
  "process_start_time": 1768554914.453574,
  "process_end_time": 1768555060.9621863,
  "total_elapsed_time_seconds": 146.51,
  "rounds_time_stats": {
    "round_1": 17.91,
    "round_2": 17.96,
    "round_3": 19.01,
    "round_4": 32.84,
    "round_5": 29.16,
    "round_6": 29.61
  }
}