{
  "process_start_time": 1767664926.1275172,
  "process_end_time": 1767665200.241396,
  "total_elapsed_time_seconds": 274.11,
  "rounds_time_stats": {
    "round_1": 39.18,
    "round_2": 49.65,
    "round_3": 42.74,
    "round_4": 45.51,
    "round_5": 51.7,
    "round_6": 45.33
  }
}