{
  "process_start_time": 1767976300.7226496,
  "process_end_time": 1767976537.576001,
  "total_elapsed_time_seconds": 236.85,
  "rounds_time_stats": {
    "round_1": 41.05,
    "round_2": 38.38,
    "round_3": 40.67,
    "round_4": 38.41,
    "round_5": 41.06,
    "round_6": 37.28
  }
}