{
  "process_start_time": 1767687608.0251896,
  "process_end_time": 1767687703.4599788,
  "total_elapsed_time_seconds": 95.43,
  "rounds_time_stats": {
    "round_1": 95.37
  }
}