{
  "process_start_time": 1767675760.4102163,
  "process_end_time": 1767676064.9418874,
  "total_elapsed_time_seconds": 304.53,
  "rounds_time_stats": {
    "round_1": 44.53,
    "round_2": 58.17,
    "round_3": 57.51,
    "round_4": 42.35,
    "round_5": 54.43,
    "round_6": 47.54
  }
}