{
  "process_start_time": 1768551910.8821414,
  "process_end_time": 1768552085.533547,
  "total_elapsed_time_seconds": 174.65,
  "rounds_time_stats": {
    "round_1": 30.94,
    "round_2": 26.44,
    "round_3": 26.46,
    "round_4": 35.38,
    "round_5": 20.48,
    "round_6": 34.96
  }
}