{
  "process_start_time": 1767888954.3376665,
  "process_end_time": 1767889010.8284335,
  "total_elapsed_time_seconds": 56.49,
  "rounds_time_stats": {
    "round_1": 26.57,
    "round_2": 29.45,
    "round_3": 0.46
  }
}