{
  "process_start_time": 1767884273.6645699,
  "process_end_time": 1767884303.3362806,
  "total_elapsed_time_seconds": 29.67,
  "rounds_time_stats": {
    "round_1": 29.66
  }
}