{
  "process_start_time": 1767890453.173938,
  "process_end_time": 1767890487.6576757,
  "total_elapsed_time_seconds": 34.48,
  "rounds_time_stats": {
    "round_1": 34.47
  }
}