{
  "process_start_time": 1768114486.9768035,
  "process_end_time": 1768114706.3744884,
  "total_elapsed_time_seconds": 219.4,
  "rounds_time_stats": {
    "round_1": 27.49,
    "round_2": 27.31,
    "round_3": 37.14,
    "round_4": 40.06,
    "round_5": 50.66,
    "round_6": 36.73
  }
}