{
  "process_start_time": 1768551715.2269962,
  "process_end_time": 1768551911.4949102,
  "total_elapsed_time_seconds": 196.27,
  "rounds_time_stats": {
    "round_1": 30.95,
    "round_2": 25.01,
    "round_3": 40.16,
    "round_4": 31.61,
    "round_5": 33.65,
    "round_6": 34.88
  }
}