{
  "process_start_time": 1767890824.8618383,
  "process_end_time": 1767890858.7561607,
  "total_elapsed_time_seconds": 33.89,
  "rounds_time_stats": {
    "round_1": 33.87
  }
}