{
  "process_start_time": 1768556635.356144,
  "process_end_time": 1768556791.5083733,
  "total_elapsed_time_seconds": 156.15,
  "rounds_time_stats": {
    "round_1": 27.8,
    "round_2": 23.69,
    "round_3": 28.96,
    "round_4": 28.32,
    "round_5": 27.07,
    "round_6": 20.32
  }
}