{
  "process_start_time": 1767883845.2558014,
  "process_end_time": 1767883925.7753465,
  "total_elapsed_time_seconds": 80.52,
  "rounds_time_stats": {
    "round_1": 22.47,
    "round_2": 23.62,
    "round_3": 18.36,
    "round_4": 15.67,
    "round_5": 0.39
  }
}