{
  "process_start_time": 1768748393.558421,
  "process_end_time": 1768748600.906734,
  "total_elapsed_time_seconds": 207.35,
  "rounds_time_stats": {
    "round_1": 35.46,
    "round_2": 28.19,
    "round_3": 30.64,
    "round_4": 38.61,
    "round_5": 42.37,
    "round_6": 32.07
  }
}