{
  "process_start_time": 1767889417.7220755,
  "process_end_time": 1767889473.7274806,
  "total_elapsed_time_seconds": 56.01,
  "rounds_time_stats": {
    "round_1": 9.54,
    "round_2": 8.25,
    "round_3": 8.75,
    "round_4": 10.13,
    "round_5": 9.04,
    "round_6": 10.28
  }
}