{
  "process_start_time": 1767884235.5917156,
  "process_end_time": 1767884355.317575,
  "total_elapsed_time_seconds": 119.73,
  "rounds_time_stats": {
    "round_1": 18.32,
    "round_2": 12.13,
    "round_3": 21.53,
    "round_4": 22.58,
    "round_5": 21.34,
    "round_6": 23.83
  }
}