{
  "process_start_time": 1767884163.1308424,
  "process_end_time": 1767884363.1065915,
  "total_elapsed_time_seconds": 199.98,
  "rounds_time_stats": {
    "round_1": 32.84,
    "round_2": 28.39,
    "round_3": 41.27,
    "round_4": 39.18,
    "round_5": 23.83,
    "round_6": 34.45
  }
}