{
  "process_start_time": 1767689788.3175044,
  "process_end_time": 1767690066.8591633,
  "total_elapsed_time_seconds": 278.54,
  "rounds_time_stats": {
    "round_1": 45.47,
    "round_2": 49.12,
    "round_3": 47.73,
    "round_4": 46.36,
    "round_5": 45.6,
    "round_6": 44.27
  }
}