{
  "process_start_time": 1767886379.6432176,
  "process_end_time": 1767886402.8375294,
  "total_elapsed_time_seconds": 23.19,
  "rounds_time_stats": {
    "round_1": 23.19
  }
}