{
  "process_start_time": 1767681100.7390234,
  "process_end_time": 1767681370.5629504,
  "total_elapsed_time_seconds": 269.82,
  "rounds_time_stats": {
    "round_1": 46.22,
    "round_2": 47.7,
    "round_3": 39.31,
    "round_4": 49.04,
    "round_5": 42.19,
    "round_6": 45.36
  }
}