{
  "process_start_time": 1767887866.213297,
  "process_end_time": 1767887884.7915785,
  "total_elapsed_time_seconds": 18.58,
  "rounds_time_stats": {
    "round_1": 18.58
  }
}