{
  "process_start_time": 1768554962.8092775,
  "process_end_time": 1768555098.8761437,
  "total_elapsed_time_seconds": 136.07,
  "rounds_time_stats": {
    "round_1": 24.73,
    "round_2": 17.01,
    "round_3": 24.65,
    "round_4": 23.61,
    "round_5": 24.32,
    "round_6": 21.74
  }
}