{
  "process_start_time": 1767888029.3404105,
  "process_end_time": 1767888040.46677,
  "total_elapsed_time_seconds": 11.13,
  "rounds_time_stats": {
    "round_1": 11.12
  }
}