{
  "process_start_time": 1767889831.0728335,
  "process_end_time": 1767889841.3189929,
  "total_elapsed_time_seconds": 10.25,
  "rounds_time_stats": {
    "round_1": 10.24
  }
}