{
  "process_start_time": 1768552647.273809,
  "process_end_time": 1768552997.759849,
  "total_elapsed_time_seconds": 350.49,
  "rounds_time_stats": {
    "round_1": 39.81,
    "round_2": 46.23,
    "round_3": 24.92,
    "round_4": 48.74,
    "round_5": 14.09,
    "round_6": 176.68
  }
}