{
  "process_start_time": 1767683500.9669318,
  "process_end_time": 1767683791.250911,
  "total_elapsed_time_seconds": 290.28,
  "rounds_time_stats": {
    "round_1": 42.68,
    "round_2": 52.28,
    "round_3": 44.15,
    "round_4": 57.54,
    "round_5": 47.2,
    "round_6": 46.44
  }
}