{
  "process_start_time": 1767884188.7076585,
  "process_end_time": 1767884214.4225323,
  "total_elapsed_time_seconds": 25.71,
  "rounds_time_stats": {
    "round_1": 25.71
  }
}