{
  "process_start_time": 1768116644.3209476,
  "process_end_time": 1768116870.811226,
  "total_elapsed_time_seconds": 226.49,
  "rounds_time_stats": {
    "round_1": 37.89,
    "round_2": 41.66,
    "round_3": 28.96,
    "round_4": 44.46,
    "round_5": 30.81,
    "round_6": 42.71
  }
}