{
  "process_start_time": 1767888139.950679,
  "process_end_time": 1767888150.2220762,
  "total_elapsed_time_seconds": 10.27,
  "rounds_time_stats": {
    "round_1": 10.27
  }
}