{
  "process_start_time": 1767890815.5159194,
  "process_end_time": 1767890981.311015,
  "total_elapsed_time_seconds": 165.8,
  "rounds_time_stats": {
    "round_1": 25.55,
    "round_2": 31.47,
    "round_3": 30.51,
    "round_4": 27.43,
    "round_5": 27.8,
    "round_6": 23.04
  }
}