{
  "process_start_time": 1767886427.4038284,
  "process_end_time": 1767886452.3135874,
  "total_elapsed_time_seconds": 24.91,
  "rounds_time_stats": {
    "round_1": 24.9
  }
}