{
  "process_start_time": 1768117065.9008722,
  "process_end_time": 1768117317.599675,
  "total_elapsed_time_seconds": 251.7,
  "rounds_time_stats": {
    "round_1": 46.77,
    "round_2": 30.86,
    "round_3": 33.29,
    "round_4": 49.35,
    "round_5": 46.05,
    "round_6": 45.38
  }
}