{
  "process_start_time": 1767885343.0152032,
  "process_end_time": 1767885363.551088,
  "total_elapsed_time_seconds": 20.54,
  "rounds_time_stats": {
    "round_1": 20.53
  }
}