{
  "process_start_time": 1767969571.5621853,
  "process_end_time": 1767969952.0507767,
  "total_elapsed_time_seconds": 380.49,
  "rounds_time_stats": {
    "round_1": 67.99,
    "round_2": 75.89,
    "round_3": 81.11,
    "round_4": 81.21,
    "round_5": 33.89,
    "round_6": 40.4
  }
}