{
  "process_start_time": 1768108030.8108165,
  "process_end_time": 1768108298.9582405,
  "total_elapsed_time_seconds": 268.15,
  "rounds_time_stats": {
    "round_1": 39.5,
    "round_2": 46.84,
    "round_3": 46.58,
    "round_4": 46.69,
    "round_5": 43.98,
    "round_6": 44.55
  }
}