{
  "process_start_time": 1767887530.7719316,
  "process_end_time": 1767887549.805172,
  "total_elapsed_time_seconds": 19.03,
  "rounds_time_stats": {
    "round_1": 19.03
  }
}