{
  "process_start_time": 1767883173.4298468,
  "process_end_time": 1767883343.4003406,
  "total_elapsed_time_seconds": 169.97,
  "rounds_time_stats": {
    "round_1": 24.49,
    "round_2": 39.86,
    "round_3": 27.27,
    "round_4": 23.03,
    "round_5": 27.4,
    "round_6": 27.92
  }
}