{
  "process_start_time": 1768555995.9060166,
  "process_end_time": 1768556173.6129727,
  "total_elapsed_time_seconds": 177.71,
  "rounds_time_stats": {
    "round_1": 35.32,
    "round_2": 28.28,
    "round_3": 29.3,
    "round_4": 26.92,
    "round_5": 34.04,
    "round_6": 23.84
  }
}