{
  "process_start_time": 1767883253.6020777,
  "process_end_time": 1767883431.1238506,
  "total_elapsed_time_seconds": 177.52,
  "rounds_time_stats": {
    "round_1": 29.96,
    "round_2": 27.0,
    "round_3": 31.05,
    "round_4": 34.6,
    "round_5": 29.36,
    "round_6": 25.56
  }
}