{
  "process_start_time": 1767885734.968787,
  "process_end_time": 1767885818.8420026,
  "total_elapsed_time_seconds": 83.87,
  "rounds_time_stats": {
    "round_1": 15.93,
    "round_2": 13.27,
    "round_3": 12.99,
    "round_4": 14.01,
    "round_5": 12.94,
    "round_6": 14.73
  }
}