{
  "process_start_time": 1768108774.1604865,
  "process_end_time": 1768109055.3520026,
  "total_elapsed_time_seconds": 281.19,
  "rounds_time_stats": {
    "round_1": 38.56,
    "round_2": 34.8,
    "round_3": 63.78,
    "round_4": 47.39,
    "round_5": 50.77,
    "round_6": 45.89
  }
}