{
  "process_start_time": 1768550406.411894,
  "process_end_time": 1768550658.5383363,
  "total_elapsed_time_seconds": 252.13,
  "rounds_time_stats": {
    "round_1": 33.57,
    "round_2": 49.31,
    "round_3": 39.62,
    "round_4": 41.12,
    "round_5": 42.68,
    "round_6": 45.84
  }
}