{
  "process_start_time": 1768116884.0295842,
  "process_end_time": 1768117089.9577441,
  "total_elapsed_time_seconds": 205.93,
  "rounds_time_stats": {
    "round_1": 20.78,
    "round_2": 25.18,
    "round_3": 39.2,
    "round_4": 39.61,
    "round_5": 41.18,
    "round_6": 39.97
  }
}