{
  "process_start_time": 1767886996.4018557,
  "process_end_time": 1767887127.7255225,
  "total_elapsed_time_seconds": 131.32,
  "rounds_time_stats": {
    "round_1": 20.94,
    "round_2": 16.46,
    "round_3": 17.95,
    "round_4": 28.76,
    "round_5": 22.63,
    "round_6": 24.57
  }
}