{
  "process_start_time": 1767884470.2014496,
  "process_end_time": 1767884592.2732396,
  "total_elapsed_time_seconds": 122.07,
  "rounds_time_stats": {
    "round_1": 9.6,
    "round_2": 17.96,
    "round_3": 22.74,
    "round_4": 27.77,
    "round_5": 14.07,
    "round_6": 29.92
  }
}