{
  "process_start_time": 1767883029.07631,
  "process_end_time": 1767883053.0187802,
  "total_elapsed_time_seconds": 23.94,
  "rounds_time_stats": {
    "round_1": 23.94
  }
}