{
  "process_start_time": 1767884840.6921906,
  "process_end_time": 1767884915.4773762,
  "total_elapsed_time_seconds": 74.79,
  "rounds_time_stats": {
    "round_1": 28.52,
    "round_2": 23.74,
    "round_3": 22.14,
    "round_4": 0.39
  }
}