{
  "process_start_time": 1767889981.6077504,
  "process_end_time": 1767890036.8988252,
  "total_elapsed_time_seconds": 55.29,
  "rounds_time_stats": {
    "round_1": 22.69,
    "round_2": 32.58
  }
}