{
  "process_start_time": 1767687015.9699585,
  "process_end_time": 1767687279.135936,
  "total_elapsed_time_seconds": 263.17,
  "rounds_time_stats": {
    "round_1": 44.7,
    "round_2": 38.44,
    "round_3": 45.54,
    "round_4": 42.57,
    "round_5": 47.1,
    "round_6": 44.81
  }
}