{
  "process_start_time": 1767678073.9483428,
  "process_end_time": 1767678372.1597536,
  "total_elapsed_time_seconds": 298.21,
  "rounds_time_stats": {
    "round_1": 81.53,
    "round_2": 33.66,
    "round_3": 48.11,
    "round_4": 42.22,
    "round_5": 48.5,
    "round_6": 44.19
  }
}