{
  "process_start_time": 1768555365.4867318,
  "process_end_time": 1768555514.8479733,
  "total_elapsed_time_seconds": 149.36,
  "rounds_time_stats": {
    "round_1": 27.58,
    "round_2": 29.44,
    "round_3": 28.38,
    "round_4": 19.69,
    "round_5": 23.17,
    "round_6": 21.1
  }
}