{
  "process_start_time": 1768551810.0590792,
  "process_end_time": 1768551973.142813,
  "total_elapsed_time_seconds": 163.08,
  "rounds_time_stats": {
    "round_1": 20.31,
    "round_2": 25.78,
    "round_3": 28.87,
    "round_4": 33.26,
    "round_5": 25.31,
    "round_6": 29.55
  }
}