{
  "process_start_time": 1767979156.226673,
  "process_end_time": 1767979324.613577,
  "total_elapsed_time_seconds": 168.39,
  "rounds_time_stats": {
    "round_1": 27.72,
    "round_2": 36.31,
    "round_3": 34.67,
    "round_4": 24.68,
    "round_5": 22.75,
    "round_6": 22.26
  }
}