{
  "process_start_time": 1767691683.074061,
  "process_end_time": 1767691940.9356906,
  "total_elapsed_time_seconds": 257.86,
  "rounds_time_stats": {
    "round_1": 37.96,
    "round_2": 38.53,
    "round_3": 37.79,
    "round_4": 48.79,
    "round_5": 47.52,
    "round_6": 47.27
  }
}