{
  "process_start_time": 1767886913.1190526,
  "process_end_time": 1767887088.0586605,
  "total_elapsed_time_seconds": 174.94,
  "rounds_time_stats": {
    "round_1": 19.44,
    "round_2": 21.74,
    "round_3": 31.83,
    "round_4": 30.8,
    "round_5": 71.08
  }
}