{
  "process_start_time": 1767888432.1500611,
  "process_end_time": 1767888669.1827679,
  "total_elapsed_time_seconds": 237.03,
  "rounds_time_stats": {
    "round_1": 24.81,
    "round_2": 29.99,
    "round_3": 38.48,
    "round_4": 51.39,
    "round_5": 57.29,
    "round_6": 35.07
  }
}