{
  "process_start_time": 1767681097.0433145,
  "process_end_time": 1767681371.548061,
  "total_elapsed_time_seconds": 274.5,
  "rounds_time_stats": {
    "round_1": 50.31,
    "round_2": 47.31,
    "round_3": 42.25,
    "round_4": 45.05,
    "round_5": 44.16,
    "round_6": 45.42
  }
}