{
  "process_start_time": 1767888443.6431308,
  "process_end_time": 1767888462.379467,
  "total_elapsed_time_seconds": 18.74,
  "rounds_time_stats": {
    "round_1": 18.72
  }
}