{
  "process_start_time": 1767886767.297013,
  "process_end_time": 1767886889.0895417,
  "total_elapsed_time_seconds": 121.79,
  "rounds_time_stats": {
    "round_1": 20.84,
    "round_2": 17.21,
    "round_3": 23.01,
    "round_4": 20.89,
    "round_5": 20.39,
    "round_6": 19.46
  }
}