{
  "process_start_time": 1767887549.988054,
  "process_end_time": 1767887609.4623399,
  "total_elapsed_time_seconds": 59.47,
  "rounds_time_stats": {
    "round_1": 34.52,
    "round_2": 24.95
  }
}