{
  "process_start_time": 1767889815.6777484,
  "process_end_time": 1767889842.9536893,
  "total_elapsed_time_seconds": 27.28,
  "rounds_time_stats": {
    "round_1": 27.27
  }
}