{
  "process_start_time": 1767890543.3635685,
  "process_end_time": 1767890567.757297,
  "total_elapsed_time_seconds": 24.39,
  "rounds_time_stats": {
    "round_1": 24.38
  }
}