{
  "process_start_time": 1767850147.4549232,
  "process_end_time": 1767850262.572937,
  "total_elapsed_time_seconds": 115.12,
  "rounds_time_stats": {
    "round_1": 26.84,
    "round_2": 20.99,
    "round_3": 15.39,
    "round_4": 16.17,
    "round_5": 17.16,
    "round_6": 18.56
  }
}