{
  "process_start_time": 1768550252.402191,
  "process_end_time": 1768550503.6042929,
  "total_elapsed_time_seconds": 251.2,
  "rounds_time_stats": {
    "round_1": 30.18,
    "round_2": 38.59,
    "round_3": 45.81,
    "round_4": 47.39,
    "round_5": 45.8,
    "round_6": 43.43
  }
}