{
  "process_start_time": 1767979157.963923,
  "process_end_time": 1767979305.202325,
  "total_elapsed_time_seconds": 147.24,
  "rounds_time_stats": {
    "round_1": 29.99,
    "round_2": 32.03,
    "round_3": 24.06,
    "round_4": 19.8,
    "round_5": 24.16,
    "round_6": 17.2
  }
}