{
  "process_start_time": 1767886211.9903655,
  "process_end_time": 1767886231.5889776,
  "total_elapsed_time_seconds": 19.6,
  "rounds_time_stats": {
    "round_1": 19.6
  }
}