{
  "process_start_time": 1767885500.3851717,
  "process_end_time": 1767885581.3808923,
  "total_elapsed_time_seconds": 81.0,
  "rounds_time_stats": {
    "round_1": 19.47,
    "round_2": 28.79,
    "round_3": 31.93,
    "round_4": 0.81
  }
}