{
  "process_start_time": 1767889231.4887357,
  "process_end_time": 1767889284.149747,
  "total_elapsed_time_seconds": 52.66,
  "rounds_time_stats": {
    "round_1": 26.89,
    "round_2": 25.75
  }
}