{
  "process_start_time": 1767882991.372639,
  "process_end_time": 1767883000.9474921,
  "total_elapsed_time_seconds": 9.57,
  "rounds_time_stats": {
    "round_1": 9.57
  }
}