{
  "process_start_time": 1767886480.9982295,
  "process_end_time": 1767886522.5825055,
  "total_elapsed_time_seconds": 41.58,
  "rounds_time_stats": {
    "round_1": 15.4,
    "round_2": 26.17
  }
}