{
  "process_start_time": 1768109398.026895,
  "process_end_time": 1768109671.5539086,
  "total_elapsed_time_seconds": 273.53,
  "rounds_time_stats": {
    "round_1": 42.69,
    "round_2": 35.1,
    "round_3": 58.82,
    "round_4": 42.47,
    "round_5": 48.24,
    "round_6": 46.2
  }
}