{
  "process_start_time": 1768551868.8267295,
  "process_end_time": 1768552018.6035056,
  "total_elapsed_time_seconds": 149.78,
  "rounds_time_stats": {
    "round_1": 14.47,
    "round_2": 26.93,
    "round_3": 25.21,
    "round_4": 28.17,
    "round_5": 27.07,
    "round_6": 27.93
  }
}