{
  "process_start_time": 1767883190.8735077,
  "process_end_time": 1767883227.4353697,
  "total_elapsed_time_seconds": 36.56,
  "rounds_time_stats": {
    "round_1": 11.89,
    "round_2": 23.96,
    "round_3": 0.71
  }
}