{
  "process_start_time": 1767687994.8158824,
  "process_end_time": 1767688308.8095179,
  "total_elapsed_time_seconds": 313.99,
  "rounds_time_stats": {
    "round_1": 46.01,
    "round_2": 60.57,
    "round_3": 49.99,
    "round_4": 50.66,
    "round_5": 47.31,
    "round_6": 59.44
  }
}