{
  "process_start_time": 1768551573.9877021,
  "process_end_time": 1768551753.572566,
  "total_elapsed_time_seconds": 179.58,
  "rounds_time_stats": {
    "round_1": 28.25,
    "round_2": 29.43,
    "round_3": 29.56,
    "round_4": 26.79,
    "round_5": 27.07,
    "round_6": 38.49
  }
}