{
  "process_start_time": 1768116595.9974523,
  "process_end_time": 1768116844.178405,
  "total_elapsed_time_seconds": 248.18,
  "rounds_time_stats": {
    "round_1": 34.26,
    "round_2": 43.53,
    "round_3": 40.03,
    "round_4": 42.91,
    "round_5": 44.11,
    "round_6": 43.33
  }
}