{
  "process_start_time": 1767886148.1573553,
  "process_end_time": 1767886220.0737755,
  "total_elapsed_time_seconds": 71.92,
  "rounds_time_stats": {
    "round_1": 18.27,
    "round_2": 21.19,
    "round_3": 32.44
  }
}