{
  "process_start_time": 1768114740.4235928,
  "process_end_time": 1768115024.778833,
  "total_elapsed_time_seconds": 284.36,
  "rounds_time_stats": {
    "round_1": 46.24,
    "round_2": 59.71,
    "round_3": 61.02,
    "round_4": 36.98,
    "round_5": 31.4,
    "round_6": 49.01
  }
}