{
  "process_start_time": 1767884137.9711335,
  "process_end_time": 1767884281.772249,
  "total_elapsed_time_seconds": 143.8,
  "rounds_time_stats": {
    "round_1": 20.85,
    "round_2": 19.73,
    "round_3": 24.39,
    "round_4": 22.41,
    "round_5": 36.2,
    "round_6": 20.23
  }
}