{
  "process_start_time": 1767691740.845884,
  "process_end_time": 1767692033.4938805,
  "total_elapsed_time_seconds": 292.65,
  "rounds_time_stats": {
    "round_1": 37.54,
    "round_2": 45.8,
    "round_3": 54.89,
    "round_4": 62.74,
    "round_5": 46.03,
    "round_6": 45.64
  }
}