{
  "process_start_time": 1767889502.1210816,
  "process_end_time": 1767889521.4684768,
  "total_elapsed_time_seconds": 19.35,
  "rounds_time_stats": {
    "round_1": 19.34
  }
}