{
  "process_start_time": 1767887953.3202841,
  "process_end_time": 1767888006.2269437,
  "total_elapsed_time_seconds": 52.91,
  "rounds_time_stats": {
    "round_1": 12.82,
    "round_2": 21.08,
    "round_3": 19.01
  }
}