{
  "process_start_time": 1767687563.9778042,
  "process_end_time": 1767687862.3039763,
  "total_elapsed_time_seconds": 298.33,
  "rounds_time_stats": {
    "round_1": 54.04,
    "round_2": 62.36,
    "round_3": 42.8,
    "round_4": 43.83,
    "round_5": 50.73,
    "round_6": 44.58
  }
}