{
  "process_start_time": 1768550421.571919,
  "process_end_time": 1768550689.725045,
  "total_elapsed_time_seconds": 268.15,
  "rounds_time_stats": {
    "round_1": 53.07,
    "round_2": 41.34,
    "round_3": 39.94,
    "round_4": 41.31,
    "round_5": 46.13,
    "round_6": 46.38
  }
}