{
  "process_start_time": 1767684368.0248525,
  "process_end_time": 1767684659.4272876,
  "total_elapsed_time_seconds": 291.4,
  "rounds_time_stats": {
    "round_1": 61.45,
    "round_2": 43.78,
    "round_3": 45.56,
    "round_4": 46.93,
    "round_5": 46.67,
    "round_6": 47.01
  }
}