{
  "process_start_time": 1767973270.7930658,
  "process_end_time": 1767973441.496844,
  "total_elapsed_time_seconds": 170.7,
  "rounds_time_stats": {
    "round_1": 23.47,
    "round_2": 29.05,
    "round_3": 32.18,
    "round_4": 33.38,
    "round_5": 28.99,
    "round_6": 23.64
  }
}