{
  "process_start_time": 1767887298.602495,
  "process_end_time": 1767887523.800488,
  "total_elapsed_time_seconds": 225.2,
  "rounds_time_stats": {
    "round_1": 36.94,
    "round_2": 39.02,
    "round_3": 48.04,
    "round_4": 30.89,
    "round_5": 35.54,
    "round_6": 34.77
  }
}