{
  "process_start_time": 1767888074.2300065,
  "process_end_time": 1767888084.7276053,
  "total_elapsed_time_seconds": 10.5,
  "rounds_time_stats": {
    "round_1": 10.5
  }
}