{
  "process_start_time": 1767885492.8790028,
  "process_end_time": 1767885683.159508,
  "total_elapsed_time_seconds": 190.28,
  "rounds_time_stats": {
    "round_1": 24.07,
    "round_2": 26.99,
    "round_3": 26.78,
    "round_4": 28.69,
    "round_5": 50.31,
    "round_6": 33.44
  }
}