{
  "process_start_time": 1767678585.7358093,
  "process_end_time": 1767678843.2014642,
  "total_elapsed_time_seconds": 257.47,
  "rounds_time_stats": {
    "round_1": 39.3,
    "round_2": 47.45,
    "round_3": 43.26,
    "round_4": 45.94,
    "round_5": 43.13,
    "round_6": 38.38
  }
}