{
  "process_start_time": 1767888678.7761095,
  "process_end_time": 1767888737.049994,
  "total_elapsed_time_seconds": 58.27,
  "rounds_time_stats": {
    "round_1": 19.3,
    "round_2": 16.89,
    "round_3": 22.07
  }
}