{
  "process_start_time": 1768108418.679913,
  "process_end_time": 1768108727.9604104,
  "total_elapsed_time_seconds": 309.28,
  "rounds_time_stats": {
    "round_1": 52.6,
    "round_2": 65.87,
    "round_3": 47.33,
    "round_4": 47.35,
    "round_5": 47.76,
    "round_6": 48.37
  }
}