{
  "process_start_time": 1767889060.5216758,
  "process_end_time": 1767889071.116828,
  "total_elapsed_time_seconds": 10.6,
  "rounds_time_stats": {
    "round_1": 10.59
  }
}