{
  "process_start_time": 1768550704.2600443,
  "process_end_time": 1768550965.112803,
  "total_elapsed_time_seconds": 260.85,
  "rounds_time_stats": {
    "round_1": 43.64,
    "round_2": 44.02,
    "round_3": 43.71,
    "round_4": 41.74,
    "round_5": 42.03,
    "round_6": 45.72
  }
}