{
  "process_start_time": 1768556791.5091116,
  "process_end_time": 1768556971.768716,
  "total_elapsed_time_seconds": 180.26,
  "rounds_time_stats": {
    "round_1": 36.87,
    "round_2": 28.87,
    "round_3": 29.17,
    "round_4": 29.56,
    "round_5": 27.2,
    "round_6": 28.59
  }
}