{
  "process_start_time": 1767683202.1972778,
  "process_end_time": 1767683498.8757133,
  "total_elapsed_time_seconds": 296.68,
  "rounds_time_stats": {
    "round_1": 49.38,
    "round_2": 47.54,
    "round_3": 45.97,
    "round_4": 45.48,
    "round_5": 46.31,
    "round_6": 62.0
  }
}