{
  "process_start_time": 1768556004.1702933,
  "process_end_time": 1768556200.925057,
  "total_elapsed_time_seconds": 196.75,
  "rounds_time_stats": {
    "round_1": 38.99,
    "round_2": 36.48,
    "round_3": 36.68,
    "round_4": 31.35,
    "round_5": 21.71,
    "round_6": 31.53
  }
}