{
  "process_start_time": 1767975762.445284,
  "process_end_time": 1767975972.002903,
  "total_elapsed_time_seconds": 209.56,
  "rounds_time_stats": {
    "round_1": 35.25,
    "round_2": 34.52,
    "round_3": 31.4,
    "round_4": 43.05,
    "round_5": 35.35,
    "round_6": 29.99
  }
}