{
  "process_start_time": 1767687933.1728537,
  "process_end_time": 1767687994.8150713,
  "total_elapsed_time_seconds": 61.64,
  "rounds_time_stats": {
    "round_1": 61.62
  }
}