{
  "process_start_time": 1767888066.344934,
  "process_end_time": 1767888075.159319,
  "total_elapsed_time_seconds": 8.81,
  "rounds_time_stats": {
    "round_1": 8.81
  }
}