{
  "process_start_time": 1767889552.0747623,
  "process_end_time": 1767889568.9366884,
  "total_elapsed_time_seconds": 16.86,
  "rounds_time_stats": {
    "round_1": 16.86
  }
}