{
  "process_start_time": 1767889693.6300256,
  "process_end_time": 1767889710.3005326,
  "total_elapsed_time_seconds": 16.67,
  "rounds_time_stats": {
    "round_1": 16.31,
    "round_2": 0.36
  }
}