{
  "process_start_time": 1767890653.701728,
  "process_end_time": 1767890814.9956949,
  "total_elapsed_time_seconds": 161.29,
  "rounds_time_stats": {
    "round_1": 23.14,
    "round_2": 28.45,
    "round_3": 22.7,
    "round_4": 28.75,
    "round_5": 33.55,
    "round_6": 24.71
  }
}