{
  "process_start_time": 1767887744.040225,
  "process_end_time": 1767887830.9583795,
  "total_elapsed_time_seconds": 86.92,
  "rounds_time_stats": {
    "round_1": 12.85,
    "round_2": 22.13,
    "round_3": 51.93
  }
}