{
  "process_start_time": 1767683792.0964248,
  "process_end_time": 1767684100.483766,
  "total_elapsed_time_seconds": 308.39,
  "rounds_time_stats": {
    "round_1": 45.42,
    "round_2": 62.67,
    "round_3": 61.38,
    "round_4": 48.29,
    "round_5": 46.18,
    "round_6": 44.45
  }
}