{
  "process_start_time": 1767692205.1022577,
  "process_end_time": 1767692423.072965,
  "total_elapsed_time_seconds": 217.97,
  "rounds_time_stats": {
    "round_1": 57.76,
    "round_2": 41.97,
    "round_3": 35.14,
    "round_4": 31.63,
    "round_5": 27.45,
    "round_6": 24.03
  }
}