{
  "process_start_time": 1767890229.7253077,
  "process_end_time": 1767890335.2600677,
  "total_elapsed_time_seconds": 105.53,
  "rounds_time_stats": {
    "round_1": 23.72,
    "round_2": 15.95,
    "round_3": 16.65,
    "round_4": 22.18,
    "round_5": 14.03,
    "round_6": 12.99
  }
}