{
  "process_start_time": 1767889403.689864,
  "process_end_time": 1767889417.5414882,
  "total_elapsed_time_seconds": 13.85,
  "rounds_time_stats": {
    "round_1": 13.85
  }
}