{
  "process_start_time": 1767883164.4440577,
  "process_end_time": 1767883185.286232,
  "total_elapsed_time_seconds": 20.84,
  "rounds_time_stats": {
    "round_1": 20.84
  }
}