{
  "process_start_time": 1767889498.1835585,
  "process_end_time": 1767889513.634734,
  "total_elapsed_time_seconds": 15.45,
  "rounds_time_stats": {
    "round_1": 15.44
  }
}