{
  "process_start_time": 1767887615.7540927,
  "process_end_time": 1767887658.1695788,
  "total_elapsed_time_seconds": 42.42,
  "rounds_time_stats": {
    "round_1": 42.4
  }
}