{
  "process_start_time": 1768556876.987006,
  "process_end_time": 1768557032.701843,
  "total_elapsed_time_seconds": 155.71,
  "rounds_time_stats": {
    "round_1": 28.56,
    "round_2": 29.92,
    "round_3": 25.76,
    "round_4": 26.26,
    "round_5": 27.79,
    "round_6": 17.41
  }
}