{
  "process_start_time": 1767888109.7373788,
  "process_end_time": 1767888270.726337,
  "total_elapsed_time_seconds": 160.99,
  "rounds_time_stats": {
    "round_1": 20.63,
    "round_2": 28.08,
    "round_3": 27.23,
    "round_4": 30.3,
    "round_5": 27.78,
    "round_6": 26.98
  }
}