{
  "process_start_time": 1768551792.5760794,
  "process_end_time": 1768551926.3102322,
  "total_elapsed_time_seconds": 133.73,
  "rounds_time_stats": {
    "round_1": 27.64,
    "round_2": 21.92,
    "round_3": 18.22,
    "round_4": 24.39,
    "round_5": 24.84,
    "round_6": 16.72
  }
}