{
  "process_start_time": 1767690164.3164437,
  "process_end_time": 1767690451.7796512,
  "total_elapsed_time_seconds": 287.46,
  "rounds_time_stats": {
    "round_1": 54.07,
    "round_2": 43.91,
    "round_3": 32.52,
    "round_4": 62.12,
    "round_5": 47.97,
    "round_6": 46.86
  }
}