{
  "process_start_time": 1767890873.1275969,
  "process_end_time": 1767890924.5678773,
  "total_elapsed_time_seconds": 51.44,
  "rounds_time_stats": {
    "round_1": 16.56,
    "round_2": 17.85,
    "round_3": 16.92,
    "round_4": 0.1
  }
}