{
  "process_start_time": 1768109321.521557,
  "process_end_time": 1768109513.0120254,
  "total_elapsed_time_seconds": 191.49,
  "rounds_time_stats": {
    "round_1": 36.79,
    "round_2": 35.37,
    "round_3": 33.24,
    "round_4": 28.4,
    "round_5": 29.84,
    "round_6": 27.86
  }
}