{
  "process_start_time": 1767978777.4443865,
  "process_end_time": 1767979027.617395,
  "total_elapsed_time_seconds": 250.17,
  "rounds_time_stats": {
    "round_1": 28.84,
    "round_2": 42.76,
    "round_3": 49.18,
    "round_4": 41.55,
    "round_5": 50.31,
    "round_6": 37.52
  }
}