{
  "process_start_time": 1767683825.246124,
  "process_end_time": 1767684100.5264258,
  "total_elapsed_time_seconds": 275.28,
  "rounds_time_stats": {
    "round_1": 42.59,
    "round_2": 47.94,
    "round_3": 46.62,
    "round_4": 47.47,
    "round_5": 47.03,
    "round_6": 43.63
  }
}