{
  "process_start_time": 1767691728.6101491,
  "process_end_time": 1767691931.808206,
  "total_elapsed_time_seconds": 203.2,
  "rounds_time_stats": {
    "round_1": 51.35,
    "round_2": 54.18,
    "round_3": 54.55,
    "round_4": 43.1
  }
}