{
  "process_start_time": 1767887670.005093,
  "process_end_time": 1767887718.4425497,
  "total_elapsed_time_seconds": 48.44,
  "rounds_time_stats": {
    "round_1": 48.4
  }
}