{
  "process_start_time": 1767889435.8866467,
  "process_end_time": 1767889632.1376786,
  "total_elapsed_time_seconds": 196.25,
  "rounds_time_stats": {
    "round_1": 26.3,
    "round_2": 33.57,
    "round_3": 32.38,
    "round_4": 26.99,
    "round_5": 46.72,
    "round_6": 30.28
  }
}