{
  "process_start_time": 1768554903.4590437,
  "process_end_time": 1768555051.9954166,
  "total_elapsed_time_seconds": 148.54,
  "rounds_time_stats": {
    "round_1": 22.13,
    "round_2": 18.6,
    "round_3": 27.63,
    "round_4": 22.02,
    "round_5": 28.02,
    "round_6": 30.12
  }
}