{
  "process_start_time": 1767885036.8730266,
  "process_end_time": 1767885241.0356119,
  "total_elapsed_time_seconds": 204.16,
  "rounds_time_stats": {
    "round_1": 29.35,
    "round_2": 34.9,
    "round_3": 29.06,
    "round_4": 28.72,
    "round_5": 31.56,
    "round_6": 50.57
  }
}