{
  "process_start_time": 1767974321.842947,
  "process_end_time": 1767974677.0566921,
  "total_elapsed_time_seconds": 355.21,
  "rounds_time_stats": {
    "round_1": 72.32,
    "round_2": 53.95,
    "round_3": 80.92,
    "round_4": 36.69,
    "round_5": 53.2,
    "round_6": 58.14
  }
}