{
  "process_start_time": 1768550445.6944125,
  "process_end_time": 1768550704.2591865,
  "total_elapsed_time_seconds": 258.56,
  "rounds_time_stats": {
    "round_1": 43.52,
    "round_2": 41.1,
    "round_3": 39.81,
    "round_4": 43.55,
    "round_5": 45.78,
    "round_6": 44.8
  }
}