{
  "process_start_time": 1767690169.00302,
  "process_end_time": 1767690481.9787862,
  "total_elapsed_time_seconds": 312.98,
  "rounds_time_stats": {
    "round_1": 46.53,
    "round_2": 62.22,
    "round_3": 61.35,
    "round_4": 49.48,
    "round_5": 47.22,
    "round_6": 46.17
  }
}