{
  "process_start_time": 1767976860.6845586,
  "process_end_time": 1767977033.5637014,
  "total_elapsed_time_seconds": 172.88,
  "rounds_time_stats": {
    "round_1": 26.67,
    "round_2": 33.34,
    "round_3": 28.2,
    "round_4": 31.02,
    "round_5": 26.78,
    "round_6": 26.88
  }
}