{
  "process_start_time": 1767974296.4122674,
  "process_end_time": 1767974605.653931,
  "total_elapsed_time_seconds": 309.24,
  "rounds_time_stats": {
    "round_1": 53.08,
    "round_2": 58.88,
    "round_3": 40.42,
    "round_4": 66.46,
    "round_5": 36.61,
    "round_6": 53.8
  }
}