{
  "process_start_time": 1767976167.0522788,
  "process_end_time": 1767976359.5564053,
  "total_elapsed_time_seconds": 192.5,
  "rounds_time_stats": {
    "round_1": 32.12,
    "round_2": 31.26,
    "round_3": 30.81,
    "round_4": 39.65,
    "round_5": 29.6,
    "round_6": 29.05
  }
}