{
  "process_start_time": 1767886706.5050435,
  "process_end_time": 1767886714.1879458,
  "total_elapsed_time_seconds": 7.68,
  "rounds_time_stats": {
    "round_1": 7.68
  }
}