{
  "process_start_time": 1767688737.7606487,
  "process_end_time": 1767689022.2142494,
  "total_elapsed_time_seconds": 284.45,
  "rounds_time_stats": {
    "round_1": 52.3,
    "round_2": 44.71,
    "round_3": 48.02,
    "round_4": 43.19,
    "round_5": 50.03,
    "round_6": 46.2
  }
}