{
  "process_start_time": 1767888040.4686427,
  "process_end_time": 1767888066.3365211,
  "total_elapsed_time_seconds": 25.87,
  "rounds_time_stats": {
    "round_1": 25.86
  }
}