{
  "process_start_time": 1767973270.7920535,
  "process_end_time": 1767973496.139088,
  "total_elapsed_time_seconds": 225.35,
  "rounds_time_stats": {
    "round_1": 29.17,
    "round_2": 33.7,
    "round_3": 41.7,
    "round_4": 45.86,
    "round_5": 39.36,
    "round_6": 35.55
  }
}