{
  "process_start_time": 1767889615.4254508,
  "process_end_time": 1767889746.9065883,
  "total_elapsed_time_seconds": 131.48,
  "rounds_time_stats": {
    "round_1": 28.85,
    "round_2": 26.69,
    "round_3": 43.65,
    "round_4": 32.28
  }
}