{
  "process_start_time": 1767882950.8654225,
  "process_end_time": 1767882978.5286036,
  "total_elapsed_time_seconds": 27.66,
  "rounds_time_stats": {
    "round_1": 27.66
  }
}