{
  "process_start_time": 1767888652.2183168,
  "process_end_time": 1767888676.2921417,
  "total_elapsed_time_seconds": 24.07,
  "rounds_time_stats": {
    "round_1": 10.85,
    "round_2": 13.22
  }
}