{
  "process_start_time": 1767889948.5830772,
  "process_end_time": 1767889958.084749,
  "total_elapsed_time_seconds": 9.5,
  "rounds_time_stats": {
    "round_1": 9.5
  }
}