{
  "process_start_time": 1767969613.011686,
  "process_end_time": 1767969951.6692877,
  "total_elapsed_time_seconds": 338.66,
  "rounds_time_stats": {
    "round_1": 39.59,
    "round_2": 79.57,
    "round_3": 64.91,
    "round_4": 39.82,
    "round_5": 40.25,
    "round_6": 74.52
  }
}