{
  "process_start_time": 1767888829.7282565,
  "process_end_time": 1767888844.4346979,
  "total_elapsed_time_seconds": 14.71,
  "rounds_time_stats": {
    "round_1": 14.7
  }
}