{
  "process_start_time": 1767887562.0943928,
  "process_end_time": 1767887707.1315475,
  "total_elapsed_time_seconds": 145.04,
  "rounds_time_stats": {
    "round_1": 27.67,
    "round_2": 28.46,
    "round_3": 28.84,
    "round_4": 29.85,
    "round_5": 29.46,
    "round_6": 0.75
  }
}