{
  "process_start_time": 1767887946.8004968,
  "process_end_time": 1767888007.2908714,
  "total_elapsed_time_seconds": 60.49,
  "rounds_time_stats": {
    "round_1": 29.15,
    "round_2": 31.15,
    "round_3": 0.19
  }
}