{
  "process_start_time": 1768109506.5885155,
  "process_end_time": 1768109727.097648,
  "total_elapsed_time_seconds": 220.51,
  "rounds_time_stats": {
    "round_1": 47.66,
    "round_2": 33.95,
    "round_3": 42.72,
    "round_4": 33.07,
    "round_5": 31.82,
    "round_6": 31.28
  }
}