{
  "process_start_time": 1767885998.877576,
  "process_end_time": 1767886025.3921494,
  "total_elapsed_time_seconds": 26.51,
  "rounds_time_stats": {
    "round_1": 26.51
  }
}