{
  "process_start_time": 1768117723.7853136,
  "process_end_time": 1768118088.6406486,
  "total_elapsed_time_seconds": 364.86,
  "rounds_time_stats": {
    "round_1": 56.17,
    "round_2": 85.84,
    "round_3": 68.25,
    "round_4": 61.14,
    "round_5": 47.51,
    "round_6": 45.94
  }
}