{
  "process_start_time": 1767687279.136697,
  "process_end_time": 1767687562.1436965,
  "total_elapsed_time_seconds": 283.01,
  "rounds_time_stats": {
    "round_1": 44.44,
    "round_2": 48.81,
    "round_3": 46.02,
    "round_4": 50.27,
    "round_5": 45.75,
    "round_6": 47.71
  }
}