{
  "process_start_time": 1768117146.559587,
  "process_end_time": 1768117411.075839,
  "total_elapsed_time_seconds": 264.52,
  "rounds_time_stats": {
    "round_1": 41.44,
    "round_2": 38.93,
    "round_3": 45.11,
    "round_4": 46.07,
    "round_5": 46.21,
    "round_6": 46.74
  }
}