{
  "process_start_time": 1768748588.9540422,
  "process_end_time": 1768748689.7207065,
  "total_elapsed_time_seconds": 100.77,
  "rounds_time_stats": {
    "round_1": 22.22,
    "round_2": 19.55,
    "round_3": 15.48,
    "round_4": 15.02,
    "round_5": 13.57,
    "round_6": 14.92
  }
}