{
  "process_start_time": 1768116584.2436604,
  "process_end_time": 1768116846.0272505,
  "total_elapsed_time_seconds": 261.78,
  "rounds_time_stats": {
    "round_1": 40.18,
    "round_2": 35.39,
    "round_3": 54.55,
    "round_4": 42.71,
    "round_5": 44.17,
    "round_6": 44.79
  }
}