{
  "process_start_time": 1767682979.3760865,
  "process_end_time": 1767683269.8136773,
  "total_elapsed_time_seconds": 290.44,
  "rounds_time_stats": {
    "round_1": 39.52,
    "round_2": 47.56,
    "round_3": 43.8,
    "round_4": 44.57,
    "round_5": 60.7,
    "round_6": 54.28
  }
}