{
  "process_start_time": 1767885640.7592862,
  "process_end_time": 1767885706.3461835,
  "total_elapsed_time_seconds": 65.59,
  "rounds_time_stats": {
    "round_1": 17.8,
    "round_2": 21.48,
    "round_3": 25.88,
    "round_4": 0.43
  }
}