{
  "process_start_time": 1767889056.946045,
  "process_end_time": 1767889085.843599,
  "total_elapsed_time_seconds": 28.9,
  "rounds_time_stats": {
    "round_1": 28.89
  }
}