{
  "process_start_time": 1767975762.439314,
  "process_end_time": 1767975942.327328,
  "total_elapsed_time_seconds": 179.89,
  "rounds_time_stats": {
    "round_1": 25.52,
    "round_2": 25.2,
    "round_3": 27.42,
    "round_4": 34.12,
    "round_5": 31.86,
    "round_6": 35.77
  }
}