{
  "process_start_time": 1767890477.4787505,
  "process_end_time": 1767890496.335258,
  "total_elapsed_time_seconds": 18.86,
  "rounds_time_stats": {
    "round_1": 18.85
  }
}