{
  "process_start_time": 1767890104.0989435,
  "process_end_time": 1767890132.5073986,
  "total_elapsed_time_seconds": 28.41,
  "rounds_time_stats": {
    "round_1": 28.14,
    "round_2": 0.26
  }
}