{
  "process_start_time": 1767682699.2308166,
  "process_end_time": 1767682979.368446,
  "total_elapsed_time_seconds": 280.14,
  "rounds_time_stats": {
    "round_1": 47.92,
    "round_2": 40.48,
    "round_3": 52.08,
    "round_4": 43.38,
    "round_5": 52.97,
    "round_6": 43.31
  }
}