{
  "process_start_time": 1767888107.7760239,
  "process_end_time": 1767888121.176577,
  "total_elapsed_time_seconds": 13.4,
  "rounds_time_stats": {
    "round_1": 13.4
  }
}