{
  "process_start_time": 1767678073.9470615,
  "process_end_time": 1767678388.7190664,
  "total_elapsed_time_seconds": 314.77,
  "rounds_time_stats": {
    "round_1": 81.79,
    "round_2": 48.46,
    "round_3": 45.05,
    "round_4": 43.45,
    "round_5": 49.35,
    "round_6": 46.66
  }
}