{
  "process_start_time": 1767888275.9937134,
  "process_end_time": 1767888307.2945278,
  "total_elapsed_time_seconds": 31.3,
  "rounds_time_stats": {
    "round_1": 14.72,
    "round_2": 16.58
  }
}