{
  "process_start_time": 1767884593.826541,
  "process_end_time": 1767884651.5972219,
  "total_elapsed_time_seconds": 57.77,
  "rounds_time_stats": {
    "round_1": 25.36,
    "round_2": 32.4
  }
}