{
  "process_start_time": 1767885457.8852582,
  "process_end_time": 1767885642.7365415,
  "total_elapsed_time_seconds": 184.85,
  "rounds_time_stats": {
    "round_1": 35.28,
    "round_2": 22.31,
    "round_3": 40.88,
    "round_4": 35.17,
    "round_5": 24.55,
    "round_6": 26.66
  }
}