{
  "process_start_time": 1767883320.7371943,
  "process_end_time": 1767883340.9050047,
  "total_elapsed_time_seconds": 20.17,
  "rounds_time_stats": {
    "round_1": 20.16
  }
}