{
  "process_start_time": 1767686727.6128302,
  "process_end_time": 1767687046.6251373,
  "total_elapsed_time_seconds": 319.01,
  "rounds_time_stats": {
    "round_1": 92.02,
    "round_2": 46.9,
    "round_3": 46.61,
    "round_4": 46.5,
    "round_5": 40.49,
    "round_6": 46.49
  }
}