{
  "process_start_time": 1768556131.8720322,
  "process_end_time": 1768556174.0329537,
  "total_elapsed_time_seconds": 42.16,
  "rounds_time_stats": {
    "round_1": 42.15
  }
}