{
  "process_start_time": 1767886905.8955948,
  "process_end_time": 1767887098.9139712,
  "total_elapsed_time_seconds": 193.02,
  "rounds_time_stats": {
    "round_1": 24.56,
    "round_2": 32.44,
    "round_3": 54.63,
    "round_4": 30.15,
    "round_5": 21.47,
    "round_6": 29.76
  }
}