{
  "process_start_time": 1768117966.6129282,
  "process_end_time": 1768118164.867429,
  "total_elapsed_time_seconds": 198.25,
  "rounds_time_stats": {
    "round_1": 43.7,
    "round_2": 77.49,
    "round_3": 41.13,
    "round_4": 35.92
  }
}