{
  "process_start_time": 1767687714.0691466,
  "process_end_time": 1767687760.2845314,
  "total_elapsed_time_seconds": 46.22,
  "rounds_time_stats": {
    "round_1": 46.18
  }
}