{
  "process_start_time": 1767887029.8125503,
  "process_end_time": 1767887157.1305516,
  "total_elapsed_time_seconds": 127.32,
  "rounds_time_stats": {
    "round_1": 17.38,
    "round_2": 23.49,
    "round_3": 20.35,
    "round_4": 21.03,
    "round_5": 26.05,
    "round_6": 19.0
  }
}