{
  "process_start_time": 1767888386.5558171,
  "process_end_time": 1767888394.902453,
  "total_elapsed_time_seconds": 8.35,
  "rounds_time_stats": {
    "round_1": 8.34
  }
}