{
  "process_start_time": 1767884347.4935262,
  "process_end_time": 1767884393.0373075,
  "total_elapsed_time_seconds": 45.54,
  "rounds_time_stats": {
    "round_1": 23.07,
    "round_2": 22.47
  }
}