{
  "process_start_time": 1767973270.8065321,
  "process_end_time": 1767973463.1271152,
  "total_elapsed_time_seconds": 192.32,
  "rounds_time_stats": {
    "round_1": 22.63,
    "round_2": 30.16,
    "round_3": 30.77,
    "round_4": 35.85,
    "round_5": 40.84,
    "round_6": 32.06
  }
}