{
  "process_start_time": 1768115655.9029026,
  "process_end_time": 1768115897.6556044,
  "total_elapsed_time_seconds": 241.75,
  "rounds_time_stats": {
    "round_1": 36.83,
    "round_2": 57.94,
    "round_3": 30.04,
    "round_4": 29.5,
    "round_5": 38.24,
    "round_6": 49.19
  }
}