{
  "process_start_time": 1767884061.617326,
  "process_end_time": 1767884108.4712424,
  "total_elapsed_time_seconds": 46.85,
  "rounds_time_stats": {
    "round_1": 19.33,
    "round_2": 27.51
  }
}