{
  "process_start_time": 1767689134.5132182,
  "process_end_time": 1767689173.9677353,
  "total_elapsed_time_seconds": 39.45,
  "rounds_time_stats": {
    "round_1": 39.38
  }
}