{
  "process_start_time": 1767885809.6150293,
  "process_end_time": 1767885827.5633342,
  "total_elapsed_time_seconds": 17.95,
  "rounds_time_stats": {
    "round_1": 17.94
  }
}