{
  "process_start_time": 1767684881.4460423,
  "process_end_time": 1767685179.0446658,
  "total_elapsed_time_seconds": 297.6,
  "rounds_time_stats": {
    "round_1": 46.43,
    "round_2": 47.18,
    "round_3": 59.01,
    "round_4": 63.33,
    "round_5": 45.57,
    "round_6": 36.08
  }
}