{
  "process_start_time": 1768114723.2639918,
  "process_end_time": 1768114955.594884,
  "total_elapsed_time_seconds": 232.33,
  "rounds_time_stats": {
    "round_1": 40.23,
    "round_2": 33.63,
    "round_3": 28.57,
    "round_4": 48.25,
    "round_5": 38.05,
    "round_6": 43.61
  }
}