{
  "process_start_time": 1767976341.1689365,
  "process_end_time": 1767976517.2393682,
  "total_elapsed_time_seconds": 176.07,
  "rounds_time_stats": {
    "round_1": 28.81,
    "round_2": 30.44,
    "round_3": 28.9,
    "round_4": 29.82,
    "round_5": 29.59,
    "round_6": 28.52
  }
}