{
  "process_start_time": 1767889270.6105406,
  "process_end_time": 1767889328.8955417,
  "total_elapsed_time_seconds": 58.29,
  "rounds_time_stats": {
    "round_1": 16.2,
    "round_2": 19.52,
    "round_3": 22.55
  }
}