{
  "process_start_time": 1767887591.790879,
  "process_end_time": 1767887857.2605963,
  "total_elapsed_time_seconds": 265.47,
  "rounds_time_stats": {
    "round_1": 34.54,
    "round_2": 61.11,
    "round_3": 56.09,
    "round_4": 32.24,
    "round_5": 43.19,
    "round_6": 38.29
  }
}