{
  "process_start_time": 1767888067.617422,
  "process_end_time": 1767888081.7150288,
  "total_elapsed_time_seconds": 14.1,
  "rounds_time_stats": {
    "round_1": 14.1
  }
}