{
  "process_start_time": 1767677116.3361802,
  "process_end_time": 1767677371.1113243,
  "total_elapsed_time_seconds": 254.78,
  "rounds_time_stats": {
    "round_1": 45.93,
    "round_2": 46.77,
    "round_3": 45.3,
    "round_4": 40.49,
    "round_5": 33.15,
    "round_6": 43.13
  }
}