{
  "process_start_time": 1767890515.0076706,
  "process_end_time": 1767890543.3624609,
  "total_elapsed_time_seconds": 28.35,
  "rounds_time_stats": {
    "round_1": 28.35
  }
}