{
  "process_start_time": 1767889748.406211,
  "process_end_time": 1767889764.5700936,
  "total_elapsed_time_seconds": 16.16,
  "rounds_time_stats": {
    "round_1": 16.16
  }
}