{
  "process_start_time": 1767979027.6181128,
  "process_end_time": 1767979219.586547,
  "total_elapsed_time_seconds": 191.97,
  "rounds_time_stats": {
    "round_1": 25.01,
    "round_2": 33.03,
    "round_3": 40.15,
    "round_4": 32.29,
    "round_5": 30.74,
    "round_6": 30.76
  }
}