{
  "process_start_time": 1767884138.1881442,
  "process_end_time": 1767884190.7280576,
  "total_elapsed_time_seconds": 52.54,
  "rounds_time_stats": {
    "round_1": 26.59,
    "round_2": 25.95
  }
}