{
  "process_start_time": 1767971363.695159,
  "process_end_time": 1767973103.9040759,
  "total_elapsed_time_seconds": 1740.21,
  "rounds_time_stats": {
    "round_1": 109.5,
    "round_2": 1547.7,
    "round_3": 25.61,
    "round_4": 21.54,
    "round_5": 17.03,
    "round_6": 18.82
  }
}