{
  "process_start_time": 1768555605.4536264,
  "process_end_time": 1768555772.2820163,
  "total_elapsed_time_seconds": 166.83,
  "rounds_time_stats": {
    "round_1": 22.08,
    "round_2": 30.81,
    "round_3": 29.32,
    "round_4": 27.68,
    "round_5": 28.4,
    "round_6": 28.53
  }
}