{
  "process_start_time": 1767664926.1106699,
  "process_end_time": 1767665198.7157235,
  "total_elapsed_time_seconds": 272.61,
  "rounds_time_stats": {
    "round_1": 41.57,
    "round_2": 46.23,
    "round_3": 44.96,
    "round_4": 48.55,
    "round_5": 46.63,
    "round_6": 44.66
  }
}