{
  "process_start_time": 1768109417.5357475,
  "process_end_time": 1768109678.6972919,
  "total_elapsed_time_seconds": 261.16,
  "rounds_time_stats": {
    "round_1": 38.74,
    "round_2": 58.02,
    "round_3": 31.94,
    "round_4": 59.82,
    "round_5": 43.43,
    "round_6": 29.21
  }
}