{
  "process_start_time": 1767890215.214071,
  "process_end_time": 1767890225.532371,
  "total_elapsed_time_seconds": 10.32,
  "rounds_time_stats": {
    "round_1": 10.31
  }
}