{
  "process_start_time": 1767676573.8687136,
  "process_end_time": 1767676859.313958,
  "total_elapsed_time_seconds": 285.45,
  "rounds_time_stats": {
    "round_1": 40.1,
    "round_2": 62.89,
    "round_3": 45.03,
    "round_4": 45.31,
    "round_5": 44.61,
    "round_6": 47.49
  }
}