{
  "process_start_time": 1767883506.0348704,
  "process_end_time": 1767883565.1486113,
  "total_elapsed_time_seconds": 59.11,
  "rounds_time_stats": {
    "round_1": 59.08
  }
}