{
  "process_start_time": 1767664926.1275783,
  "process_end_time": 1767665200.6646695,
  "total_elapsed_time_seconds": 274.54,
  "rounds_time_stats": {
    "round_1": 41.75,
    "round_2": 45.44,
    "round_3": 44.74,
    "round_4": 49.38,
    "round_5": 48.47,
    "round_6": 44.76
  }
}