{
  "process_start_time": 1767889417.5435874,
  "process_end_time": 1767889467.7426383,
  "total_elapsed_time_seconds": 50.2,
  "rounds_time_stats": {
    "round_1": 10.77,
    "round_2": 9.99,
    "round_3": 7.76,
    "round_4": 6.62,
    "round_5": 8.65,
    "round_6": 6.4
  }
}