{
  "process_start_time": 1767888100.8429973,
  "process_end_time": 1767888131.6642332,
  "total_elapsed_time_seconds": 30.82,
  "rounds_time_stats": {
    "round_1": 16.12,
    "round_2": 14.69
  }
}