{
  "process_start_time": 1767887454.0515046,
  "process_end_time": 1767887480.1906374,
  "total_elapsed_time_seconds": 26.14,
  "rounds_time_stats": {
    "round_1": 26.13
  }
}