{
  "process_start_time": 1767680424.942121,
  "process_end_time": 1767680637.2003937,
  "total_elapsed_time_seconds": 212.26,
  "rounds_time_stats": {
    "round_1": 36.06,
    "round_2": 30.7,
    "round_3": 31.66,
    "round_4": 46.48,
    "round_5": 30.23,
    "round_6": 37.13
  }
}