{
  "process_start_time": 1767688493.4984229,
  "process_end_time": 1767688790.3770394,
  "total_elapsed_time_seconds": 296.88,
  "rounds_time_stats": {
    "round_1": 48.05,
    "round_2": 49.22,
    "round_3": 45.0,
    "round_4": 56.56,
    "round_5": 47.98,
    "round_6": 50.07
  }
}