{
  "process_start_time": 1767889497.7727885,
  "process_end_time": 1767889508.0314574,
  "total_elapsed_time_seconds": 10.26,
  "rounds_time_stats": {
    "round_1": 10.26
  }
}