{
  "process_start_time": 1767682370.3179467,
  "process_end_time": 1767682653.7372198,
  "total_elapsed_time_seconds": 283.42,
  "rounds_time_stats": {
    "round_1": 85.32,
    "round_2": 41.23,
    "round_3": 35.74,
    "round_4": 46.36,
    "round_5": 41.8,
    "round_6": 32.97
  }
}