{
  "process_start_time": 1767683200.8745327,
  "process_end_time": 1767683500.9660625,
  "total_elapsed_time_seconds": 300.09,
  "rounds_time_stats": {
    "round_1": 49.53,
    "round_2": 62.95,
    "round_3": 47.36,
    "round_4": 49.45,
    "round_5": 43.67,
    "round_6": 47.14
  }
}