{
  "process_start_time": 1767678399.4136665,
  "process_end_time": 1767678638.3420768,
  "total_elapsed_time_seconds": 238.93,
  "rounds_time_stats": {
    "round_1": 41.03,
    "round_2": 31.15,
    "round_3": 31.88,
    "round_4": 45.14,
    "round_5": 59.0,
    "round_6": 30.73
  }
}