{
  "process_start_time": 1767890261.3460302,
  "process_end_time": 1767890364.8904326,
  "total_elapsed_time_seconds": 103.54,
  "rounds_time_stats": {
    "round_1": 19.57,
    "round_2": 19.82,
    "round_3": 16.48,
    "round_4": 15.41,
    "round_5": 16.2,
    "round_6": 16.06
  }
}