{
  "process_start_time": 1768117745.2321918,
  "process_end_time": 1768118028.861367,
  "total_elapsed_time_seconds": 283.63,
  "rounds_time_stats": {
    "round_1": 48.83,
    "round_2": 43.46,
    "round_3": 45.56,
    "round_4": 49.36,
    "round_5": 49.94,
    "round_6": 46.48
  }
}