{
  "process_start_time": 1767886656.1072505,
  "process_end_time": 1767886699.3167427,
  "total_elapsed_time_seconds": 43.21,
  "rounds_time_stats": {
    "round_1": 18.15,
    "round_2": 25.05
  }
}