{
  "process_start_time": 1767884447.5715709,
  "process_end_time": 1767884475.9147785,
  "total_elapsed_time_seconds": 28.34,
  "rounds_time_stats": {
    "round_1": 28.33
  }
}