{
  "process_start_time": 1768550195.2485042,
  "process_end_time": 1768550388.6200483,
  "total_elapsed_time_seconds": 193.37,
  "rounds_time_stats": {
    "round_1": 39.15,
    "round_2": 38.63,
    "round_3": 28.74,
    "round_4": 29.62,
    "round_5": 29.34,
    "round_6": 27.89
  }
}