{
  "process_start_time": 1767677116.9970996,
  "process_end_time": 1767677383.6805289,
  "total_elapsed_time_seconds": 266.68,
  "rounds_time_stats": {
    "round_1": 44.45,
    "round_2": 47.35,
    "round_3": 44.26,
    "round_4": 43.23,
    "round_5": 43.16,
    "round_6": 44.23
  }
}