{
  "process_start_time": 1767889803.9923756,
  "process_end_time": 1767889842.2871783,
  "total_elapsed_time_seconds": 38.29,
  "rounds_time_stats": {
    "round_1": 19.01,
    "round_2": 19.28
  }
}