{
  "process_start_time": 1767685517.036624,
  "process_end_time": 1767685807.6140945,
  "total_elapsed_time_seconds": 290.58,
  "rounds_time_stats": {
    "round_1": 44.43,
    "round_2": 42.27,
    "round_3": 43.66,
    "round_4": 48.72,
    "round_5": 65.25,
    "round_6": 46.25
  }
}