{
  "process_start_time": 1767884322.143593,
  "process_end_time": 1767884344.8643792,
  "total_elapsed_time_seconds": 22.72,
  "rounds_time_stats": {
    "round_1": 22.7
  }
}