{
  "process_start_time": 1767675475.9729557,
  "process_end_time": 1767675702.6291993,
  "total_elapsed_time_seconds": 226.66,
  "rounds_time_stats": {
    "round_1": 63.69,
    "round_2": 36.95,
    "round_3": 28.71,
    "round_4": 40.87,
    "round_5": 27.38,
    "round_6": 29.06
  }
}