{
  "process_start_time": 1767688058.367852,
  "process_end_time": 1767688372.1724305,
  "total_elapsed_time_seconds": 313.8,
  "rounds_time_stats": {
    "round_1": 43.78,
    "round_2": 52.28,
    "round_3": 64.53,
    "round_4": 60.82,
    "round_5": 42.2,
    "round_6": 50.18
  }
}