{
  "process_start_time": 1768116168.6968822,
  "process_end_time": 1768116474.0271313,
  "total_elapsed_time_seconds": 305.33,
  "rounds_time_stats": {
    "round_1": 48.34,
    "round_2": 46.61,
    "round_3": 77.4,
    "round_4": 40.59,
    "round_5": 48.32,
    "round_6": 44.08
  }
}