{
  "process_start_time": 1767885995.4680562,
  "process_end_time": 1767886061.7935705,
  "total_elapsed_time_seconds": 66.33,
  "rounds_time_stats": {
    "round_1": 28.86,
    "round_2": 37.13,
    "round_3": 0.34
  }
}