{
  "process_start_time": 1767884689.9071054,
  "process_end_time": 1767884728.3417187,
  "total_elapsed_time_seconds": 38.43,
  "rounds_time_stats": {
    "round_1": 38.41
  }
}