{
  "process_start_time": 1767888376.420319,
  "process_end_time": 1767888403.1639304,
  "total_elapsed_time_seconds": 26.74,
  "rounds_time_stats": {
    "round_1": 13.81,
    "round_2": 12.93
  }
}