{
  "process_start_time": 1767888715.332288,
  "process_end_time": 1767888728.0361905,
  "total_elapsed_time_seconds": 12.7,
  "rounds_time_stats": {
    "round_1": 12.7
  }
}