{
  "process_start_time": 1767887097.2277744,
  "process_end_time": 1767887227.857957,
  "total_elapsed_time_seconds": 130.63,
  "rounds_time_stats": {
    "round_1": 17.09,
    "round_2": 19.17,
    "round_3": 22.14,
    "round_4": 27.96,
    "round_5": 19.23,
    "round_6": 25.02
  }
}