{
  "process_start_time": 1767976628.9309707,
  "process_end_time": 1767976860.6839266,
  "total_elapsed_time_seconds": 231.75,
  "rounds_time_stats": {
    "round_1": 38.42,
    "round_2": 42.49,
    "round_3": 31.48,
    "round_4": 36.76,
    "round_5": 40.28,
    "round_6": 42.32
  }
}