{
  "process_start_time": 1767849999.4837873,
  "process_end_time": 1767850157.6902485,
  "total_elapsed_time_seconds": 158.21,
  "rounds_time_stats": {
    "round_1": 27.96,
    "round_2": 22.36,
    "round_3": 21.4,
    "round_4": 28.1,
    "round_5": 28.45,
    "round_6": 29.94
  }
}