{
  "process_start_time": 1767887922.4584615,
  "process_end_time": 1767887946.2457619,
  "total_elapsed_time_seconds": 23.79,
  "rounds_time_stats": {
    "round_1": 23.78
  }
}