{
  "process_start_time": 1768550152.542587,
  "process_end_time": 1768550415.4159667,
  "total_elapsed_time_seconds": 262.87,
  "rounds_time_stats": {
    "round_1": 41.69,
    "round_2": 43.23,
    "round_3": 41.07,
    "round_4": 43.25,
    "round_5": 47.83,
    "round_6": 45.8
  }
}