{
  "process_start_time": 1768116959.4911501,
  "process_end_time": 1768117242.6482751,
  "total_elapsed_time_seconds": 283.16,
  "rounds_time_stats": {
    "round_1": 54.22,
    "round_2": 49.14,
    "round_3": 35.1,
    "round_4": 48.4,
    "round_5": 49.06,
    "round_6": 47.24
  }
}