{
  "process_start_time": 1767890221.8567533,
  "process_end_time": 1767890278.2187877,
  "total_elapsed_time_seconds": 56.36,
  "rounds_time_stats": {
    "round_1": 11.06,
    "round_2": 12.33,
    "round_3": 17.21,
    "round_4": 15.74
  }
}