{
  "process_start_time": 1767887295.0958605,
  "process_end_time": 1767887372.227647,
  "total_elapsed_time_seconds": 77.13,
  "rounds_time_stats": {
    "round_1": 77.13
  }
}