{
  "process_start_time": 1768555849.614991,
  "process_end_time": 1768556023.2305744,
  "total_elapsed_time_seconds": 173.62,
  "rounds_time_stats": {
    "round_1": 30.36,
    "round_2": 28.6,
    "round_3": 30.89,
    "round_4": 27.72,
    "round_5": 28.03,
    "round_6": 28.01
  }
}