{
  "process_start_time": 1767890220.4210036,
  "process_end_time": 1767890242.8124866,
  "total_elapsed_time_seconds": 22.39,
  "rounds_time_stats": {
    "round_1": 9.71,
    "round_2": 12.54,
    "round_3": 0.14
  }
}