{
  "process_start_time": 1767888365.0383692,
  "process_end_time": 1767888384.2737408,
  "total_elapsed_time_seconds": 19.24,
  "rounds_time_stats": {
    "round_1": 19.23
  }
}