{
  "process_start_time": 1767885934.7358212,
  "process_end_time": 1767886106.305495,
  "total_elapsed_time_seconds": 171.57,
  "rounds_time_stats": {
    "round_1": 20.23,
    "round_2": 21.28,
    "round_3": 23.15,
    "round_4": 21.57,
    "round_5": 58.98,
    "round_6": 26.36
  }
}