{
  "process_start_time": 1767677177.948653,
  "process_end_time": 1767677472.7524238,
  "total_elapsed_time_seconds": 294.8,
  "rounds_time_stats": {
    "round_1": 35.8,
    "round_2": 55.54,
    "round_3": 56.73,
    "round_4": 46.02,
    "round_5": 60.39,
    "round_6": 40.32
  }
}