{
  "process_start_time": 1767885818.5495498,
  "process_end_time": 1767885908.3829136,
  "total_elapsed_time_seconds": 89.83,
  "rounds_time_stats": {
    "round_1": 22.15,
    "round_2": 22.79,
    "round_3": 22.45,
    "round_4": 22.43
  }
}