{
  "process_start_time": 1767969222.4666638,
  "process_end_time": 1767969546.5601075,
  "total_elapsed_time_seconds": 324.09,
  "rounds_time_stats": {
    "round_1": 28.08,
    "round_2": 34.53,
    "round_3": 73.18,
    "round_4": 60.18,
    "round_5": 65.99,
    "round_6": 62.13
  }
}