{
  "process_start_time": 1767976166.8810627,
  "process_end_time": 1767976348.4885695,
  "total_elapsed_time_seconds": 181.61,
  "rounds_time_stats": {
    "round_1": 32.2,
    "round_2": 28.51,
    "round_3": 32.02,
    "round_4": 32.16,
    "round_5": 27.43,
    "round_6": 29.29
  }
}