{
  "process_start_time": 1767687030.8438206,
  "process_end_time": 1767687310.9409838,
  "total_elapsed_time_seconds": 280.1,
  "rounds_time_stats": {
    "round_1": 41.02,
    "round_2": 54.24,
    "round_3": 45.11,
    "round_4": 46.04,
    "round_5": 44.31,
    "round_6": 49.38
  }
}