{
  "process_start_time": 1768551235.0749407,
  "process_end_time": 1768551387.1291127,
  "total_elapsed_time_seconds": 152.05,
  "rounds_time_stats": {
    "round_1": 20.18,
    "round_2": 29.53,
    "round_3": 28.73,
    "round_4": 28.6,
    "round_5": 20.04,
    "round_6": 24.97
  }
}