{
  "process_start_time": 1768117271.8746834,
  "process_end_time": 1768117525.8193736,
  "total_elapsed_time_seconds": 253.94,
  "rounds_time_stats": {
    "round_1": 45.38,
    "round_2": 45.5,
    "round_3": 46.19,
    "round_4": 32.98,
    "round_5": 32.53,
    "round_6": 51.37
  }
}