{
  "process_start_time": 1767888795.926486,
  "process_end_time": 1767888812.6608617,
  "total_elapsed_time_seconds": 16.73,
  "rounds_time_stats": {
    "round_1": 16.73
  }
}