{
  "process_start_time": 1767886225.4643273,
  "process_end_time": 1767886244.9682631,
  "total_elapsed_time_seconds": 19.5,
  "rounds_time_stats": {
    "round_1": 19.49
  }
}