{
  "process_start_time": 1767977851.778608,
  "process_end_time": 1767978022.5530987,
  "total_elapsed_time_seconds": 170.77,
  "rounds_time_stats": {
    "round_1": 30.66,
    "round_2": 29.54,
    "round_3": 31.71,
    "round_4": 32.01,
    "round_5": 28.19,
    "round_6": 18.66
  }
}