{
  "process_start_time": 1767888936.7576153,
  "process_end_time": 1767888953.137251,
  "total_elapsed_time_seconds": 16.38,
  "rounds_time_stats": {
    "round_1": 16.38
  }
}