{
  "process_start_time": 1767889371.9337275,
  "process_end_time": 1767889413.2269988,
  "total_elapsed_time_seconds": 41.29,
  "rounds_time_stats": {
    "round_1": 19.35,
    "round_2": 21.94
  }
}