{
  "process_start_time": 1767882905.796485,
  "process_end_time": 1767882925.9019978,
  "total_elapsed_time_seconds": 20.11,
  "rounds_time_stats": {
    "round_1": 20.1
  }
}