{
  "process_start_time": 1767682370.33209,
  "process_end_time": 1767682515.5433264,
  "total_elapsed_time_seconds": 145.21,
  "rounds_time_stats": {
    "round_1": 83.08,
    "round_2": 62.1
  }
}