{
  "process_start_time": 1767973664.118839,
  "process_end_time": 1767973862.2635176,
  "total_elapsed_time_seconds": 198.14,
  "rounds_time_stats": {
    "round_1": 38.83,
    "round_2": 30.19,
    "round_3": 26.87,
    "round_4": 56.84,
    "round_5": 24.22,
    "round_6": 21.19
  }
}