{
  "process_start_time": 1768551416.9461915,
  "process_end_time": 1768551572.2435403,
  "total_elapsed_time_seconds": 155.3,
  "rounds_time_stats": {
    "round_1": 28.64,
    "round_2": 30.8,
    "round_3": 26.14,
    "round_4": 22.3,
    "round_5": 27.03,
    "round_6": 20.39
  }
}