{
  "process_start_time": 1768115739.0227873,
  "process_end_time": 1768116012.6014018,
  "total_elapsed_time_seconds": 273.58,
  "rounds_time_stats": {
    "round_1": 41.31,
    "round_2": 36.01,
    "round_3": 60.99,
    "round_4": 35.36,
    "round_5": 50.58,
    "round_6": 49.32
  }
}