{
  "process_start_time": 1767889173.5191967,
  "process_end_time": 1767889376.7432592,
  "total_elapsed_time_seconds": 203.22,
  "rounds_time_stats": {
    "round_1": 22.99,
    "round_2": 32.5,
    "round_3": 46.06,
    "round_4": 30.79,
    "round_5": 41.63,
    "round_6": 29.26
  }
}