{
  "process_start_time": 1768555213.1446974,
  "process_end_time": 1768555382.3340626,
  "total_elapsed_time_seconds": 169.19,
  "rounds_time_stats": {
    "round_1": 30.05,
    "round_2": 28.23,
    "round_3": 27.94,
    "round_4": 27.81,
    "round_5": 29.11,
    "round_6": 26.04
  }
}