{
  "process_start_time": 1767890296.8149755,
  "process_end_time": 1767890321.2645252,
  "total_elapsed_time_seconds": 24.45,
  "rounds_time_stats": {
    "round_1": 9.26,
    "round_2": 15.18
  }
}