{
  "process_start_time": 1767970265.873962,
  "process_end_time": 1767970634.1908076,
  "total_elapsed_time_seconds": 368.32,
  "rounds_time_stats": {
    "round_1": 48.83,
    "round_2": 60.11,
    "round_3": 39.41,
    "round_4": 87.51,
    "round_5": 42.71,
    "round_6": 89.76
  }
}