{
  "process_start_time": 1767889049.8692975,
  "process_end_time": 1767889060.520207,
  "total_elapsed_time_seconds": 10.65,
  "rounds_time_stats": {
    "round_1": 10.65
  }
}