{
  "process_start_time": 1767888532.2069712,
  "process_end_time": 1767888543.3557794,
  "total_elapsed_time_seconds": 11.15,
  "rounds_time_stats": {
    "round_1": 11.14
  }
}