{
  "process_start_time": 1767884825.023058,
  "process_end_time": 1767884878.1413078,
  "total_elapsed_time_seconds": 53.12,
  "rounds_time_stats": {
    "round_1": 26.58,
    "round_2": 26.53
  }
}