{
  "process_start_time": 1767883919.1592624,
  "process_end_time": 1767884010.4357746,
  "total_elapsed_time_seconds": 91.28,
  "rounds_time_stats": {
    "round_1": 14.17,
    "round_2": 16.67,
    "round_3": 15.03,
    "round_4": 17.27,
    "round_5": 13.34,
    "round_6": 14.79
  }
}