{
  "process_start_time": 1767883248.8032753,
  "process_end_time": 1767883281.0586975,
  "total_elapsed_time_seconds": 32.26,
  "rounds_time_stats": {
    "round_1": 32.25
  }
}