{
  "process_start_time": 1768114487.0030816,
  "process_end_time": 1768114699.9934864,
  "total_elapsed_time_seconds": 212.99,
  "rounds_time_stats": {
    "round_1": 26.65,
    "round_2": 29.24,
    "round_3": 38.65,
    "round_4": 47.74,
    "round_5": 32.34,
    "round_6": 38.36
  }
}