{
  "process_start_time": 1767888377.3253074,
  "process_end_time": 1767888388.4040468,
  "total_elapsed_time_seconds": 11.08,
  "rounds_time_stats": {
    "round_1": 11.08
  }
}