{
  "process_start_time": 1767977647.1492186,
  "process_end_time": 1767977830.9461155,
  "total_elapsed_time_seconds": 183.8,
  "rounds_time_stats": {
    "round_1": 27.57,
    "round_2": 30.59,
    "round_3": 31.86,
    "round_4": 31.94,
    "round_5": 33.73,
    "round_6": 28.1
  }
}