{
  "process_start_time": 1768108012.6446488,
  "process_end_time": 1768108269.8316047,
  "total_elapsed_time_seconds": 257.19,
  "rounds_time_stats": {
    "round_1": 28.06,
    "round_2": 44.14,
    "round_3": 48.47,
    "round_4": 47.23,
    "round_5": 45.82,
    "round_6": 43.47
  }
}