{
  "process_start_time": 1767889629.139015,
  "process_end_time": 1767889656.6335032,
  "total_elapsed_time_seconds": 27.49,
  "rounds_time_stats": {
    "round_1": 16.11,
    "round_2": 11.24,
    "round_3": 0.15
  }
}