{
  "process_start_time": 1767890319.8932323,
  "process_end_time": 1767890343.7978554,
  "total_elapsed_time_seconds": 23.9,
  "rounds_time_stats": {
    "round_1": 23.9
  }
}