{
  "process_start_time": 1767978334.7302496,
  "process_end_time": 1767978509.3774104,
  "total_elapsed_time_seconds": 174.65,
  "rounds_time_stats": {
    "round_1": 22.62,
    "round_2": 28.45,
    "round_3": 32.73,
    "round_4": 33.04,
    "round_5": 27.78,
    "round_6": 30.03
  }
}