{
  "process_start_time": 1767884301.9637315,
  "process_end_time": 1767884325.9634793,
  "total_elapsed_time_seconds": 24.0,
  "rounds_time_stats": {
    "round_1": 24.0
  }
}