{
  "process_start_time": 1767685032.1018426,
  "process_end_time": 1767685317.885618,
  "total_elapsed_time_seconds": 285.78,
  "rounds_time_stats": {
    "round_1": 44.68,
    "round_2": 53.62,
    "round_3": 48.7,
    "round_4": 48.13,
    "round_5": 42.66,
    "round_6": 47.99
  }
}