{
  "process_start_time": 1767887197.3330977,
  "process_end_time": 1767887226.2961638,
  "total_elapsed_time_seconds": 28.96,
  "rounds_time_stats": {
    "round_1": 28.95
  }
}