{
  "process_start_time": 1767889116.9187396,
  "process_end_time": 1767889124.0705445,
  "total_elapsed_time_seconds": 7.15,
  "rounds_time_stats": {
    "round_1": 7.15
  }
}