{
  "process_start_time": 1768116138.9407866,
  "process_end_time": 1768116427.5731056,
  "total_elapsed_time_seconds": 288.63,
  "rounds_time_stats": {
    "round_1": 46.25,
    "round_2": 46.0,
    "round_3": 39.29,
    "round_4": 71.91,
    "round_5": 39.35,
    "round_6": 45.83
  }
}