{
  "process_start_time": 1767888067.1333535,
  "process_end_time": 1767888076.0465147,
  "total_elapsed_time_seconds": 8.91,
  "rounds_time_stats": {
    "round_1": 8.91
  }
}