{
  "process_start_time": 1767888043.4519277,
  "process_end_time": 1767888095.8199763,
  "total_elapsed_time_seconds": 52.37,
  "rounds_time_stats": {
    "round_1": 26.2,
    "round_2": 26.17
  }
}