{
  "process_start_time": 1767685663.0415664,
  "process_end_time": 1767685936.954926,
  "total_elapsed_time_seconds": 273.91,
  "rounds_time_stats": {
    "round_1": 49.26,
    "round_2": 51.1,
    "round_3": 41.25,
    "round_4": 44.83,
    "round_5": 42.64,
    "round_6": 44.83
  }
}