{
  "process_start_time": 1767886550.8351543,
  "process_end_time": 1767886724.6389263,
  "total_elapsed_time_seconds": 173.8,
  "rounds_time_stats": {
    "round_1": 16.86,
    "round_2": 26.95,
    "round_3": 28.21,
    "round_4": 34.63,
    "round_5": 37.18,
    "round_6": 29.96
  }
}