{
  "process_start_time": 1767680295.7845242,
  "process_end_time": 1767680556.9859273,
  "total_elapsed_time_seconds": 261.2,
  "rounds_time_stats": {
    "round_1": 42.0,
    "round_2": 43.81,
    "round_3": 41.39,
    "round_4": 42.74,
    "round_5": 48.19,
    "round_6": 43.08
  }
}