{
  "process_start_time": 1767977458.8017886,
  "process_end_time": 1767977636.2523358,
  "total_elapsed_time_seconds": 177.45,
  "rounds_time_stats": {
    "round_1": 30.49,
    "round_2": 22.27,
    "round_3": 30.98,
    "round_4": 31.06,
    "round_5": 31.31,
    "round_6": 31.33
  }
}