{
  "process_start_time": 1768117051.771089,
  "process_end_time": 1768117375.788894,
  "total_elapsed_time_seconds": 324.02,
  "rounds_time_stats": {
    "round_1": 55.73,
    "round_2": 38.24,
    "round_3": 49.61,
    "round_4": 47.2,
    "round_5": 41.73,
    "round_6": 91.51
  }
}