{
  "process_start_time": 1767691490.1354063,
  "process_end_time": 1767691770.4532926,
  "total_elapsed_time_seconds": 280.32,
  "rounds_time_stats": {
    "round_1": 45.93,
    "round_2": 45.42,
    "round_3": 50.45,
    "round_4": 49.5,
    "round_5": 45.0,
    "round_6": 44.01
  }
}