{
  "process_start_time": 1767888605.562429,
  "process_end_time": 1767888634.1540923,
  "total_elapsed_time_seconds": 28.59,
  "rounds_time_stats": {
    "round_1": 28.59
  }
}