{
  "process_start_time": 1767890020.5208988,
  "process_end_time": 1767890041.9745843,
  "total_elapsed_time_seconds": 21.45,
  "rounds_time_stats": {
    "round_1": 21.45
  }
}