{
  "process_start_time": 1767970487.6115665,
  "process_end_time": 1767971140.775195,
  "total_elapsed_time_seconds": 653.16,
  "rounds_time_stats": {
    "round_1": 37.44,
    "round_2": 99.48,
    "round_3": 69.13,
    "round_4": 123.12,
    "round_5": 173.6,
    "round_6": 150.39
  }
}