{
  "process_start_time": 1767678388.0644953,
  "process_end_time": 1767678658.8973188,
  "total_elapsed_time_seconds": 270.83,
  "rounds_time_stats": {
    "round_1": 42.36,
    "round_2": 41.17,
    "round_3": 45.9,
    "round_4": 45.28,
    "round_5": 47.18,
    "round_6": 48.94
  }
}