{
  "process_start_time": 1768107778.4760633,
  "process_end_time": 1768108030.9998934,
  "total_elapsed_time_seconds": 252.52,
  "rounds_time_stats": {
    "round_1": 35.93,
    "round_2": 38.25,
    "round_3": 45.04,
    "round_4": 46.34,
    "round_5": 42.64,
    "round_6": 44.32
  }
}