{
  "process_start_time": 1767888744.6597276,
  "process_end_time": 1767888765.6675496,
  "total_elapsed_time_seconds": 21.01,
  "rounds_time_stats": {
    "round_1": 21.0
  }
}