{
  "process_start_time": 1768550503.605151,
  "process_end_time": 1768550776.951886,
  "total_elapsed_time_seconds": 273.35,
  "rounds_time_stats": {
    "round_1": 34.21,
    "round_2": 62.11,
    "round_3": 43.25,
    "round_4": 43.97,
    "round_5": 45.39,
    "round_6": 44.41
  }
}