{
  "process_start_time": 1767977862.6358378,
  "process_end_time": 1767978028.8234255,
  "total_elapsed_time_seconds": 166.19,
  "rounds_time_stats": {
    "round_1": 29.2,
    "round_2": 31.32,
    "round_3": 30.9,
    "round_4": 30.96,
    "round_5": 26.91,
    "round_6": 16.9
  }
}