{
  "process_start_time": 1767888533.3982885,
  "process_end_time": 1767888543.4892457,
  "total_elapsed_time_seconds": 10.09,
  "rounds_time_stats": {
    "round_1": 10.09
  }
}