{
  "process_start_time": 1767888251.6397674,
  "process_end_time": 1767888266.0094543,
  "total_elapsed_time_seconds": 14.37,
  "rounds_time_stats": {
    "round_1": 14.37
  }
}