{
  "process_start_time": 1767684833.7129657,
  "process_end_time": 1767685114.7899644,
  "total_elapsed_time_seconds": 281.08,
  "rounds_time_stats": {
    "round_1": 48.91,
    "round_2": 45.33,
    "round_3": 47.85,
    "round_4": 42.75,
    "round_5": 47.13,
    "round_6": 49.1
  }
}