{
  "process_start_time": 1767886082.3462324,
  "process_end_time": 1767886144.956167,
  "total_elapsed_time_seconds": 62.61,
  "rounds_time_stats": {
    "round_1": 62.59
  }
}