{
  "process_start_time": 1767687046.3818111,
  "process_end_time": 1767687324.124046,
  "total_elapsed_time_seconds": 277.74,
  "rounds_time_stats": {
    "round_1": 42.0,
    "round_2": 55.98,
    "round_3": 42.93,
    "round_4": 46.49,
    "round_5": 47.24,
    "round_6": 43.09
  }
}