{
  "process_start_time": 1768109548.30535,
  "process_end_time": 1768109795.6014068,
  "total_elapsed_time_seconds": 247.3,
  "rounds_time_stats": {
    "round_1": 46.76,
    "round_2": 43.63,
    "round_3": 49.64,
    "round_4": 45.17,
    "round_5": 35.54,
    "round_6": 26.55
  }
}