{
  "process_start_time": 1767884238.7978125,
  "process_end_time": 1767884259.3045595,
  "total_elapsed_time_seconds": 20.51,
  "rounds_time_stats": {
    "round_1": 20.5
  }
}