{
  "process_start_time": 1767890889.6470225,
  "process_end_time": 1767891024.0045629,
  "total_elapsed_time_seconds": 134.36,
  "rounds_time_stats": {
    "round_1": 30.76,
    "round_2": 25.45,
    "round_3": 22.42,
    "round_4": 19.36,
    "round_5": 19.37,
    "round_6": 16.99
  }
}