{
  "process_start_time": 1767889417.45707,
  "process_end_time": 1767889431.376399,
  "total_elapsed_time_seconds": 13.92,
  "rounds_time_stats": {
    "round_1": 13.92
  }
}