{
  "process_start_time": 1767890114.91442,
  "process_end_time": 1767890132.6118145,
  "total_elapsed_time_seconds": 17.7,
  "rounds_time_stats": {
    "round_1": 17.69
  }
}