{
  "process_start_time": 1767888069.3023052,
  "process_end_time": 1767888083.9904761,
  "total_elapsed_time_seconds": 14.69,
  "rounds_time_stats": {
    "round_1": 14.68
  }
}