{
  "process_start_time": 1767687862.159092,
  "process_end_time": 1767688146.4427772,
  "total_elapsed_time_seconds": 284.28,
  "rounds_time_stats": {
    "round_1": 34.4,
    "round_2": 44.21,
    "round_3": 39.45,
    "round_4": 77.65,
    "round_5": 46.99,
    "round_6": 41.57
  }
}