{
  "process_start_time": 1768108284.953694,
  "process_end_time": 1768108538.2967489,
  "total_elapsed_time_seconds": 253.34,
  "rounds_time_stats": {
    "round_1": 31.97,
    "round_2": 39.12,
    "round_3": 46.03,
    "round_4": 42.35,
    "round_5": 46.16,
    "round_6": 47.71
  }
}