{
  "process_start_time": 1767970693.5626538,
  "process_end_time": 1767973030.7707806,
  "total_elapsed_time_seconds": 2337.21,
  "rounds_time_stats": {
    "round_1": 150.47,
    "round_2": 148.11,
    "round_3": 126.53,
    "round_4": 245.69,
    "round_5": 107.37,
    "round_6": 1559.04
  }
}