{
  "process_start_time": 1767884819.4861434,
  "process_end_time": 1767884859.7570078,
  "total_elapsed_time_seconds": 40.27,
  "rounds_time_stats": {
    "round_1": 20.5,
    "round_2": 19.74
  }
}