{
  "process_start_time": 1767690421.0524151,
  "process_end_time": 1767690608.7956724,
  "total_elapsed_time_seconds": 187.74,
  "rounds_time_stats": {
    "round_1": 44.29,
    "round_2": 33.44,
    "round_3": 39.37,
    "round_4": 32.13,
    "round_5": 23.49,
    "round_6": 15.02
  }
}