{
  "process_start_time": 1767886922.9185336,
  "process_end_time": 1767886961.2473814,
  "total_elapsed_time_seconds": 38.33,
  "rounds_time_stats": {
    "round_1": 38.3
  }
}