{
  "process_start_time": 1767979138.3253005,
  "process_end_time": 1767979329.8644881,
  "total_elapsed_time_seconds": 191.54,
  "rounds_time_stats": {
    "round_1": 28.6,
    "round_2": 39.73,
    "round_3": 30.57,
    "round_4": 35.03,
    "round_5": 32.85,
    "round_6": 24.75
  }
}