{
  "process_start_time": 1767678073.9481769,
  "process_end_time": 1767678399.7730906,
  "total_elapsed_time_seconds": 325.82,
  "rounds_time_stats": {
    "round_1": 83.18,
    "round_2": 34.91,
    "round_3": 42.54,
    "round_4": 46.94,
    "round_5": 46.22,
    "round_6": 72.02
  }
}