{
  "process_start_time": 1767888075.1601362,
  "process_end_time": 1767888095.6341558,
  "total_elapsed_time_seconds": 20.47,
  "rounds_time_stats": {
    "round_1": 8.51,
    "round_2": 11.96
  }
}