{
  "process_start_time": 1767974270.8336794,
  "process_end_time": 1767974662.7989485,
  "total_elapsed_time_seconds": 391.97,
  "rounds_time_stats": {
    "round_1": 66.04,
    "round_2": 57.31,
    "round_3": 41.34,
    "round_4": 56.12,
    "round_5": 86.01,
    "round_6": 85.14
  }
}