{
  "process_start_time": 1767886117.3015957,
  "process_end_time": 1767886321.0847354,
  "total_elapsed_time_seconds": 203.78,
  "rounds_time_stats": {
    "round_1": 20.89,
    "round_2": 29.54,
    "round_3": 35.62,
    "round_4": 47.38,
    "round_5": 37.04,
    "round_6": 33.31
  }
}