{
  "process_start_time": 1768116680.5361485,
  "process_end_time": 1768116972.620385,
  "total_elapsed_time_seconds": 292.08,
  "rounds_time_stats": {
    "round_1": 60.27,
    "round_2": 47.96,
    "round_3": 43.51,
    "round_4": 46.4,
    "round_5": 47.46,
    "round_6": 46.48
  }
}