{
  "process_start_time": 1767890097.3176143,
  "process_end_time": 1767890256.8974962,
  "total_elapsed_time_seconds": 159.58,
  "rounds_time_stats": {
    "round_1": 20.14,
    "round_2": 30.32,
    "round_3": 19.93,
    "round_4": 21.28,
    "round_5": 36.28,
    "round_6": 31.62
  }
}