{
  "process_start_time": 1767883276.339689,
  "process_end_time": 1767883310.6740983,
  "total_elapsed_time_seconds": 34.33,
  "rounds_time_stats": {
    "round_1": 34.33
  }
}