{
  "process_start_time": 1767888420.3398802,
  "process_end_time": 1767888497.926267,
  "total_elapsed_time_seconds": 77.59,
  "rounds_time_stats": {
    "round_1": 23.4,
    "round_2": 23.84,
    "round_3": 30.31,
    "round_4": 0.04
  }
}