{
  "process_start_time": 1767692259.6338696,
  "process_end_time": 1767692442.7572896,
  "total_elapsed_time_seconds": 183.12,
  "rounds_time_stats": {
    "round_1": 40.56,
    "round_2": 37.41,
    "round_3": 34.83,
    "round_4": 28.18,
    "round_5": 23.98,
    "round_6": 18.15
  }
}