{
  "process_start_time": 1767883910.3721123,
  "process_end_time": 1767884138.27276,
  "total_elapsed_time_seconds": 227.9,
  "rounds_time_stats": {
    "round_1": 32.18,
    "round_2": 55.27,
    "round_3": 32.12,
    "round_4": 35.8,
    "round_5": 34.31,
    "round_6": 38.22
  }
}