{
  "process_start_time": 1768551774.2445297,
  "process_end_time": 1768551954.9810047,
  "total_elapsed_time_seconds": 180.74,
  "rounds_time_stats": {
    "round_1": 25.35,
    "round_2": 33.49,
    "round_3": 31.17,
    "round_4": 23.9,
    "round_5": 30.97,
    "round_6": 35.85
  }
}