{
  "process_start_time": 1767976134.721884,
  "process_end_time": 1767976319.671167,
  "total_elapsed_time_seconds": 184.95,
  "rounds_time_stats": {
    "round_1": 32.2,
    "round_2": 32.33,
    "round_3": 30.42,
    "round_4": 31.77,
    "round_5": 29.53,
    "round_6": 28.7
  }
}