{
  "process_start_time": 1768115555.542002,
  "process_end_time": 1768115767.244138,
  "total_elapsed_time_seconds": 211.7,
  "rounds_time_stats": {
    "round_1": 33.18,
    "round_2": 31.49,
    "round_3": 29.98,
    "round_4": 27.43,
    "round_5": 34.85,
    "round_6": 54.77
  }
}