{
  "process_start_time": 1767675774.713963,
  "process_end_time": 1767676049.491938,
  "total_elapsed_time_seconds": 274.78,
  "rounds_time_stats": {
    "round_1": 44.94,
    "round_2": 42.98,
    "round_3": 45.0,
    "round_4": 42.19,
    "round_5": 50.05,
    "round_6": 49.62
  }
}