{
  "process_start_time": 1767890687.2313979,
  "process_end_time": 1767890725.1810863,
  "total_elapsed_time_seconds": 37.95,
  "rounds_time_stats": {
    "round_1": 37.91
  }
}