{
  "process_start_time": 1767886378.506274,
  "process_end_time": 1767886400.6257584,
  "total_elapsed_time_seconds": 22.12,
  "rounds_time_stats": {
    "round_1": 22.11
  }
}