{
  "process_start_time": 1768115270.3496885,
  "process_end_time": 1768115596.110139,
  "total_elapsed_time_seconds": 325.76,
  "rounds_time_stats": {
    "round_1": 97.53,
    "round_2": 33.61,
    "round_3": 45.12,
    "round_4": 44.16,
    "round_5": 55.22,
    "round_6": 50.11
  }
}