{
  "process_start_time": 1767887424.2107072,
  "process_end_time": 1767887445.2898042,
  "total_elapsed_time_seconds": 21.08,
  "rounds_time_stats": {
    "round_1": 21.07
  }
}