{
  "process_start_time": 1767976154.9758859,
  "process_end_time": 1767976341.16792,
  "total_elapsed_time_seconds": 186.19,
  "rounds_time_stats": {
    "round_1": 30.71,
    "round_2": 32.64,
    "round_3": 32.12,
    "round_4": 30.4,
    "round_5": 29.87,
    "round_6": 30.45
  }
}