{
  "process_start_time": 1768551236.5185392,
  "process_end_time": 1768551397.641755,
  "total_elapsed_time_seconds": 161.12,
  "rounds_time_stats": {
    "round_1": 19.06,
    "round_2": 28.67,
    "round_3": 30.43,
    "round_4": 26.95,
    "round_5": 29.21,
    "round_6": 26.79
  }
}