{
  "process_start_time": 1767887367.0240068,
  "process_end_time": 1767887565.058835,
  "total_elapsed_time_seconds": 198.03,
  "rounds_time_stats": {
    "round_1": 15.2,
    "round_2": 33.91,
    "round_3": 24.41,
    "round_4": 36.19,
    "round_5": 53.6,
    "round_6": 34.72
  }
}