{
  "process_start_time": 1767883099.3796313,
  "process_end_time": 1767883151.3173819,
  "total_elapsed_time_seconds": 51.94,
  "rounds_time_stats": {
    "round_1": 26.11,
    "round_2": 25.82
  }
}