{
  "process_start_time": 1767887109.222535,
  "process_end_time": 1767887127.6548927,
  "total_elapsed_time_seconds": 18.43,
  "rounds_time_stats": {
    "round_1": 18.43
  }
}