{
  "process_start_time": 1767973693.951096,
  "process_end_time": 1767973869.7807627,
  "total_elapsed_time_seconds": 175.83,
  "rounds_time_stats": {
    "round_1": 28.19,
    "round_2": 31.16,
    "round_3": 33.42,
    "round_4": 46.92,
    "round_5": 19.83,
    "round_6": 16.3
  }
}