{
  "process_start_time": 1767969222.453759,
  "process_end_time": 1767969512.0537982,
  "total_elapsed_time_seconds": 289.6,
  "rounds_time_stats": {
    "round_1": 26.97,
    "round_2": 47.13,
    "round_3": 47.54,
    "round_4": 49.24,
    "round_5": 65.63,
    "round_6": 53.08
  }
}