{
  "process_start_time": 1768555261.8412993,
  "process_end_time": 1768555302.668889,
  "total_elapsed_time_seconds": 40.83,
  "rounds_time_stats": {
    "round_1": 40.8
  }
}