{
  "process_start_time": 1767883535.4525824,
  "process_end_time": 1767883549.6247427,
  "total_elapsed_time_seconds": 14.17,
  "rounds_time_stats": {
    "round_1": 14.17
  }
}