{
  "process_start_time": 1767678909.3396993,
  "process_end_time": 1767679153.149433,
  "total_elapsed_time_seconds": 243.81,
  "rounds_time_stats": {
    "round_1": 47.16,
    "round_2": 46.05,
    "round_3": 26.05,
    "round_4": 46.45,
    "round_5": 45.45,
    "round_6": 32.65
  }
}