{
  "process_start_time": 1767978355.5504892,
  "process_end_time": 1767978528.1503062,
  "total_elapsed_time_seconds": 172.6,
  "rounds_time_stats": {
    "round_1": 23.59,
    "round_2": 27.36,
    "round_3": 24.55,
    "round_4": 31.67,
    "round_5": 31.69,
    "round_6": 33.74
  }
}