{
  "process_start_time": 1767890374.182772,
  "process_end_time": 1767890440.7779708,
  "total_elapsed_time_seconds": 66.6,
  "rounds_time_stats": {
    "round_1": 31.6,
    "round_2": 34.99
  }
}