{
  "process_start_time": 1768554934.4687154,
  "process_end_time": 1768555135.2458365,
  "total_elapsed_time_seconds": 200.78,
  "rounds_time_stats": {
    "round_1": 29.04,
    "round_2": 29.68,
    "round_3": 29.98,
    "round_4": 36.51,
    "round_5": 39.77,
    "round_6": 35.8
  }
}