{
  "process_start_time": 1768117255.988241,
  "process_end_time": 1768117510.44226,
  "total_elapsed_time_seconds": 254.45,
  "rounds_time_stats": {
    "round_1": 38.43,
    "round_2": 33.16,
    "round_3": 35.27,
    "round_4": 47.54,
    "round_5": 48.84,
    "round_6": 51.21
  }
}