{
  "process_start_time": 1767884856.821576,
  "process_end_time": 1767885215.2559705,
  "total_elapsed_time_seconds": 358.43,
  "rounds_time_stats": {
    "round_1": 21.38,
    "round_2": 35.17,
    "round_3": 194.01,
    "round_4": 37.61,
    "round_5": 36.53,
    "round_6": 33.73
  }
}