{
  "process_start_time": 1767688556.7443264,
  "process_end_time": 1767688852.4441068,
  "total_elapsed_time_seconds": 295.7,
  "rounds_time_stats": {
    "round_1": 51.15,
    "round_2": 66.01,
    "round_3": 49.51,
    "round_4": 49.41,
    "round_5": 44.76,
    "round_6": 34.86
  }
}