{
  "process_start_time": 1768552125.0971777,
  "process_end_time": 1768552285.1005414,
  "total_elapsed_time_seconds": 160.0,
  "rounds_time_stats": {
    "round_1": 22.79,
    "round_2": 25.86,
    "round_3": 27.65,
    "round_4": 27.41,
    "round_5": 27.67,
    "round_6": 28.63
  }
}