{
  "process_start_time": 1767682370.320971,
  "process_end_time": 1767682672.1647859,
  "total_elapsed_time_seconds": 301.84,
  "rounds_time_stats": {
    "round_1": 84.36,
    "round_2": 34.77,
    "round_3": 42.31,
    "round_4": 44.72,
    "round_5": 47.64,
    "round_6": 48.03
  }
}