{
  "process_start_time": 1767977458.8017275,
  "process_end_time": 1767977647.71404,
  "total_elapsed_time_seconds": 188.91,
  "rounds_time_stats": {
    "round_1": 28.38,
    "round_2": 35.54,
    "round_3": 30.15,
    "round_4": 32.27,
    "round_5": 31.33,
    "round_6": 31.24
  }
}