{
  "process_start_time": 1767973441.6039565,
  "process_end_time": 1767973602.25361,
  "total_elapsed_time_seconds": 160.65,
  "rounds_time_stats": {
    "round_1": 25.26,
    "round_2": 28.21,
    "round_3": 26.63,
    "round_4": 23.2,
    "round_5": 31.35,
    "round_6": 25.99
  }
}