{
  "process_start_time": 1768108015.1573803,
  "process_end_time": 1768108221.3710368,
  "total_elapsed_time_seconds": 206.21,
  "rounds_time_stats": {
    "round_1": 38.09,
    "round_2": 42.84,
    "round_3": 25.91,
    "round_4": 33.99,
    "round_5": 33.9,
    "round_6": 31.49
  }
}