{
  "process_start_time": 1767887626.5273893,
  "process_end_time": 1767887652.8117795,
  "total_elapsed_time_seconds": 26.28,
  "rounds_time_stats": {
    "round_1": 26.28
  }
}