{
  "process_start_time": 1767890229.0794063,
  "process_end_time": 1767890351.4929738,
  "total_elapsed_time_seconds": 122.41,
  "rounds_time_stats": {
    "round_1": 14.11,
    "round_2": 24.21,
    "round_3": 20.66,
    "round_4": 22.66,
    "round_5": 20.88,
    "round_6": 19.91
  }
}