{
  "process_start_time": 1767976815.2602131,
  "process_end_time": 1767976988.6064692,
  "total_elapsed_time_seconds": 173.35,
  "rounds_time_stats": {
    "round_1": 22.81,
    "round_2": 32.65,
    "round_3": 30.26,
    "round_4": 30.45,
    "round_5": 29.85,
    "round_6": 27.32
  }
}