{
  "process_start_time": 1767887595.2251344,
  "process_end_time": 1767887813.927504,
  "total_elapsed_time_seconds": 218.7,
  "rounds_time_stats": {
    "round_1": 28.24,
    "round_2": 42.0,
    "round_3": 24.8,
    "round_4": 55.42,
    "round_5": 31.73,
    "round_6": 36.51
  }
}