{
  "process_start_time": 1767885676.443524,
  "process_end_time": 1767885790.4894998,
  "total_elapsed_time_seconds": 114.05,
  "rounds_time_stats": {
    "round_1": 27.58,
    "round_2": 23.35,
    "round_3": 19.29,
    "round_4": 21.15,
    "round_5": 22.68
  }
}