{
  "process_start_time": 1767888986.9455173,
  "process_end_time": 1767889010.9921553,
  "total_elapsed_time_seconds": 24.05,
  "rounds_time_stats": {
    "round_1": 8.33,
    "round_2": 15.71
  }
}