{
  "process_start_time": 1767886146.8731518,
  "process_end_time": 1767886182.0119457,
  "total_elapsed_time_seconds": 35.14,
  "rounds_time_stats": {
    "round_1": 17.68,
    "round_2": 17.27,
    "round_3": 0.18
  }
}