{
  "process_start_time": 1767687845.4683933,
  "process_end_time": 1767688121.267172,
  "total_elapsed_time_seconds": 275.8,
  "rounds_time_stats": {
    "round_1": 41.31,
    "round_2": 41.86,
    "round_3": 44.54,
    "round_4": 46.53,
    "round_5": 44.23,
    "round_6": 57.32
  }
}