{
  "process_start_time": 1767887948.9151611,
  "process_end_time": 1767887956.392617,
  "total_elapsed_time_seconds": 7.48,
  "rounds_time_stats": {
    "round_1": 7.48
  }
}