{
  "process_start_time": 1768114753.4314744,
  "process_end_time": 1768115025.4543953,
  "total_elapsed_time_seconds": 272.02,
  "rounds_time_stats": {
    "round_1": 49.93,
    "round_2": 43.42,
    "round_3": 48.96,
    "round_4": 50.22,
    "round_5": 44.43,
    "round_6": 35.06
  }
}