{
  "process_start_time": 1767691714.1262045,
  "process_end_time": 1767692015.407139,
  "total_elapsed_time_seconds": 301.28,
  "rounds_time_stats": {
    "round_1": 39.97,
    "round_2": 60.82,
    "round_3": 47.26,
    "round_4": 47.42,
    "round_5": 44.28,
    "round_6": 61.54
  }
}