{
  "process_start_time": 1767889772.6810741,
  "process_end_time": 1767889784.0814884,
  "total_elapsed_time_seconds": 11.4,
  "rounds_time_stats": {
    "round_1": 11.4
  }
}