{
  "process_start_time": 1767679433.870912,
  "process_end_time": 1767679747.6517227,
  "total_elapsed_time_seconds": 313.78,
  "rounds_time_stats": {
    "round_1": 33.9,
    "round_2": 51.15,
    "round_3": 60.21,
    "round_4": 60.91,
    "round_5": 46.84,
    "round_6": 60.77
  }
}