{
  "process_start_time": 1767889706.8741233,
  "process_end_time": 1767889781.1579773,
  "total_elapsed_time_seconds": 74.28,
  "rounds_time_stats": {
    "round_1": 10.41,
    "round_2": 10.91,
    "round_3": 10.1,
    "round_4": 19.01,
    "round_5": 11.81,
    "round_6": 12.04
  }
}