{
  "process_start_time": 1767887699.3718925,
  "process_end_time": 1767887734.9565096,
  "total_elapsed_time_seconds": 35.58,
  "rounds_time_stats": {
    "round_1": 35.55
  }
}