{
  "process_start_time": 1767690247.1477895,
  "process_end_time": 1767690524.6124325,
  "total_elapsed_time_seconds": 277.46,
  "rounds_time_stats": {
    "round_1": 48.15,
    "round_2": 44.85,
    "round_3": 46.69,
    "round_4": 48.7,
    "round_5": 48.5,
    "round_6": 40.57
  }
}