{
  "process_start_time": 1767889424.4503646,
  "process_end_time": 1767889494.956904,
  "total_elapsed_time_seconds": 70.51,
  "rounds_time_stats": {
    "round_1": 6.38,
    "round_2": 13.83,
    "round_3": 11.05,
    "round_4": 12.81,
    "round_5": 12.68,
    "round_6": 13.76
  }
}