{
  "process_start_time": 1767889150.4007838,
  "process_end_time": 1767889174.4279137,
  "total_elapsed_time_seconds": 24.03,
  "rounds_time_stats": {
    "round_1": 24.02
  }
}