{
  "process_start_time": 1768108446.4413574,
  "process_end_time": 1768108743.177168,
  "total_elapsed_time_seconds": 296.74,
  "rounds_time_stats": {
    "round_1": 44.23,
    "round_2": 63.73,
    "round_3": 43.08,
    "round_4": 34.07,
    "round_5": 47.89,
    "round_6": 63.74
  }
}