{
  "process_start_time": 1767883542.9745653,
  "process_end_time": 1767883559.9717138,
  "total_elapsed_time_seconds": 17.0,
  "rounds_time_stats": {
    "round_1": 16.99
  }
}