{
  "process_start_time": 1767677447.0474806,
  "process_end_time": 1767677646.288215,
  "total_elapsed_time_seconds": 199.24,
  "rounds_time_stats": {
    "round_1": 33.18,
    "round_2": 45.3,
    "round_3": 34.85,
    "round_4": 38.24,
    "round_5": 29.64,
    "round_6": 18.02
  }
}