{
  "process_start_time": 1767883286.0977066,
  "process_end_time": 1767883331.9571152,
  "total_elapsed_time_seconds": 45.86,
  "rounds_time_stats": {
    "round_1": 45.85
  }
}