{
  "process_start_time": 1767887628.4505134,
  "process_end_time": 1767887649.426191,
  "total_elapsed_time_seconds": 20.98,
  "rounds_time_stats": {
    "round_1": 20.97
  }
}