{
  "process_start_time": 1767886671.89839,
  "process_end_time": 1767886691.5689626,
  "total_elapsed_time_seconds": 19.67,
  "rounds_time_stats": {
    "round_1": 19.66
  }
}