{
  "process_start_time": 1768115297.1422863,
  "process_end_time": 1768115623.9107494,
  "total_elapsed_time_seconds": 326.77,
  "rounds_time_stats": {
    "round_1": 90.42,
    "round_2": 42.5,
    "round_3": 47.28,
    "round_4": 50.78,
    "round_5": 51.44,
    "round_6": 44.34
  }
}