{
  "process_start_time": 1767680278.833059,
  "process_end_time": 1767680557.110263,
  "total_elapsed_time_seconds": 278.28,
  "rounds_time_stats": {
    "round_1": 58.15,
    "round_2": 45.3,
    "round_3": 41.28,
    "round_4": 45.84,
    "round_5": 44.71,
    "round_6": 43.0
  }
}