{
  "process_start_time": 1767886565.1843543,
  "process_end_time": 1767886648.7806568,
  "total_elapsed_time_seconds": 83.6,
  "rounds_time_stats": {
    "round_1": 8.7,
    "round_2": 14.92,
    "round_3": 10.16,
    "round_4": 18.11,
    "round_5": 12.27,
    "round_6": 19.43
  }
}