{
  "process_start_time": 1767890210.9100034,
  "process_end_time": 1767890221.854996,
  "total_elapsed_time_seconds": 10.94,
  "rounds_time_stats": {
    "round_1": 10.94
  }
}