{
  "process_start_time": 1767887358.9988186,
  "process_end_time": 1767887521.748114,
  "total_elapsed_time_seconds": 162.75,
  "rounds_time_stats": {
    "round_1": 18.03,
    "round_2": 25.18,
    "round_3": 32.35,
    "round_4": 29.24,
    "round_5": 27.14,
    "round_6": 30.81
  }
}