{
  "process_start_time": 1767884427.45817,
  "process_end_time": 1767884477.0752523,
  "total_elapsed_time_seconds": 49.62,
  "rounds_time_stats": {
    "round_1": 23.45,
    "round_2": 26.16
  }
}