{
  "process_start_time": 1768115728.185391,
  "process_end_time": 1768115979.516046,
  "total_elapsed_time_seconds": 251.33,
  "rounds_time_stats": {
    "round_1": 36.13,
    "round_2": 35.67,
    "round_3": 47.43,
    "round_4": 49.74,
    "round_5": 46.88,
    "round_6": 35.48
  }
}