{
  "process_start_time": 1767683482.5956457,
  "process_end_time": 1767683521.8354275,
  "total_elapsed_time_seconds": 39.24,
  "rounds_time_stats": {
    "round_1": 39.21
  }
}