{
  "process_start_time": 1767664926.126131,
  "process_end_time": 1767665218.541459,
  "total_elapsed_time_seconds": 292.42,
  "rounds_time_stats": {
    "round_1": 41.18,
    "round_2": 57.13,
    "round_3": 51.41,
    "round_4": 47.55,
    "round_5": 47.21,
    "round_6": 47.94
  }
}