{
  "process_start_time": 1768116395.257538,
  "process_end_time": 1768116614.9492958,
  "total_elapsed_time_seconds": 219.69,
  "rounds_time_stats": {
    "round_1": 27.22,
    "round_2": 27.55,
    "round_3": 36.44,
    "round_4": 43.8,
    "round_5": 39.96,
    "round_6": 44.73
  }
}