{
  "process_start_time": 1768551448.1844292,
  "process_end_time": 1768551630.5687242,
  "total_elapsed_time_seconds": 182.38,
  "rounds_time_stats": {
    "round_1": 27.53,
    "round_2": 28.54,
    "round_3": 29.65,
    "round_4": 30.18,
    "round_5": 27.1,
    "round_6": 39.38
  }
}