{
  "process_start_time": 1768556666.860939,
  "process_end_time": 1768556828.6658597,
  "total_elapsed_time_seconds": 161.8,
  "rounds_time_stats": {
    "round_1": 28.38,
    "round_2": 29.64,
    "round_3": 29.23,
    "round_4": 28.69,
    "round_5": 19.2,
    "round_6": 26.65
  }
}