{
  "process_start_time": 1767886098.5349936,
  "process_end_time": 1767886259.8283737,
  "total_elapsed_time_seconds": 161.29,
  "rounds_time_stats": {
    "round_1": 22.24,
    "round_2": 26.22,
    "round_3": 27.68,
    "round_4": 27.42,
    "round_5": 30.35,
    "round_6": 27.37
  }
}