{
  "process_start_time": 1768551802.970302,
  "process_end_time": 1768551954.0200343,
  "total_elapsed_time_seconds": 151.05,
  "rounds_time_stats": {
    "round_1": 19.8,
    "round_2": 21.81,
    "round_3": 22.42,
    "round_4": 26.28,
    "round_5": 24.38,
    "round_6": 36.36
  }
}