{
  "process_start_time": 1767888494.2118552,
  "process_end_time": 1767888513.4568834,
  "total_elapsed_time_seconds": 19.25,
  "rounds_time_stats": {
    "round_1": 19.24
  }
}