{
  "process_start_time": 1767884287.3120186,
  "process_end_time": 1767884309.9576843,
  "total_elapsed_time_seconds": 22.65,
  "rounds_time_stats": {
    "round_1": 22.64
  }
}