{
  "process_start_time": 1767678638.3430424,
  "process_end_time": 1767678902.7484887,
  "total_elapsed_time_seconds": 264.41,
  "rounds_time_stats": {
    "round_1": 58.72,
    "round_2": 40.85,
    "round_3": 30.25,
    "round_4": 49.96,
    "round_5": 45.36,
    "round_6": 39.25
  }
}