{
  "process_start_time": 1767890457.2617085,
  "process_end_time": 1767890477.8730505,
  "total_elapsed_time_seconds": 20.61,
  "rounds_time_stats": {
    "round_1": 20.61
  }
}