{
  "process_start_time": 1767685772.4609854,
  "process_end_time": 1767686030.9398644,
  "total_elapsed_time_seconds": 258.48,
  "rounds_time_stats": {
    "round_1": 41.15,
    "round_2": 42.43,
    "round_3": 50.17,
    "round_4": 41.77,
    "round_5": 50.0,
    "round_6": 32.95
  }
}