{
  "process_start_time": 1768116488.42568,
  "process_end_time": 1768116745.72444,
  "total_elapsed_time_seconds": 257.3,
  "rounds_time_stats": {
    "round_1": 35.69,
    "round_2": 33.15,
    "round_3": 58.57,
    "round_4": 41.58,
    "round_5": 43.28,
    "round_6": 45.02
  }
}