{
  "process_start_time": 1767886003.8365073,
  "process_end_time": 1767886030.0177462,
  "total_elapsed_time_seconds": 26.18,
  "rounds_time_stats": {
    "round_1": 26.18
  }
}