{
  "process_start_time": 1767884415.5232406,
  "process_end_time": 1767884461.969908,
  "total_elapsed_time_seconds": 46.45,
  "rounds_time_stats": {
    "round_1": 21.65,
    "round_2": 24.79
  }
}