{
  "process_start_time": 1768555174.4022245,
  "process_end_time": 1768555383.5853324,
  "total_elapsed_time_seconds": 209.18,
  "rounds_time_stats": {
    "round_1": 41.0,
    "round_2": 37.08,
    "round_3": 27.86,
    "round_4": 37.68,
    "round_5": 29.67,
    "round_6": 35.89
  }
}