{
  "process_start_time": 1767689626.0075371,
  "process_end_time": 1767689900.5919077,
  "total_elapsed_time_seconds": 274.58,
  "rounds_time_stats": {
    "round_1": 49.07,
    "round_2": 36.42,
    "round_3": 50.23,
    "round_4": 43.84,
    "round_5": 46.19,
    "round_6": 48.83
  }
}