{
  "process_start_time": 1767885755.7851017,
  "process_end_time": 1767885773.7043312,
  "total_elapsed_time_seconds": 17.92,
  "rounds_time_stats": {
    "round_1": 17.91
  }
}