{
  "process_start_time": 1768552247.9466386,
  "process_end_time": 1768552385.6969576,
  "total_elapsed_time_seconds": 137.75,
  "rounds_time_stats": {
    "round_1": 15.66,
    "round_2": 28.01,
    "round_3": 19.13,
    "round_4": 24.51,
    "round_5": 19.77,
    "round_6": 30.67
  }
}