{
  "process_start_time": 1767889192.1805916,
  "process_end_time": 1767889364.8382535,
  "total_elapsed_time_seconds": 172.66,
  "rounds_time_stats": {
    "round_1": 29.55,
    "round_2": 24.13,
    "round_3": 39.23,
    "round_4": 30.75,
    "round_5": 48.98
  }
}