{
  "process_start_time": 1767886330.4566164,
  "process_end_time": 1767886361.571243,
  "total_elapsed_time_seconds": 31.11,
  "rounds_time_stats": {
    "round_1": 31.11
  }
}