{
  "process_start_time": 1767889933.3419871,
  "process_end_time": 1767889940.9301646,
  "total_elapsed_time_seconds": 7.59,
  "rounds_time_stats": {
    "round_1": 7.59
  }
}