{
  "process_start_time": 1767688353.87472,
  "process_end_time": 1767688687.5926156,
  "total_elapsed_time_seconds": 333.72,
  "rounds_time_stats": {
    "round_1": 61.95,
    "round_2": 49.67,
    "round_3": 58.19,
    "round_4": 49.08,
    "round_5": 65.74,
    "round_6": 49.08
  }
}