{
  "process_start_time": 1767885191.6418166,
  "process_end_time": 1767885298.4455547,
  "total_elapsed_time_seconds": 106.8,
  "rounds_time_stats": {
    "round_1": 16.61,
    "round_2": 11.79,
    "round_3": 21.4,
    "round_4": 14.74,
    "round_5": 16.68,
    "round_6": 25.58
  }
}