{
  "process_start_time": 1767885169.757439,
  "process_end_time": 1767885187.7657945,
  "total_elapsed_time_seconds": 18.01,
  "rounds_time_stats": {
    "round_1": 18.0
  }
}