{
  "process_start_time": 1767889153.4662395,
  "process_end_time": 1767889179.4879568,
  "total_elapsed_time_seconds": 26.02,
  "rounds_time_stats": {
    "round_1": 26.02
  }
}