{
  "process_start_time": 1767886367.1191316,
  "process_end_time": 1767886546.8346784,
  "total_elapsed_time_seconds": 179.72,
  "rounds_time_stats": {
    "round_1": 31.17,
    "round_2": 20.16,
    "round_3": 40.9,
    "round_4": 26.16,
    "round_5": 34.01,
    "round_6": 27.32
  }
}