{
  "process_start_time": 1767687679.467452,
  "process_end_time": 1767687714.0670822,
  "total_elapsed_time_seconds": 34.6,
  "rounds_time_stats": {
    "round_1": 34.57
  }
}