{
  "process_start_time": 1767687890.3652542,
  "process_end_time": 1767688185.1707115,
  "total_elapsed_time_seconds": 294.81,
  "rounds_time_stats": {
    "round_1": 57.98,
    "round_2": 47.41,
    "round_3": 42.58,
    "round_4": 48.67,
    "round_5": 47.86,
    "round_6": 50.32
  }
}