{
  "process_start_time": 1768108433.3769882,
  "process_end_time": 1768108679.582121,
  "total_elapsed_time_seconds": 246.21,
  "rounds_time_stats": {
    "round_1": 53.12,
    "round_2": 33.41,
    "round_3": 32.01,
    "round_4": 32.35,
    "round_5": 46.16,
    "round_6": 49.16
  }
}