{
  "process_start_time": 1768551563.2777395,
  "process_end_time": 1768551744.386115,
  "total_elapsed_time_seconds": 181.11,
  "rounds_time_stats": {
    "round_1": 29.23,
    "round_2": 28.65,
    "round_3": 27.8,
    "round_4": 28.77,
    "round_5": 31.13,
    "round_6": 35.52
  }
}