{
  "process_start_time": 1767886912.449357,
  "process_end_time": 1767887079.6441336,
  "total_elapsed_time_seconds": 167.19,
  "rounds_time_stats": {
    "round_1": 18.55,
    "round_2": 18.19,
    "round_3": 23.21,
    "round_4": 37.15,
    "round_5": 32.19,
    "round_6": 37.9
  }
}