{
  "process_start_time": 1768551583.647397,
  "process_end_time": 1768551810.058101,
  "total_elapsed_time_seconds": 226.41,
  "rounds_time_stats": {
    "round_1": 37.38,
    "round_2": 39.27,
    "round_3": 37.38,
    "round_4": 37.75,
    "round_5": 38.19,
    "round_6": 36.45
  }
}