{
  "process_start_time": 1767974637.6695163,
  "process_end_time": 1767975010.3944623,
  "total_elapsed_time_seconds": 372.72,
  "rounds_time_stats": {
    "round_1": 64.46,
    "round_2": 93.81,
    "round_3": 57.8,
    "round_4": 53.47,
    "round_5": 58.7,
    "round_6": 44.47
  }
}