{
  "process_start_time": 1767976634.8131752,
  "process_end_time": 1767976849.274491,
  "total_elapsed_time_seconds": 214.46,
  "rounds_time_stats": {
    "round_1": 30.02,
    "round_2": 40.67,
    "round_3": 45.11,
    "round_4": 23.81,
    "round_5": 33.99,
    "round_6": 40.87
  }
}