{
  "process_start_time": 1767887521.5652592,
  "process_end_time": 1767887560.1156867,
  "total_elapsed_time_seconds": 38.55,
  "rounds_time_stats": {
    "round_1": 38.55
  }
}