{
  "process_start_time": 1768550717.692836,
  "process_end_time": 1768550949.5868473,
  "total_elapsed_time_seconds": 231.89,
  "rounds_time_stats": {
    "round_1": 30.42,
    "round_2": 40.8,
    "round_3": 42.88,
    "round_4": 31.92,
    "round_5": 43.62,
    "round_6": 42.25
  }
}