{
  "process_start_time": 1767974677.0575192,
  "process_end_time": 1767974980.5415716,
  "total_elapsed_time_seconds": 303.48,
  "rounds_time_stats": {
    "round_1": 77.89,
    "round_2": 44.79,
    "round_3": 42.75,
    "round_4": 37.66,
    "round_5": 49.5,
    "round_6": 50.9
  }
}