{
  "process_start_time": 1767976499.2777946,
  "process_end_time": 1767976718.2214868,
  "total_elapsed_time_seconds": 218.94,
  "rounds_time_stats": {
    "round_1": 38.84,
    "round_2": 38.35,
    "round_3": 37.84,
    "round_4": 29.43,
    "round_5": 36.83,
    "round_6": 37.64
  }
}