{
  "process_start_time": 1767678591.5959027,
  "process_end_time": 1767678871.5905926,
  "total_elapsed_time_seconds": 279.99,
  "rounds_time_stats": {
    "round_1": 50.45,
    "round_2": 47.05,
    "round_3": 39.98,
    "round_4": 44.87,
    "round_5": 50.44,
    "round_6": 47.2
  }
}