{
  "process_start_time": 1767888828.301637,
  "process_end_time": 1767888889.5517757,
  "total_elapsed_time_seconds": 61.25,
  "rounds_time_stats": {
    "round_1": 11.05,
    "round_2": 11.77,
    "round_3": 9.79,
    "round_4": 10.88,
    "round_5": 8.45,
    "round_6": 9.3
  }
}