{
  "process_start_time": 1768116801.6643753,
  "process_end_time": 1768117066.1028757,
  "total_elapsed_time_seconds": 264.44,
  "rounds_time_stats": {
    "round_1": 36.0,
    "round_2": 39.79,
    "round_3": 48.22,
    "round_4": 49.08,
    "round_5": 43.75,
    "round_6": 47.59
  }
}