{
  "process_start_time": 1767884601.1736505,
  "process_end_time": 1767884763.7623043,
  "total_elapsed_time_seconds": 162.59,
  "rounds_time_stats": {
    "round_1": 33.37,
    "round_2": 36.63,
    "round_3": 21.57,
    "round_4": 36.8,
    "round_5": 34.21
  }
}