{
  "process_start_time": 1767887996.4317706,
  "process_end_time": 1767888010.3651628,
  "total_elapsed_time_seconds": 13.93,
  "rounds_time_stats": {
    "round_1": 13.93
  }
}