{
  "process_start_time": 1767684181.5676448,
  "process_end_time": 1767684460.6905768,
  "total_elapsed_time_seconds": 279.12,
  "rounds_time_stats": {
    "round_1": 39.28,
    "round_2": 55.63,
    "round_3": 42.91,
    "round_4": 49.77,
    "round_5": 45.2,
    "round_6": 46.34
  }
}