{
  "process_start_time": 1767973693.9871616,
  "process_end_time": 1767973872.9704845,
  "total_elapsed_time_seconds": 178.98,
  "rounds_time_stats": {
    "round_1": 21.63,
    "round_2": 28.59,
    "round_3": 53.37,
    "round_4": 34.9,
    "round_5": 22.26,
    "round_6": 18.23
  }
}