{
  "process_start_time": 1767890390.6927357,
  "process_end_time": 1767890436.943958,
  "total_elapsed_time_seconds": 46.25,
  "rounds_time_stats": {
    "round_1": 14.23,
    "round_2": 32.02
  }
}