{
  "process_start_time": 1767890642.7512386,
  "process_end_time": 1767890677.6076999,
  "total_elapsed_time_seconds": 34.86,
  "rounds_time_stats": {
    "round_1": 34.8
  }
}