{
  "process_start_time": 1768551555.4537942,
  "process_end_time": 1768551760.7632992,
  "total_elapsed_time_seconds": 205.31,
  "rounds_time_stats": {
    "round_1": 34.21,
    "round_2": 41.61,
    "round_3": 29.12,
    "round_4": 37.92,
    "round_5": 26.37,
    "round_6": 36.08
  }
}