{
  "process_start_time": 1767692019.5685573,
  "process_end_time": 1767692273.063721,
  "total_elapsed_time_seconds": 253.5,
  "rounds_time_stats": {
    "round_1": 34.77,
    "round_2": 46.1,
    "round_3": 44.34,
    "round_4": 40.37,
    "round_5": 43.52,
    "round_6": 44.41
  }
}