{
  "process_start_time": 1768117089.9590886,
  "process_end_time": 1768117332.576413,
  "total_elapsed_time_seconds": 242.62,
  "rounds_time_stats": {
    "round_1": 52.32,
    "round_2": 32.36,
    "round_3": 33.1,
    "round_4": 34.36,
    "round_5": 42.78,
    "round_6": 47.69
  }
}