{
  "process_start_time": 1767680030.9879525,
  "process_end_time": 1767680310.058217,
  "total_elapsed_time_seconds": 279.07,
  "rounds_time_stats": {
    "round_1": 42.72,
    "round_2": 47.74,
    "round_3": 48.6,
    "round_4": 47.13,
    "round_5": 47.03,
    "round_6": 45.85
  }
}