{
  "process_start_time": 1767687664.6494894,
  "process_end_time": 1767687933.1719754,
  "total_elapsed_time_seconds": 268.52,
  "rounds_time_stats": {
    "round_1": 34.04,
    "round_2": 41.0,
    "round_3": 47.43,
    "round_4": 46.35,
    "round_5": 56.34,
    "round_6": 43.37
  }
}