{
  "process_start_time": 1767888780.5961375,
  "process_end_time": 1767888805.9279377,
  "total_elapsed_time_seconds": 25.33,
  "rounds_time_stats": {
    "round_1": 25.33
  }
}