{
  "process_start_time": 1767969546.5615418,
  "process_end_time": 1767969810.8876538,
  "total_elapsed_time_seconds": 264.33,
  "rounds_time_stats": {
    "round_1": 41.67,
    "round_2": 36.83,
    "round_3": 51.82,
    "round_4": 37.65,
    "round_5": 40.96,
    "round_6": 55.38
  }
}