{
  "process_start_time": 1767886339.0835545,
  "process_end_time": 1767886369.9489658,
  "total_elapsed_time_seconds": 30.87,
  "rounds_time_stats": {
    "round_1": 30.83
  }
}