{
  "process_start_time": 1767885645.5295722,
  "process_end_time": 1767885820.6564271,
  "total_elapsed_time_seconds": 175.13,
  "rounds_time_stats": {
    "round_1": 24.19,
    "round_2": 24.37,
    "round_3": 29.21,
    "round_4": 33.07,
    "round_5": 28.41,
    "round_6": 35.88
  }
}