{
  "process_start_time": 1767886933.8589807,
  "process_end_time": 1767886987.7635884,
  "total_elapsed_time_seconds": 53.9,
  "rounds_time_stats": {
    "round_1": 53.86
  }
}