{
  "process_start_time": 1767677385.6929915,
  "process_end_time": 1767677619.6112087,
  "total_elapsed_time_seconds": 233.92,
  "rounds_time_stats": {
    "round_1": 45.03,
    "round_2": 39.94,
    "round_3": 41.22,
    "round_4": 38.86,
    "round_5": 34.06,
    "round_6": 34.8
  }
}