{
  "process_start_time": 1767885313.6648443,
  "process_end_time": 1767885328.7985942,
  "total_elapsed_time_seconds": 15.13,
  "rounds_time_stats": {
    "round_1": 15.13
  }
}