{
  "process_start_time": 1767890209.1376297,
  "process_end_time": 1767890218.925409,
  "total_elapsed_time_seconds": 9.79,
  "rounds_time_stats": {
    "round_1": 9.79
  }
}