{
  "process_start_time": 1767884292.0102434,
  "process_end_time": 1767884332.6543565,
  "total_elapsed_time_seconds": 40.64,
  "rounds_time_stats": {
    "round_1": 40.62
  }
}