{
  "process_start_time": 1767886655.1461265,
  "process_end_time": 1767886698.8766887,
  "total_elapsed_time_seconds": 43.73,
  "rounds_time_stats": {
    "round_1": 17.42,
    "round_2": 26.3
  }
}