{
  "process_start_time": 1767887924.7452884,
  "process_end_time": 1767888016.0905352,
  "total_elapsed_time_seconds": 91.35,
  "rounds_time_stats": {
    "round_1": 14.33,
    "round_2": 16.63,
    "round_3": 14.65,
    "round_4": 16.12,
    "round_5": 14.56,
    "round_6": 15.04
  }
}