{
  "process_start_time": 1767883153.8678114,
  "process_end_time": 1767883429.8714676,
  "total_elapsed_time_seconds": 276.0,
  "rounds_time_stats": {
    "round_1": 35.37,
    "round_2": 39.22,
    "round_3": 50.7,
    "round_4": 54.33,
    "round_5": 49.24,
    "round_6": 47.15
  }
}