{
  "process_start_time": 1767975762.4363003,
  "process_end_time": 1767975917.4910655,
  "total_elapsed_time_seconds": 155.05,
  "rounds_time_stats": {
    "round_1": 27.08,
    "round_2": 24.04,
    "round_3": 26.4,
    "round_4": 23.56,
    "round_5": 29.57,
    "round_6": 24.4
  }
}