{
  "process_start_time": 1767688428.6155567,
  "process_end_time": 1767688737.7597451,
  "total_elapsed_time_seconds": 309.14,
  "rounds_time_stats": {
    "round_1": 49.03,
    "round_2": 42.59,
    "round_3": 52.99,
    "round_4": 49.58,
    "round_5": 52.72,
    "round_6": 62.23
  }
}