{
  "process_start_time": 1768556470.414477,
  "process_end_time": 1768556695.4303744,
  "total_elapsed_time_seconds": 225.02,
  "rounds_time_stats": {
    "round_1": 38.97,
    "round_2": 36.11,
    "round_3": 40.54,
    "round_4": 31.14,
    "round_5": 40.06,
    "round_6": 38.2
  }
}