{
  "process_start_time": 1767888184.6708817,
  "process_end_time": 1767888215.1676795,
  "total_elapsed_time_seconds": 30.5,
  "rounds_time_stats": {
    "round_1": 30.49
  }
}