{
  "process_start_time": 1767885871.9838984,
  "process_end_time": 1767885910.71107,
  "total_elapsed_time_seconds": 38.73,
  "rounds_time_stats": {
    "round_1": 18.22,
    "round_2": 20.5
  }
}