{
  "process_start_time": 1767890180.7210429,
  "process_end_time": 1767890191.7433524,
  "total_elapsed_time_seconds": 11.02,
  "rounds_time_stats": {
    "round_1": 11.02
  }
}