{
  "process_start_time": 1767890406.915213,
  "process_end_time": 1767890473.8448174,
  "total_elapsed_time_seconds": 66.93,
  "rounds_time_stats": {
    "round_1": 32.63,
    "round_2": 34.3
  }
}