{
  "process_start_time": 1767685850.0134742,
  "process_end_time": 1767685906.8115325,
  "total_elapsed_time_seconds": 56.8,
  "rounds_time_stats": {
    "round_1": 56.77
  }
}