{
  "process_start_time": 1767676361.7609193,
  "process_end_time": 1767676631.1391733,
  "total_elapsed_time_seconds": 269.38,
  "rounds_time_stats": {
    "round_1": 42.45,
    "round_2": 49.06,
    "round_3": 55.65,
    "round_4": 30.88,
    "round_5": 34.29,
    "round_6": 57.04
  }
}