{
  "process_start_time": 1767885553.3914473,
  "process_end_time": 1767885725.1505566,
  "total_elapsed_time_seconds": 171.76,
  "rounds_time_stats": {
    "round_1": 18.57,
    "round_2": 31.69,
    "round_3": 30.32,
    "round_4": 32.08,
    "round_5": 30.21,
    "round_6": 28.89
  }
}