{
  "process_start_time": 1767887678.65521,
  "process_end_time": 1767887693.1661785,
  "total_elapsed_time_seconds": 14.51,
  "rounds_time_stats": {
    "round_1": 14.5
  }
}