{
  "process_start_time": 1767887319.2276678,
  "process_end_time": 1767887341.6206524,
  "total_elapsed_time_seconds": 22.39,
  "rounds_time_stats": {
    "round_1": 22.39
  }
}