{
  "process_start_time": 1767889424.7179854,
  "process_end_time": 1767889493.975992,
  "total_elapsed_time_seconds": 69.26,
  "rounds_time_stats": {
    "round_1": 7.24,
    "round_2": 14.48,
    "round_3": 6.28,
    "round_4": 14.02,
    "round_5": 13.2,
    "round_6": 14.04
  }
}