{
  "process_start_time": 1768108959.4194322,
  "process_end_time": 1768109207.8524938,
  "total_elapsed_time_seconds": 248.43,
  "rounds_time_stats": {
    "round_1": 23.81,
    "round_2": 34.44,
    "round_3": 52.43,
    "round_4": 31.0,
    "round_5": 44.93,
    "round_6": 61.81
  }
}