{
  "process_start_time": 1768108977.0066435,
  "process_end_time": 1768109246.724646,
  "total_elapsed_time_seconds": 269.72,
  "rounds_time_stats": {
    "round_1": 47.31,
    "round_2": 47.13,
    "round_3": 47.38,
    "round_4": 42.56,
    "round_5": 43.45,
    "round_6": 41.88
  }
}