{
  "process_start_time": 1767887229.0208666,
  "process_end_time": 1767887259.0813012,
  "total_elapsed_time_seconds": 30.06,
  "rounds_time_stats": {
    "round_1": 29.59,
    "round_2": 0.47
  }
}