{
  "process_start_time": 1767681451.4639146,
  "process_end_time": 1767681628.715426,
  "total_elapsed_time_seconds": 177.25,
  "rounds_time_stats": {
    "round_1": 43.22,
    "round_2": 31.28,
    "round_3": 37.9,
    "round_4": 35.24,
    "round_5": 16.46,
    "round_6": 13.15
  }
}