{
  "process_start_time": 1767888716.1545377,
  "process_end_time": 1767888728.8081818,
  "total_elapsed_time_seconds": 12.65,
  "rounds_time_stats": {
    "round_1": 12.65
  }
}