{
  "process_start_time": 1767978190.8965554,
  "process_end_time": 1767978429.1189697,
  "total_elapsed_time_seconds": 238.22,
  "rounds_time_stats": {
    "round_1": 30.27,
    "round_2": 39.34,
    "round_3": 47.47,
    "round_4": 40.91,
    "round_5": 36.4,
    "round_6": 43.82
  }
}