{
  "process_start_time": 1767883050.8837984,
  "process_end_time": 1767883132.2322087,
  "total_elapsed_time_seconds": 81.35,
  "rounds_time_stats": {
    "round_1": 8.76,
    "round_2": 17.74,
    "round_3": 8.35,
    "round_4": 17.74,
    "round_5": 10.22,
    "round_6": 18.54
  }
}