{
  "process_start_time": 1767665447.8711033,
  "process_end_time": 1767665590.1413348,
  "total_elapsed_time_seconds": 142.27,
  "rounds_time_stats": {
    "round_1": 43.43,
    "round_2": 19.57,
    "round_3": 20.55,
    "round_4": 19.71,
    "round_5": 22.93,
    "round_6": 16.08
  }
}