{
  "process_start_time": 1767888039.7612529,
  "process_end_time": 1767888065.161598,
  "total_elapsed_time_seconds": 25.4,
  "rounds_time_stats": {
    "round_1": 11.17,
    "round_2": 14.23
  }
}