{
  "process_start_time": 1767888995.325426,
  "process_end_time": 1767889010.5409214,
  "total_elapsed_time_seconds": 15.22,
  "rounds_time_stats": {
    "round_1": 15.21
  }
}