{
  "process_start_time": 1767885818.8447137,
  "process_end_time": 1767885848.5676084,
  "total_elapsed_time_seconds": 29.72,
  "rounds_time_stats": {
    "round_1": 10.71,
    "round_2": 19.01
  }
}