{
  "process_start_time": 1767890265.5615823,
  "process_end_time": 1767890317.3061655,
  "total_elapsed_time_seconds": 51.74,
  "rounds_time_stats": {
    "round_1": 15.91,
    "round_2": 18.51,
    "round_3": 17.32
  }
}