{
  "process_start_time": 1767679733.3401039,
  "process_end_time": 1767680016.5371184,
  "total_elapsed_time_seconds": 283.2,
  "rounds_time_stats": {
    "round_1": 43.0,
    "round_2": 50.9,
    "round_3": 49.58,
    "round_4": 46.47,
    "round_5": 47.0,
    "round_6": 46.24
  }
}