{
  "process_start_time": 1767890084.5535712,
  "process_end_time": 1767890099.6624708,
  "total_elapsed_time_seconds": 15.11,
  "rounds_time_stats": {
    "round_1": 15.1
  }
}