{
  "process_start_time": 1768117019.5403428,
  "process_end_time": 1768117285.0726418,
  "total_elapsed_time_seconds": 265.53,
  "rounds_time_stats": {
    "round_1": 46.24,
    "round_2": 48.74,
    "round_3": 44.42,
    "round_4": 36.37,
    "round_5": 47.26,
    "round_6": 42.49
  }
}