{
  "process_start_time": 1768556782.1150851,
  "process_end_time": 1768556980.4927835,
  "total_elapsed_time_seconds": 198.38,
  "rounds_time_stats": {
    "round_1": 26.71,
    "round_2": 29.38,
    "round_3": 39.14,
    "round_4": 30.15,
    "round_5": 36.02,
    "round_6": 36.97
  }
}