{
  "process_start_time": 1767675751.3148487,
  "process_end_time": 1767676047.6936855,
  "total_elapsed_time_seconds": 296.38,
  "rounds_time_stats": {
    "round_1": 48.88,
    "round_2": 37.77,
    "round_3": 67.08,
    "round_4": 46.42,
    "round_5": 37.65,
    "round_6": 58.58
  }
}