{
  "process_start_time": 1767886115.1256878,
  "process_end_time": 1767886276.2684238,
  "total_elapsed_time_seconds": 161.14,
  "rounds_time_stats": {
    "round_1": 18.97,
    "round_2": 19.34,
    "round_3": 19.68,
    "round_4": 36.7,
    "round_5": 35.19,
    "round_6": 31.25
  }
}