{
  "process_start_time": 1767969222.4523697,
  "process_end_time": 1767969613.01048,
  "total_elapsed_time_seconds": 390.56,
  "rounds_time_stats": {
    "round_1": 80.89,
    "round_2": 61.95,
    "round_3": 70.05,
    "round_4": 64.64,
    "round_5": 62.4,
    "round_6": 50.6
  }
}