{
  "process_start_time": 1767680864.4717662,
  "process_end_time": 1767681147.8738682,
  "total_elapsed_time_seconds": 283.4,
  "rounds_time_stats": {
    "round_1": 47.63,
    "round_2": 47.99,
    "round_3": 45.52,
    "round_4": 45.9,
    "round_5": 46.88,
    "round_6": 49.48
  }
}