{
  "process_start_time": 1767676828.6578689,
  "process_end_time": 1767677070.2049556,
  "total_elapsed_time_seconds": 241.55,
  "rounds_time_stats": {
    "round_1": 47.57,
    "round_2": 42.03,
    "round_3": 30.66,
    "round_4": 44.57,
    "round_5": 36.41,
    "round_6": 40.3
  }
}