{
  "process_start_time": 1767679935.1851072,
  "process_end_time": 1767680185.656435,
  "total_elapsed_time_seconds": 250.47,
  "rounds_time_stats": {
    "round_1": 26.03,
    "round_2": 56.0,
    "round_3": 45.09,
    "round_4": 44.7,
    "round_5": 44.37,
    "round_6": 34.27
  }
}