{
  "process_start_time": 1767884186.174182,
  "process_end_time": 1767884205.1600301,
  "total_elapsed_time_seconds": 18.99,
  "rounds_time_stats": {
    "round_1": 18.64,
    "round_2": 0.34
  }
}