{
  "process_start_time": 1768551903.1675277,
  "process_end_time": 1768552060.5130656,
  "total_elapsed_time_seconds": 157.35,
  "rounds_time_stats": {
    "round_1": 19.04,
    "round_2": 27.77,
    "round_3": 20.42,
    "round_4": 32.46,
    "round_5": 28.14,
    "round_6": 29.51
  }
}