{
  "process_start_time": 1767887059.1625364,
  "process_end_time": 1767887232.3424144,
  "total_elapsed_time_seconds": 173.18,
  "rounds_time_stats": {
    "round_1": 48.01,
    "round_2": 38.46,
    "round_3": 30.32,
    "round_4": 27.53,
    "round_5": 28.83,
    "round_6": 0.01
  }
}