{
  "process_start_time": 1767975311.8548317,
  "process_end_time": 1767975477.5820055,
  "total_elapsed_time_seconds": 165.73,
  "rounds_time_stats": {
    "round_1": 27.35,
    "round_2": 29.41,
    "round_3": 29.73,
    "round_4": 28.98,
    "round_5": 28.19,
    "round_6": 22.06
  }
}