{
  "process_start_time": 1767888898.999871,
  "process_end_time": 1767888927.292395,
  "total_elapsed_time_seconds": 28.29,
  "rounds_time_stats": {
    "round_1": 28.19,
    "round_2": 0.1
  }
}