{
  "process_start_time": 1768107778.4745743,
  "process_end_time": 1768108015.1566548,
  "total_elapsed_time_seconds": 236.68,
  "rounds_time_stats": {
    "round_1": 28.84,
    "round_2": 46.91,
    "round_3": 42.32,
    "round_4": 33.38,
    "round_5": 43.15,
    "round_6": 42.07
  }
}