{
  "process_start_time": 1767883163.8580205,
  "process_end_time": 1767883198.090138,
  "total_elapsed_time_seconds": 34.23,
  "rounds_time_stats": {
    "round_1": 34.22
  }
}