{
  "process_start_time": 1767882890.7304614,
  "process_end_time": 1767882929.8470352,
  "total_elapsed_time_seconds": 39.12,
  "rounds_time_stats": {
    "round_1": 19.04,
    "round_2": 20.07
  }
}