{
  "process_start_time": 1768550195.173105,
  "process_end_time": 1768550445.290997,
  "total_elapsed_time_seconds": 250.12,
  "rounds_time_stats": {
    "round_1": 36.97,
    "round_2": 34.89,
    "round_3": 42.64,
    "round_4": 45.59,
    "round_5": 44.4,
    "round_6": 45.62
  }
}