{
  "process_start_time": 1767676631.1403883,
  "process_end_time": 1767676920.8811543,
  "total_elapsed_time_seconds": 289.74,
  "rounds_time_stats": {
    "round_1": 45.71,
    "round_2": 45.96,
    "round_3": 61.51,
    "round_4": 44.97,
    "round_5": 47.51,
    "round_6": 44.09
  }
}