{
  "process_start_time": 1767684430.285548,
  "process_end_time": 1767684706.6981819,
  "total_elapsed_time_seconds": 276.41,
  "rounds_time_stats": {
    "round_1": 42.47,
    "round_2": 44.46,
    "round_3": 48.12,
    "round_4": 46.88,
    "round_5": 44.96,
    "round_6": 49.52
  }
}