{
  "process_start_time": 1767689101.6995435,
  "process_end_time": 1767689397.7967868,
  "total_elapsed_time_seconds": 296.1,
  "rounds_time_stats": {
    "round_1": 49.71,
    "round_2": 44.76,
    "round_3": 46.88,
    "round_4": 65.19,
    "round_5": 47.97,
    "round_6": 41.59
  }
}