{
  "process_start_time": 1767886664.8544624,
  "process_end_time": 1767886699.635939,
  "total_elapsed_time_seconds": 34.78,
  "rounds_time_stats": {
    "round_1": 34.77
  }
}