{
  "process_start_time": 1768556763.776315,
  "process_end_time": 1768556947.8456075,
  "total_elapsed_time_seconds": 184.07,
  "rounds_time_stats": {
    "round_1": 25.61,
    "round_2": 28.44,
    "round_3": 29.43,
    "round_4": 38.52,
    "round_5": 29.97,
    "round_6": 32.1
  }
}