{
  "process_start_time": 1767675530.9490788,
  "process_end_time": 1767675788.095131,
  "total_elapsed_time_seconds": 257.15,
  "rounds_time_stats": {
    "round_1": 40.34,
    "round_2": 50.02,
    "round_3": 43.76,
    "round_4": 42.13,
    "round_5": 42.54,
    "round_6": 38.35
  }
}