{
  "process_start_time": 1767682992.0438156,
  "process_end_time": 1767683284.9117792,
  "total_elapsed_time_seconds": 292.87,
  "rounds_time_stats": {
    "round_1": 45.5,
    "round_2": 42.6,
    "round_3": 48.06,
    "round_4": 58.99,
    "round_5": 47.61,
    "round_6": 50.1
  }
}