{
  "process_start_time": 1767676844.1076155,
  "process_end_time": 1767677082.5739756,
  "total_elapsed_time_seconds": 238.47,
  "rounds_time_stats": {
    "round_1": 45.36,
    "round_2": 45.36,
    "round_3": 28.26,
    "round_4": 33.08,
    "round_5": 46.83,
    "round_6": 39.58
  }
}