{
  "process_start_time": 1768108001.1516938,
  "process_end_time": 1768108240.685418,
  "total_elapsed_time_seconds": 239.53,
  "rounds_time_stats": {
    "round_1": 35.99,
    "round_2": 31.46,
    "round_3": 33.07,
    "round_4": 48.89,
    "round_5": 46.09,
    "round_6": 44.03
  }
}