{
  "process_start_time": 1767890386.466687,
  "process_end_time": 1767890433.4380245,
  "total_elapsed_time_seconds": 46.97,
  "rounds_time_stats": {
    "round_1": 15.27,
    "round_2": 31.69
  }
}