{
  "process_start_time": 1767883070.7274926,
  "process_end_time": 1767883173.2622106,
  "total_elapsed_time_seconds": 102.53,
  "rounds_time_stats": {
    "round_1": 34.9,
    "round_2": 67.61
  }
}