{
  "process_start_time": 1767886301.2756574,
  "process_end_time": 1767886346.8550353,
  "total_elapsed_time_seconds": 45.58,
  "rounds_time_stats": {
    "round_1": 20.42,
    "round_2": 25.16
  }
}