{
  "process_start_time": 1767679181.3575654,
  "process_end_time": 1767679447.985396,
  "total_elapsed_time_seconds": 266.63,
  "rounds_time_stats": {
    "round_1": 55.75,
    "round_2": 44.93,
    "round_3": 32.01,
    "round_4": 46.32,
    "round_5": 46.29,
    "round_6": 41.33
  }
}