{
  "process_start_time": 1767883467.3260221,
  "process_end_time": 1767883597.7334123,
  "total_elapsed_time_seconds": 130.41,
  "rounds_time_stats": {
    "round_1": 21.0,
    "round_2": 18.85,
    "round_3": 19.44,
    "round_4": 20.21,
    "round_5": 24.7,
    "round_6": 26.2
  }
}