{
  "process_start_time": 1767886832.4906437,
  "process_end_time": 1767886862.890948,
  "total_elapsed_time_seconds": 30.4,
  "rounds_time_stats": {
    "round_1": 12.88,
    "round_2": 17.23,
    "round_3": 0.3
  }
}