{
  "process_start_time": 1767889882.539184,
  "process_end_time": 1767889897.250001,
  "total_elapsed_time_seconds": 14.71,
  "rounds_time_stats": {
    "round_1": 14.71
  }
}