{
  "process_start_time": 1767886448.4465756,
  "process_end_time": 1767886593.9794557,
  "total_elapsed_time_seconds": 145.53,
  "rounds_time_stats": {
    "round_1": 18.47,
    "round_2": 22.82,
    "round_3": 17.29,
    "round_4": 20.74,
    "round_5": 45.71,
    "round_6": 20.49
  }
}