{
  "process_start_time": 1768551564.4170792,
  "process_end_time": 1768551764.0312064,
  "total_elapsed_time_seconds": 199.61,
  "rounds_time_stats": {
    "round_1": 37.71,
    "round_2": 29.68,
    "round_3": 29.97,
    "round_4": 35.24,
    "round_5": 36.15,
    "round_6": 30.87
  }
}