{
  "process_start_time": 1767684394.1185794,
  "process_end_time": 1767684707.0623822,
  "total_elapsed_time_seconds": 312.94,
  "rounds_time_stats": {
    "round_1": 79.64,
    "round_2": 46.28,
    "round_3": 46.78,
    "round_4": 45.5,
    "round_5": 43.95,
    "round_6": 50.79
  }
}