{
  "process_start_time": 1767684754.8529816,
  "process_end_time": 1767685066.39475,
  "total_elapsed_time_seconds": 311.54,
  "rounds_time_stats": {
    "round_1": 63.42,
    "round_2": 44.97,
    "round_3": 49.13,
    "round_4": 46.97,
    "round_5": 58.12,
    "round_6": 48.93
  }
}