{
  "process_start_time": 1767687485.1170192,
  "process_end_time": 1767687752.1284008,
  "total_elapsed_time_seconds": 267.01,
  "rounds_time_stats": {
    "round_1": 49.24,
    "round_2": 44.02,
    "round_3": 45.23,
    "round_4": 41.5,
    "round_5": 42.92,
    "round_6": 44.09
  }
}