{
  "process_start_time": 1767890002.7082677,
  "process_end_time": 1767890016.7530906,
  "total_elapsed_time_seconds": 14.04,
  "rounds_time_stats": {
    "round_1": 14.04
  }
}