{
  "process_start_time": 1767676095.2741194,
  "process_end_time": 1767676360.7155938,
  "total_elapsed_time_seconds": 265.44,
  "rounds_time_stats": {
    "round_1": 37.82,
    "round_2": 41.73,
    "round_3": 46.9,
    "round_4": 42.64,
    "round_5": 48.27,
    "round_6": 48.09
  }
}