{
  "process_start_time": 1767976330.3394427,
  "process_end_time": 1767976508.4055748,
  "total_elapsed_time_seconds": 178.07,
  "rounds_time_stats": {
    "round_1": 26.47,
    "round_2": 33.07,
    "round_3": 29.98,
    "round_4": 27.98,
    "round_5": 31.11,
    "round_6": 29.44
  }
}