{
  "process_start_time": 1768748393.5598202,
  "process_end_time": 1768748616.2368743,
  "total_elapsed_time_seconds": 222.68,
  "rounds_time_stats": {
    "round_1": 30.82,
    "round_2": 36.24,
    "round_3": 42.41,
    "round_4": 42.12,
    "round_5": 31.92,
    "round_6": 39.18
  }
}