{
  "process_start_time": 1767683514.6942444,
  "process_end_time": 1767683839.536506,
  "total_elapsed_time_seconds": 324.84,
  "rounds_time_stats": {
    "round_1": 42.49,
    "round_2": 83.02,
    "round_3": 45.98,
    "round_4": 61.05,
    "round_5": 48.71,
    "round_6": 43.59
  }
}