{
  "process_start_time": 1768550993.135907,
  "process_end_time": 1768551212.5291011,
  "total_elapsed_time_seconds": 219.39,
  "rounds_time_stats": {
    "round_1": 44.03,
    "round_2": 42.15,
    "round_3": 44.03,
    "round_4": 32.5,
    "round_5": 28.6,
    "round_6": 28.09
  }
}