{
  "process_start_time": 1767889558.4733078,
  "process_end_time": 1767889687.3978965,
  "total_elapsed_time_seconds": 128.92,
  "rounds_time_stats": {
    "round_1": 18.15,
    "round_2": 26.27,
    "round_3": 22.34,
    "round_4": 25.08,
    "round_5": 20.74,
    "round_6": 16.34
  }
}