{
  "process_start_time": 1767889417.6131017,
  "process_end_time": 1767889472.3957422,
  "total_elapsed_time_seconds": 54.78,
  "rounds_time_stats": {
    "round_1": 9.7,
    "round_2": 10.17,
    "round_3": 8.11,
    "round_4": 10.21,
    "round_5": 8.41,
    "round_6": 8.17
  }
}