{
  "process_start_time": 1767685019.869084,
  "process_end_time": 1767685314.955164,
  "total_elapsed_time_seconds": 295.09,
  "rounds_time_stats": {
    "round_1": 46.78,
    "round_2": 49.19,
    "round_3": 48.79,
    "round_4": 61.41,
    "round_5": 42.93,
    "round_6": 45.98
  }
}