{
  "process_start_time": 1767888100.8356986,
  "process_end_time": 1767888133.3438993,
  "total_elapsed_time_seconds": 32.51,
  "rounds_time_stats": {
    "round_1": 16.79,
    "round_2": 15.72
  }
}