{
  "process_start_time": 1767975136.2550917,
  "process_end_time": 1767975378.242556,
  "total_elapsed_time_seconds": 241.99,
  "rounds_time_stats": {
    "round_1": 25.89,
    "round_2": 49.48,
    "round_3": 43.38,
    "round_4": 39.07,
    "round_5": 49.37,
    "round_6": 34.79
  }
}