{
  "process_start_time": 1767691879.51119,
  "process_end_time": 1767692148.655499,
  "total_elapsed_time_seconds": 269.14,
  "rounds_time_stats": {
    "round_1": 41.79,
    "round_2": 49.35,
    "round_3": 48.78,
    "round_4": 39.21,
    "round_5": 46.01,
    "round_6": 44.01
  }
}