{
  "process_start_time": 1767680280.7537162,
  "process_end_time": 1767680541.7195816,
  "total_elapsed_time_seconds": 260.97,
  "rounds_time_stats": {
    "round_1": 42.23,
    "round_2": 45.96,
    "round_3": 40.93,
    "round_4": 43.51,
    "round_5": 45.58,
    "round_6": 42.76
  }
}