{
  "process_start_time": 1768115929.2267454,
  "process_end_time": 1768115932.4581726,
  "total_elapsed_time_seconds": 3.23,
  "rounds_time_stats": {
    "round_1": 3.23
  }
}