{
  "process_start_time": 1767977812.908753,
  "process_end_time": 1767977996.991978,
  "total_elapsed_time_seconds": 184.08,
  "rounds_time_stats": {
    "round_1": 29.47,
    "round_2": 29.73,
    "round_3": 31.77,
    "round_4": 27.44,
    "round_5": 33.2,
    "round_6": 32.48
  }
}