{
  "process_start_time": 1768116922.8201375,
  "process_end_time": 1768117192.7784855,
  "total_elapsed_time_seconds": 269.96,
  "rounds_time_stats": {
    "round_1": 37.98,
    "round_2": 42.29,
    "round_3": 46.79,
    "round_4": 48.31,
    "round_5": 47.21,
    "round_6": 47.38
  }
}