{
  "process_start_time": 1767887390.1869674,
  "process_end_time": 1767887472.8430123,
  "total_elapsed_time_seconds": 82.66,
  "rounds_time_stats": {
    "round_1": 30.05,
    "round_2": 52.55
  }
}