{
  "process_start_time": 1767888344.644813,
  "process_end_time": 1767888421.2096057,
  "total_elapsed_time_seconds": 76.56,
  "rounds_time_stats": {
    "round_1": 6.05,
    "round_2": 14.99,
    "round_3": 13.76,
    "round_4": 14.42,
    "round_5": 10.41,
    "round_6": 16.93
  }
}