{
  "process_start_time": 1767676312.0131142,
  "process_end_time": 1767676586.41584,
  "total_elapsed_time_seconds": 274.4,
  "rounds_time_stats": {
    "round_1": 50.45,
    "round_2": 42.14,
    "round_3": 49.23,
    "round_4": 41.54,
    "round_5": 46.48,
    "round_6": 44.56
  }
}