{
  "process_start_time": 1767690021.653196,
  "process_end_time": 1767690314.8280818,
  "total_elapsed_time_seconds": 293.17,
  "rounds_time_stats": {
    "round_1": 46.1,
    "round_2": 42.38,
    "round_3": 40.95,
    "round_4": 51.4,
    "round_5": 46.08,
    "round_6": 66.26
  }
}