{
  "process_start_time": 1767976350.0744483,
  "process_end_time": 1767976516.6013896,
  "total_elapsed_time_seconds": 166.53,
  "rounds_time_stats": {
    "round_1": 30.07,
    "round_2": 31.02,
    "round_3": 27.69,
    "round_4": 29.14,
    "round_5": 23.87,
    "round_6": 24.73
  }
}