{
  "process_start_time": 1768108694.1779253,
  "process_end_time": 1768108977.0866995,
  "total_elapsed_time_seconds": 282.91,
  "rounds_time_stats": {
    "round_1": 42.33,
    "round_2": 36.48,
    "round_3": 44.25,
    "round_4": 49.09,
    "round_5": 46.11,
    "round_6": 64.64
  }
}