{
  "process_start_time": 1767682370.3215504,
  "process_end_time": 1767682454.8095453,
  "total_elapsed_time_seconds": 84.49,
  "rounds_time_stats": {
    "round_1": 84.42
  }
}