{
  "process_start_time": 1767889632.1477594,
  "process_end_time": 1767889692.469921,
  "total_elapsed_time_seconds": 60.32,
  "rounds_time_stats": {
    "round_1": 11.36,
    "round_2": 10.26,
    "round_3": 13.81,
    "round_4": 13.2,
    "round_5": 11.68
  }
}