{
  "process_start_time": 1767680557.1170452,
  "process_end_time": 1767680817.823575,
  "total_elapsed_time_seconds": 260.71,
  "rounds_time_stats": {
    "round_1": 31.82,
    "round_2": 48.13,
    "round_3": 40.8,
    "round_4": 42.33,
    "round_5": 48.7,
    "round_6": 48.91
  }
}