{
  "process_start_time": 1768552044.297995,
  "process_end_time": 1768552229.9469254,
  "total_elapsed_time_seconds": 185.65,
  "rounds_time_stats": {
    "round_1": 37.26,
    "round_2": 27.27,
    "round_3": 37.95,
    "round_4": 26.38,
    "round_5": 28.49,
    "round_6": 28.29
  }
}