{
  "process_start_time": 1767686727.6124296,
  "process_end_time": 1767687044.924612,
  "total_elapsed_time_seconds": 317.31,
  "rounds_time_stats": {
    "round_1": 60.35,
    "round_2": 62.47,
    "round_3": 61.21,
    "round_4": 47.81,
    "round_5": 39.1,
    "round_6": 46.38
  }
}