{
  "process_start_time": 1768556411.752112,
  "process_end_time": 1768556597.7356005,
  "total_elapsed_time_seconds": 185.98,
  "rounds_time_stats": {
    "round_1": 25.88,
    "round_2": 31.34,
    "round_3": 30.7,
    "round_4": 37.11,
    "round_5": 28.28,
    "round_6": 32.67
  }
}