{
  "process_start_time": 1767691726.9815564,
  "process_end_time": 1767692002.9860637,
  "total_elapsed_time_seconds": 276.0,
  "rounds_time_stats": {
    "round_1": 44.52,
    "round_2": 40.19,
    "round_3": 49.66,
    "round_4": 48.04,
    "round_5": 46.72,
    "round_6": 46.87
  }
}