{
  "process_start_time": 1767886500.1035602,
  "process_end_time": 1767886517.9321542,
  "total_elapsed_time_seconds": 17.83,
  "rounds_time_stats": {
    "round_1": 17.82
  }
}