{
  "process_start_time": 1767684429.5539114,
  "process_end_time": 1767684686.528625,
  "total_elapsed_time_seconds": 256.97,
  "rounds_time_stats": {
    "round_1": 45.17,
    "round_2": 46.6,
    "round_3": 44.86,
    "round_4": 44.17,
    "round_5": 44.01,
    "round_6": 32.14
  }
}