{
  "process_start_time": 1767683521.8410852,
  "process_end_time": 1767683775.552199,
  "total_elapsed_time_seconds": 253.71,
  "rounds_time_stats": {
    "round_1": 36.86,
    "round_2": 37.25,
    "round_3": 44.33,
    "round_4": 45.75,
    "round_5": 44.04,
    "round_6": 45.48
  }
}