{
  "process_start_time": 1767885305.86653,
  "process_end_time": 1767885324.8561032,
  "total_elapsed_time_seconds": 18.99,
  "rounds_time_stats": {
    "round_1": 18.99
  }
}