{
  "process_start_time": 1768116813.573141,
  "process_end_time": 1768117097.8105116,
  "total_elapsed_time_seconds": 284.24,
  "rounds_time_stats": {
    "round_1": 32.96,
    "round_2": 45.95,
    "round_3": 50.19,
    "round_4": 46.87,
    "round_5": 44.7,
    "round_6": 63.58
  }
}