{
  "process_start_time": 1767976545.9461136,
  "process_end_time": 1767976697.231443,
  "total_elapsed_time_seconds": 151.29,
  "rounds_time_stats": {
    "round_1": 22.55,
    "round_2": 20.19,
    "round_3": 25.49,
    "round_4": 29.68,
    "round_5": 27.28,
    "round_6": 26.09
  }
}