{
  "process_start_time": 1767691680.0891995,
  "process_end_time": 1767691953.719443,
  "total_elapsed_time_seconds": 273.63,
  "rounds_time_stats": {
    "round_1": 48.87,
    "round_2": 40.71,
    "round_3": 43.31,
    "round_4": 50.52,
    "round_5": 46.5,
    "round_6": 43.72
  }
}