{
  "process_start_time": 1767973633.1452186,
  "process_end_time": 1767973809.8172843,
  "total_elapsed_time_seconds": 176.67,
  "rounds_time_stats": {
    "round_1": 30.72,
    "round_2": 33.68,
    "round_3": 29.79,
    "round_4": 24.15,
    "round_5": 24.31,
    "round_6": 34.03
  }
}