{
  "process_start_time": 1767682951.5876646,
  "process_end_time": 1767682972.560677,
  "total_elapsed_time_seconds": 20.97,
  "rounds_time_stats": {
    "round_1": 20.97
  }
}