{
  "process_start_time": 1767889344.287001,
  "process_end_time": 1767889407.4813867,
  "total_elapsed_time_seconds": 63.19,
  "rounds_time_stats": {
    "round_1": 7.27,
    "round_2": 9.95,
    "round_3": 7.89,
    "round_4": 10.86,
    "round_5": 15.46,
    "round_6": 11.77
  }
}