{
  "process_start_time": 1768108446.613946,
  "process_end_time": 1768108707.848457,
  "total_elapsed_time_seconds": 261.23,
  "rounds_time_stats": {
    "round_1": 44.5,
    "round_2": 47.86,
    "round_3": 42.81,
    "round_4": 32.04,
    "round_5": 48.52,
    "round_6": 45.5
  }
}