{
  "process_start_time": 1768555569.8167725,
  "process_end_time": 1768555743.8616672,
  "total_elapsed_time_seconds": 174.04,
  "rounds_time_stats": {
    "round_1": 28.09,
    "round_2": 29.79,
    "round_3": 30.65,
    "round_4": 28.43,
    "round_5": 28.87,
    "round_6": 28.21
  }
}