{
  "process_start_time": 1767689402.165989,
  "process_end_time": 1767689654.5937545,
  "total_elapsed_time_seconds": 252.43,
  "rounds_time_stats": {
    "round_1": 38.0,
    "round_2": 36.32,
    "round_3": 47.66,
    "round_4": 42.09,
    "round_5": 45.47,
    "round_6": 42.89
  }
}