{
  "process_start_time": 1767889075.709805,
  "process_end_time": 1767889096.9392025,
  "total_elapsed_time_seconds": 21.23,
  "rounds_time_stats": {
    "round_1": 8.88,
    "round_2": 12.35
  }
}