{
  "process_start_time": 1767886477.7921548,
  "process_end_time": 1767886502.0531905,
  "total_elapsed_time_seconds": 24.26,
  "rounds_time_stats": {
    "round_1": 24.25
  }
}