{
  "process_start_time": 1767680884.1795483,
  "process_end_time": 1767681160.0215275,
  "total_elapsed_time_seconds": 275.84,
  "rounds_time_stats": {
    "round_1": 44.85,
    "round_2": 44.75,
    "round_3": 45.12,
    "round_4": 45.66,
    "round_5": 50.24,
    "round_6": 45.22
  }
}