{
  "process_start_time": 1767889593.832596,
  "process_end_time": 1767889602.7692304,
  "total_elapsed_time_seconds": 8.94,
  "rounds_time_stats": {
    "round_1": 8.93
  }
}