{
  "process_start_time": 1767884593.2125018,
  "process_end_time": 1767884626.5337305,
  "total_elapsed_time_seconds": 33.32,
  "rounds_time_stats": {
    "round_1": 33.31
  }
}