{
  "process_start_time": 1767890597.2015805,
  "process_end_time": 1767890646.3057597,
  "total_elapsed_time_seconds": 49.1,
  "rounds_time_stats": {
    "round_1": 49.06
  }
}