{
  "process_start_time": 1767977458.8082905,
  "process_end_time": 1767977655.443989,
  "total_elapsed_time_seconds": 196.64,
  "rounds_time_stats": {
    "round_1": 28.43,
    "round_2": 28.86,
    "round_3": 35.15,
    "round_4": 34.33,
    "round_5": 41.54,
    "round_6": 28.32
  }
}