{
  "process_start_time": 1768116743.181273,
  "process_end_time": 1768117019.6584532,
  "total_elapsed_time_seconds": 276.48,
  "rounds_time_stats": {
    "round_1": 44.69,
    "round_2": 41.22,
    "round_3": 45.35,
    "round_4": 50.74,
    "round_5": 49.83,
    "round_6": 44.65
  }
}