{
  "process_start_time": 1767884639.572526,
  "process_end_time": 1767884843.0766313,
  "total_elapsed_time_seconds": 203.5,
  "rounds_time_stats": {
    "round_1": 28.59,
    "round_2": 53.82,
    "round_3": 45.48,
    "round_4": 26.91,
    "round_5": 22.25,
    "round_6": 26.44
  }
}