{
  "process_start_time": 1767884393.2512267,
  "process_end_time": 1767884523.0465488,
  "total_elapsed_time_seconds": 129.8,
  "rounds_time_stats": {
    "round_1": 34.86,
    "round_2": 48.58,
    "round_3": 46.33
  }
}