{
  "process_start_time": 1768555697.5316513,
  "process_end_time": 1768555839.7304692,
  "total_elapsed_time_seconds": 142.2,
  "rounds_time_stats": {
    "round_1": 22.03,
    "round_2": 21.42,
    "round_3": 21.1,
    "round_4": 21.25,
    "round_5": 27.33,
    "round_6": 29.07
  }
}