{
  "process_start_time": 1767890254.6375167,
  "process_end_time": 1767890265.560346,
  "total_elapsed_time_seconds": 10.92,
  "rounds_time_stats": {
    "round_1": 10.92
  }
}