{
  "process_start_time": 1767886896.964048,
  "process_end_time": 1767886933.856259,
  "total_elapsed_time_seconds": 36.89,
  "rounds_time_stats": {
    "round_1": 17.74,
    "round_2": 18.73,
    "round_3": 0.42
  }
}