{
  "process_start_time": 1768114771.1871147,
  "process_end_time": 1768115055.7363367,
  "total_elapsed_time_seconds": 284.55,
  "rounds_time_stats": {
    "round_1": 67.1,
    "round_2": 38.02,
    "round_3": 50.28,
    "round_4": 48.84,
    "round_5": 49.29,
    "round_6": 31.02
  }
}