{
  "process_start_time": 1767883079.0960236,
  "process_end_time": 1767883121.0260217,
  "total_elapsed_time_seconds": 41.93,
  "rounds_time_stats": {
    "round_1": 22.52,
    "round_2": 19.41
  }
}