{
  "process_start_time": 1767883513.492541,
  "process_end_time": 1767883542.9636183,
  "total_elapsed_time_seconds": 29.47,
  "rounds_time_stats": {
    "round_1": 29.47
  }
}