{
  "process_start_time": 1767888334.938994,
  "process_end_time": 1767888351.722312,
  "total_elapsed_time_seconds": 16.78,
  "rounds_time_stats": {
    "round_1": 16.78
  }
}