{
  "process_start_time": 1767890095.8701398,
  "process_end_time": 1767890108.7102175,
  "total_elapsed_time_seconds": 12.84,
  "rounds_time_stats": {
    "round_1": 12.84
  }
}