{
  "process_start_time": 1767687061.123644,
  "process_end_time": 1767687341.5887883,
  "total_elapsed_time_seconds": 280.47,
  "rounds_time_stats": {
    "round_1": 39.38,
    "round_2": 42.67,
    "round_3": 44.44,
    "round_4": 47.2,
    "round_5": 41.16,
    "round_6": 65.61
  }
}