{
  "process_start_time": 1767882890.7313905,
  "process_end_time": 1767882953.26634,
  "total_elapsed_time_seconds": 62.53,
  "rounds_time_stats": {
    "round_1": 29.57,
    "round_2": 32.96
  }
}