{
  "process_start_time": 1767886473.0669699,
  "process_end_time": 1767886700.118082,
  "total_elapsed_time_seconds": 227.05,
  "rounds_time_stats": {
    "round_1": 36.66,
    "round_2": 35.23,
    "round_3": 40.63,
    "round_4": 53.24,
    "round_5": 32.4,
    "round_6": 28.89
  }
}