{
  "process_start_time": 1767689882.5076032,
  "process_end_time": 1767690201.1148937,
  "total_elapsed_time_seconds": 318.61,
  "rounds_time_stats": {
    "round_1": 48.7,
    "round_2": 43.34,
    "round_3": 78.97,
    "round_4": 46.71,
    "round_5": 41.29,
    "round_6": 59.59
  }
}