{
  "process_start_time": 1767970571.2609372,
  "process_end_time": 1767971027.4858572,
  "total_elapsed_time_seconds": 456.22,
  "rounds_time_stats": {
    "round_1": 48.36,
    "round_2": 40.38,
    "round_3": 78.12,
    "round_4": 131.13,
    "round_5": 78.96,
    "round_6": 79.28
  }
}