{
  "process_start_time": 1767890255.53078,
  "process_end_time": 1767890318.8636563,
  "total_elapsed_time_seconds": 63.33,
  "rounds_time_stats": {
    "round_1": 7.0,
    "round_2": 10.04,
    "round_3": 11.02,
    "round_4": 9.88,
    "round_5": 15.15,
    "round_6": 10.25
  }
}