{
  "process_start_time": 1767886316.6653957,
  "process_end_time": 1767886439.134838,
  "total_elapsed_time_seconds": 122.47,
  "rounds_time_stats": {
    "round_1": 25.11,
    "round_2": 20.9,
    "round_3": 19.56,
    "round_4": 19.89,
    "round_5": 17.97,
    "round_6": 19.03
  }
}