{
  "process_start_time": 1767675776.5189633,
  "process_end_time": 1767676064.510061,
  "total_elapsed_time_seconds": 287.99,
  "rounds_time_stats": {
    "round_1": 43.14,
    "round_2": 41.84,
    "round_3": 45.5,
    "round_4": 57.78,
    "round_5": 48.81,
    "round_6": 50.94
  }
}