{
  "process_start_time": 1768115254.4127016,
  "process_end_time": 1768115579.6110172,
  "total_elapsed_time_seconds": 325.2,
  "rounds_time_stats": {
    "round_1": 41.8,
    "round_2": 87.65,
    "round_3": 48.64,
    "round_4": 45.06,
    "round_5": 49.97,
    "round_6": 52.09
  }
}