{
  "process_start_time": 1767684640.431082,
  "process_end_time": 1767684943.817889,
  "total_elapsed_time_seconds": 303.39,
  "rounds_time_stats": {
    "round_1": 66.46,
    "round_2": 47.98,
    "round_3": 45.14,
    "round_4": 49.67,
    "round_5": 44.46,
    "round_6": 49.69
  }
}