{
  "process_start_time": 1767976507.5831206,
  "process_end_time": 1767976689.91483,
  "total_elapsed_time_seconds": 182.33,
  "rounds_time_stats": {
    "round_1": 27.37,
    "round_2": 33.32,
    "round_3": 36.53,
    "round_4": 29.45,
    "round_5": 27.07,
    "round_6": 28.61
  }
}