{
  "process_start_time": 1767886935.4237893,
  "process_end_time": 1767886971.580367,
  "total_elapsed_time_seconds": 36.16,
  "rounds_time_stats": {
    "round_1": 36.13
  }
}