{
  "process_start_time": 1767887995.6315734,
  "process_end_time": 1767888043.412505,
  "total_elapsed_time_seconds": 47.78,
  "rounds_time_stats": {
    "round_1": 6.05,
    "round_2": 10.29,
    "round_3": 6.1,
    "round_4": 11.54,
    "round_5": 7.05,
    "round_6": 6.75
  }
}