{
  "process_start_time": 1767888506.0846589,
  "process_end_time": 1767888630.2247186,
  "total_elapsed_time_seconds": 124.14,
  "rounds_time_stats": {
    "round_1": 18.47,
    "round_2": 17.46,
    "round_3": 18.28,
    "round_4": 17.88,
    "round_5": 31.26,
    "round_6": 20.78
  }
}