{
  "process_start_time": 1767685469.3674693,
  "process_end_time": 1767685745.8455205,
  "total_elapsed_time_seconds": 276.48,
  "rounds_time_stats": {
    "round_1": 46.73,
    "round_2": 45.09,
    "round_3": 44.39,
    "round_4": 45.04,
    "round_5": 45.18,
    "round_6": 50.06
  }
}