{
  "process_start_time": 1767683498.87663,
  "process_end_time": 1767683760.563866,
  "total_elapsed_time_seconds": 261.69,
  "rounds_time_stats": {
    "round_1": 44.26,
    "round_2": 42.56,
    "round_3": 39.62,
    "round_4": 58.37,
    "round_5": 43.73,
    "round_6": 33.14
  }
}