{
  "process_start_time": 1767886101.786432,
  "process_end_time": 1767886143.397245,
  "total_elapsed_time_seconds": 41.61,
  "rounds_time_stats": {
    "round_1": 19.45,
    "round_2": 22.16
  }
}