{
  "process_start_time": 1767977655.4454057,
  "process_end_time": 1767977849.265448,
  "total_elapsed_time_seconds": 193.82,
  "rounds_time_stats": {
    "round_1": 29.19,
    "round_2": 32.41,
    "round_3": 33.13,
    "round_4": 30.75,
    "round_5": 31.82,
    "round_6": 36.51
  }
}