{
  "process_start_time": 1768114786.9630508,
  "process_end_time": 1768115072.0154555,
  "total_elapsed_time_seconds": 285.05,
  "rounds_time_stats": {
    "round_1": 32.67,
    "round_2": 55.48,
    "round_3": 36.3,
    "round_4": 63.13,
    "round_5": 47.93,
    "round_6": 49.54
  }
}