{
  "process_start_time": 1767976860.72775,
  "process_end_time": 1767977060.3932765,
  "total_elapsed_time_seconds": 199.67,
  "rounds_time_stats": {
    "round_1": 29.34,
    "round_2": 31.09,
    "round_3": 35.18,
    "round_4": 37.9,
    "round_5": 33.33,
    "round_6": 32.82
  }
}