{
  "process_start_time": 1767887596.189394,
  "process_end_time": 1767887686.9300785,
  "total_elapsed_time_seconds": 90.74,
  "rounds_time_stats": {
    "round_1": 28.78,
    "round_2": 29.14,
    "round_3": 32.76,
    "round_4": 0.06
  }
}