{
  "process_start_time": 1767883963.1951373,
  "process_end_time": 1767883980.0384262,
  "total_elapsed_time_seconds": 16.84,
  "rounds_time_stats": {
    "round_1": 16.84
  }
}