{
  "process_start_time": 1768116454.5071394,
  "process_end_time": 1768116679.3164291,
  "total_elapsed_time_seconds": 224.81,
  "rounds_time_stats": {
    "round_1": 43.99,
    "round_2": 27.38,
    "round_3": 41.71,
    "round_4": 37.76,
    "round_5": 30.15,
    "round_6": 43.82
  }
}