{
  "process_start_time": 1768552364.1006494,
  "process_end_time": 1768552712.9717607,
  "total_elapsed_time_seconds": 348.87,
  "rounds_time_stats": {
    "round_1": 36.02,
    "round_2": 128.39,
    "round_3": 33.18,
    "round_4": 64.11,
    "round_5": 47.3,
    "round_6": 39.87
  }
}