{
  "process_start_time": 1767886561.2167685,
  "process_end_time": 1767886648.9559693,
  "total_elapsed_time_seconds": 87.74,
  "rounds_time_stats": {
    "round_1": 9.99,
    "round_2": 14.71,
    "round_3": 10.15,
    "round_4": 17.51,
    "round_5": 13.28,
    "round_6": 22.08
  }
}