{
  "process_start_time": 1767978777.4297726,
  "process_end_time": 1767978949.4527564,
  "total_elapsed_time_seconds": 172.02,
  "rounds_time_stats": {
    "round_1": 24.33,
    "round_2": 27.75,
    "round_3": 31.82,
    "round_4": 26.86,
    "round_5": 31.78,
    "round_6": 29.47
  }
}