{
  "process_start_time": 1767889038.736503,
  "process_end_time": 1767889119.896583,
  "total_elapsed_time_seconds": 81.16,
  "rounds_time_stats": {
    "round_1": 17.52,
    "round_2": 25.13,
    "round_3": 38.49
  }
}