{
  "process_start_time": 1767888031.9285522,
  "process_end_time": 1767888043.1084986,
  "total_elapsed_time_seconds": 11.18,
  "rounds_time_stats": {
    "round_1": 11.18
  }
}