{
  "process_start_time": 1767884477.081993,
  "process_end_time": 1767884662.7880108,
  "total_elapsed_time_seconds": 185.71,
  "rounds_time_stats": {
    "round_1": 23.36,
    "round_2": 29.38,
    "round_3": 30.13,
    "round_4": 29.97,
    "round_5": 43.09,
    "round_6": 29.77
  }
}