{
  "process_start_time": 1767887045.0894003,
  "process_end_time": 1767887063.9398425,
  "total_elapsed_time_seconds": 18.85,
  "rounds_time_stats": {
    "round_1": 18.84
  }
}