{
  "process_start_time": 1767889347.3178523,
  "process_end_time": 1767889401.596338,
  "total_elapsed_time_seconds": 54.28,
  "rounds_time_stats": {
    "round_1": 7.84,
    "round_2": 5.92,
    "round_3": 8.91,
    "round_4": 8.16,
    "round_5": 13.59,
    "round_6": 9.87
  }
}