{
  "process_start_time": 1767689581.5719864,
  "process_end_time": 1767689883.269144,
  "total_elapsed_time_seconds": 301.7,
  "rounds_time_stats": {
    "round_1": 44.25,
    "round_2": 58.94,
    "round_3": 42.33,
    "round_4": 47.95,
    "round_5": 44.7,
    "round_6": 63.52
  }
}