{
  "process_start_time": 1767684686.5297222,
  "process_end_time": 1767684974.1339018,
  "total_elapsed_time_seconds": 287.6,
  "rounds_time_stats": {
    "round_1": 49.54,
    "round_2": 48.7,
    "round_3": 48.37,
    "round_4": 47.41,
    "round_5": 49.03,
    "round_6": 44.54
  }
}