{
  "process_start_time": 1768551388.5251942,
  "process_end_time": 1768551563.2768264,
  "total_elapsed_time_seconds": 174.75,
  "rounds_time_stats": {
    "round_1": 27.95,
    "round_2": 29.43,
    "round_3": 28.56,
    "round_4": 30.23,
    "round_5": 30.48,
    "round_6": 28.1
  }
}