{
  "process_start_time": 1767687030.3120632,
  "process_end_time": 1767687294.155656,
  "total_elapsed_time_seconds": 263.84,
  "rounds_time_stats": {
    "round_1": 43.13,
    "round_2": 37.68,
    "round_3": 45.11,
    "round_4": 43.32,
    "round_5": 48.4,
    "round_6": 46.2
  }
}