{
  "process_start_time": 1767685407.127668,
  "process_end_time": 1767685712.3017719,
  "total_elapsed_time_seconds": 305.17,
  "rounds_time_stats": {
    "round_1": 41.92,
    "round_2": 52.12,
    "round_3": 57.61,
    "round_4": 46.62,
    "round_5": 45.67,
    "round_6": 61.24
  }
}