{
  "process_start_time": 1767884475.923243,
  "process_end_time": 1767884651.759381,
  "total_elapsed_time_seconds": 175.84,
  "rounds_time_stats": {
    "round_1": 21.06,
    "round_2": 26.72,
    "round_3": 30.43,
    "round_4": 29.52,
    "round_5": 41.78,
    "round_6": 26.32
  }
}