{
  "process_start_time": 1768550805.928979,
  "process_end_time": 1768551067.0708926,
  "total_elapsed_time_seconds": 261.14,
  "rounds_time_stats": {
    "round_1": 43.78,
    "round_2": 42.61,
    "round_3": 44.58,
    "round_4": 43.37,
    "round_5": 42.22,
    "round_6": 44.57
  }
}