{
  "process_start_time": 1767885854.5132022,
  "process_end_time": 1767885913.7550006,
  "total_elapsed_time_seconds": 59.24,
  "rounds_time_stats": {
    "round_1": 59.22
  }
}