{
  "process_start_time": 1767975932.1012504,
  "process_end_time": 1767976177.1920197,
  "total_elapsed_time_seconds": 245.09,
  "rounds_time_stats": {
    "round_1": 39.66,
    "round_2": 41.01,
    "round_3": 40.92,
    "round_4": 40.75,
    "round_5": 41.2,
    "round_6": 41.55
  }
}