{
  "process_start_time": 1767886750.6161416,
  "process_end_time": 1767886862.3111825,
  "total_elapsed_time_seconds": 111.7,
  "rounds_time_stats": {
    "round_1": 16.53,
    "round_2": 20.18,
    "round_3": 20.43,
    "round_4": 21.07,
    "round_5": 17.11,
    "round_6": 16.37
  }
}