{
  "process_start_time": 1767687578.6765366,
  "process_end_time": 1767687831.358852,
  "total_elapsed_time_seconds": 252.68,
  "rounds_time_stats": {
    "round_1": 35.43,
    "round_2": 36.4,
    "round_3": 41.05,
    "round_4": 47.78,
    "round_5": 48.08,
    "round_6": 43.94
  }
}