{
  "process_start_time": 1767890437.2121894,
  "process_end_time": 1767890462.4666228,
  "total_elapsed_time_seconds": 25.25,
  "rounds_time_stats": {
    "round_1": 25.24
  }
}