{
  "process_start_time": 1767886082.6058183,
  "process_end_time": 1767886115.661057,
  "total_elapsed_time_seconds": 33.06,
  "rounds_time_stats": {
    "round_1": 33.05
  }
}