{
  "process_start_time": 1767884086.7419887,
  "process_end_time": 1767884137.968118,
  "total_elapsed_time_seconds": 51.23,
  "rounds_time_stats": {
    "round_1": 15.06,
    "round_2": 17.16,
    "round_3": 18.6,
    "round_4": 0.4
  }
}