{
  "process_start_time": 1767884853.9762125,
  "process_end_time": 1767885038.0388887,
  "total_elapsed_time_seconds": 184.06,
  "rounds_time_stats": {
    "round_1": 20.89,
    "round_2": 30.98,
    "round_3": 132.19
  }
}