{
  "process_start_time": 1767886005.0992959,
  "process_end_time": 1767886032.9651031,
  "total_elapsed_time_seconds": 27.87,
  "rounds_time_stats": {
    "round_1": 27.86
  }
}