{
  "process_start_time": 1767688477.8574939,
  "process_end_time": 1767688821.241348,
  "total_elapsed_time_seconds": 343.38,
  "rounds_time_stats": {
    "round_1": 46.09,
    "round_2": 67.03,
    "round_3": 47.94,
    "round_4": 52.29,
    "round_5": 46.98,
    "round_6": 83.05
  }
}