{
  "process_start_time": 1767683344.755386,
  "process_end_time": 1767683685.6121926,
  "total_elapsed_time_seconds": 340.86,
  "rounds_time_stats": {
    "round_1": 64.91,
    "round_2": 51.57,
    "round_3": 53.56,
    "round_4": 56.21,
    "round_5": 66.54,
    "round_6": 48.07
  }
}