{
  "process_start_time": 1767684960.085353,
  "process_end_time": 1767685237.766006,
  "total_elapsed_time_seconds": 277.68,
  "rounds_time_stats": {
    "round_1": 44.67,
    "round_2": 47.72,
    "round_3": 42.77,
    "round_4": 52.47,
    "round_5": 47.2,
    "round_6": 42.84
  }
}