{
  "process_start_time": 1768108993.1176353,
  "process_end_time": 1768109261.6368682,
  "total_elapsed_time_seconds": 268.52,
  "rounds_time_stats": {
    "round_1": 62.11,
    "round_2": 45.13,
    "round_3": 30.39,
    "round_4": 45.82,
    "round_5": 45.87,
    "round_6": 39.19
  }
}