{
  "process_start_time": 1767676026.9746513,
  "process_end_time": 1767676295.993704,
  "total_elapsed_time_seconds": 269.02,
  "rounds_time_stats": {
    "round_1": 36.13,
    "round_2": 44.93,
    "round_3": 33.64,
    "round_4": 48.46,
    "round_5": 60.06,
    "round_6": 45.79
  }
}