{
  "process_start_time": 1767888008.6616206,
  "process_end_time": 1767888021.7433524,
  "total_elapsed_time_seconds": 13.08,
  "rounds_time_stats": {
    "round_1": 13.08
  }
}