{
  "process_start_time": 1768107778.4741814,
  "process_end_time": 1768108015.7258627,
  "total_elapsed_time_seconds": 237.25,
  "rounds_time_stats": {
    "round_1": 26.43,
    "round_2": 37.44,
    "round_3": 48.38,
    "round_4": 38.22,
    "round_5": 44.69,
    "round_6": 42.09
  }
}