{
  "process_start_time": 1767887742.352633,
  "process_end_time": 1767887873.95378,
  "total_elapsed_time_seconds": 131.6,
  "rounds_time_stats": {
    "round_1": 20.32,
    "round_2": 24.43,
    "round_3": 15.73,
    "round_4": 26.13,
    "round_5": 19.59,
    "round_6": 25.4
  }
}