{
  "process_start_time": 1767690264.7300818,
  "process_end_time": 1767690538.4887848,
  "total_elapsed_time_seconds": 273.76,
  "rounds_time_stats": {
    "round_1": 44.93,
    "round_2": 48.49,
    "round_3": 45.86,
    "round_4": 30.91,
    "round_5": 47.57,
    "round_6": 56.0
  }
}