{
  "process_start_time": 1767886768.262532,
  "process_end_time": 1767886849.5048301,
  "total_elapsed_time_seconds": 81.24,
  "rounds_time_stats": {
    "round_1": 18.01,
    "round_2": 21.86,
    "round_3": 21.48,
    "round_4": 19.88
  }
}