{
  "process_start_time": 1767889251.4078114,
  "process_end_time": 1767889337.8196468,
  "total_elapsed_time_seconds": 86.41,
  "rounds_time_stats": {
    "round_1": 18.48,
    "round_2": 11.23,
    "round_3": 13.87,
    "round_4": 12.83,
    "round_5": 14.39,
    "round_6": 15.61
  }
}