{
  "process_start_time": 1767676891.9030917,
  "process_end_time": 1767677143.535467,
  "total_elapsed_time_seconds": 251.63,
  "rounds_time_stats": {
    "round_1": 45.76,
    "round_2": 40.43,
    "round_3": 33.28,
    "round_4": 43.13,
    "round_5": 47.02,
    "round_6": 42.01
  }
}