{
  "process_start_time": 1768748393.5585878,
  "process_end_time": 1768748624.5652733,
  "total_elapsed_time_seconds": 231.01,
  "rounds_time_stats": {
    "round_1": 31.71,
    "round_2": 39.51,
    "round_3": 38.92,
    "round_4": 42.43,
    "round_5": 45.32,
    "round_6": 33.11
  }
}