{
  "process_start_time": 1767885911.8470507,
  "process_end_time": 1767885995.464558,
  "total_elapsed_time_seconds": 83.62,
  "rounds_time_stats": {
    "round_1": 13.72,
    "round_2": 18.4,
    "round_3": 20.35,
    "round_4": 14.68,
    "round_5": 16.24,
    "round_6": 0.22
  }
}