{
  "process_start_time": 1767885824.2317681,
  "process_end_time": 1767885843.2193892,
  "total_elapsed_time_seconds": 18.99,
  "rounds_time_stats": {
    "round_1": 18.98
  }
}