{
  "process_start_time": 1768555771.3306575,
  "process_end_time": 1768555958.3734562,
  "total_elapsed_time_seconds": 187.04,
  "rounds_time_stats": {
    "round_1": 29.95,
    "round_2": 29.66,
    "round_3": 28.98,
    "round_4": 31.39,
    "round_5": 37.57,
    "round_6": 29.5
  }
}