{
  "process_start_time": 1767886021.181484,
  "process_end_time": 1767886095.6278694,
  "total_elapsed_time_seconds": 74.45,
  "rounds_time_stats": {
    "round_1": 45.45,
    "round_2": 28.99
  }
}