{
  "process_start_time": 1767665197.7789977,
  "process_end_time": 1767665466.0206585,
  "total_elapsed_time_seconds": 268.24,
  "rounds_time_stats": {
    "round_1": 36.14,
    "round_2": 62.43,
    "round_3": 45.51,
    "round_4": 48.08,
    "round_5": 43.01,
    "round_6": 33.06
  }
}