{
  "process_start_time": 1767890528.4301045,
  "process_end_time": 1767890564.9709089,
  "total_elapsed_time_seconds": 36.54,
  "rounds_time_stats": {
    "round_1": 36.53
  }
}