{
  "process_start_time": 1767974578.3449724,
  "process_end_time": 1767974906.932902,
  "total_elapsed_time_seconds": 328.59,
  "rounds_time_stats": {
    "round_1": 35.18,
    "round_2": 48.61,
    "round_3": 53.38,
    "round_4": 57.35,
    "round_5": 41.03,
    "round_6": 93.04
  }
}