{
  "process_start_time": 1768109270.7401497,
  "process_end_time": 1768109548.3030713,
  "total_elapsed_time_seconds": 277.56,
  "rounds_time_stats": {
    "round_1": 44.48,
    "round_2": 51.91,
    "round_3": 49.99,
    "round_4": 43.97,
    "round_5": 46.52,
    "round_6": 40.69
  }
}