{
  "process_start_time": 1767890355.6219537,
  "process_end_time": 1767890470.5952277,
  "total_elapsed_time_seconds": 114.97,
  "rounds_time_stats": {
    "round_1": 21.5,
    "round_2": 24.03,
    "round_3": 19.82,
    "round_4": 23.68,
    "round_5": 25.92
  }
}