{
  "process_start_time": 1767890785.9427848,
  "process_end_time": 1767890971.060878,
  "total_elapsed_time_seconds": 185.12,
  "rounds_time_stats": {
    "round_1": 31.94,
    "round_2": 32.74,
    "round_3": 30.45,
    "round_4": 29.24,
    "round_5": 33.7,
    "round_6": 27.04
  }
}