{
  "process_start_time": 1767890311.8531442,
  "process_end_time": 1767890342.7381172,
  "total_elapsed_time_seconds": 30.88,
  "rounds_time_stats": {
    "round_1": 14.72,
    "round_2": 16.16
  }
}