{
  "process_start_time": 1768556023.2312477,
  "process_end_time": 1768556228.4577472,
  "total_elapsed_time_seconds": 205.23,
  "rounds_time_stats": {
    "round_1": 30.28,
    "round_2": 36.59,
    "round_3": 34.92,
    "round_4": 33.48,
    "round_5": 30.76,
    "round_6": 39.2
  }
}