{
  "process_start_time": 1767977841.7704852,
  "process_end_time": 1767978020.604153,
  "total_elapsed_time_seconds": 178.83,
  "rounds_time_stats": {
    "round_1": 30.83,
    "round_2": 30.87,
    "round_3": 29.18,
    "round_4": 33.52,
    "round_5": 30.27,
    "round_6": 24.16
  }
}