{
  "process_start_time": 1768117637.598038,
  "process_end_time": 1768117948.3979113,
  "total_elapsed_time_seconds": 310.8,
  "rounds_time_stats": {
    "round_1": 47.19,
    "round_2": 60.85,
    "round_3": 49.13,
    "round_4": 42.14,
    "round_5": 46.25,
    "round_6": 65.24
  }
}