{
  "process_start_time": 1767688881.6222126,
  "process_end_time": 1767689181.8027103,
  "total_elapsed_time_seconds": 300.18,
  "rounds_time_stats": {
    "round_1": 40.82,
    "round_2": 52.38,
    "round_3": 65.78,
    "round_4": 47.08,
    "round_5": 45.14,
    "round_6": 48.97
  }
}