{
  "process_start_time": 1767890322.155736,
  "process_end_time": 1767890340.8490837,
  "total_elapsed_time_seconds": 18.69,
  "rounds_time_stats": {
    "round_1": 18.69
  }
}