{
  "process_start_time": 1767678073.945623,
  "process_end_time": 1767678370.7031367,
  "total_elapsed_time_seconds": 296.76,
  "rounds_time_stats": {
    "round_1": 82.62,
    "round_2": 36.18,
    "round_3": 45.54,
    "round_4": 43.87,
    "round_5": 45.18,
    "round_6": 43.35
  }
}