{
  "process_start_time": 1767676588.4260733,
  "process_end_time": 1767676858.8926075,
  "total_elapsed_time_seconds": 270.47,
  "rounds_time_stats": {
    "round_1": 38.71,
    "round_2": 48.8,
    "round_3": 45.04,
    "round_4": 47.01,
    "round_5": 47.11,
    "round_6": 43.8
  }
}