{
  "process_start_time": 1767884303.083158,
  "process_end_time": 1767884360.4498212,
  "total_elapsed_time_seconds": 57.37,
  "rounds_time_stats": {
    "round_1": 23.36,
    "round_2": 34.0
  }
}