{
  "process_start_time": 1768552346.1037445,
  "process_end_time": 1768552713.2230291,
  "total_elapsed_time_seconds": 367.12,
  "rounds_time_stats": {
    "round_1": 30.62,
    "round_2": 137.82,
    "round_3": 36.89,
    "round_4": 74.86,
    "round_5": 34.19,
    "round_6": 52.74
  }
}