{
  "process_start_time": 1767890644.1014922,
  "process_end_time": 1767890691.8552165,
  "total_elapsed_time_seconds": 47.75,
  "rounds_time_stats": {
    "round_1": 47.7
  }
}