{
  "process_start_time": 1767685407.2028148,
  "process_end_time": 1767685663.040643,
  "total_elapsed_time_seconds": 255.84,
  "rounds_time_stats": {
    "round_1": 46.63,
    "round_2": 47.72,
    "round_3": 42.55,
    "round_4": 43.1,
    "round_5": 45.88,
    "round_6": 29.95
  }
}