{
  "process_start_time": 1767886252.0922625,
  "process_end_time": 1767886366.2375038,
  "total_elapsed_time_seconds": 114.15,
  "rounds_time_stats": {
    "round_1": 23.63,
    "round_2": 26.61,
    "round_3": 20.65,
    "round_4": 23.37,
    "round_5": 19.43,
    "round_6": 0.45
  }
}