{
  "process_start_time": 1767885786.0305946,
  "process_end_time": 1767885830.9140713,
  "total_elapsed_time_seconds": 44.88,
  "rounds_time_stats": {
    "round_1": 28.57,
    "round_2": 16.31
  }
}