{
  "process_start_time": 1767682672.7004628,
  "process_end_time": 1767682964.4722002,
  "total_elapsed_time_seconds": 291.77,
  "rounds_time_stats": {
    "round_1": 44.07,
    "round_2": 46.67,
    "round_3": 45.38,
    "round_4": 43.13,
    "round_5": 51.37,
    "round_6": 61.15
  }
}