{
  "process_start_time": 1768117096.9515917,
  "process_end_time": 1768117362.122325,
  "total_elapsed_time_seconds": 265.17,
  "rounds_time_stats": {
    "round_1": 49.36,
    "round_2": 48.59,
    "round_3": 46.59,
    "round_4": 36.55,
    "round_5": 40.01,
    "round_6": 44.07
  }
}