{
  "process_start_time": 1768117241.8501096,
  "process_end_time": 1768117542.0657773,
  "total_elapsed_time_seconds": 300.22,
  "rounds_time_stats": {
    "round_1": 37.37,
    "round_2": 51.7,
    "round_3": 64.6,
    "round_4": 49.22,
    "round_5": 46.63,
    "round_6": 50.7
  }
}