{
  "process_start_time": 1767682370.3217022,
  "process_end_time": 1767682442.9908578,
  "total_elapsed_time_seconds": 72.67,
  "rounds_time_stats": {
    "round_1": 72.59
  }
}