{
  "process_start_time": 1768554749.262152,
  "process_end_time": 1768554905.3268757,
  "total_elapsed_time_seconds": 156.06,
  "rounds_time_stats": {
    "round_1": 26.83,
    "round_2": 24.73,
    "round_3": 25.47,
    "round_4": 21.88,
    "round_5": 27.11,
    "round_6": 30.04
  }
}