{
  "process_start_time": 1768748587.760117,
  "process_end_time": 1768748701.386059,
  "total_elapsed_time_seconds": 113.63,
  "rounds_time_stats": {
    "round_1": 18.33,
    "round_2": 17.5,
    "round_3": 16.38,
    "round_4": 25.59,
    "round_5": 17.92,
    "round_6": 17.89
  }
}