{
  "process_start_time": 1767882955.4237862,
  "process_end_time": 1767883077.3365936,
  "total_elapsed_time_seconds": 121.91,
  "rounds_time_stats": {
    "round_1": 21.31,
    "round_2": 16.15,
    "round_3": 21.29,
    "round_4": 18.75,
    "round_5": 18.79,
    "round_6": 25.61
  }
}