{
  "process_start_time": 1767884116.7314253,
  "process_end_time": 1767884130.0289748,
  "total_elapsed_time_seconds": 13.3,
  "rounds_time_stats": {
    "round_1": 13.29
  }
}