{
  "process_start_time": 1768551753.4236052,
  "process_end_time": 1768551910.881315,
  "total_elapsed_time_seconds": 157.46,
  "rounds_time_stats": {
    "round_1": 28.68,
    "round_2": 28.19,
    "round_3": 25.96,
    "round_4": 21.94,
    "round_5": 27.14,
    "round_6": 25.56
  }
}