{
  "process_start_time": 1767977839.9711294,
  "process_end_time": 1767978021.6653812,
  "total_elapsed_time_seconds": 181.69,
  "rounds_time_stats": {
    "round_1": 31.91,
    "round_2": 29.73,
    "round_3": 32.91,
    "round_4": 32.46,
    "round_5": 30.03,
    "round_6": 24.66
  }
}