{
  "process_start_time": 1768108240.846154,
  "process_end_time": 1768108520.2808123,
  "total_elapsed_time_seconds": 279.43,
  "rounds_time_stats": {
    "round_1": 42.86,
    "round_2": 51.14,
    "round_3": 37.88,
    "round_4": 45.67,
    "round_5": 57.49,
    "round_6": 44.39
  }
}