{
  "process_start_time": 1767885835.3237853,
  "process_end_time": 1767885853.3665166,
  "total_elapsed_time_seconds": 18.04,
  "rounds_time_stats": {
    "round_1": 18.04
  }
}