{
  "process_start_time": 1767890242.8141444,
  "process_end_time": 1767890281.6826158,
  "total_elapsed_time_seconds": 38.87,
  "rounds_time_stats": {
    "round_1": 18.62,
    "round_2": 20.24
  }
}