{
  "process_start_time": 1768108677.534867,
  "process_end_time": 1768108927.253303,
  "total_elapsed_time_seconds": 249.72,
  "rounds_time_stats": {
    "round_1": 42.79,
    "round_2": 37.4,
    "round_3": 44.14,
    "round_4": 45.93,
    "round_5": 33.8,
    "round_6": 45.65
  }
}