{
  "process_start_time": 1768114739.568341,
  "process_end_time": 1768115038.7336302,
  "total_elapsed_time_seconds": 299.17,
  "rounds_time_stats": {
    "round_1": 49.73,
    "round_2": 41.81,
    "round_3": 45.78,
    "round_4": 70.2,
    "round_5": 47.08,
    "round_6": 44.57
  }
}