{
  "process_start_time": 1767977458.8148978,
  "process_end_time": 1767977647.8028102,
  "total_elapsed_time_seconds": 188.99,
  "rounds_time_stats": {
    "round_1": 30.72,
    "round_2": 31.98,
    "round_3": 32.91,
    "round_4": 28.11,
    "round_5": 32.53,
    "round_6": 32.73
  }
}