{
  "process_start_time": 1767689492.285807,
  "process_end_time": 1767689761.2294748,
  "total_elapsed_time_seconds": 268.94,
  "rounds_time_stats": {
    "round_1": 44.6,
    "round_2": 45.22,
    "round_3": 45.8,
    "round_4": 43.05,
    "round_5": 43.73,
    "round_6": 46.55
  }
}