{
  "process_start_time": 1767979045.1438053,
  "process_end_time": 1767979218.7939663,
  "total_elapsed_time_seconds": 173.65,
  "rounds_time_stats": {
    "round_1": 31.34,
    "round_2": 28.17,
    "round_3": 24.45,
    "round_4": 29.31,
    "round_5": 30.89,
    "round_6": 29.49
  }
}