{
  "process_start_time": 1767691407.0482426,
  "process_end_time": 1767691625.6058774,
  "total_elapsed_time_seconds": 218.56,
  "rounds_time_stats": {
    "round_1": 68.94,
    "round_2": 25.12,
    "round_3": 32.73,
    "round_4": 28.37,
    "round_5": 33.66,
    "round_6": 29.73
  }
}