{
  "process_start_time": 1767886617.5390797,
  "process_end_time": 1767886640.609869,
  "total_elapsed_time_seconds": 23.07,
  "rounds_time_stats": {
    "round_1": 23.07
  }
}