{
  "process_start_time": 1768551264.8166578,
  "process_end_time": 1768551435.931771,
  "total_elapsed_time_seconds": 171.12,
  "rounds_time_stats": {
    "round_1": 28.88,
    "round_2": 28.73,
    "round_3": 28.93,
    "round_4": 28.83,
    "round_5": 27.04,
    "round_6": 28.7
  }
}