{
  "process_start_time": 1768555137.7115858,
  "process_end_time": 1768555318.7701535,
  "total_elapsed_time_seconds": 181.06,
  "rounds_time_stats": {
    "round_1": 29.59,
    "round_2": 38.24,
    "round_3": 28.78,
    "round_4": 28.43,
    "round_5": 27.26,
    "round_6": 28.75
  }
}