{
  "process_start_time": 1767676079.720148,
  "process_end_time": 1767676361.316246,
  "total_elapsed_time_seconds": 281.6,
  "rounds_time_stats": {
    "round_1": 47.7,
    "round_2": 45.84,
    "round_3": 46.82,
    "round_4": 44.93,
    "round_5": 48.12,
    "round_6": 48.17
  }
}