{
  "process_start_time": 1767685516.2186146,
  "process_end_time": 1767685804.7846315,
  "total_elapsed_time_seconds": 288.57,
  "rounds_time_stats": {
    "round_1": 45.9,
    "round_2": 42.28,
    "round_3": 47.91,
    "round_4": 45.21,
    "round_5": 63.61,
    "round_6": 43.65
  }
}