{
  "process_start_time": 1767976689.9157689,
  "process_end_time": 1767976870.9377494,
  "total_elapsed_time_seconds": 181.02,
  "rounds_time_stats": {
    "round_1": 30.86,
    "round_2": 30.16,
    "round_3": 24.45,
    "round_4": 30.43,
    "round_5": 31.99,
    "round_6": 33.13
  }
}