{
  "process_start_time": 1767976280.9358199,
  "process_end_time": 1767976545.9450693,
  "total_elapsed_time_seconds": 265.01,
  "rounds_time_stats": {
    "round_1": 39.9,
    "round_2": 50.23,
    "round_3": 38.77,
    "round_4": 51.16,
    "round_5": 38.37,
    "round_6": 46.57
  }
}