{
  "process_start_time": 1767886080.1939604,
  "process_end_time": 1767886230.4690502,
  "total_elapsed_time_seconds": 150.28,
  "rounds_time_stats": {
    "round_1": 58.68,
    "round_2": 34.25,
    "round_3": 31.0,
    "round_4": 26.33
  }
}