{
  "process_start_time": 1767683468.053289,
  "process_end_time": 1767683779.447929,
  "total_elapsed_time_seconds": 311.39,
  "rounds_time_stats": {
    "round_1": 37.95,
    "round_2": 54.38,
    "round_3": 51.26,
    "round_4": 57.23,
    "round_5": 63.63,
    "round_6": 46.94
  }
}