{
  "process_start_time": 1767887304.1142762,
  "process_end_time": 1767887336.4356542,
  "total_elapsed_time_seconds": 32.32,
  "rounds_time_stats": {
    "round_1": 32.32
  }
}