{
  "process_start_time": 1767884356.39391,
  "process_end_time": 1767884376.0807037,
  "total_elapsed_time_seconds": 19.69,
  "rounds_time_stats": {
    "round_1": 19.68
  }
}