{
  "process_start_time": 1768555869.3695621,
  "process_end_time": 1768556021.0115492,
  "total_elapsed_time_seconds": 151.64,
  "rounds_time_stats": {
    "round_1": 29.6,
    "round_2": 21.49,
    "round_3": 28.03,
    "round_4": 26.43,
    "round_5": 21.96,
    "round_6": 24.13
  }
}