{
  "process_start_time": 1767683863.3461068,
  "process_end_time": 1767684151.7098083,
  "total_elapsed_time_seconds": 288.36,
  "rounds_time_stats": {
    "round_1": 52.13,
    "round_2": 44.86,
    "round_3": 49.12,
    "round_4": 47.75,
    "round_5": 45.05,
    "round_6": 49.45
  }
}