{
  "process_start_time": 1767889762.337676,
  "process_end_time": 1767889839.5578008,
  "total_elapsed_time_seconds": 77.22,
  "rounds_time_stats": {
    "round_1": 18.24,
    "round_2": 24.77,
    "round_3": 34.2
  }
}