{
  "process_start_time": 1767883277.0014572,
  "process_end_time": 1767883340.5624652,
  "total_elapsed_time_seconds": 63.56,
  "rounds_time_stats": {
    "round_1": 27.21,
    "round_2": 36.34
  }
}