{
  "process_start_time": 1767883541.5085084,
  "process_end_time": 1767883557.6837075,
  "total_elapsed_time_seconds": 16.18,
  "rounds_time_stats": {
    "round_1": 16.17
  }
}