{
  "process_start_time": 1767685815.207201,
  "process_end_time": 1767686048.1433618,
  "total_elapsed_time_seconds": 232.94,
  "rounds_time_stats": {
    "round_1": 46.93,
    "round_2": 43.65,
    "round_3": 42.23,
    "round_4": 41.25,
    "round_5": 30.32,
    "round_6": 28.55
  }
}