{
  "process_start_time": 1767890213.7899086,
  "process_end_time": 1767890226.5715146,
  "total_elapsed_time_seconds": 12.78,
  "rounds_time_stats": {
    "round_1": 12.78
  }
}