{
  "process_start_time": 1767885908.9177263,
  "process_end_time": 1767885975.577149,
  "total_elapsed_time_seconds": 66.66,
  "rounds_time_stats": {
    "round_1": 19.63,
    "round_2": 23.44,
    "round_3": 23.59
  }
}