{
  "process_start_time": 1768556657.4291177,
  "process_end_time": 1768556818.0873551,
  "total_elapsed_time_seconds": 160.66,
  "rounds_time_stats": {
    "round_1": 26.68,
    "round_2": 23.07,
    "round_3": 28.42,
    "round_4": 27.75,
    "round_5": 27.71,
    "round_6": 27.03
  }
}