{
  "process_start_time": 1768115771.1165524,
  "process_end_time": 1768116041.059166,
  "total_elapsed_time_seconds": 269.94,
  "rounds_time_stats": {
    "round_1": 46.44,
    "round_2": 42.61,
    "round_3": 37.48,
    "round_4": 49.08,
    "round_5": 48.14,
    "round_6": 46.19
  }
}