{
  "process_start_time": 1767970266.0628395,
  "process_end_time": 1767970948.0787551,
  "total_elapsed_time_seconds": 682.02,
  "rounds_time_stats": {
    "round_1": 95.21,
    "round_2": 170.52,
    "round_3": 64.65,
    "round_4": 76.39,
    "round_5": 112.84,
    "round_6": 162.4
  }
}