{
  "process_start_time": 1767680983.678556,
  "process_end_time": 1767681236.968224,
  "total_elapsed_time_seconds": 253.29,
  "rounds_time_stats": {
    "round_1": 36.22,
    "round_2": 47.15,
    "round_3": 45.0,
    "round_4": 33.24,
    "round_5": 49.21,
    "round_6": 42.48
  }
}