{
  "process_start_time": 1768556764.59543,
  "process_end_time": 1768556806.2747638,
  "total_elapsed_time_seconds": 41.68,
  "rounds_time_stats": {
    "round_1": 41.65
  }
}