{
  "process_start_time": 1768552624.8088486,
  "process_end_time": 1768552807.8063116,
  "total_elapsed_time_seconds": 183.0,
  "rounds_time_stats": {
    "round_1": 33.98,
    "round_2": 27.41,
    "round_3": 24.91,
    "round_4": 29.59,
    "round_5": 18.22,
    "round_6": 48.9
  }
}