{
  "process_start_time": 1768114491.788039,
  "process_end_time": 1768114723.2634346,
  "total_elapsed_time_seconds": 231.48,
  "rounds_time_stats": {
    "round_1": 23.95,
    "round_2": 30.81,
    "round_3": 28.6,
    "round_4": 43.63,
    "round_5": 52.23,
    "round_6": 52.26
  }
}