{
  "process_start_time": 1767678385.616765,
  "process_end_time": 1767678616.078538,
  "total_elapsed_time_seconds": 230.46,
  "rounds_time_stats": {
    "round_1": 53.43,
    "round_2": 41.12,
    "round_3": 31.22,
    "round_4": 35.48,
    "round_5": 38.88,
    "round_6": 30.33
  }
}