{
  "process_start_time": 1768551592.4986942,
  "process_end_time": 1768551753.6474187,
  "total_elapsed_time_seconds": 161.15,
  "rounds_time_stats": {
    "round_1": 28.4,
    "round_2": 29.64,
    "round_3": 25.89,
    "round_4": 29.74,
    "round_5": 22.36,
    "round_6": 25.12
  }
}