{
  "process_start_time": 1767887348.1828802,
  "process_end_time": 1767887376.630922,
  "total_elapsed_time_seconds": 28.45,
  "rounds_time_stats": {
    "round_1": 28.43
  }
}