{
  "process_start_time": 1767883240.3235495,
  "process_end_time": 1767883261.5681448,
  "total_elapsed_time_seconds": 21.24,
  "rounds_time_stats": {
    "round_1": 21.24
  }
}