{
  "process_start_time": 1768114733.8137362,
  "process_end_time": 1768115010.4250777,
  "total_elapsed_time_seconds": 276.61,
  "rounds_time_stats": {
    "round_1": 36.63,
    "round_2": 44.11,
    "round_3": 47.27,
    "round_4": 49.55,
    "round_5": 49.88,
    "round_6": 49.17
  }
}