{
  "process_start_time": 1767888295.071403,
  "process_end_time": 1767888423.4625392,
  "total_elapsed_time_seconds": 128.39,
  "rounds_time_stats": {
    "round_1": 20.15,
    "round_2": 16.81,
    "round_3": 21.96,
    "round_4": 22.05,
    "round_5": 23.49,
    "round_6": 23.93
  }
}