{
  "process_start_time": 1768108269.5874665,
  "process_end_time": 1768108537.272484,
  "total_elapsed_time_seconds": 267.69,
  "rounds_time_stats": {
    "round_1": 43.29,
    "round_2": 42.82,
    "round_3": 46.15,
    "round_4": 45.19,
    "round_5": 42.66,
    "round_6": 47.57
  }
}