{
  "process_start_time": 1767887293.6112711,
  "process_end_time": 1767887352.7567022,
  "total_elapsed_time_seconds": 59.15,
  "rounds_time_stats": {
    "round_1": 27.69,
    "round_2": 31.45
  }
}