{
  "process_start_time": 1767886680.938568,
  "process_end_time": 1767886767.296105,
  "total_elapsed_time_seconds": 86.36,
  "rounds_time_stats": {
    "round_1": 17.24,
    "round_2": 15.2,
    "round_3": 14.65,
    "round_4": 13.62,
    "round_5": 14.79,
    "round_6": 10.85
  }
}