{
  "process_start_time": 1767885261.6219249,
  "process_end_time": 1767885300.5971255,
  "total_elapsed_time_seconds": 38.98,
  "rounds_time_stats": {
    "round_1": 13.84,
    "round_2": 25.13
  }
}