{
  "process_start_time": 1768109207.853431,
  "process_end_time": 1768109491.0656514,
  "total_elapsed_time_seconds": 283.21,
  "rounds_time_stats": {
    "round_1": 36.26,
    "round_2": 49.28,
    "round_3": 42.26,
    "round_4": 46.78,
    "round_5": 64.79,
    "round_6": 43.84
  }
}