{
  "process_start_time": 1767885584.145549,
  "process_end_time": 1767885723.916506,
  "total_elapsed_time_seconds": 139.77,
  "rounds_time_stats": {
    "round_1": 20.73,
    "round_2": 32.09,
    "round_3": 17.72,
    "round_4": 24.99,
    "round_5": 20.86,
    "round_6": 23.38
  }
}