{
  "process_start_time": 1767884328.224972,
  "process_end_time": 1767884377.015674,
  "total_elapsed_time_seconds": 48.79,
  "rounds_time_stats": {
    "round_1": 22.92,
    "round_2": 25.86
  }
}