{
  "process_start_time": 1767890384.4991193,
  "process_end_time": 1767890429.5762627,
  "total_elapsed_time_seconds": 45.08,
  "rounds_time_stats": {
    "round_1": 21.38,
    "round_2": 23.69
  }
}