{
  "process_start_time": 1767890219.4914138,
  "process_end_time": 1767890229.0783286,
  "total_elapsed_time_seconds": 9.59,
  "rounds_time_stats": {
    "round_1": 9.58
  }
}