{
  "process_start_time": 1767691931.8095648,
  "process_end_time": 1767692205.1010773,
  "total_elapsed_time_seconds": 273.29,
  "rounds_time_stats": {
    "round_1": 51.44,
    "round_2": 48.13,
    "round_3": 41.33,
    "round_4": 47.52,
    "round_5": 43.56,
    "round_6": 41.31
  }
}