{
  "process_start_time": 1768109368.1173291,
  "process_end_time": 1768109588.6648583,
  "total_elapsed_time_seconds": 220.55,
  "rounds_time_stats": {
    "round_1": 48.38,
    "round_2": 38.45,
    "round_3": 37.07,
    "round_4": 33.3,
    "round_5": 30.01,
    "round_6": 33.34
  }
}