{
  "process_start_time": 1767688464.8381178,
  "process_end_time": 1767688758.3020124,
  "total_elapsed_time_seconds": 293.46,
  "rounds_time_stats": {
    "round_1": 42.44,
    "round_2": 51.12,
    "round_3": 49.57,
    "round_4": 48.79,
    "round_5": 50.27,
    "round_6": 51.26
  }
}