{
  "process_start_time": 1767675999.663022,
  "process_end_time": 1767676281.222934,
  "total_elapsed_time_seconds": 281.56,
  "rounds_time_stats": {
    "round_1": 44.27,
    "round_2": 32.17,
    "round_3": 49.83,
    "round_4": 64.29,
    "round_5": 45.53,
    "round_6": 45.47
  }
}