{
  "process_start_time": 1767675475.97333,
  "process_end_time": 1767675762.360731,
  "total_elapsed_time_seconds": 286.39,
  "rounds_time_stats": {
    "round_1": 71.75,
    "round_2": 39.44,
    "round_3": 38.66,
    "round_4": 40.62,
    "round_5": 54.08,
    "round_6": 41.82
  }
}