{
  "process_start_time": 1767975136.256359,
  "process_end_time": 1767975283.4318793,
  "total_elapsed_time_seconds": 147.18,
  "rounds_time_stats": {
    "round_1": 16.03,
    "round_2": 23.06,
    "round_3": 26.94,
    "round_4": 26.3,
    "round_5": 27.47,
    "round_6": 27.37
  }
}