{
  "process_start_time": 1767975942.926549,
  "process_end_time": 1767976124.3875427,
  "total_elapsed_time_seconds": 181.46,
  "rounds_time_stats": {
    "round_1": 26.97,
    "round_2": 23.3,
    "round_3": 39.5,
    "round_4": 31.46,
    "round_5": 29.1,
    "round_6": 31.13
  }
}