{
  "process_start_time": 1767686727.6038313,
  "process_end_time": 1767687025.300779,
  "total_elapsed_time_seconds": 297.7,
  "rounds_time_stats": {
    "round_1": 78.03,
    "round_2": 45.11,
    "round_3": 47.93,
    "round_4": 42.66,
    "round_5": 44.5,
    "round_6": 39.48
  }
}