{
  "process_start_time": 1767889943.5291145,
  "process_end_time": 1767889957.025238,
  "total_elapsed_time_seconds": 13.5,
  "rounds_time_stats": {
    "round_1": 13.49
  }
}