{
  "process_start_time": 1767885289.6582224,
  "process_end_time": 1767885444.4883296,
  "total_elapsed_time_seconds": 154.83,
  "rounds_time_stats": {
    "round_1": 25.82,
    "round_2": 20.38,
    "round_3": 24.99,
    "round_4": 24.5,
    "round_5": 20.06,
    "round_6": 39.09
  }
}