{
  "process_start_time": 1768550948.631671,
  "process_end_time": 1768551194.88742,
  "total_elapsed_time_seconds": 246.26,
  "rounds_time_stats": {
    "round_1": 59.21,
    "round_2": 42.98,
    "round_3": 42.69,
    "round_4": 41.87,
    "round_5": 29.23,
    "round_6": 30.28
  }
}