{
  "process_start_time": 1767890297.4880397,
  "process_end_time": 1767890309.0154648,
  "total_elapsed_time_seconds": 11.53,
  "rounds_time_stats": {
    "round_1": 11.52
  }
}