{
  "process_start_time": 1767683284.2246087,
  "process_end_time": 1767683545.2107685,
  "total_elapsed_time_seconds": 260.99,
  "rounds_time_stats": {
    "round_1": 43.38,
    "round_2": 46.47,
    "round_3": 49.46,
    "round_4": 47.15,
    "round_5": 40.33,
    "round_6": 34.2
  }
}