{
  "process_start_time": 1767883279.809348,
  "process_end_time": 1767883345.109526,
  "total_elapsed_time_seconds": 65.3,
  "rounds_time_stats": {
    "round_1": 30.98,
    "round_2": 34.31
  }
}