{
  "process_start_time": 1767679435.5346463,
  "process_end_time": 1767679718.6445618,
  "total_elapsed_time_seconds": 283.11,
  "rounds_time_stats": {
    "round_1": 34.95,
    "round_2": 48.8,
    "round_3": 44.66,
    "round_4": 43.47,
    "round_5": 47.53,
    "round_6": 63.7
  }
}