{
  "process_start_time": 1767890590.8605077,
  "process_end_time": 1767890654.1118116,
  "total_elapsed_time_seconds": 63.25,
  "rounds_time_stats": {
    "round_1": 17.38,
    "round_2": 20.64,
    "round_3": 24.88,
    "round_4": 0.36
  }
}