{
  "process_start_time": 1768116959.1226695,
  "process_end_time": 1768117255.9873726,
  "total_elapsed_time_seconds": 296.86,
  "rounds_time_stats": {
    "round_1": 44.97,
    "round_2": 46.08,
    "round_3": 63.85,
    "round_4": 48.47,
    "round_5": 48.14,
    "round_6": 45.36
  }
}