{
  "process_start_time": 1767975933.4367902,
  "process_end_time": 1767976101.7239902,
  "total_elapsed_time_seconds": 168.29,
  "rounds_time_stats": {
    "round_1": 23.49,
    "round_2": 33.59,
    "round_3": 27.16,
    "round_4": 28.89,
    "round_5": 24.6,
    "round_6": 30.56
  }
}