{
  "process_start_time": 1767686815.895658,
  "process_end_time": 1767687128.0532103,
  "total_elapsed_time_seconds": 312.16,
  "rounds_time_stats": {
    "round_1": 49.97,
    "round_2": 45.39,
    "round_3": 46.65,
    "round_4": 42.41,
    "round_5": 46.01,
    "round_6": 81.73
  }
}