{
  "process_start_time": 1768108727.949197,
  "process_end_time": 1768108992.3936706,
  "total_elapsed_time_seconds": 264.44,
  "rounds_time_stats": {
    "round_1": 46.97,
    "round_2": 42.29,
    "round_3": 49.09,
    "round_4": 45.09,
    "round_5": 46.28,
    "round_6": 34.73
  }
}