{
  "process_start_time": 1767687606.3441277,
  "process_end_time": 1767687862.1582532,
  "total_elapsed_time_seconds": 255.81,
  "rounds_time_stats": {
    "round_1": 40.73,
    "round_2": 45.86,
    "round_3": 46.84,
    "round_4": 44.77,
    "round_5": 30.65,
    "round_6": 46.96
  }
}