{
  "process_start_time": 1767889825.4880674,
  "process_end_time": 1767889836.808494,
  "total_elapsed_time_seconds": 11.32,
  "rounds_time_stats": {
    "round_1": 11.32
  }
}