{
  "process_start_time": 1767883831.6222122,
  "process_end_time": 1767883875.7294233,
  "total_elapsed_time_seconds": 44.11,
  "rounds_time_stats": {
    "round_1": 15.34,
    "round_2": 28.77
  }
}