{
  "process_start_time": 1767976777.7379804,
  "process_end_time": 1767976960.8112714,
  "total_elapsed_time_seconds": 183.07,
  "rounds_time_stats": {
    "round_1": 28.83,
    "round_2": 31.24,
    "round_3": 32.3,
    "round_4": 31.0,
    "round_5": 29.6,
    "round_6": 30.1
  }
}