{
  "process_start_time": 1767886656.1488504,
  "process_end_time": 1767886681.4661984,
  "total_elapsed_time_seconds": 25.32,
  "rounds_time_stats": {
    "round_1": 25.3
  }
}