{
  "process_start_time": 1767889969.0323293,
  "process_end_time": 1767890050.995715,
  "total_elapsed_time_seconds": 81.96,
  "rounds_time_stats": {
    "round_1": 14.94,
    "round_2": 11.4,
    "round_3": 12.84,
    "round_4": 11.05,
    "round_5": 14.51,
    "round_6": 17.22
  }
}