{
  "process_start_time": 1767890301.8913884,
  "process_end_time": 1767890311.3991578,
  "total_elapsed_time_seconds": 9.51,
  "rounds_time_stats": {
    "round_1": 9.51
  }
}