{
  "process_start_time": 1767683884.4192858,
  "process_end_time": 1767684168.247631,
  "total_elapsed_time_seconds": 283.83,
  "rounds_time_stats": {
    "round_1": 51.25,
    "round_2": 38.18,
    "round_3": 48.52,
    "round_4": 49.62,
    "round_5": 45.55,
    "round_6": 50.72
  }
}