{
  "process_start_time": 1767884236.2471986,
  "process_end_time": 1767884257.2327216,
  "total_elapsed_time_seconds": 20.99,
  "rounds_time_stats": {
    "round_1": 20.98
  }
}