{
  "process_start_time": 1767890615.644279,
  "process_end_time": 1767890758.7203095,
  "total_elapsed_time_seconds": 143.08,
  "rounds_time_stats": {
    "round_1": 19.93,
    "round_2": 27.65,
    "round_3": 20.88,
    "round_4": 25.19,
    "round_5": 26.53,
    "round_6": 22.89
  }
}