{
  "process_start_time": 1767889709.5640247,
  "process_end_time": 1767889779.2442214,
  "total_elapsed_time_seconds": 69.68,
  "rounds_time_stats": {
    "round_1": 9.09,
    "round_2": 10.35,
    "round_3": 9.86,
    "round_4": 15.72,
    "round_5": 10.51,
    "round_6": 14.16
  }
}