{
  "process_start_time": 1768556173.6136422,
  "process_end_time": 1768556361.3001804,
  "total_elapsed_time_seconds": 187.69,
  "rounds_time_stats": {
    "round_1": 25.23,
    "round_2": 29.55,
    "round_3": 41.7,
    "round_4": 35.39,
    "round_5": 30.13,
    "round_6": 25.68
  }
}