{
  "process_start_time": 1767886275.8652937,
  "process_end_time": 1767886307.6799824,
  "total_elapsed_time_seconds": 31.81,
  "rounds_time_stats": {
    "round_1": 31.81
  }
}