{
  "process_start_time": 1767973270.7927654,
  "process_end_time": 1767973450.8423748,
  "total_elapsed_time_seconds": 180.05,
  "rounds_time_stats": {
    "round_1": 24.8,
    "round_2": 27.04,
    "round_3": 32.93,
    "round_4": 34.35,
    "round_5": 30.6,
    "round_6": 30.33
  }
}