{
  "process_start_time": 1768555226.2702186,
  "process_end_time": 1768555384.1926517,
  "total_elapsed_time_seconds": 157.92,
  "rounds_time_stats": {
    "round_1": 27.52,
    "round_2": 23.86,
    "round_3": 21.65,
    "round_4": 27.83,
    "round_5": 29.54,
    "round_6": 27.52
  }
}