{
  "process_start_time": 1767885043.832197,
  "process_end_time": 1767885080.4488463,
  "total_elapsed_time_seconds": 36.62,
  "rounds_time_stats": {
    "round_1": 16.46,
    "round_2": 20.16
  }
}