{
  "process_start_time": 1767884142.531803,
  "process_end_time": 1767884198.5363307,
  "total_elapsed_time_seconds": 56.0,
  "rounds_time_stats": {
    "round_1": 24.39,
    "round_2": 31.61
  }
}