{
  "process_start_time": 1767885457.0738482,
  "process_end_time": 1767885598.5828218,
  "total_elapsed_time_seconds": 141.51,
  "rounds_time_stats": {
    "round_1": 22.39,
    "round_2": 20.51,
    "round_3": 22.32,
    "round_4": 24.91,
    "round_5": 22.89,
    "round_6": 28.49
  }
}