{
  "process_start_time": 1767888081.716487,
  "process_end_time": 1767888295.278697,
  "total_elapsed_time_seconds": 213.56,
  "rounds_time_stats": {
    "round_1": 30.94,
    "round_2": 35.09,
    "round_3": 36.95,
    "round_4": 33.35,
    "round_5": 38.97,
    "round_6": 38.26
  }
}