{
  "process_start_time": 1767884694.1000946,
  "process_end_time": 1767884718.464391,
  "total_elapsed_time_seconds": 24.36,
  "rounds_time_stats": {
    "round_1": 24.34
  }
}