{
  "process_start_time": 1767969485.5404162,
  "process_end_time": 1767969796.9048362,
  "total_elapsed_time_seconds": 311.36,
  "rounds_time_stats": {
    "round_1": 32.37,
    "round_2": 57.03,
    "round_3": 50.23,
    "round_4": 39.65,
    "round_5": 66.01,
    "round_6": 66.07
  }
}