{
  "process_start_time": 1767682687.7207904,
  "process_end_time": 1767682965.8291583,
  "total_elapsed_time_seconds": 278.11,
  "rounds_time_stats": {
    "round_1": 45.41,
    "round_2": 42.98,
    "round_3": 48.07,
    "round_4": 46.82,
    "round_5": 48.66,
    "round_6": 46.17
  }
}