{
  "process_start_time": 1767883824.2309504,
  "process_end_time": 1767884032.1996384,
  "total_elapsed_time_seconds": 207.97,
  "rounds_time_stats": {
    "round_1": 31.63,
    "round_2": 27.52,
    "round_3": 35.47,
    "round_4": 32.66,
    "round_5": 39.4,
    "round_6": 41.29
  }
}