{
  "process_start_time": 1767883173.2630928,
  "process_end_time": 1767883219.2786694,
  "total_elapsed_time_seconds": 46.02,
  "rounds_time_stats": {
    "round_1": 22.89,
    "round_2": 22.78,
    "round_3": 0.34
  }
}