{
  "process_start_time": 1767888261.2666194,
  "process_end_time": 1767888413.0652506,
  "total_elapsed_time_seconds": 151.8,
  "rounds_time_stats": {
    "round_1": 22.26,
    "round_2": 23.04,
    "round_3": 27.83,
    "round_4": 29.9,
    "round_5": 20.7,
    "round_6": 28.06
  }
}