{
  "process_start_time": 1767976379.7900267,
  "process_end_time": 1767976556.8778918,
  "total_elapsed_time_seconds": 177.09,
  "rounds_time_stats": {
    "round_1": 30.06,
    "round_2": 29.48,
    "round_3": 29.3,
    "round_4": 31.51,
    "round_5": 26.8,
    "round_6": 29.93
  }
}