{
  "process_start_time": 1767679718.645504,
  "process_end_time": 1767679968.6111398,
  "total_elapsed_time_seconds": 249.97,
  "rounds_time_stats": {
    "round_1": 44.37,
    "round_2": 50.37,
    "round_3": 59.84,
    "round_4": 29.62,
    "round_5": 33.29,
    "round_6": 32.47
  }
}