{
  "process_start_time": 1767884818.232172,
  "process_end_time": 1767884877.4372656,
  "total_elapsed_time_seconds": 59.21,
  "rounds_time_stats": {
    "round_1": 16.18,
    "round_2": 15.63,
    "round_3": 27.39
  }
}