{
  "process_start_time": 1767884256.8640003,
  "process_end_time": 1767884334.6312904,
  "total_elapsed_time_seconds": 77.77,
  "rounds_time_stats": {
    "round_1": 26.78,
    "round_2": 50.98
  }
}