{
  "process_start_time": 1768115611.3265162,
  "process_end_time": 1768115863.253668,
  "total_elapsed_time_seconds": 251.93,
  "rounds_time_stats": {
    "round_1": 44.07,
    "round_2": 42.13,
    "round_3": 31.26,
    "round_4": 42.97,
    "round_5": 44.3,
    "round_6": 47.2
  }
}