{
  "process_start_time": 1768108299.2695804,
  "process_end_time": 1768108566.9333026,
  "total_elapsed_time_seconds": 267.66,
  "rounds_time_stats": {
    "round_1": 34.72,
    "round_2": 38.56,
    "round_3": 60.44,
    "round_4": 42.04,
    "round_5": 45.44,
    "round_6": 46.46
  }
}