{
  "process_start_time": 1768108520.2817795,
  "process_end_time": 1768108775.6012459,
  "total_elapsed_time_seconds": 255.32,
  "rounds_time_stats": {
    "round_1": 39.45,
    "round_2": 33.56,
    "round_3": 28.3,
    "round_4": 40.8,
    "round_5": 48.69,
    "round_6": 64.51
  }
}