{
  "process_start_time": 1767689056.0539863,
  "process_end_time": 1767689356.2964454,
  "total_elapsed_time_seconds": 300.24,
  "rounds_time_stats": {
    "round_1": 38.0,
    "round_2": 40.1,
    "round_3": 46.61,
    "round_4": 76.28,
    "round_5": 51.14,
    "round_6": 48.11
  }
}