{
  "process_start_time": 1767884629.8395102,
  "process_end_time": 1767884748.4759936,
  "total_elapsed_time_seconds": 118.64,
  "rounds_time_stats": {
    "round_1": 16.77,
    "round_2": 24.62,
    "round_3": 18.55,
    "round_4": 27.56,
    "round_5": 14.59,
    "round_6": 16.55
  }
}