{
  "process_start_time": 1768114487.0028389,
  "process_end_time": 1768114733.8126752,
  "total_elapsed_time_seconds": 246.81,
  "rounds_time_stats": {
    "round_1": 43.99,
    "round_2": 31.24,
    "round_3": 49.6,
    "round_4": 33.95,
    "round_5": 35.9,
    "round_6": 52.12
  }
}