{
  "process_start_time": 1767678601.0236576,
  "process_end_time": 1767678870.5975604,
  "total_elapsed_time_seconds": 269.57,
  "rounds_time_stats": {
    "round_1": 36.94,
    "round_2": 49.63,
    "round_3": 40.96,
    "round_4": 45.47,
    "round_5": 50.11,
    "round_6": 46.47
  }
}