{
  "process_start_time": 1767975304.7847934,
  "process_end_time": 1767975482.0176845,
  "total_elapsed_time_seconds": 177.23,
  "rounds_time_stats": {
    "round_1": 21.77,
    "round_2": 27.58,
    "round_3": 34.59,
    "round_4": 40.63,
    "round_5": 27.45,
    "round_6": 25.22
  }
}