{
  "process_start_time": 1767676511.7627952,
  "process_end_time": 1767676800.296305,
  "total_elapsed_time_seconds": 288.53,
  "rounds_time_stats": {
    "round_1": 48.76,
    "round_2": 42.09,
    "round_3": 43.84,
    "round_4": 44.33,
    "round_5": 59.76,
    "round_6": 49.75
  }
}