{
  "process_start_time": 1767890444.8015816,
  "process_end_time": 1767890481.386667,
  "total_elapsed_time_seconds": 36.59,
  "rounds_time_stats": {
    "round_1": 36.58
  }
}