{
  "process_start_time": 1767890631.8766794,
  "process_end_time": 1767890830.3441277,
  "total_elapsed_time_seconds": 198.47,
  "rounds_time_stats": {
    "round_1": 31.83,
    "round_2": 46.73,
    "round_3": 31.42,
    "round_4": 38.64,
    "round_5": 49.85
  }
}