{
  "process_start_time": 1767978777.443868,
  "process_end_time": 1767978968.2654538,
  "total_elapsed_time_seconds": 190.82,
  "rounds_time_stats": {
    "round_1": 20.54,
    "round_2": 30.0,
    "round_3": 32.51,
    "round_4": 37.2,
    "round_5": 30.68,
    "round_6": 39.89
  }
}