{
  "process_start_time": 1768550196.3596182,
  "process_end_time": 1768550422.941687,
  "total_elapsed_time_seconds": 226.58,
  "rounds_time_stats": {
    "round_1": 41.98,
    "round_2": 35.69,
    "round_3": 42.52,
    "round_4": 28.21,
    "round_5": 39.68,
    "round_6": 38.5
  }
}