{
  "process_start_time": 1767884843.084253,
  "process_end_time": 1767885081.0163789,
  "total_elapsed_time_seconds": 237.93,
  "rounds_time_stats": {
    "round_1": 14.13,
    "round_2": 19.27,
    "round_3": 20.55,
    "round_4": 19.59,
    "round_5": 145.55,
    "round_6": 18.83
  }
}