{
  "process_start_time": 1767885277.472643,
  "process_end_time": 1767885299.797305,
  "total_elapsed_time_seconds": 22.32,
  "rounds_time_stats": {
    "round_1": 22.32
  }
}