{
  "process_start_time": 1767885861.5812135,
  "process_end_time": 1767885960.8919346,
  "total_elapsed_time_seconds": 99.31,
  "rounds_time_stats": {
    "round_1": 13.6,
    "round_2": 19.05,
    "round_3": 17.41,
    "round_4": 16.63,
    "round_5": 14.35,
    "round_6": 18.26
  }
}