{
  "process_start_time": 1767886636.976172,
  "process_end_time": 1767886658.3961873,
  "total_elapsed_time_seconds": 21.42,
  "rounds_time_stats": {
    "round_1": 21.42
  }
}