{
  "process_start_time": 1767680913.515959,
  "process_end_time": 1767681208.137876,
  "total_elapsed_time_seconds": 294.62,
  "rounds_time_stats": {
    "round_1": 40.21,
    "round_2": 51.02,
    "round_3": 48.0,
    "round_4": 63.43,
    "round_5": 45.54,
    "round_6": 46.43
  }
}