{
  "process_start_time": 1767688461.7437353,
  "process_end_time": 1767688515.5111294,
  "total_elapsed_time_seconds": 53.77,
  "rounds_time_stats": {
    "round_1": 53.73
  }
}