{
  "process_start_time": 1767680016.3485503,
  "process_end_time": 1767680278.3480697,
  "total_elapsed_time_seconds": 262.0,
  "rounds_time_stats": {
    "round_1": 35.98,
    "round_2": 30.25,
    "round_3": 57.55,
    "round_4": 48.47,
    "round_5": 45.57,
    "round_6": 44.17
  }
}