{
  "process_start_time": 1767678911.1532316,
  "process_end_time": 1767679193.682642,
  "total_elapsed_time_seconds": 282.53,
  "rounds_time_stats": {
    "round_1": 44.01,
    "round_2": 47.32,
    "round_3": 55.72,
    "round_4": 31.91,
    "round_5": 46.88,
    "round_6": 56.7
  }
}