{
  "process_start_time": 1767683545.1234922,
  "process_end_time": 1767683808.668138,
  "total_elapsed_time_seconds": 263.54,
  "rounds_time_stats": {
    "round_1": 38.56,
    "round_2": 41.67,
    "round_3": 43.32,
    "round_4": 45.54,
    "round_5": 49.75,
    "round_6": 44.7
  }
}