{
  "process_start_time": 1767678942.2801085,
  "process_end_time": 1767679282.5296268,
  "total_elapsed_time_seconds": 340.25,
  "rounds_time_stats": {
    "round_1": 55.92,
    "round_2": 47.65,
    "round_3": 63.27,
    "round_4": 60.53,
    "round_5": 54.05,
    "round_6": 58.82
  }
}