{
  "process_start_time": 1767678073.9403431,
  "process_end_time": 1767678387.3772802,
  "total_elapsed_time_seconds": 313.44,
  "rounds_time_stats": {
    "round_1": 82.08,
    "round_2": 46.99,
    "round_3": 45.9,
    "round_4": 46.62,
    "round_5": 47.05,
    "round_6": 44.8
  }
}