{
  "process_start_time": 1767679812.3088024,
  "process_end_time": 1767680117.2483566,
  "total_elapsed_time_seconds": 304.94,
  "rounds_time_stats": {
    "round_1": 62.03,
    "round_2": 47.31,
    "round_3": 64.34,
    "round_4": 45.35,
    "round_5": 41.13,
    "round_6": 44.78
  }
}