{
  "process_start_time": 1767884718.3493223,
  "process_end_time": 1767884819.4847448,
  "total_elapsed_time_seconds": 101.14,
  "rounds_time_stats": {
    "round_1": 13.14,
    "round_2": 13.84,
    "round_3": 16.85,
    "round_4": 14.23,
    "round_5": 27.4,
    "round_6": 15.67
  }
}