{
  "process_start_time": 1767884444.3018892,
  "process_end_time": 1767884471.917579,
  "total_elapsed_time_seconds": 27.62,
  "rounds_time_stats": {
    "round_1": 27.6
  }
}