{
  "process_start_time": 1767887386.9396002,
  "process_end_time": 1767887558.6972206,
  "total_elapsed_time_seconds": 171.76,
  "rounds_time_stats": {
    "round_1": 28.48,
    "round_2": 28.99,
    "round_3": 31.5,
    "round_4": 27.04,
    "round_5": 27.56,
    "round_6": 28.19
  }
}