{
  "process_start_time": 1767971588.8953416,
  "process_end_time": 1767973168.3739033,
  "total_elapsed_time_seconds": 1579.48,
  "rounds_time_stats": {
    "round_1": 1449.07,
    "round_2": 30.75,
    "round_3": 26.34,
    "round_4": 27.24,
    "round_5": 26.73,
    "round_6": 19.35
  }
}