{
  "process_start_time": 1767975283.4327335,
  "process_end_time": 1767975444.9675002,
  "total_elapsed_time_seconds": 161.53,
  "rounds_time_stats": {
    "round_1": 30.43,
    "round_2": 28.77,
    "round_3": 22.17,
    "round_4": 24.99,
    "round_5": 28.54,
    "round_6": 26.64
  }
}