{
  "process_start_time": 1767680294.7895298,
  "process_end_time": 1767680543.3832488,
  "total_elapsed_time_seconds": 248.59,
  "rounds_time_stats": {
    "round_1": 44.45,
    "round_2": 41.9,
    "round_3": 38.15,
    "round_4": 33.78,
    "round_5": 45.25,
    "round_6": 45.07
  }
}