{
  "process_start_time": 1768115255.3649771,
  "process_end_time": 1768115578.808116,
  "total_elapsed_time_seconds": 323.44,
  "rounds_time_stats": {
    "round_1": 41.56,
    "round_2": 75.93,
    "round_3": 46.15,
    "round_4": 44.13,
    "round_5": 62.65,
    "round_6": 53.04
  }
}