{
  "process_start_time": 1767890379.0505407,
  "process_end_time": 1767890442.22005,
  "total_elapsed_time_seconds": 63.17,
  "rounds_time_stats": {
    "round_1": 30.52,
    "round_2": 32.62
  }
}