{
  "process_start_time": 1768556809.1020298,
  "process_end_time": 1768556971.2356684,
  "total_elapsed_time_seconds": 162.13,
  "rounds_time_stats": {
    "round_1": 28.86,
    "round_2": 28.62,
    "round_3": 28.85,
    "round_4": 20.29,
    "round_5": 28.52,
    "round_6": 26.99
  }
}