{
  "process_start_time": 1768748439.2176924,
  "process_end_time": 1768748618.3847678,
  "total_elapsed_time_seconds": 179.17,
  "rounds_time_stats": {
    "round_1": 32.52,
    "round_2": 28.9,
    "round_3": 34.71,
    "round_4": 33.68,
    "round_5": 31.26,
    "round_6": 18.1
  }
}