{
  "process_start_time": 1767890105.9792054,
  "process_end_time": 1767890230.5624485,
  "total_elapsed_time_seconds": 124.58,
  "rounds_time_stats": {
    "round_1": 21.36,
    "round_2": 19.88,
    "round_3": 19.25,
    "round_4": 24.04,
    "round_5": 20.28,
    "round_6": 19.77
  }
}