{
  "process_start_time": 1767973672.1907551,
  "process_end_time": 1767973877.6509476,
  "total_elapsed_time_seconds": 205.46,
  "rounds_time_stats": {
    "round_1": 34.9,
    "round_2": 36.65,
    "round_3": 30.58,
    "round_4": 58.28,
    "round_5": 22.86,
    "round_6": 22.18
  }
}