{
  "process_start_time": 1767888420.9997246,
  "process_end_time": 1767888435.2926288,
  "total_elapsed_time_seconds": 14.29,
  "rounds_time_stats": {
    "round_1": 14.29
  }
}