{
  "process_start_time": 1767889656.6346781,
  "process_end_time": 1767889667.6943414,
  "total_elapsed_time_seconds": 11.06,
  "rounds_time_stats": {
    "round_1": 11.06
  }
}