{
  "process_start_time": 1767889543.5063684,
  "process_end_time": 1767889558.4715338,
  "total_elapsed_time_seconds": 14.97,
  "rounds_time_stats": {
    "round_1": 14.96
  }
}