{
  "process_start_time": 1767884214.4244897,
  "process_end_time": 1767884236.354666,
  "total_elapsed_time_seconds": 21.93,
  "rounds_time_stats": {
    "round_1": 21.93
  }
}