{
  "process_start_time": 1767685529.3933628,
  "process_end_time": 1767685835.675905,
  "total_elapsed_time_seconds": 306.28,
  "rounds_time_stats": {
    "round_1": 45.12,
    "round_2": 61.64,
    "round_3": 59.19,
    "round_4": 50.5,
    "round_5": 39.16,
    "round_6": 50.68
  }
}