{
  "process_start_time": 1767679550.3327556,
  "process_end_time": 1767679843.056969,
  "total_elapsed_time_seconds": 292.72,
  "rounds_time_stats": {
    "round_1": 73.56,
    "round_2": 45.79,
    "round_3": 44.16,
    "round_4": 32.0,
    "round_5": 47.48,
    "round_6": 49.71
  }
}