{
  "process_start_time": 1767886233.7199945,
  "process_end_time": 1767886342.0245793,
  "total_elapsed_time_seconds": 108.3,
  "rounds_time_stats": {
    "round_1": 16.3,
    "round_2": 13.14,
    "round_3": 20.59,
    "round_4": 21.87,
    "round_5": 17.37,
    "round_6": 19.02
  }
}