{
  "process_start_time": 1768115760.6147618,
  "process_end_time": 1768116027.677704,
  "total_elapsed_time_seconds": 267.06,
  "rounds_time_stats": {
    "round_1": 32.56,
    "round_2": 38.48,
    "round_3": 49.25,
    "round_4": 49.02,
    "round_5": 48.42,
    "round_6": 49.33
  }
}