{
  "process_start_time": 1767890092.8592393,
  "process_end_time": 1767890104.098163,
  "total_elapsed_time_seconds": 11.24,
  "rounds_time_stats": {
    "round_1": 11.24
  }
}