{
  "process_start_time": 1767886848.5578086,
  "process_end_time": 1767886919.379303,
  "total_elapsed_time_seconds": 70.82,
  "rounds_time_stats": {
    "round_1": 19.99,
    "round_2": 24.89,
    "round_3": 25.62,
    "round_4": 0.32
  }
}