{
  "process_start_time": 1767884376.0991588,
  "process_end_time": 1767884507.7177753,
  "total_elapsed_time_seconds": 131.62,
  "rounds_time_stats": {
    "round_1": 22.17,
    "round_2": 25.56,
    "round_3": 15.67,
    "round_4": 19.44,
    "round_5": 19.26,
    "round_6": 29.51
  }
}