{
  "process_start_time": 1767889544.5884075,
  "process_end_time": 1767889554.529091,
  "total_elapsed_time_seconds": 9.94,
  "rounds_time_stats": {
    "round_1": 9.94
  }
}