{
  "process_start_time": 1767687678.7506497,
  "process_end_time": 1767687987.043798,
  "total_elapsed_time_seconds": 308.29,
  "rounds_time_stats": {
    "round_1": 61.74,
    "round_2": 75.04,
    "round_3": 47.14,
    "round_4": 43.02,
    "round_5": 42.7,
    "round_6": 38.65
  }
}