{
  "process_start_time": 1767883138.986338,
  "process_end_time": 1767883161.9401011,
  "total_elapsed_time_seconds": 22.95,
  "rounds_time_stats": {
    "round_1": 22.95
  }
}