{
  "process_start_time": 1768555052.474604,
  "process_end_time": 1768555241.9860885,
  "total_elapsed_time_seconds": 189.51,
  "rounds_time_stats": {
    "round_1": 35.09,
    "round_2": 30.48,
    "round_3": 28.31,
    "round_4": 30.67,
    "round_5": 36.42,
    "round_6": 28.54
  }
}