{
  "process_start_time": 1767887555.9102225,
  "process_end_time": 1767887620.7738838,
  "total_elapsed_time_seconds": 64.86,
  "rounds_time_stats": {
    "round_1": 28.12,
    "round_2": 36.73
  }
}