{
  "process_start_time": 1768115038.7345603,
  "process_end_time": 1768115303.864061,
  "total_elapsed_time_seconds": 265.13,
  "rounds_time_stats": {
    "round_1": 27.75,
    "round_2": 28.89,
    "round_3": 40.0,
    "round_4": 57.67,
    "round_5": 62.84,
    "round_6": 47.96
  }
}