{
  "process_start_time": 1767886325.4822178,
  "process_end_time": 1767886357.5026648,
  "total_elapsed_time_seconds": 32.02,
  "rounds_time_stats": {
    "round_1": 32.02
  }
}