{
  "process_start_time": 1767889602.7709358,
  "process_end_time": 1767889622.486779,
  "total_elapsed_time_seconds": 19.72,
  "rounds_time_stats": {
    "round_1": 9.89,
    "round_2": 9.83
  }
}