{
  "process_start_time": 1768551961.261517,
  "process_end_time": 1768552134.3589704,
  "total_elapsed_time_seconds": 173.1,
  "rounds_time_stats": {
    "round_1": 29.83,
    "round_2": 25.29,
    "round_3": 27.78,
    "round_4": 22.81,
    "round_5": 33.25,
    "round_6": 34.13
  }
}