{
  "process_start_time": 1767885806.7661994,
  "process_end_time": 1767885827.450007,
  "total_elapsed_time_seconds": 20.68,
  "rounds_time_stats": {
    "round_1": 20.67
  }
}