{
  "process_start_time": 1767691407.0601585,
  "process_end_time": 1767691727.6222517,
  "total_elapsed_time_seconds": 320.56,
  "rounds_time_stats": {
    "round_1": 78.14,
    "round_2": 49.11,
    "round_3": 52.3,
    "round_4": 48.07,
    "round_5": 48.23,
    "round_6": 44.7
  }
}