{
  "process_start_time": 1767680379.9167562,
  "process_end_time": 1767680637.6859612,
  "total_elapsed_time_seconds": 257.77,
  "rounds_time_stats": {
    "round_1": 43.01,
    "round_2": 45.56,
    "round_3": 43.56,
    "round_4": 46.24,
    "round_5": 36.6,
    "round_6": 42.81
  }
}