{
  "process_start_time": 1768108553.689771,
  "process_end_time": 1768108803.8169959,
  "total_elapsed_time_seconds": 250.13,
  "rounds_time_stats": {
    "round_1": 39.07,
    "round_2": 39.08,
    "round_3": 46.36,
    "round_4": 46.8,
    "round_5": 33.36,
    "round_6": 45.46
  }
}