{
  "process_start_time": 1768114486.9752328,
  "process_end_time": 1768114752.8443367,
  "total_elapsed_time_seconds": 265.87,
  "rounds_time_stats": {
    "round_1": 34.52,
    "round_2": 48.47,
    "round_3": 63.01,
    "round_4": 37.56,
    "round_5": 35.87,
    "round_6": 46.44
  }
}