{
  "process_start_time": 1767973961.5344996,
  "process_end_time": 1767974350.5335937,
  "total_elapsed_time_seconds": 389.0,
  "rounds_time_stats": {
    "round_1": 79.31,
    "round_2": 76.85,
    "round_3": 71.03,
    "round_4": 67.25,
    "round_5": 39.72,
    "round_6": 54.84
  }
}