{
  "process_start_time": 1767882932.968747,
  "process_end_time": 1767882948.9253335,
  "total_elapsed_time_seconds": 15.96,
  "rounds_time_stats": {
    "round_1": 15.95
  }
}