{
  "process_start_time": 1768108741.281636,
  "process_end_time": 1768108977.4088116,
  "total_elapsed_time_seconds": 236.13,
  "rounds_time_stats": {
    "round_1": 45.96,
    "round_2": 44.84,
    "round_3": 31.72,
    "round_4": 35.85,
    "round_5": 41.46,
    "round_6": 36.29
  }
}