{
  "process_start_time": 1767885322.4203687,
  "process_end_time": 1767885369.4280894,
  "total_elapsed_time_seconds": 47.01,
  "rounds_time_stats": {
    "round_1": 46.99
  }
}