{
  "process_start_time": 1767889938.5588183,
  "process_end_time": 1767889948.995422,
  "total_elapsed_time_seconds": 10.44,
  "rounds_time_stats": {
    "round_1": 10.43
  }
}