{
  "process_start_time": 1768115767.2449808,
  "process_end_time": 1768116012.8625917,
  "total_elapsed_time_seconds": 245.62,
  "rounds_time_stats": {
    "round_1": 24.27,
    "round_2": 34.79,
    "round_3": 30.13,
    "round_4": 42.17,
    "round_5": 48.68,
    "round_6": 65.57
  }
}