{
  "process_start_time": 1767678073.94643,
  "process_end_time": 1767678399.8277965,
  "total_elapsed_time_seconds": 325.88,
  "rounds_time_stats": {
    "round_1": 83.83,
    "round_2": 34.57,
    "round_3": 42.7,
    "round_4": 46.65,
    "round_5": 42.97,
    "round_6": 75.16
  }
}