{
  "process_start_time": 1767883424.3912988,
  "process_end_time": 1767883458.3856075,
  "total_elapsed_time_seconds": 33.99,
  "rounds_time_stats": {
    "round_1": 33.99
  }
}