{
  "process_start_time": 1767888981.0022237,
  "process_end_time": 1767889112.958741,
  "total_elapsed_time_seconds": 131.96,
  "rounds_time_stats": {
    "round_1": 14.9,
    "round_2": 24.32,
    "round_3": 24.02,
    "round_4": 20.15,
    "round_5": 21.6,
    "round_6": 26.96
  }
}