{
  "process_start_time": 1767849999.4732478,
  "process_end_time": 1767850221.661376,
  "total_elapsed_time_seconds": 222.19,
  "rounds_time_stats": {
    "round_1": 29.52,
    "round_2": 39.61,
    "round_3": 51.25,
    "round_4": 37.71,
    "round_5": 34.51,
    "round_6": 29.59
  }
}