{
  "process_start_time": 1768555957.6425843,
  "process_end_time": 1768556115.7630546,
  "total_elapsed_time_seconds": 158.12,
  "rounds_time_stats": {
    "round_1": 29.6,
    "round_2": 23.63,
    "round_3": 28.51,
    "round_4": 21.83,
    "round_5": 26.86,
    "round_6": 27.69
  }
}