{
  "process_start_time": 1767977458.8055463,
  "process_end_time": 1767977647.1469657,
  "total_elapsed_time_seconds": 188.34,
  "rounds_time_stats": {
    "round_1": 30.78,
    "round_2": 26.51,
    "round_3": 35.49,
    "round_4": 32.56,
    "round_5": 30.97,
    "round_6": 32.03
  }
}