{
  "process_start_time": 1767679467.908208,
  "process_end_time": 1767679733.3732917,
  "total_elapsed_time_seconds": 265.47,
  "rounds_time_stats": {
    "round_1": 51.01,
    "round_2": 47.82,
    "round_3": 56.53,
    "round_4": 32.49,
    "round_5": 44.1,
    "round_6": 33.52
  }
}