{
  "process_start_time": 1767889602.964847,
  "process_end_time": 1767889611.506755,
  "total_elapsed_time_seconds": 8.54,
  "rounds_time_stats": {
    "round_1": 8.54
  }
}