{
  "process_start_time": 1767849999.4781895,
  "process_end_time": 1767850156.7960854,
  "total_elapsed_time_seconds": 157.32,
  "rounds_time_stats": {
    "round_1": 28.24,
    "round_2": 22.23,
    "round_3": 24.53,
    "round_4": 25.59,
    "round_5": 28.02,
    "round_6": 28.69
  }
}