{
  "process_start_time": 1767682964.4731016,
  "process_end_time": 1767682975.9014835,
  "total_elapsed_time_seconds": 11.43,
  "rounds_time_stats": {
    "round_1": 11.43
  }
}