{
  "process_start_time": 1767887600.3486714,
  "process_end_time": 1767887652.0867867,
  "total_elapsed_time_seconds": 51.74,
  "rounds_time_stats": {
    "round_1": 51.69
  }
}