{
  "process_start_time": 1768550503.1095078,
  "process_end_time": 1768550805.9281788,
  "total_elapsed_time_seconds": 302.82,
  "rounds_time_stats": {
    "round_1": 52.18,
    "round_2": 56.37,
    "round_3": 46.75,
    "round_4": 61.29,
    "round_5": 43.37,
    "round_6": 42.84
  }
}