{
  "process_start_time": 1767977458.8072698,
  "process_end_time": 1767977616.7050219,
  "total_elapsed_time_seconds": 157.9,
  "rounds_time_stats": {
    "round_1": 18.6,
    "round_2": 22.3,
    "round_3": 32.28,
    "round_4": 31.15,
    "round_5": 29.77,
    "round_6": 23.8
  }
}