{
  "process_start_time": 1767888725.94969,
  "process_end_time": 1767888744.6587968,
  "total_elapsed_time_seconds": 18.71,
  "rounds_time_stats": {
    "round_1": 18.71
  }
}