{
  "process_start_time": 1767888988.0700839,
  "process_end_time": 1767888999.6843143,
  "total_elapsed_time_seconds": 11.61,
  "rounds_time_stats": {
    "round_1": 11.61
  }
}