{
  "process_start_time": 1767889773.8231413,
  "process_end_time": 1767889969.1236033,
  "total_elapsed_time_seconds": 195.3,
  "rounds_time_stats": {
    "round_1": 26.88,
    "round_2": 31.37,
    "round_3": 46.97,
    "round_4": 30.86,
    "round_5": 30.57,
    "round_6": 28.64
  }
}