{
  "process_start_time": 1768116166.6884756,
  "process_end_time": 1768116473.2551086,
  "total_elapsed_time_seconds": 306.57,
  "rounds_time_stats": {
    "round_1": 47.99,
    "round_2": 45.65,
    "round_3": 81.3,
    "round_4": 40.73,
    "round_5": 46.04,
    "round_6": 44.85
  }
}