{
  "process_start_time": 1767888751.52119,
  "process_end_time": 1767888761.8230238,
  "total_elapsed_time_seconds": 10.3,
  "rounds_time_stats": {
    "round_1": 10.3
  }
}