{
  "process_start_time": 1768115611.7251177,
  "process_end_time": 1768115853.6225877,
  "total_elapsed_time_seconds": 241.9,
  "rounds_time_stats": {
    "round_1": 36.99,
    "round_2": 24.12,
    "round_3": 93.07,
    "round_4": 27.74,
    "round_5": 32.95,
    "round_6": 27.03
  }
}