{
  "process_start_time": 1767885814.6804786,
  "process_end_time": 1767885828.724119,
  "total_elapsed_time_seconds": 14.04,
  "rounds_time_stats": {
    "round_1": 14.04
  }
}