{
  "process_start_time": 1767675776.3104055,
  "process_end_time": 1767676047.8443906,
  "total_elapsed_time_seconds": 271.53,
  "rounds_time_stats": {
    "round_1": 41.2,
    "round_2": 43.91,
    "round_3": 44.21,
    "round_4": 43.44,
    "round_5": 51.73,
    "round_6": 47.04
  }
}