{
  "process_start_time": 1767890278.2277339,
  "process_end_time": 1767890322.1510816,
  "total_elapsed_time_seconds": 43.92,
  "rounds_time_stats": {
    "round_1": 13.31,
    "round_2": 10.88,
    "round_3": 19.72
  }
}