{
  "process_start_time": 1767882890.7339692,
  "process_end_time": 1767882903.476294,
  "total_elapsed_time_seconds": 12.74,
  "rounds_time_stats": {
    "round_1": 12.73
  }
}