{
  "process_start_time": 1767885079.5345967,
  "process_end_time": 1767885153.2115238,
  "total_elapsed_time_seconds": 73.68,
  "rounds_time_stats": {
    "round_1": 13.4,
    "round_2": 15.63,
    "round_3": 24.51,
    "round_4": 19.57,
    "round_5": 0.56
  }
}