{
  "process_start_time": 1767888439.7512815,
  "process_end_time": 1767888614.8752263,
  "total_elapsed_time_seconds": 175.12,
  "rounds_time_stats": {
    "round_1": 24.03,
    "round_2": 24.74,
    "round_3": 26.38,
    "round_4": 26.62,
    "round_5": 19.03,
    "round_6": 54.32
  }
}