{
  "process_start_time": 1768107778.4787111,
  "process_end_time": 1768108016.3093953,
  "total_elapsed_time_seconds": 237.83,
  "rounds_time_stats": {
    "round_1": 24.61,
    "round_2": 22.86,
    "round_3": 57.67,
    "round_4": 45.64,
    "round_5": 44.18,
    "round_6": 42.88
  }
}