{
  "process_start_time": 1768555378.687437,
  "process_end_time": 1768555526.938102,
  "total_elapsed_time_seconds": 148.25,
  "rounds_time_stats": {
    "round_1": 19.12,
    "round_2": 21.76,
    "round_3": 24.17,
    "round_4": 22.84,
    "round_5": 27.44,
    "round_6": 32.91
  }
}