{
  "process_start_time": 1767889419.1277132,
  "process_end_time": 1767889472.7798681,
  "total_elapsed_time_seconds": 53.65,
  "rounds_time_stats": {
    "round_1": 10.3,
    "round_2": 9.69,
    "round_3": 8.33,
    "round_4": 9.07,
    "round_5": 7.5,
    "round_6": 8.76
  }
}