{
  "process_start_time": 1767975291.368508,
  "process_end_time": 1767975454.2544186,
  "total_elapsed_time_seconds": 162.89,
  "rounds_time_stats": {
    "round_1": 22.65,
    "round_2": 29.09,
    "round_3": 25.15,
    "round_4": 30.65,
    "round_5": 30.51,
    "round_6": 24.83
  }
}