{
  "process_start_time": 1767885774.090192,
  "process_end_time": 1767885825.3141437,
  "total_elapsed_time_seconds": 51.22,
  "rounds_time_stats": {
    "round_1": 51.19
  }
}