{
  "process_start_time": 1767978511.938565,
  "process_end_time": 1767978668.9366772,
  "total_elapsed_time_seconds": 157.0,
  "rounds_time_stats": {
    "round_1": 28.75,
    "round_2": 30.79,
    "round_3": 20.66,
    "round_4": 34.73,
    "round_5": 18.37,
    "round_6": 23.69
  }
}