{
  "process_start_time": 1767882890.7319953,
  "process_end_time": 1767882908.9879582,
  "total_elapsed_time_seconds": 18.26,
  "rounds_time_stats": {
    "round_1": 18.25
  }
}