{
  "process_start_time": 1767678727.088844,
  "process_end_time": 1767678985.8842404,
  "total_elapsed_time_seconds": 258.8,
  "rounds_time_stats": {
    "round_1": 48.4,
    "round_2": 45.69,
    "round_3": 36.38,
    "round_4": 35.41,
    "round_5": 49.33,
    "round_6": 43.59
  }
}