{
  "process_start_time": 1767680952.830775,
  "process_end_time": 1767681235.3988764,
  "total_elapsed_time_seconds": 282.57,
  "rounds_time_stats": {
    "round_1": 46.65,
    "round_2": 52.36,
    "round_3": 45.34,
    "round_4": 42.55,
    "round_5": 50.9,
    "round_6": 44.77
  }
}