{
  "process_start_time": 1768115831.779361,
  "process_end_time": 1768116138.9399004,
  "total_elapsed_time_seconds": 307.16,
  "rounds_time_stats": {
    "round_1": 34.78,
    "round_2": 46.62,
    "round_3": 50.47,
    "round_4": 48.74,
    "round_5": 79.38,
    "round_6": 47.17
  }
}