{
  "process_start_time": 1767888725.0295184,
  "process_end_time": 1767888760.1785703,
  "total_elapsed_time_seconds": 35.15,
  "rounds_time_stats": {
    "round_1": 15.65,
    "round_2": 19.49
  }
}