{
  "process_start_time": 1767890358.6911879,
  "process_end_time": 1767890525.6924052,
  "total_elapsed_time_seconds": 167.0,
  "rounds_time_stats": {
    "round_1": 23.76,
    "round_2": 24.6,
    "round_3": 30.45,
    "round_4": 33.6,
    "round_5": 28.38,
    "round_6": 26.2
  }
}