{
  "process_start_time": 1768107988.287544,
  "process_end_time": 1768107992.2039258,
  "total_elapsed_time_seconds": 3.92,
  "rounds_time_stats": {
    "round_1": 3.92
  }
}