{
  "process_start_time": 1767887264.3440711,
  "process_end_time": 1767887339.89755,
  "total_elapsed_time_seconds": 75.55,
  "rounds_time_stats": {
    "round_1": 39.87,
    "round_2": 35.68
  }
}