{
  "process_start_time": 1768551573.411761,
  "process_end_time": 1768551726.3240025,
  "total_elapsed_time_seconds": 152.91,
  "rounds_time_stats": {
    "round_1": 22.92,
    "round_2": 17.61,
    "round_3": 26.7,
    "round_4": 29.73,
    "round_5": 28.34,
    "round_6": 27.62
  }
}