{
  "process_start_time": 1767975517.0607083,
  "process_end_time": 1767975643.4843564,
  "total_elapsed_time_seconds": 126.42,
  "rounds_time_stats": {
    "round_1": 22.37,
    "round_2": 21.48,
    "round_3": 25.64,
    "round_4": 23.73,
    "round_5": 17.36,
    "round_6": 15.85
  }
}