{
  "process_start_time": 1768107987.9335513,
  "process_end_time": 1768108224.2627811,
  "total_elapsed_time_seconds": 236.33,
  "rounds_time_stats": {
    "round_1": 37.54,
    "round_2": 31.9,
    "round_3": 43.83,
    "round_4": 32.12,
    "round_5": 45.98,
    "round_6": 44.96
  }
}