{
  "process_start_time": 1767680833.0368311,
  "process_end_time": 1767681083.3802283,
  "total_elapsed_time_seconds": 250.34,
  "rounds_time_stats": {
    "round_1": 32.92,
    "round_2": 48.86,
    "round_3": 44.56,
    "round_4": 44.95,
    "round_5": 45.11,
    "round_6": 33.93
  }
}