{
  "process_start_time": 1768748393.5630934,
  "process_end_time": 1768748579.034105,
  "total_elapsed_time_seconds": 185.47,
  "rounds_time_stats": {
    "round_1": 30.16,
    "round_2": 25.46,
    "round_3": 32.56,
    "round_4": 32.01,
    "round_5": 32.88,
    "round_6": 32.4
  }
}