{
  "process_start_time": 1767890171.9952607,
  "process_end_time": 1767890181.7787971,
  "total_elapsed_time_seconds": 9.78,
  "rounds_time_stats": {
    "round_1": 9.78
  }
}