{
  "process_start_time": 1767883483.543277,
  "process_end_time": 1767883507.5068014,
  "total_elapsed_time_seconds": 23.96,
  "rounds_time_stats": {
    "round_1": 23.96
  }
}