{
  "process_start_time": 1767884593.989371,
  "process_end_time": 1767884649.7419915,
  "total_elapsed_time_seconds": 55.75,
  "rounds_time_stats": {
    "round_1": 19.13,
    "round_2": 36.61
  }
}