{
  "process_start_time": 1767888369.79699,
  "process_end_time": 1767888494.209417,
  "total_elapsed_time_seconds": 124.41,
  "rounds_time_stats": {
    "round_1": 19.57,
    "round_2": 21.25,
    "round_3": 25.51,
    "round_4": 20.82,
    "round_5": 15.73,
    "round_6": 21.53
  }
}