{
  "process_start_time": 1767888095.8207848,
  "process_end_time": 1767888128.3621078,
  "total_elapsed_time_seconds": 32.54,
  "rounds_time_stats": {
    "round_1": 16.82,
    "round_2": 15.71
  }
}