{
  "process_start_time": 1767889136.3886774,
  "process_end_time": 1767889156.3634188,
  "total_elapsed_time_seconds": 19.97,
  "rounds_time_stats": {
    "round_1": 19.97
  }
}