{
  "process_start_time": 1767890311.2540972,
  "process_end_time": 1767890329.5290313,
  "total_elapsed_time_seconds": 18.27,
  "rounds_time_stats": {
    "round_1": 18.27
  }
}