{
  "process_start_time": 1767885997.4318182,
  "process_end_time": 1767886232.7626545,
  "total_elapsed_time_seconds": 235.33,
  "rounds_time_stats": {
    "round_1": 31.77,
    "round_2": 58.2,
    "round_3": 41.62,
    "round_4": 32.57,
    "round_5": 34.49,
    "round_6": 36.68
  }
}