{
  "process_start_time": 1767684594.8573864,
  "process_end_time": 1767684883.6528363,
  "total_elapsed_time_seconds": 288.8,
  "rounds_time_stats": {
    "round_1": 45.57,
    "round_2": 50.97,
    "round_3": 44.93,
    "round_4": 47.42,
    "round_5": 48.15,
    "round_6": 51.75
  }
}