{
  "process_start_time": 1767889337.315525,
  "process_end_time": 1767889347.3163006,
  "total_elapsed_time_seconds": 10.0,
  "rounds_time_stats": {
    "round_1": 9.99
  }
}