{
  "process_start_time": 1767890227.9979413,
  "process_end_time": 1767890254.6347382,
  "total_elapsed_time_seconds": 26.64,
  "rounds_time_stats": {
    "round_1": 26.62
  }
}