{
  "process_start_time": 1767886395.154932,
  "process_end_time": 1767886500.1004179,
  "total_elapsed_time_seconds": 104.95,
  "rounds_time_stats": {
    "round_1": 17.16,
    "round_2": 17.73,
    "round_3": 14.06,
    "round_4": 15.91,
    "round_5": 18.93,
    "round_6": 21.14
  }
}