{
  "process_start_time": 1768114771.6615968,
  "process_end_time": 1768115041.365945,
  "total_elapsed_time_seconds": 269.7,
  "rounds_time_stats": {
    "round_1": 39.36,
    "round_2": 50.69,
    "round_3": 50.21,
    "round_4": 46.35,
    "round_5": 34.66,
    "round_6": 48.44
  }
}