{
  "process_start_time": 1767685469.613658,
  "process_end_time": 1767685760.7561371,
  "total_elapsed_time_seconds": 291.14,
  "rounds_time_stats": {
    "round_1": 45.06,
    "round_2": 46.15,
    "round_3": 56.43,
    "round_4": 48.06,
    "round_5": 47.11,
    "round_6": 48.33
  }
}