{
  "process_start_time": 1767684339.242524,
  "process_end_time": 1767684643.4021573,
  "total_elapsed_time_seconds": 304.16,
  "rounds_time_stats": {
    "round_1": 73.52,
    "round_2": 48.96,
    "round_3": 39.67,
    "round_4": 47.57,
    "round_5": 48.79,
    "round_6": 45.64
  }
}