{
  "process_start_time": 1768551238.01598,
  "process_end_time": 1768551407.3861563,
  "total_elapsed_time_seconds": 169.37,
  "rounds_time_stats": {
    "round_1": 24.96,
    "round_2": 30.89,
    "round_3": 28.7,
    "round_4": 28.73,
    "round_5": 27.15,
    "round_6": 28.94
  }
}