{
  "process_start_time": 1767687030.088281,
  "process_end_time": 1767687326.0239787,
  "total_elapsed_time_seconds": 295.94,
  "rounds_time_stats": {
    "round_1": 42.26,
    "round_2": 69.58,
    "round_3": 45.43,
    "round_4": 46.67,
    "round_5": 45.09,
    "round_6": 46.89
  }
}