{
  "process_start_time": 1767884699.4052958,
  "process_end_time": 1767884720.8773217,
  "total_elapsed_time_seconds": 21.47,
  "rounds_time_stats": {
    "round_1": 21.45
  }
}