{
  "process_start_time": 1767883348.3785641,
  "process_end_time": 1767883443.5540268,
  "total_elapsed_time_seconds": 95.18,
  "rounds_time_stats": {
    "round_1": 28.73,
    "round_2": 66.41
  }
}