{
  "process_start_time": 1768550950.2852654,
  "process_end_time": 1768551195.642432,
  "total_elapsed_time_seconds": 245.36,
  "rounds_time_stats": {
    "round_1": 44.08,
    "round_2": 42.08,
    "round_3": 42.6,
    "round_4": 55.54,
    "round_5": 30.66,
    "round_6": 30.4
  }
}