{
  "process_start_time": 1767887990.832556,
  "process_end_time": 1767888036.5101266,
  "total_elapsed_time_seconds": 45.68,
  "rounds_time_stats": {
    "round_1": 6.3,
    "round_2": 10.11,
    "round_3": 5.66,
    "round_4": 7.15,
    "round_5": 7.09,
    "round_6": 9.37
  }
}