{
  "process_start_time": 1768109055.4971688,
  "process_end_time": 1768109240.9417775,
  "total_elapsed_time_seconds": 185.44,
  "rounds_time_stats": {
    "round_1": 40.79,
    "round_2": 29.28,
    "round_3": 29.34,
    "round_4": 25.67,
    "round_5": 34.96,
    "round_6": 25.42
  }
}