{
  "process_start_time": 1767687046.6258652,
  "process_end_time": 1767687357.8971274,
  "total_elapsed_time_seconds": 311.27,
  "rounds_time_stats": {
    "round_1": 63.29,
    "round_2": 48.42,
    "round_3": 58.62,
    "round_4": 47.57,
    "round_5": 45.69,
    "round_6": 47.67
  }
}