{
  "process_start_time": 1767887345.0376356,
  "process_end_time": 1767887371.1451952,
  "total_elapsed_time_seconds": 26.11,
  "rounds_time_stats": {
    "round_1": 26.04
  }
}