{
  "process_start_time": 1767889427.2226021,
  "process_end_time": 1767889500.1917975,
  "total_elapsed_time_seconds": 72.97,
  "rounds_time_stats": {
    "round_1": 8.02,
    "round_2": 14.81,
    "round_3": 13.39,
    "round_4": 10.49,
    "round_5": 12.67,
    "round_6": 13.59
  }
}