{
  "process_start_time": 1767977840.1441112,
  "process_end_time": 1767978014.142194,
  "total_elapsed_time_seconds": 174.0,
  "rounds_time_stats": {
    "round_1": 22.87,
    "round_2": 28.82,
    "round_3": 33.32,
    "round_4": 31.83,
    "round_5": 30.02,
    "round_6": 27.14
  }
}