{
  "process_start_time": 1767885981.564964,
  "process_end_time": 1767886034.9254816,
  "total_elapsed_time_seconds": 53.36,
  "rounds_time_stats": {
    "round_1": 26.57,
    "round_2": 26.78
  }
}