{
  "process_start_time": 1768116844.1792984,
  "process_end_time": 1768117162.876548,
  "total_elapsed_time_seconds": 318.7,
  "rounds_time_stats": {
    "round_1": 46.4,
    "round_2": 51.92,
    "round_3": 44.2,
    "round_4": 65.12,
    "round_5": 60.7,
    "round_6": 50.35
  }
}