{
  "process_start_time": 1767680747.3019352,
  "process_end_time": 1767681015.9971004,
  "total_elapsed_time_seconds": 268.7,
  "rounds_time_stats": {
    "round_1": 41.87,
    "round_2": 46.92,
    "round_3": 48.13,
    "round_4": 44.88,
    "round_5": 44.64,
    "round_6": 42.25
  }
}