{
  "process_start_time": 1767665170.5840669,
  "process_end_time": 1767665447.8644626,
  "total_elapsed_time_seconds": 277.28,
  "rounds_time_stats": {
    "round_1": 48.62,
    "round_2": 45.22,
    "round_3": 43.85,
    "round_4": 48.68,
    "round_5": 44.71,
    "round_6": 46.19
  }
}