{
  "process_start_time": 1767886879.5752454,
  "process_end_time": 1767887045.0803812,
  "total_elapsed_time_seconds": 165.51,
  "rounds_time_stats": {
    "round_1": 25.46,
    "round_2": 22.65,
    "round_3": 25.81,
    "round_4": 28.48,
    "round_5": 32.38,
    "round_6": 30.73
  }
}