{
  "process_start_time": 1767886051.8052366,
  "process_end_time": 1767886065.6336963,
  "total_elapsed_time_seconds": 13.83,
  "rounds_time_stats": {
    "round_1": 13.83
  }
}