{
  "process_start_time": 1767681325.8479059,
  "process_end_time": 1767681578.5683944,
  "total_elapsed_time_seconds": 252.72,
  "rounds_time_stats": {
    "round_1": 46.33,
    "round_2": 41.53,
    "round_3": 36.92,
    "round_4": 45.69,
    "round_5": 44.08,
    "round_6": 38.17
  }
}