{
  "process_start_time": 1767684071.9519126,
  "process_end_time": 1767684337.593024,
  "total_elapsed_time_seconds": 265.64,
  "rounds_time_stats": {
    "round_1": 44.62,
    "round_2": 46.52,
    "round_3": 32.62,
    "round_4": 48.83,
    "round_5": 42.82,
    "round_6": 50.23
  }
}