{
  "process_start_time": 1767885590.7892325,
  "process_end_time": 1767885725.3154342,
  "total_elapsed_time_seconds": 134.53,
  "rounds_time_stats": {
    "round_1": 19.84,
    "round_2": 29.81,
    "round_3": 14.85,
    "round_4": 22.87,
    "round_5": 19.2,
    "round_6": 27.95
  }
}