{
  "process_start_time": 1767884517.9339228,
  "process_end_time": 1767884577.168381,
  "total_elapsed_time_seconds": 59.23,
  "rounds_time_stats": {
    "round_1": 18.04,
    "round_2": 21.3,
    "round_3": 19.89
  }
}