{
  "process_start_time": 1768555598.5790896,
  "process_end_time": 1768555763.1209967,
  "total_elapsed_time_seconds": 164.54,
  "rounds_time_stats": {
    "round_1": 29.64,
    "round_2": 27.82,
    "round_3": 23.47,
    "round_4": 27.69,
    "round_5": 27.5,
    "round_6": 28.41
  }
}