{
  "process_start_time": 1767884685.216833,
  "process_end_time": 1767884717.935747,
  "total_elapsed_time_seconds": 32.72,
  "rounds_time_stats": {
    "round_1": 32.67
  }
}