{
  "process_start_time": 1768117301.480593,
  "process_end_time": 1768117541.7588878,
  "total_elapsed_time_seconds": 240.28,
  "rounds_time_stats": {
    "round_1": 41.85,
    "round_2": 44.89,
    "round_3": 48.24,
    "round_4": 28.23,
    "round_5": 35.42,
    "round_6": 41.65
  }
}