{
  "process_start_time": 1767978970.2264156,
  "process_end_time": 1767979138.2718058,
  "total_elapsed_time_seconds": 168.05,
  "rounds_time_stats": {
    "round_1": 19.48,
    "round_2": 26.52,
    "round_3": 30.06,
    "round_4": 28.73,
    "round_5": 30.82,
    "round_6": 32.44
  }
}