{
  "process_start_time": 1767970266.0788243,
  "process_end_time": 1767970571.2596893,
  "total_elapsed_time_seconds": 305.18,
  "rounds_time_stats": {
    "round_1": 23.06,
    "round_2": 40.07,
    "round_3": 47.42,
    "round_4": 76.63,
    "round_5": 64.6,
    "round_6": 53.39
  }
}