{
  "process_start_time": 1767975980.5040154,
  "process_end_time": 1767976163.666314,
  "total_elapsed_time_seconds": 183.16,
  "rounds_time_stats": {
    "round_1": 32.22,
    "round_2": 33.94,
    "round_3": 27.64,
    "round_4": 29.46,
    "round_5": 31.07,
    "round_6": 28.83
  }
}