{
  "process_start_time": 1767887651.4489758,
  "process_end_time": 1767887685.2031658,
  "total_elapsed_time_seconds": 33.75,
  "rounds_time_stats": {
    "round_1": 14.23,
    "round_2": 19.52
  }
}