{
  "process_start_time": 1767890481.8553786,
  "process_end_time": 1767890574.8632865,
  "total_elapsed_time_seconds": 93.01,
  "rounds_time_stats": {
    "round_1": 16.79,
    "round_2": 17.84,
    "round_3": 22.04,
    "round_4": 36.32
  }
}