{
  "process_start_time": 1767888269.6801028,
  "process_end_time": 1767888444.7797904,
  "total_elapsed_time_seconds": 175.1,
  "rounds_time_stats": {
    "round_1": 30.11,
    "round_2": 27.48,
    "round_3": 19.55,
    "round_4": 28.31,
    "round_5": 30.53,
    "round_6": 39.11
  }
}