{
  "process_start_time": 1768107778.4745083,
  "process_end_time": 1768108044.5640225,
  "total_elapsed_time_seconds": 266.09,
  "rounds_time_stats": {
    "round_1": 35.94,
    "round_2": 53.94,
    "round_3": 46.06,
    "round_4": 41.2,
    "round_5": 45.57,
    "round_6": 43.37
  }
}