{
  "process_start_time": 1767884580.4007084,
  "process_end_time": 1767884730.7571218,
  "total_elapsed_time_seconds": 150.36,
  "rounds_time_stats": {
    "round_1": 18.92,
    "round_2": 19.64,
    "round_3": 35.66,
    "round_4": 19.24,
    "round_5": 16.31,
    "round_6": 40.58
  }
}