{
  "process_start_time": 1767886012.2664897,
  "process_end_time": 1767886033.0120018,
  "total_elapsed_time_seconds": 20.75,
  "rounds_time_stats": {
    "round_1": 20.58,
    "round_2": 0.17
  }
}