{
  "process_start_time": 1767976518.5665276,
  "process_end_time": 1767976628.928817,
  "total_elapsed_time_seconds": 110.36,
  "rounds_time_stats": {
    "round_1": 34.15,
    "round_2": 35.19,
    "round_3": 40.87,
    "round_4": 0.14
  }
}