{
  "process_start_time": 1767887703.8008363,
  "process_end_time": 1767887717.2404268,
  "total_elapsed_time_seconds": 13.44,
  "rounds_time_stats": {
    "round_1": 13.44
  }
}