{
  "process_start_time": 1767676874.0385358,
  "process_end_time": 1767677160.210537,
  "total_elapsed_time_seconds": 286.17,
  "rounds_time_stats": {
    "round_1": 46.91,
    "round_2": 45.49,
    "round_3": 47.85,
    "round_4": 38.86,
    "round_5": 63.56,
    "round_6": 43.51
  }
}