{
  "process_start_time": 1767886032.8366556,
  "process_end_time": 1767886082.5102887,
  "total_elapsed_time_seconds": 49.67,
  "rounds_time_stats": {
    "round_1": 49.67
  }
}