{
  "process_start_time": 1767887537.820796,
  "process_end_time": 1767887561.5034566,
  "total_elapsed_time_seconds": 23.68,
  "rounds_time_stats": {
    "round_1": 23.68
  }
}