{
  "process_start_time": 1768554749.2792265,
  "process_end_time": 1768554962.8077896,
  "total_elapsed_time_seconds": 213.53,
  "rounds_time_stats": {
    "round_1": 34.21,
    "round_2": 36.29,
    "round_3": 29.01,
    "round_4": 35.35,
    "round_5": 41.4,
    "round_6": 37.26
  }
}