{
  "process_start_time": 1768555296.437967,
  "process_end_time": 1768555459.1515665,
  "total_elapsed_time_seconds": 162.71,
  "rounds_time_stats": {
    "round_1": 31.39,
    "round_2": 27.79,
    "round_3": 28.78,
    "round_4": 26.63,
    "round_5": 21.68,
    "round_6": 26.44
  }
}