{
  "process_start_time": 1768555618.4753401,
  "process_end_time": 1768555782.4376416,
  "total_elapsed_time_seconds": 163.96,
  "rounds_time_stats": {
    "round_1": 30.44,
    "round_2": 30.71,
    "round_3": 27.93,
    "round_4": 24.25,
    "round_5": 22.55,
    "round_6": 28.08
  }
}