{
  "process_start_time": 1767890324.0906143,
  "process_end_time": 1767890354.131127,
  "total_elapsed_time_seconds": 30.04,
  "rounds_time_stats": {
    "round_1": 30.03
  }
}