{
  "process_start_time": 1767889678.8514895,
  "process_end_time": 1767889693.6287773,
  "total_elapsed_time_seconds": 14.78,
  "rounds_time_stats": {
    "round_1": 14.77
  }
}