{
  "process_start_time": 1767890002.6504846,
  "process_end_time": 1767890018.7754667,
  "total_elapsed_time_seconds": 16.12,
  "rounds_time_stats": {
    "round_1": 16.12
  }
}