{
  "process_start_time": 1767886961.5482633,
  "process_end_time": 1767886981.3087637,
  "total_elapsed_time_seconds": 19.76,
  "rounds_time_stats": {
    "round_1": 19.76
  }
}