{
  "process_start_time": 1767888724.7635455,
  "process_end_time": 1767888752.4028516,
  "total_elapsed_time_seconds": 27.64,
  "rounds_time_stats": {
    "round_1": 27.64
  }
}