{
  "process_start_time": 1768116568.9314308,
  "process_end_time": 1768116831.0601892,
  "total_elapsed_time_seconds": 262.13,
  "rounds_time_stats": {
    "round_1": 45.83,
    "round_2": 45.32,
    "round_3": 40.24,
    "round_4": 43.4,
    "round_5": 45.27,
    "round_6": 42.06
  }
}