{
  "process_start_time": 1767883337.2946692,
  "process_end_time": 1767883543.7965944,
  "total_elapsed_time_seconds": 206.5,
  "rounds_time_stats": {
    "round_1": 46.72,
    "round_2": 35.94,
    "round_3": 36.09,
    "round_4": 30.55,
    "round_5": 31.47,
    "round_6": 25.73
  }
}