{
  "process_start_time": 1767885203.6868792,
  "process_end_time": 1767885391.4721591,
  "total_elapsed_time_seconds": 187.79,
  "rounds_time_stats": {
    "round_1": 18.44,
    "round_2": 33.18,
    "round_3": 27.33,
    "round_4": 35.12,
    "round_5": 36.53,
    "round_6": 37.18
  }
}