{
  "process_start_time": 1767682916.2896047,
  "process_end_time": 1767683203.9583004,
  "total_elapsed_time_seconds": 287.67,
  "rounds_time_stats": {
    "round_1": 32.61,
    "round_2": 43.65,
    "round_3": 58.49,
    "round_4": 61.51,
    "round_5": 42.37,
    "round_6": 49.02
  }
}