{
  "process_start_time": 1767888461.3078423,
  "process_end_time": 1767888626.897603,
  "total_elapsed_time_seconds": 165.59,
  "rounds_time_stats": {
    "round_1": 19.6,
    "round_2": 21.41,
    "round_3": 30.76,
    "round_4": 22.89,
    "round_5": 23.6,
    "round_6": 47.33
  }
}