{
  "process_start_time": 1767682931.7025814,
  "process_end_time": 1767683221.2967622,
  "total_elapsed_time_seconds": 289.59,
  "rounds_time_stats": {
    "round_1": 42.7,
    "round_2": 31.7,
    "round_3": 45.3,
    "round_4": 61.28,
    "round_5": 59.23,
    "round_6": 49.39
  }
}