{
  "process_start_time": 1767677029.0491683,
  "process_end_time": 1767677267.62083,
  "total_elapsed_time_seconds": 238.57,
  "rounds_time_stats": {
    "round_1": 40.86,
    "round_2": 31.2,
    "round_3": 44.89,
    "round_4": 48.17,
    "round_5": 38.08,
    "round_6": 35.38
  }
}