{
  "process_start_time": 1767691989.865561,
  "process_end_time": 1767692264.3305979,
  "total_elapsed_time_seconds": 274.47,
  "rounds_time_stats": {
    "round_1": 55.02,
    "round_2": 45.03,
    "round_3": 43.98,
    "round_4": 44.82,
    "round_5": 42.44,
    "round_6": 43.18
  }
}