{
  "process_start_time": 1767887502.49989,
  "process_end_time": 1767887608.721632,
  "total_elapsed_time_seconds": 106.22,
  "rounds_time_stats": {
    "round_1": 25.19,
    "round_2": 31.35,
    "round_3": 26.95,
    "round_4": 22.72
  }
}