{
  "process_start_time": 1768552128.0578265,
  "process_end_time": 1768552163.409487,
  "total_elapsed_time_seconds": 35.35,
  "rounds_time_stats": {
    "round_1": 35.33
  }
}