{
  "process_start_time": 1767889149.466918,
  "process_end_time": 1767889158.6585393,
  "total_elapsed_time_seconds": 9.19,
  "rounds_time_stats": {
    "round_1": 9.19
  }
}