{
  "process_start_time": 1767886382.0130532,
  "process_end_time": 1767886434.4228427,
  "total_elapsed_time_seconds": 52.41,
  "rounds_time_stats": {
    "round_1": 52.37
  }
}