{
  "process_start_time": 1767678822.1966496,
  "process_end_time": 1767679123.8743927,
  "total_elapsed_time_seconds": 301.68,
  "rounds_time_stats": {
    "round_1": 70.44,
    "round_2": 51.74,
    "round_3": 42.24,
    "round_4": 42.36,
    "round_5": 46.22,
    "round_6": 48.67
  }
}