{
  "process_start_time": 1767683883.1018555,
  "process_end_time": 1767684151.642224,
  "total_elapsed_time_seconds": 268.54,
  "rounds_time_stats": {
    "round_1": 38.34,
    "round_2": 38.67,
    "round_3": 50.1,
    "round_4": 46.36,
    "round_5": 43.85,
    "round_6": 51.22
  }
}