{
  "process_start_time": 1767970265.9788125,
  "process_end_time": 1767970610.8116245,
  "total_elapsed_time_seconds": 344.83,
  "rounds_time_stats": {
    "round_1": 63.26,
    "round_2": 74.34,
    "round_3": 69.28,
    "round_4": 46.01,
    "round_5": 52.89,
    "round_6": 39.05
  }
}