{
  "process_start_time": 1767883363.735658,
  "process_end_time": 1767883625.0525737,
  "total_elapsed_time_seconds": 261.32,
  "rounds_time_stats": {
    "round_1": 35.89,
    "round_2": 31.65,
    "round_3": 25.09,
    "round_4": 31.04,
    "round_5": 37.93,
    "round_6": 99.72
  }
}