{
  "process_start_time": 1767675999.7934163,
  "process_end_time": 1767676251.016243,
  "total_elapsed_time_seconds": 251.22,
  "rounds_time_stats": {
    "round_1": 47.73,
    "round_2": 48.99,
    "round_3": 43.74,
    "round_4": 35.16,
    "round_5": 43.66,
    "round_6": 31.95
  }
}