{
  "process_start_time": 1767887661.2989187,
  "process_end_time": 1767887708.409479,
  "total_elapsed_time_seconds": 47.11,
  "rounds_time_stats": {
    "round_1": 47.08
  }
}