{
  "process_start_time": 1767889398.279075,
  "process_end_time": 1767889413.6498003,
  "total_elapsed_time_seconds": 15.37,
  "rounds_time_stats": {
    "round_1": 15.36
  }
}