{
  "process_start_time": 1768555890.5325646,
  "process_end_time": 1768556052.6806026,
  "total_elapsed_time_seconds": 162.15,
  "rounds_time_stats": {
    "round_1": 27.83,
    "round_2": 29.57,
    "round_3": 29.11,
    "round_4": 25.05,
    "round_5": 21.44,
    "round_6": 29.14
  }
}