{
  "process_start_time": 1768108325.8077004,
  "process_end_time": 1768108528.1214123,
  "total_elapsed_time_seconds": 202.31,
  "rounds_time_stats": {
    "round_1": 39.97,
    "round_2": 30.06,
    "round_3": 28.91,
    "round_4": 45.1,
    "round_5": 31.31,
    "round_6": 26.97
  }
}