{
  "process_start_time": 1767679123.8750591,
  "process_end_time": 1767679404.1884232,
  "total_elapsed_time_seconds": 280.31,
  "rounds_time_stats": {
    "round_1": 43.93,
    "round_2": 53.57,
    "round_3": 46.14,
    "round_4": 47.88,
    "round_5": 45.36,
    "round_6": 43.43
  }
}