{
  "process_start_time": 1767978429.8602781,
  "process_end_time": 1767978478.070918,
  "total_elapsed_time_seconds": 48.21,
  "rounds_time_stats": {
    "round_1": 48.19
  }
}