{
  "process_start_time": 1768116262.0887597,
  "process_end_time": 1768116584.2427633,
  "total_elapsed_time_seconds": 322.15,
  "rounds_time_stats": {
    "round_1": 86.17,
    "round_2": 64.04,
    "round_3": 46.35,
    "round_4": 43.71,
    "round_5": 42.83,
    "round_6": 39.04
  }
}