{
  "process_start_time": 1767890436.9457738,
  "process_end_time": 1767890462.533035,
  "total_elapsed_time_seconds": 25.59,
  "rounds_time_stats": {
    "round_1": 25.58
  }
}