{
  "process_start_time": 1767888047.4549856,
  "process_end_time": 1767888070.7807562,
  "total_elapsed_time_seconds": 23.33,
  "rounds_time_stats": {
    "round_1": 23.32
  }
}