{
  "process_start_time": 1767888003.6538818,
  "process_end_time": 1767888082.5791166,
  "total_elapsed_time_seconds": 78.93,
  "rounds_time_stats": {
    "round_1": 24.6,
    "round_2": 25.12,
    "round_3": 29.2
  }
}