{
  "process_start_time": 1767889342.1251297,
  "process_end_time": 1767889371.716105,
  "total_elapsed_time_seconds": 29.59,
  "rounds_time_stats": {
    "round_1": 29.57
  }
}