{
  "process_start_time": 1767687061.7686672,
  "process_end_time": 1767687325.5286677,
  "total_elapsed_time_seconds": 263.76,
  "rounds_time_stats": {
    "round_1": 38.23,
    "round_2": 43.22,
    "round_3": 41.69,
    "round_4": 47.22,
    "round_5": 48.87,
    "round_6": 44.52
  }
}