{
  "process_start_time": 1767886402.8074746,
  "process_end_time": 1767886427.4000216,
  "total_elapsed_time_seconds": 24.59,
  "rounds_time_stats": {
    "round_1": 24.59
  }
}