{
  "process_start_time": 1767677161.640503,
  "process_end_time": 1767677458.1957688,
  "total_elapsed_time_seconds": 296.56,
  "rounds_time_stats": {
    "round_1": 47.44,
    "round_2": 60.85,
    "round_3": 44.11,
    "round_4": 56.87,
    "round_5": 43.12,
    "round_6": 44.16
  }
}