{
  "process_start_time": 1767664926.1097045,
  "process_end_time": 1767665182.5138147,
  "total_elapsed_time_seconds": 256.4,
  "rounds_time_stats": {
    "round_1": 38.33,
    "round_2": 50.33,
    "round_3": 41.77,
    "round_4": 33.51,
    "round_5": 49.09,
    "round_6": 43.37
  }
}