{
  "process_start_time": 1767889355.7717345,
  "process_end_time": 1767889547.070288,
  "total_elapsed_time_seconds": 191.3,
  "rounds_time_stats": {
    "round_1": 22.74,
    "round_2": 45.88,
    "round_3": 30.47,
    "round_4": 30.24,
    "round_5": 29.2,
    "round_6": 32.78
  }
}