{
  "process_start_time": 1768109533.546874,
  "process_end_time": 1768109780.3758729,
  "total_elapsed_time_seconds": 246.83,
  "rounds_time_stats": {
    "round_1": 35.99,
    "round_2": 38.06,
    "round_3": 48.67,
    "round_4": 46.87,
    "round_5": 42.18,
    "round_6": 35.06
  }
}