{
  "process_start_time": 1767886715.365701,
  "process_end_time": 1767886904.413009,
  "total_elapsed_time_seconds": 189.05,
  "rounds_time_stats": {
    "round_1": 44.65,
    "round_2": 49.91,
    "round_3": 47.07,
    "round_4": 47.4
  }
}