{
  "process_start_time": 1767888167.5774164,
  "process_end_time": 1767888175.5006158,
  "total_elapsed_time_seconds": 7.92,
  "rounds_time_stats": {
    "round_1": 7.92
  }
}