{
  "process_start_time": 1767685849.4875686,
  "process_end_time": 1767685921.5045028,
  "total_elapsed_time_seconds": 72.02,
  "rounds_time_stats": {
    "round_1": 71.99
  }
}