{
  "process_start_time": 1767888908.076255,
  "process_end_time": 1767888924.7861533,
  "total_elapsed_time_seconds": 16.71,
  "rounds_time_stats": {
    "round_1": 16.71
  }
}