{
  "process_start_time": 1767890094.6991434,
  "process_end_time": 1767890106.1048338,
  "total_elapsed_time_seconds": 11.41,
  "rounds_time_stats": {
    "round_1": 11.4
  }
}