{
  "process_start_time": 1767692234.4147947,
  "process_end_time": 1767692434.034779,
  "total_elapsed_time_seconds": 199.62,
  "rounds_time_stats": {
    "round_1": 35.58,
    "round_2": 35.48,
    "round_3": 35.01,
    "round_4": 32.44,
    "round_5": 28.22,
    "round_6": 32.89
  }
}