{
  "process_start_time": 1767884859.7688003,
  "process_end_time": 1767884916.7939003,
  "total_elapsed_time_seconds": 57.03,
  "rounds_time_stats": {
    "round_1": 15.82,
    "round_2": 14.84,
    "round_3": 26.36
  }
}