{
  "process_start_time": 1767979157.2598777,
  "process_end_time": 1767979306.0627172,
  "total_elapsed_time_seconds": 148.8,
  "rounds_time_stats": {
    "round_1": 25.9,
    "round_2": 36.18,
    "round_3": 24.21,
    "round_4": 26.29,
    "round_5": 18.49,
    "round_6": 17.73
  }
}