{
  "process_start_time": 1768116459.1002345,
  "process_end_time": 1768116712.2001789,
  "total_elapsed_time_seconds": 253.1,
  "rounds_time_stats": {
    "round_1": 44.75,
    "round_2": 41.02,
    "round_3": 39.12,
    "round_4": 46.75,
    "round_5": 43.24,
    "round_6": 38.21
  }
}