{
  "process_start_time": 1767678624.9052365,
  "process_end_time": 1767678883.0072794,
  "total_elapsed_time_seconds": 258.1,
  "rounds_time_stats": {
    "round_1": 45.72,
    "round_2": 31.03,
    "round_3": 45.14,
    "round_4": 42.12,
    "round_5": 54.7,
    "round_6": 39.39
  }
}