{
  "process_start_time": 1767979158.9990306,
  "process_end_time": 1767979296.7908833,
  "total_elapsed_time_seconds": 137.79,
  "rounds_time_stats": {
    "round_1": 23.82,
    "round_2": 26.11,
    "round_3": 28.06,
    "round_4": 19.78,
    "round_5": 23.5,
    "round_6": 16.51
  }
}