{
  "process_start_time": 1768114486.978424,
  "process_end_time": 1768114803.4673223,
  "total_elapsed_time_seconds": 316.49,
  "rounds_time_stats": {
    "round_1": 33.3,
    "round_2": 67.33,
    "round_3": 65.59,
    "round_4": 53.43,
    "round_5": 47.79,
    "round_6": 49.05
  }
}