{
  "process_start_time": 1767680582.0552273,
  "process_end_time": 1767680834.458421,
  "total_elapsed_time_seconds": 252.4,
  "rounds_time_stats": {
    "round_1": 39.53,
    "round_2": 46.61,
    "round_3": 39.31,
    "round_4": 36.8,
    "round_5": 45.66,
    "round_6": 44.5
  }
}