{
  "process_start_time": 1767685239.8992102,
  "process_end_time": 1767685530.037028,
  "total_elapsed_time_seconds": 290.14,
  "rounds_time_stats": {
    "round_1": 45.55,
    "round_2": 46.42,
    "round_3": 44.51,
    "round_4": 43.38,
    "round_5": 47.44,
    "round_6": 62.83
  }
}