{
  "process_start_time": 1767884138.2741094,
  "process_end_time": 1767884156.2136652,
  "total_elapsed_time_seconds": 17.94,
  "rounds_time_stats": {
    "round_1": 17.93
  }
}