{
  "process_start_time": 1767687891.1839929,
  "process_end_time": 1767688185.5433602,
  "total_elapsed_time_seconds": 294.36,
  "rounds_time_stats": {
    "round_1": 43.47,
    "round_2": 45.21,
    "round_3": 43.35,
    "round_4": 64.25,
    "round_5": 45.61,
    "round_6": 52.47
  }
}