{
  "process_start_time": 1767886251.4624708,
  "process_end_time": 1767886380.1175842,
  "total_elapsed_time_seconds": 128.66,
  "rounds_time_stats": {
    "round_1": 19.88,
    "round_2": 17.78,
    "round_3": 21.1,
    "round_4": 21.66,
    "round_5": 23.42,
    "round_6": 24.81
  }
}