{
  "process_start_time": 1767886206.902572,
  "process_end_time": 1767886231.8616183,
  "total_elapsed_time_seconds": 24.96,
  "rounds_time_stats": {
    "round_1": 24.96
  }
}