{
  "process_start_time": 1767888259.472176,
  "process_end_time": 1767888404.003126,
  "total_elapsed_time_seconds": 144.53,
  "rounds_time_stats": {
    "round_1": 22.58,
    "round_2": 25.78,
    "round_3": 21.43,
    "round_4": 21.33,
    "round_5": 28.21,
    "round_6": 25.2
  }
}