{
  "process_start_time": 1767679168.8656096,
  "process_end_time": 1767679420.4115639,
  "total_elapsed_time_seconds": 251.55,
  "rounds_time_stats": {
    "round_1": 40.76,
    "round_2": 40.2,
    "round_3": 32.71,
    "round_4": 31.25,
    "round_5": 46.12,
    "round_6": 60.51
  }
}