{
  "process_start_time": 1767890478.158682,
  "process_end_time": 1767890616.8538358,
  "total_elapsed_time_seconds": 138.7,
  "rounds_time_stats": {
    "round_1": 22.56,
    "round_2": 22.68,
    "round_3": 23.22,
    "round_4": 25.34,
    "round_5": 24.71,
    "round_6": 20.18
  }
}