{
  "process_start_time": 1767887595.5279415,
  "process_end_time": 1767887800.0704088,
  "total_elapsed_time_seconds": 204.54,
  "rounds_time_stats": {
    "round_1": 28.92,
    "round_2": 40.51,
    "round_3": 26.62,
    "round_4": 38.54,
    "round_5": 39.19,
    "round_6": 30.76
  }
}