{
  "process_start_time": 1767684168.000973,
  "process_end_time": 1767684429.331663,
  "total_elapsed_time_seconds": 261.33,
  "rounds_time_stats": {
    "round_1": 48.0,
    "round_2": 41.79,
    "round_3": 33.17,
    "round_4": 47.54,
    "round_5": 44.8,
    "round_6": 46.03
  }
}