{
  "process_start_time": 1767888539.1317115,
  "process_end_time": 1767888567.8384871,
  "total_elapsed_time_seconds": 28.71,
  "rounds_time_stats": {
    "round_1": 16.07,
    "round_2": 12.63
  }
}