{
  "process_start_time": 1767886357.8437686,
  "process_end_time": 1767886382.011485,
  "total_elapsed_time_seconds": 24.17,
  "rounds_time_stats": {
    "round_1": 24.16
  }
}