{
  "process_start_time": 1767689711.5389137,
  "process_end_time": 1767689989.032038,
  "total_elapsed_time_seconds": 277.49,
  "rounds_time_stats": {
    "round_1": 50.57,
    "round_2": 42.6,
    "round_3": 48.26,
    "round_4": 48.8,
    "round_5": 44.57,
    "round_6": 42.7
  }
}