{
  "process_start_time": 1767890755.6793504,
  "process_end_time": 1767890866.7242951,
  "total_elapsed_time_seconds": 111.04,
  "rounds_time_stats": {
    "round_1": 30.96,
    "round_2": 24.52,
    "round_3": 29.04,
    "round_4": 26.51
  }
}