{
  "process_start_time": 1767888513.4577124,
  "process_end_time": 1767888528.445123,
  "total_elapsed_time_seconds": 14.99,
  "rounds_time_stats": {
    "round_1": 14.99
  }
}