{
  "process_start_time": 1767978528.1513145,
  "process_end_time": 1767978666.3706384,
  "total_elapsed_time_seconds": 138.22,
  "rounds_time_stats": {
    "round_1": 17.61,
    "round_2": 16.33,
    "round_3": 31.3,
    "round_4": 27.05,
    "round_5": 27.75,
    "round_6": 18.18
  }
}