{
  "process_start_time": 1768550445.8065925,
  "process_end_time": 1768550733.581444,
  "total_elapsed_time_seconds": 287.77,
  "rounds_time_stats": {
    "round_1": 53.27,
    "round_2": 44.36,
    "round_3": 56.8,
    "round_4": 43.73,
    "round_5": 45.38,
    "round_6": 44.23
  }
}