{
  "process_start_time": 1767973270.795529,
  "process_end_time": 1767973453.139232,
  "total_elapsed_time_seconds": 182.34,
  "rounds_time_stats": {
    "round_1": 21.95,
    "round_2": 27.17,
    "round_3": 35.8,
    "round_4": 32.36,
    "round_5": 32.84,
    "round_6": 32.22
  }
}