{
  "process_start_time": 1768556782.97407,
  "process_end_time": 1768556996.0662787,
  "total_elapsed_time_seconds": 213.09,
  "rounds_time_stats": {
    "round_1": 33.71,
    "round_2": 31.36,
    "round_3": 37.13,
    "round_4": 41.09,
    "round_5": 37.85,
    "round_6": 31.94
  }
}