{
  "process_start_time": 1767890379.930041,
  "process_end_time": 1767890403.8034525,
  "total_elapsed_time_seconds": 23.87,
  "rounds_time_stats": {
    "round_1": 23.87
  }
}