{
  "process_start_time": 1767684021.7187903,
  "process_end_time": 1767684302.1632493,
  "total_elapsed_time_seconds": 280.44,
  "rounds_time_stats": {
    "round_1": 49.89,
    "round_2": 46.51,
    "round_3": 49.48,
    "round_4": 46.96,
    "round_5": 44.68,
    "round_6": 42.94
  }
}