{
  "process_start_time": 1767889547.071849,
  "process_end_time": 1767889560.967096,
  "total_elapsed_time_seconds": 13.9,
  "rounds_time_stats": {
    "round_1": 13.89
  }
}