{
  "process_start_time": 1768555774.9684498,
  "process_end_time": 1768555949.5696132,
  "total_elapsed_time_seconds": 174.6,
  "rounds_time_stats": {
    "round_1": 26.3,
    "round_2": 29.85,
    "round_3": 28.47,
    "round_4": 28.84,
    "round_5": 30.59,
    "round_6": 30.55
  }
}