{
  "process_start_time": 1767886875.2689486,
  "process_end_time": 1767886901.901793,
  "total_elapsed_time_seconds": 26.63,
  "rounds_time_stats": {
    "round_1": 12.05,
    "round_2": 14.58
  }
}