{
  "process_start_time": 1768549937.2145932,
  "process_end_time": 1768550179.015915,
  "total_elapsed_time_seconds": 241.8,
  "rounds_time_stats": {
    "round_1": 30.62,
    "round_2": 30.22,
    "round_3": 44.2,
    "round_4": 44.85,
    "round_5": 41.76,
    "round_6": 50.15
  }
}