{
  "process_start_time": 1767683236.9738846,
  "process_end_time": 1767683530.575356,
  "total_elapsed_time_seconds": 293.6,
  "rounds_time_stats": {
    "round_1": 49.12,
    "round_2": 58.83,
    "round_3": 44.97,
    "round_4": 60.34,
    "round_5": 33.75,
    "round_6": 46.59
  }
}