{
  "process_start_time": 1767887265.5710747,
  "process_end_time": 1767887325.2535899,
  "total_elapsed_time_seconds": 59.68,
  "rounds_time_stats": {
    "round_1": 29.45,
    "round_2": 30.22
  }
}