{
  "process_start_time": 1768551572.8051536,
  "process_end_time": 1768551705.0941534,
  "total_elapsed_time_seconds": 132.29,
  "rounds_time_stats": {
    "round_1": 16.76,
    "round_2": 15.56,
    "round_3": 17.42,
    "round_4": 27.52,
    "round_5": 27.57,
    "round_6": 27.45
  }
}