{
  "process_start_time": 1767883677.6522756,
  "process_end_time": 1767883714.42979,
  "total_elapsed_time_seconds": 36.78,
  "rounds_time_stats": {
    "round_1": 13.75,
    "round_2": 23.02
  }
}