{
  "process_start_time": 1767884843.9152963,
  "process_end_time": 1767885043.8894434,
  "total_elapsed_time_seconds": 199.97,
  "rounds_time_stats": {
    "round_1": 24.9,
    "round_2": 44.99,
    "round_3": 130.09
  }
}