{
  "process_start_time": 1768556163.440278,
  "process_end_time": 1768556315.9509513,
  "total_elapsed_time_seconds": 152.51,
  "rounds_time_stats": {
    "round_1": 21.03,
    "round_2": 22.69,
    "round_3": 21.56,
    "round_4": 29.15,
    "round_5": 28.6,
    "round_6": 29.49
  }
}