{
  "process_start_time": 1767683883.9203844,
  "process_end_time": 1767684181.5635605,
  "total_elapsed_time_seconds": 297.64,
  "rounds_time_stats": {
    "round_1": 45.35,
    "round_2": 46.03,
    "round_3": 49.97,
    "round_4": 43.73,
    "round_5": 44.78,
    "round_6": 67.78
  }
}