{
  "process_start_time": 1767890617.3124964,
  "process_end_time": 1767890760.2698872,
  "total_elapsed_time_seconds": 142.96,
  "rounds_time_stats": {
    "round_1": 19.61,
    "round_2": 27.38,
    "round_3": 16.48,
    "round_4": 27.03,
    "round_5": 27.54,
    "round_6": 24.92
  }
}