{
  "process_start_time": 1767884794.7394037,
  "process_end_time": 1767884808.927934,
  "total_elapsed_time_seconds": 14.19,
  "rounds_time_stats": {
    "round_1": 14.18
  }
}