{
  "process_start_time": 1767883378.1759055,
  "process_end_time": 1767883492.764754,
  "total_elapsed_time_seconds": 114.59,
  "rounds_time_stats": {
    "round_1": 22.25,
    "round_2": 21.31,
    "round_3": 18.63,
    "round_4": 18.6,
    "round_5": 15.15,
    "round_6": 18.65
  }
}