{
  "process_start_time": 1767890470.2841709,
  "process_end_time": 1767890596.5046246,
  "total_elapsed_time_seconds": 126.22,
  "rounds_time_stats": {
    "round_1": 14.59,
    "round_2": 22.2,
    "round_3": 26.44,
    "round_4": 21.04,
    "round_5": 20.28,
    "round_6": 21.67
  }
}