{
  "process_start_time": 1768117362.1270413,
  "process_end_time": 1768117652.664234,
  "total_elapsed_time_seconds": 290.54,
  "rounds_time_stats": {
    "round_1": 57.9,
    "round_2": 40.44,
    "round_3": 49.35,
    "round_4": 50.17,
    "round_5": 46.71,
    "round_6": 45.97
  }
}