{
  "process_start_time": 1768555762.4347808,
  "process_end_time": 1768555949.569676,
  "total_elapsed_time_seconds": 187.13,
  "rounds_time_stats": {
    "round_1": 29.19,
    "round_2": 29.56,
    "round_3": 37.52,
    "round_4": 31.66,
    "round_5": 28.79,
    "round_6": 30.41
  }
}