{
  "process_start_time": 1767688515.5263288,
  "process_end_time": 1767688804.1861858,
  "total_elapsed_time_seconds": 288.66,
  "rounds_time_stats": {
    "round_1": 42.81,
    "round_2": 50.11,
    "round_3": 48.11,
    "round_4": 51.1,
    "round_5": 50.22,
    "round_6": 46.3
  }
}