{
  "process_start_time": 1767687905.1816185,
  "process_end_time": 1767688177.118118,
  "total_elapsed_time_seconds": 271.94,
  "rounds_time_stats": {
    "round_1": 40.42,
    "round_2": 41.26,
    "round_3": 54.68,
    "round_4": 40.76,
    "round_5": 53.9,
    "round_6": 40.91
  }
}