{
  "process_start_time": 1767887281.6866503,
  "process_end_time": 1767887443.3812654,
  "total_elapsed_time_seconds": 161.69,
  "rounds_time_stats": {
    "round_1": 27.31,
    "round_2": 31.47,
    "round_3": 33.25,
    "round_4": 16.43,
    "round_5": 28.05,
    "round_6": 25.19
  }
}