{
  "process_start_time": 1767690142.3470707,
  "process_end_time": 1767690433.0198517,
  "total_elapsed_time_seconds": 290.67,
  "rounds_time_stats": {
    "round_1": 42.97,
    "round_2": 48.62,
    "round_3": 61.35,
    "round_4": 45.56,
    "round_5": 48.86,
    "round_6": 43.3
  }
}