{
  "process_start_time": 1767888712.679469,
  "process_end_time": 1767888748.2153263,
  "total_elapsed_time_seconds": 35.54,
  "rounds_time_stats": {
    "round_1": 15.84,
    "round_2": 19.69
  }
}