{
  "process_start_time": 1768555174.7322717,
  "process_end_time": 1768555365.4858253,
  "total_elapsed_time_seconds": 190.75,
  "rounds_time_stats": {
    "round_1": 29.07,
    "round_2": 30.56,
    "round_3": 35.55,
    "round_4": 28.41,
    "round_5": 39.14,
    "round_6": 28.02
  }
}