{
  "process_start_time": 1768556788.3748865,
  "process_end_time": 1768556951.937922,
  "total_elapsed_time_seconds": 163.56,
  "rounds_time_stats": {
    "round_1": 21.56,
    "round_2": 28.13,
    "round_3": 29.13,
    "round_4": 28.33,
    "round_5": 30.9,
    "round_6": 25.52
  }
}