{
  "process_start_time": 1768551859.5188956,
  "process_end_time": 1768552017.3487422,
  "total_elapsed_time_seconds": 157.83,
  "rounds_time_stats": {
    "round_1": 29.8,
    "round_2": 19.22,
    "round_3": 24.98,
    "round_4": 30.37,
    "round_5": 28.08,
    "round_6": 25.36
  }
}