{
  "process_start_time": 1767977637.1070943,
  "process_end_time": 1767977821.86386,
  "total_elapsed_time_seconds": 184.76,
  "rounds_time_stats": {
    "round_1": 28.54,
    "round_2": 30.19,
    "round_3": 32.29,
    "round_4": 31.24,
    "round_5": 29.77,
    "round_6": 32.72
  }
}