{
  "process_start_time": 1767884074.694262,
  "process_end_time": 1767884100.6326513,
  "total_elapsed_time_seconds": 25.94,
  "rounds_time_stats": {
    "round_1": 25.93
  }
}