{
  "process_start_time": 1768108240.6869524,
  "process_end_time": 1768108521.8958132,
  "total_elapsed_time_seconds": 281.21,
  "rounds_time_stats": {
    "round_1": 35.55,
    "round_2": 51.19,
    "round_3": 60.1,
    "round_4": 46.41,
    "round_5": 40.73,
    "round_6": 47.23
  }
}