{
  "process_start_time": 1768550965.1134586,
  "process_end_time": 1768551194.3071017,
  "total_elapsed_time_seconds": 229.19,
  "rounds_time_stats": {
    "round_1": 39.03,
    "round_2": 47.31,
    "round_3": 41.43,
    "round_4": 41.62,
    "round_5": 30.58,
    "round_6": 29.22
  }
}