{
  "process_start_time": 1767889112.960447,
  "process_end_time": 1767889121.5270748,
  "total_elapsed_time_seconds": 8.57,
  "rounds_time_stats": {
    "round_1": 8.56
  }
}