{
  "process_start_time": 1767978190.8898377,
  "process_end_time": 1767978328.6877809,
  "total_elapsed_time_seconds": 137.8,
  "rounds_time_stats": {
    "round_1": 11.15,
    "round_2": 25.63,
    "round_3": 22.8,
    "round_4": 27.71,
    "round_5": 29.32,
    "round_6": 21.18
  }
}