{
  "process_start_time": 1768551584.3062975,
  "process_end_time": 1768551764.1268165,
  "total_elapsed_time_seconds": 179.82,
  "rounds_time_stats": {
    "round_1": 26.77,
    "round_2": 28.01,
    "round_3": 31.33,
    "round_4": 37.87,
    "round_5": 24.64,
    "round_6": 31.2
  }
}