{
  "process_start_time": 1768108743.5815086,
  "process_end_time": 1768109023.7533393,
  "total_elapsed_time_seconds": 280.17,
  "rounds_time_stats": {
    "round_1": 39.92,
    "round_2": 33.36,
    "round_3": 48.85,
    "round_4": 44.9,
    "round_5": 66.71,
    "round_6": 46.41
  }
}