{
  "process_start_time": 1767680639.9894338,
  "process_end_time": 1767680913.638626,
  "total_elapsed_time_seconds": 273.65,
  "rounds_time_stats": {
    "round_1": 42.73,
    "round_2": 44.4,
    "round_3": 44.47,
    "round_4": 48.69,
    "round_5": 46.59,
    "round_6": 46.78
  }
}