{
  "process_start_time": 1767979178.4268062,
  "process_end_time": 1767979328.074868,
  "total_elapsed_time_seconds": 149.65,
  "rounds_time_stats": {
    "round_1": 29.64,
    "round_2": 29.02,
    "round_3": 25.38,
    "round_4": 25.57,
    "round_5": 21.71,
    "round_6": 18.32
  }
}