{
  "process_start_time": 1767691407.0438697,
  "process_end_time": 1767691696.981249,
  "total_elapsed_time_seconds": 289.94,
  "rounds_time_stats": {
    "round_1": 72.9,
    "round_2": 29.05,
    "round_3": 47.6,
    "round_4": 45.09,
    "round_5": 46.39,
    "round_6": 48.9
  }
}