{
  "process_start_time": 1767683529.1575084,
  "process_end_time": 1767683561.3070798,
  "total_elapsed_time_seconds": 32.15,
  "rounds_time_stats": {
    "round_1": 32.15
  }
}