{
  "process_start_time": 1767887679.4333365,
  "process_end_time": 1767887692.517502,
  "total_elapsed_time_seconds": 13.08,
  "rounds_time_stats": {
    "round_1": 13.07
  }
}