{
  "process_start_time": 1767889461.6124606,
  "process_end_time": 1767889478.060374,
  "total_elapsed_time_seconds": 16.45,
  "rounds_time_stats": {
    "round_1": 16.44
  }
}