{
  "process_start_time": 1768551774.217803,
  "process_end_time": 1768551973.3425667,
  "total_elapsed_time_seconds": 199.12,
  "rounds_time_stats": {
    "round_1": 43.15,
    "round_2": 27.22,
    "round_3": 27.23,
    "round_4": 28.11,
    "round_5": 34.92,
    "round_6": 38.48
  }
}