{
  "process_start_time": 1767977812.429031,
  "process_end_time": 1767977995.160629,
  "total_elapsed_time_seconds": 182.73,
  "rounds_time_stats": {
    "round_1": 29.99,
    "round_2": 30.2,
    "round_3": 29.07,
    "round_4": 29.5,
    "round_5": 33.8,
    "round_6": 30.16
  }
}