{
  "process_start_time": 1767887509.4542577,
  "process_end_time": 1767887563.0969446,
  "total_elapsed_time_seconds": 53.64,
  "rounds_time_stats": {
    "round_1": 24.81,
    "round_2": 28.83
  }
}