{
  "process_start_time": 1768551760.765062,
  "process_end_time": 1768551963.8705454,
  "total_elapsed_time_seconds": 203.11,
  "rounds_time_stats": {
    "round_1": 31.69,
    "round_2": 36.07,
    "round_3": 40.01,
    "round_4": 33.52,
    "round_5": 24.32,
    "round_6": 37.5
  }
}