{
  "process_start_time": 1767888158.9018698,
  "process_end_time": 1767888167.131332,
  "total_elapsed_time_seconds": 8.23,
  "rounds_time_stats": {
    "round_1": 8.23
  }
}