{
  "process_start_time": 1767883929.6181445,
  "process_end_time": 1767883951.5827749,
  "total_elapsed_time_seconds": 21.96,
  "rounds_time_stats": {
    "round_1": 21.96
  }
}