{
  "process_start_time": 1767885572.259485,
  "process_end_time": 1767885596.4263923,
  "total_elapsed_time_seconds": 24.17,
  "rounds_time_stats": {
    "round_1": 24.16
  }
}