{
  "process_start_time": 1767676310.7001975,
  "process_end_time": 1767676603.1034553,
  "total_elapsed_time_seconds": 292.4,
  "rounds_time_stats": {
    "round_1": 50.51,
    "round_2": 56.63,
    "round_3": 48.57,
    "round_4": 45.34,
    "round_5": 47.6,
    "round_6": 43.76
  }
}