{
  "process_start_time": 1767691791.6883066,
  "process_end_time": 1767692058.8008025,
  "total_elapsed_time_seconds": 267.11,
  "rounds_time_stats": {
    "round_1": 32.92,
    "round_2": 39.42,
    "round_3": 47.26,
    "round_4": 41.96,
    "round_5": 65.46,
    "round_6": 40.08
  }
}