{
  "process_start_time": 1767887020.1396546,
  "process_end_time": 1767887092.351193,
  "total_elapsed_time_seconds": 72.21,
  "rounds_time_stats": {
    "round_1": 72.14
  }
}