{
  "process_start_time": 1768109306.727413,
  "process_end_time": 1768109563.4831488,
  "total_elapsed_time_seconds": 256.76,
  "rounds_time_stats": {
    "round_1": 38.38,
    "round_2": 39.56,
    "round_3": 45.4,
    "round_4": 44.99,
    "round_5": 45.16,
    "round_6": 43.27
  }
}