{
  "process_start_time": 1767884334.5466096,
  "process_end_time": 1767884478.1773653,
  "total_elapsed_time_seconds": 143.63,
  "rounds_time_stats": {
    "round_1": 18.69,
    "round_2": 25.89,
    "round_3": 25.2,
    "round_4": 24.13,
    "round_5": 23.3,
    "round_6": 26.42
  }
}