{
  "process_start_time": 1767883663.113381,
  "process_end_time": 1767883795.4015675,
  "total_elapsed_time_seconds": 132.29,
  "rounds_time_stats": {
    "round_1": 20.01,
    "round_2": 16.77,
    "round_3": 21.5,
    "round_4": 23.05,
    "round_5": 25.63,
    "round_6": 25.32
  }
}