{
  "process_start_time": 1768556430.4392698,
  "process_end_time": 1768556606.2624762,
  "total_elapsed_time_seconds": 175.82,
  "rounds_time_stats": {
    "round_1": 26.96,
    "round_2": 24.17,
    "round_3": 36.06,
    "round_4": 29.67,
    "round_5": 28.52,
    "round_6": 30.44
  }
}