{
  "process_start_time": 1767883530.8601053,
  "process_end_time": 1767883580.0402517,
  "total_elapsed_time_seconds": 49.18,
  "rounds_time_stats": {
    "round_1": 22.6,
    "round_2": 26.58
  }
}