{
  "process_start_time": 1767974240.7959836,
  "process_end_time": 1767974551.9571989,
  "total_elapsed_time_seconds": 311.16,
  "rounds_time_stats": {
    "round_1": 55.91,
    "round_2": 40.56,
    "round_3": 56.73,
    "round_4": 68.71,
    "round_5": 41.27,
    "round_6": 47.98
  }
}