{
  "process_start_time": 1768107778.4732609,
  "process_end_time": 1768107964.0528214,
  "total_elapsed_time_seconds": 185.58,
  "rounds_time_stats": {
    "round_1": 25.8,
    "round_2": 26.27,
    "round_3": 29.17,
    "round_4": 49.25,
    "round_5": 29.09,
    "round_6": 25.99
  }
}