{
  "process_start_time": 1768551973.1437407,
  "process_end_time": 1768552146.074251,
  "total_elapsed_time_seconds": 172.93,
  "rounds_time_stats": {
    "round_1": 28.63,
    "round_2": 20.43,
    "round_3": 30.74,
    "round_4": 26.66,
    "round_5": 28.3,
    "round_6": 38.18
  }
}