{
  "process_start_time": 1767883742.827752,
  "process_end_time": 1767883919.7219274,
  "total_elapsed_time_seconds": 176.89,
  "rounds_time_stats": {
    "round_1": 31.36,
    "round_2": 27.51,
    "round_3": 30.44,
    "round_4": 29.57,
    "round_5": 26.94,
    "round_6": 31.07
  }
}