{
  "process_start_time": 1767665155.1055589,
  "process_end_time": 1767665432.922483,
  "total_elapsed_time_seconds": 277.82,
  "rounds_time_stats": {
    "round_1": 47.48,
    "round_2": 45.88,
    "round_3": 47.44,
    "round_4": 45.29,
    "round_5": 46.28,
    "round_6": 45.45
  }
}