{
  "process_start_time": 1767886088.0070817,
  "process_end_time": 1767886105.6839662,
  "total_elapsed_time_seconds": 17.68,
  "rounds_time_stats": {
    "round_1": 17.67
  }
}