{
  "process_start_time": 1767978190.8956084,
  "process_end_time": 1767978377.077918,
  "total_elapsed_time_seconds": 186.18,
  "rounds_time_stats": {
    "round_1": 28.13,
    "round_2": 30.69,
    "round_3": 37.72,
    "round_4": 30.09,
    "round_5": 30.64,
    "round_6": 28.91
  }
}