{
  "process_start_time": 1768550704.5205443,
  "process_end_time": 1768550770.8463671,
  "total_elapsed_time_seconds": 66.33,
  "rounds_time_stats": {
    "round_1": 66.26
  }
}