{
  "process_start_time": 1767680647.709844,
  "process_end_time": 1767680913.5150287,
  "total_elapsed_time_seconds": 265.81,
  "rounds_time_stats": {
    "round_1": 36.86,
    "round_2": 42.86,
    "round_3": 43.38,
    "round_4": 49.16,
    "round_5": 45.64,
    "round_6": 47.9
  }
}