{
  "process_start_time": 1767678884.0278533,
  "process_end_time": 1767678942.353087,
  "total_elapsed_time_seconds": 58.33,
  "rounds_time_stats": {
    "round_1": 58.3
  }
}