{
  "process_start_time": 1767890360.9464245,
  "process_end_time": 1767890524.7957296,
  "total_elapsed_time_seconds": 163.85,
  "rounds_time_stats": {
    "round_1": 30.23,
    "round_2": 23.34,
    "round_3": 28.26,
    "round_4": 28.03,
    "round_5": 28.18,
    "round_6": 25.82
  }
}