{
  "process_start_time": 1767890525.693778,
  "process_end_time": 1767890557.5806427,
  "total_elapsed_time_seconds": 31.89,
  "rounds_time_stats": {
    "round_1": 31.87
  }
}