{
  "process_start_time": 1767886209.3191495,
  "process_end_time": 1767886230.4822717,
  "total_elapsed_time_seconds": 21.16,
  "rounds_time_stats": {
    "round_1": 21.16
  }
}