{
  "process_start_time": 1768115655.792637,
  "process_end_time": 1768115929.225841,
  "total_elapsed_time_seconds": 273.43,
  "rounds_time_stats": {
    "round_1": 38.12,
    "round_2": 34.68,
    "round_3": 43.2,
    "round_4": 59.32,
    "round_5": 49.63,
    "round_6": 48.48
  }
}