{
  "process_start_time": 1767887960.223114,
  "process_end_time": 1767888019.7141757,
  "total_elapsed_time_seconds": 59.49,
  "rounds_time_stats": {
    "round_1": 32.49,
    "round_2": 26.98
  }
}