{
  "process_start_time": 1768556141.1474953,
  "process_end_time": 1768556255.5953958,
  "total_elapsed_time_seconds": 114.45,
  "rounds_time_stats": {
    "round_1": 28.33,
    "round_2": 40.43,
    "round_3": 45.67
  }
}