{
  "process_start_time": 1767979128.960994,
  "process_end_time": 1767979306.2075443,
  "total_elapsed_time_seconds": 177.25,
  "rounds_time_stats": {
    "round_1": 29.72,
    "round_2": 30.66,
    "round_3": 30.95,
    "round_4": 34.89,
    "round_5": 26.44,
    "round_6": 24.59
  }
}