{
  "process_start_time": 1767888273.8626425,
  "process_end_time": 1767888332.349948,
  "total_elapsed_time_seconds": 58.49,
  "rounds_time_stats": {
    "round_1": 15.4,
    "round_2": 14.32,
    "round_3": 14.01,
    "round_4": 14.76
  }
}