{
  "process_start_time": 1767684957.8489246,
  "process_end_time": 1767685213.439292,
  "total_elapsed_time_seconds": 255.59,
  "rounds_time_stats": {
    "round_1": 46.29,
    "round_2": 45.17,
    "round_3": 50.35,
    "round_4": 43.36,
    "round_5": 36.13,
    "round_6": 34.3
  }
}