{
  "process_start_time": 1767679166.2131975,
  "process_end_time": 1767679432.1390605,
  "total_elapsed_time_seconds": 265.93,
  "rounds_time_stats": {
    "round_1": 43.04,
    "round_2": 41.14,
    "round_3": 48.61,
    "round_4": 41.41,
    "round_5": 51.43,
    "round_6": 40.3
  }
}