{
  "process_start_time": 1767883151.329049,
  "process_end_time": 1767883190.8623774,
  "total_elapsed_time_seconds": 39.53,
  "rounds_time_stats": {
    "round_1": 39.16,
    "round_2": 0.36
  }
}