{
  "process_start_time": 1767886241.1073813,
  "process_end_time": 1767886290.6992328,
  "total_elapsed_time_seconds": 49.59,
  "rounds_time_stats": {
    "round_1": 17.08,
    "round_2": 18.69,
    "round_3": 13.7,
    "round_4": 0.13
  }
}