{
  "process_start_time": 1767683624.813977,
  "process_end_time": 1767683943.6219504,
  "total_elapsed_time_seconds": 318.81,
  "rounds_time_stats": {
    "round_1": 43.96,
    "round_2": 45.99,
    "round_3": 46.22,
    "round_4": 61.82,
    "round_5": 74.94,
    "round_6": 45.86
  }
}