{
  "process_start_time": 1768555243.5155375,
  "process_end_time": 1768555296.4364421,
  "total_elapsed_time_seconds": 52.92,
  "rounds_time_stats": {
    "round_1": 52.89
  }
}