{
  "process_start_time": 1767687734.061811,
  "process_end_time": 1767688026.4222052,
  "total_elapsed_time_seconds": 292.36,
  "rounds_time_stats": {
    "round_1": 53.49,
    "round_2": 46.24,
    "round_3": 43.13,
    "round_4": 43.65,
    "round_5": 42.27,
    "round_6": 63.59
  }
}