{
  "process_start_time": 1767889813.045332,
  "process_end_time": 1767889885.679602,
  "total_elapsed_time_seconds": 72.63,
  "rounds_time_stats": {
    "round_1": 29.63,
    "round_2": 19.27,
    "round_3": 23.73
  }
}