{
  "process_start_time": 1767882944.622919,
  "process_end_time": 1767882976.4629402,
  "total_elapsed_time_seconds": 31.84,
  "rounds_time_stats": {
    "round_1": 31.82
  }
}