{
  "process_start_time": 1767888051.6454916,
  "process_end_time": 1767888227.2769048,
  "total_elapsed_time_seconds": 175.63,
  "rounds_time_stats": {
    "round_1": 19.85,
    "round_2": 26.81,
    "round_3": 20.01,
    "round_4": 42.58,
    "round_5": 33.31,
    "round_6": 33.07
  }
}