{
  "process_start_time": 1767977871.0382097,
  "process_end_time": 1767978036.3444068,
  "total_elapsed_time_seconds": 165.31,
  "rounds_time_stats": {
    "round_1": 32.69,
    "round_2": 28.87,
    "round_3": 34.07,
    "round_4": 27.96,
    "round_5": 26.96,
    "round_6": 14.76
  }
}