{
  "process_start_time": 1767680555.6614141,
  "process_end_time": 1767680796.5996969,
  "total_elapsed_time_seconds": 240.94,
  "rounds_time_stats": {
    "round_1": 36.3,
    "round_2": 40.68,
    "round_3": 47.0,
    "round_4": 42.75,
    "round_5": 33.66,
    "round_6": 40.55
  }
}