{
  "process_start_time": 1767976717.8218675,
  "process_end_time": 1767976890.894481,
  "total_elapsed_time_seconds": 173.07,
  "rounds_time_stats": {
    "round_1": 19.73,
    "round_2": 29.74,
    "round_3": 30.1,
    "round_4": 30.17,
    "round_5": 33.04,
    "round_6": 30.3
  }
}