{
  "process_start_time": 1767889049.8771315,
  "process_end_time": 1767889128.9462636,
  "total_elapsed_time_seconds": 79.07,
  "rounds_time_stats": {
    "round_1": 25.98,
    "round_2": 26.37,
    "round_3": 26.72
  }
}