{
  "process_start_time": 1767977637.0724924,
  "process_end_time": 1767977812.9078078,
  "total_elapsed_time_seconds": 175.84,
  "rounds_time_stats": {
    "round_1": 17.76,
    "round_2": 29.26,
    "round_3": 33.94,
    "round_4": 29.35,
    "round_5": 33.87,
    "round_6": 31.65
  }
}