{
  "process_start_time": 1767683852.7969792,
  "process_end_time": 1767684152.0430443,
  "total_elapsed_time_seconds": 299.25,
  "rounds_time_stats": {
    "round_1": 47.79,
    "round_2": 44.57,
    "round_3": 48.26,
    "round_4": 43.91,
    "round_5": 48.22,
    "round_6": 66.49
  }
}