{
  "process_start_time": 1767888444.7808447,
  "process_end_time": 1767888465.3971128,
  "total_elapsed_time_seconds": 20.62,
  "rounds_time_stats": {
    "round_1": 20.6
  }
}