{
  "process_start_time": 1767678387.3756464,
  "process_end_time": 1767678657.1207561,
  "total_elapsed_time_seconds": 269.75,
  "rounds_time_stats": {
    "round_1": 41.84,
    "round_2": 43.7,
    "round_3": 46.33,
    "round_4": 45.3,
    "round_5": 42.59,
    "round_6": 49.98
  }
}