{
  "process_start_time": 1767889950.969313,
  "process_end_time": 1767889959.8884075,
  "total_elapsed_time_seconds": 8.92,
  "rounds_time_stats": {
    "round_1": 8.91
  }
}