{
  "process_start_time": 1767681114.8557115,
  "process_end_time": 1767681436.169374,
  "total_elapsed_time_seconds": 321.31,
  "rounds_time_stats": {
    "round_1": 48.43,
    "round_2": 41.78,
    "round_3": 61.36,
    "round_4": 74.02,
    "round_5": 47.08,
    "round_6": 48.65
  }
}