{
  "process_start_time": 1767970265.90234,
  "process_end_time": 1767970660.26603,
  "total_elapsed_time_seconds": 394.36,
  "rounds_time_stats": {
    "round_1": 73.66,
    "round_2": 90.71,
    "round_3": 87.72,
    "round_4": 37.95,
    "round_5": 67.94,
    "round_6": 36.38
  }
}