{
  "process_start_time": 1767683499.4733706,
  "process_end_time": 1767683745.6147108,
  "total_elapsed_time_seconds": 246.14,
  "rounds_time_stats": {
    "round_1": 43.59,
    "round_2": 39.09,
    "round_3": 42.41,
    "round_4": 45.42,
    "round_5": 41.6,
    "round_6": 34.03
  }
}