{
  "process_start_time": 1767889431.3065686,
  "process_end_time": 1767889446.3454676,
  "total_elapsed_time_seconds": 15.04,
  "rounds_time_stats": {
    "round_1": 15.04
  }
}