{
  "process_start_time": 1767690418.4977624,
  "process_end_time": 1767690615.916088,
  "total_elapsed_time_seconds": 197.42,
  "rounds_time_stats": {
    "round_1": 48.1,
    "round_2": 46.37,
    "round_3": 37.91,
    "round_4": 28.0,
    "round_5": 22.21,
    "round_6": 14.82
  }
}