{
  "process_start_time": 1768556382.7235458,
  "process_end_time": 1768556547.1564288,
  "total_elapsed_time_seconds": 164.43,
  "rounds_time_stats": {
    "round_1": 28.33,
    "round_2": 29.97,
    "round_3": 28.64,
    "round_4": 18.59,
    "round_5": 30.06,
    "round_6": 28.84
  }
}