{
  "process_start_time": 1768117410.3991778,
  "process_end_time": 1768117684.6655278,
  "total_elapsed_time_seconds": 274.27,
  "rounds_time_stats": {
    "round_1": 43.5,
    "round_2": 35.96,
    "round_3": 49.99,
    "round_4": 36.65,
    "round_5": 60.58,
    "round_6": 47.58
  }
}