{
  "process_start_time": 1767889897.2512097,
  "process_end_time": 1767889911.374055,
  "total_elapsed_time_seconds": 14.12,
  "rounds_time_stats": {
    "round_1": 13.84,
    "round_2": 0.28
  }
}