{
  "process_start_time": 1767885788.5369852,
  "process_end_time": 1767885824.2306664,
  "total_elapsed_time_seconds": 35.69,
  "rounds_time_stats": {
    "round_1": 16.52,
    "round_2": 19.17
  }
}