{
  "process_start_time": 1767684628.2090397,
  "process_end_time": 1767684930.942809,
  "total_elapsed_time_seconds": 302.73,
  "rounds_time_stats": {
    "round_1": 45.29,
    "round_2": 46.34,
    "round_3": 46.34,
    "round_4": 49.34,
    "round_5": 64.75,
    "round_6": 50.68
  }
}