{
  "process_start_time": 1767887066.6081486,
  "process_end_time": 1767887266.5021155,
  "total_elapsed_time_seconds": 199.89,
  "rounds_time_stats": {
    "round_1": 36.84,
    "round_2": 36.65,
    "round_3": 36.2,
    "round_4": 30.84,
    "round_5": 27.21,
    "round_6": 32.15
  }
}