{
  "process_start_time": 1767884854.8466756,
  "process_end_time": 1767885100.622056,
  "total_elapsed_time_seconds": 245.78,
  "rounds_time_stats": {
    "round_1": 22.34,
    "round_2": 19.82,
    "round_3": 163.39,
    "round_4": 40.21
  }
}