{
  "process_start_time": 1767886372.8770254,
  "process_end_time": 1767886390.1832552,
  "total_elapsed_time_seconds": 17.31,
  "rounds_time_stats": {
    "round_1": 17.3
  }
}