{
  "process_start_time": 1767970266.0792506,
  "process_end_time": 1767970692.9371924,
  "total_elapsed_time_seconds": 426.86,
  "rounds_time_stats": {
    "round_1": 45.31,
    "round_2": 49.3,
    "round_3": 101.0,
    "round_4": 69.84,
    "round_5": 78.27,
    "round_6": 83.14
  }
}