{
  "process_start_time": 1768555308.1051672,
  "process_end_time": 1768555462.0801065,
  "total_elapsed_time_seconds": 153.97,
  "rounds_time_stats": {
    "round_1": 28.81,
    "round_2": 28.23,
    "round_3": 27.32,
    "round_4": 19.82,
    "round_5": 27.71,
    "round_6": 22.07
  }
}