{
  "process_start_time": 1767888392.35938,
  "process_end_time": 1767888406.9168987,
  "total_elapsed_time_seconds": 14.56,
  "rounds_time_stats": {
    "round_1": 14.56
  }
}