{
  "process_start_time": 1768551925.3204474,
  "process_end_time": 1768552061.2965534,
  "total_elapsed_time_seconds": 135.98,
  "rounds_time_stats": {
    "round_1": 17.83,
    "round_2": 18.71,
    "round_3": 21.49,
    "round_4": 27.86,
    "round_5": 21.97,
    "round_6": 28.1
  }
}