{
  "process_start_time": 1767888816.5082424,
  "process_end_time": 1767888832.9070022,
  "total_elapsed_time_seconds": 16.4,
  "rounds_time_stats": {
    "round_1": 16.4
  }
}