{
  "process_start_time": 1767886682.2537484,
  "process_end_time": 1767886721.8479214,
  "total_elapsed_time_seconds": 39.59,
  "rounds_time_stats": {
    "round_1": 12.13,
    "round_2": 8.97,
    "round_3": 18.49
  }
}