{
  "process_start_time": 1767687621.8535073,
  "process_end_time": 1767687703.286163,
  "total_elapsed_time_seconds": 81.43,
  "rounds_time_stats": {
    "round_1": 81.39
  }
}