{
  "process_start_time": 1768109023.7565954,
  "process_end_time": 1768109321.5209515,
  "total_elapsed_time_seconds": 297.76,
  "rounds_time_stats": {
    "round_1": 47.37,
    "round_2": 46.25,
    "round_3": 58.92,
    "round_4": 44.16,
    "round_5": 55.87,
    "round_6": 45.19
  }
}