{
  "process_start_time": 1767676078.270288,
  "process_end_time": 1767676374.0589647,
  "total_elapsed_time_seconds": 295.79,
  "rounds_time_stats": {
    "round_1": 47.98,
    "round_2": 44.5,
    "round_3": 63.96,
    "round_4": 46.81,
    "round_5": 45.32,
    "round_6": 47.23
  }
}