{
  "process_start_time": 1767685485.1007795,
  "process_end_time": 1767685773.7565875,
  "total_elapsed_time_seconds": 288.66,
  "rounds_time_stats": {
    "round_1": 44.71,
    "round_2": 43.92,
    "round_3": 63.01,
    "round_4": 45.69,
    "round_5": 46.83,
    "round_6": 44.49
  }
}