{
  "process_start_time": 1767969222.451242,
  "process_end_time": 1767969486.3234818,
  "total_elapsed_time_seconds": 263.87,
  "rounds_time_stats": {
    "round_1": 27.7,
    "round_2": 58.66,
    "round_3": 48.93,
    "round_4": 35.22,
    "round_5": 40.92,
    "round_6": 52.44
  }
}