{
  "process_start_time": 1767684180.7710578,
  "process_end_time": 1767684459.4072897,
  "total_elapsed_time_seconds": 278.64,
  "rounds_time_stats": {
    "round_1": 47.55,
    "round_2": 45.37,
    "round_3": 45.91,
    "round_4": 47.3,
    "round_5": 44.68,
    "round_6": 47.83
  }
}