{
  "process_start_time": 1767685426.5034366,
  "process_end_time": 1767685709.3189995,
  "total_elapsed_time_seconds": 282.82,
  "rounds_time_stats": {
    "round_1": 40.8,
    "round_2": 48.0,
    "round_3": 46.2,
    "round_4": 43.57,
    "round_5": 46.99,
    "round_6": 57.26
  }
}