{
  "process_start_time": 1767888107.202935,
  "process_end_time": 1767888139.9498875,
  "total_elapsed_time_seconds": 32.75,
  "rounds_time_stats": {
    "round_1": 16.62,
    "round_2": 15.98,
    "round_3": 0.13
  }
}