{
  "process_start_time": 1767675475.9889097,
  "process_end_time": 1767675760.39496,
  "total_elapsed_time_seconds": 284.41,
  "rounds_time_stats": {
    "round_1": 79.22,
    "round_2": 41.19,
    "round_3": 41.11,
    "round_4": 41.99,
    "round_5": 39.5,
    "round_6": 41.4
  }
}