{
  "process_start_time": 1767890444.9751682,
  "process_end_time": 1767890481.8533547,
  "total_elapsed_time_seconds": 36.88,
  "rounds_time_stats": {
    "round_1": 36.87
  }
}