{
  "process_start_time": 1767688588.471317,
  "process_end_time": 1767688894.073271,
  "total_elapsed_time_seconds": 305.6,
  "rounds_time_stats": {
    "round_1": 49.62,
    "round_2": 50.6,
    "round_3": 68.44,
    "round_4": 47.36,
    "round_5": 44.97,
    "round_6": 44.61
  }
}