{
  "process_start_time": 1767976959.5654757,
  "process_end_time": 1767977097.5917642,
  "total_elapsed_time_seconds": 138.03,
  "rounds_time_stats": {
    "round_1": 25.89,
    "round_2": 24.52,
    "round_3": 28.68,
    "round_4": 24.53,
    "round_5": 18.01,
    "round_6": 16.39
  }
}