{
  "process_start_time": 1767888275.6807237,
  "process_end_time": 1767888355.8112469,
  "total_elapsed_time_seconds": 80.13,
  "rounds_time_stats": {
    "round_1": 12.76,
    "round_2": 17.48,
    "round_3": 13.19,
    "round_4": 17.16,
    "round_5": 10.13,
    "round_6": 9.43
  }
}