{
  "process_start_time": 1767883906.3810856,
  "process_end_time": 1767884061.6148367,
  "total_elapsed_time_seconds": 155.23,
  "rounds_time_stats": {
    "round_1": 20.12,
    "round_2": 27.89,
    "round_3": 30.21,
    "round_4": 25.27,
    "round_5": 26.72,
    "round_6": 25.01
  }
}