{
  "process_start_time": 1767887882.8088698,
  "process_end_time": 1767887907.8412647,
  "total_elapsed_time_seconds": 25.03,
  "rounds_time_stats": {
    "round_1": 25.03
  }
}