{
  "process_start_time": 1767678941.0228882,
  "process_end_time": 1767679182.282511,
  "total_elapsed_time_seconds": 241.26,
  "rounds_time_stats": {
    "round_1": 26.61,
    "round_2": 46.97,
    "round_3": 44.87,
    "round_4": 46.43,
    "round_5": 30.74,
    "round_6": 45.64
  }
}