{
  "process_start_time": 1767682687.5420358,
  "process_end_time": 1767682949.7294903,
  "total_elapsed_time_seconds": 262.19,
  "rounds_time_stats": {
    "round_1": 44.3,
    "round_2": 45.94,
    "round_3": 48.55,
    "round_4": 42.13,
    "round_5": 35.06,
    "round_6": 46.21
  }
}