{
  "process_start_time": 1767883019.733486,
  "process_end_time": 1767883042.8080332,
  "total_elapsed_time_seconds": 23.07,
  "rounds_time_stats": {
    "round_1": 23.07
  }
}