{
  "process_start_time": 1767888714.3045683,
  "process_end_time": 1767888728.218236,
  "total_elapsed_time_seconds": 13.91,
  "rounds_time_stats": {
    "round_1": 13.91
  }
}