{
  "process_start_time": 1767890732.8858886,
  "process_end_time": 1767890762.541827,
  "total_elapsed_time_seconds": 29.66,
  "rounds_time_stats": {
    "round_1": 29.62
  }
}