{
  "process_start_time": 1767886030.0372014,
  "process_end_time": 1767886060.854805,
  "total_elapsed_time_seconds": 30.82,
  "rounds_time_stats": {
    "round_1": 30.81
  }
}