{
  "process_start_time": 1768550238.6853056,
  "process_end_time": 1768550503.108534,
  "total_elapsed_time_seconds": 264.42,
  "rounds_time_stats": {
    "round_1": 35.4,
    "round_2": 49.44,
    "round_3": 45.97,
    "round_4": 46.21,
    "round_5": 46.67,
    "round_6": 40.73
  }
}