{
  "process_start_time": 1768550782.2362416,
  "process_end_time": 1768551041.5983934,
  "total_elapsed_time_seconds": 259.36,
  "rounds_time_stats": {
    "round_1": 44.55,
    "round_2": 44.52,
    "round_3": 44.58,
    "round_4": 43.14,
    "round_5": 41.29,
    "round_6": 41.28
  }
}