{
  "process_start_time": 1767685283.2976408,
  "process_end_time": 1767685562.2175965,
  "total_elapsed_time_seconds": 278.92,
  "rounds_time_stats": {
    "round_1": 40.32,
    "round_2": 36.87,
    "round_3": 45.23,
    "round_4": 47.72,
    "round_5": 63.5,
    "round_6": 45.29
  }
}