{
  "process_start_time": 1767888722.3795288,
  "process_end_time": 1767888752.4804795,
  "total_elapsed_time_seconds": 30.1,
  "rounds_time_stats": {
    "round_1": 30.1
  }
}