{
  "process_start_time": 1767890117.5553434,
  "process_end_time": 1767890282.9652624,
  "total_elapsed_time_seconds": 165.41,
  "rounds_time_stats": {
    "round_1": 24.34,
    "round_2": 33.94,
    "round_3": 20.88,
    "round_4": 30.39,
    "round_5": 27.6,
    "round_6": 28.26
  }
}