{
  "process_start_time": 1768555800.757258,
  "process_end_time": 1768555968.1866949,
  "total_elapsed_time_seconds": 167.43,
  "rounds_time_stats": {
    "round_1": 30.48,
    "round_2": 28.79,
    "round_3": 29.58,
    "round_4": 28.66,
    "round_5": 28.16,
    "round_6": 21.77
  }
}