{
  "process_start_time": 1767886974.3142056,
  "process_end_time": 1767887022.4900923,
  "total_elapsed_time_seconds": 48.18,
  "rounds_time_stats": {
    "round_1": 48.15
  }
}