{
  "process_start_time": 1767976961.076129,
  "process_end_time": 1767977095.1675093,
  "total_elapsed_time_seconds": 134.09,
  "rounds_time_stats": {
    "round_1": 26.16,
    "round_2": 22.74,
    "round_3": 26.37,
    "round_4": 22.75,
    "round_5": 21.02,
    "round_6": 15.04
  }
}