{
  "process_start_time": 1768118012.071637,
  "process_end_time": 1768118205.3675325,
  "total_elapsed_time_seconds": 193.3,
  "rounds_time_stats": {
    "round_1": 35.61,
    "round_2": 36.2,
    "round_3": 41.76,
    "round_4": 40.19,
    "round_5": 24.6,
    "round_6": 14.94
  }
}