{
  "process_start_time": 1768556023.2369363,
  "process_end_time": 1768556216.7699707,
  "total_elapsed_time_seconds": 193.53,
  "rounds_time_stats": {
    "round_1": 29.53,
    "round_2": 37.53,
    "round_3": 35.06,
    "round_4": 31.08,
    "round_5": 28.15,
    "round_6": 32.18
  }
}