{
  "process_start_time": 1767676662.093253,
  "process_end_time": 1767676919.1274407,
  "total_elapsed_time_seconds": 257.03,
  "rounds_time_stats": {
    "round_1": 44.92,
    "round_2": 28.35,
    "round_3": 47.03,
    "round_4": 48.08,
    "round_5": 46.59,
    "round_6": 42.06
  }
}