{
  "process_start_time": 1767884440.1770434,
  "process_end_time": 1767884470.8570256,
  "total_elapsed_time_seconds": 30.68,
  "rounds_time_stats": {
    "round_1": 30.67
  }
}