{
  "process_start_time": 1767883397.0241692,
  "process_end_time": 1767883445.302172,
  "total_elapsed_time_seconds": 48.28,
  "rounds_time_stats": {
    "round_1": 15.05,
    "round_2": 12.98,
    "round_3": 19.87,
    "round_4": 0.37
  }
}