{
  "process_start_time": 1767688372.1732223,
  "process_end_time": 1767688657.5943873,
  "total_elapsed_time_seconds": 285.42,
  "rounds_time_stats": {
    "round_1": 37.51,
    "round_2": 38.85,
    "round_3": 45.4,
    "round_4": 48.45,
    "round_5": 47.94,
    "round_6": 67.27
  }
}