{
  "process_start_time": 1767679759.9605951,
  "process_end_time": 1767680017.8658764,
  "total_elapsed_time_seconds": 257.91,
  "rounds_time_stats": {
    "round_1": 34.6,
    "round_2": 49.38,
    "round_3": 47.67,
    "round_4": 48.42,
    "round_5": 43.04,
    "round_6": 34.79
  }
}