{
  "process_start_time": 1768549937.213731,
  "process_end_time": 1768550195.2695632,
  "total_elapsed_time_seconds": 258.06,
  "rounds_time_stats": {
    "round_1": 42.95,
    "round_2": 35.52,
    "round_3": 41.85,
    "round_4": 43.75,
    "round_5": 45.79,
    "round_6": 48.19
  }
}