{
  "process_start_time": 1767885165.1799433,
  "process_end_time": 1767885181.4890933,
  "total_elapsed_time_seconds": 16.31,
  "rounds_time_stats": {
    "round_1": 16.3
  }
}