{
  "process_start_time": 1768109035.9647872,
  "process_end_time": 1768109289.946401,
  "total_elapsed_time_seconds": 253.98,
  "rounds_time_stats": {
    "round_1": 40.8,
    "round_2": 41.33,
    "round_3": 43.32,
    "round_4": 46.42,
    "round_5": 51.78,
    "round_6": 30.33
  }
}