{
  "process_start_time": 1767975931.394152,
  "process_end_time": 1767976155.754685,
  "total_elapsed_time_seconds": 224.36,
  "rounds_time_stats": {
    "round_1": 31.89,
    "round_2": 38.84,
    "round_3": 42.92,
    "round_4": 40.01,
    "round_5": 37.12,
    "round_6": 33.58
  }
}