{
  "process_start_time": 1767883265.2081957,
  "process_end_time": 1767883285.317362,
  "total_elapsed_time_seconds": 20.11,
  "rounds_time_stats": {
    "round_1": 20.1
  }
}