{
  "process_start_time": 1768109024.2554584,
  "process_end_time": 1768109306.236518,
  "total_elapsed_time_seconds": 281.98,
  "rounds_time_stats": {
    "round_1": 45.19,
    "round_2": 47.87,
    "round_3": 44.5,
    "round_4": 46.27,
    "round_5": 37.6,
    "round_6": 60.54
  }
}