{
  "process_start_time": 1767678356.27918,
  "process_end_time": 1767678640.9166536,
  "total_elapsed_time_seconds": 284.64,
  "rounds_time_stats": {
    "round_1": 42.02,
    "round_2": 45.16,
    "round_3": 57.95,
    "round_4": 45.41,
    "round_5": 45.71,
    "round_6": 48.4
  }
}