{
  "process_start_time": 1767977458.8026135,
  "process_end_time": 1767977646.9586577,
  "total_elapsed_time_seconds": 188.16,
  "rounds_time_stats": {
    "round_1": 30.85,
    "round_2": 32.77,
    "round_3": 25.22,
    "round_4": 37.59,
    "round_5": 31.35,
    "round_6": 30.37
  }
}