{
  "process_start_time": 1767889435.9616838,
  "process_end_time": 1767889521.667561,
  "total_elapsed_time_seconds": 85.71,
  "rounds_time_stats": {
    "round_1": 31.07,
    "round_2": 28.36,
    "round_3": 26.27
  }
}