{
  "process_start_time": 1768108284.3871145,
  "process_end_time": 1768108554.2565753,
  "total_elapsed_time_seconds": 269.87,
  "rounds_time_stats": {
    "round_1": 36.98,
    "round_2": 50.67,
    "round_3": 46.54,
    "round_4": 41.75,
    "round_5": 47.21,
    "round_6": 46.72
  }
}