{
  "process_start_time": 1767692252.1396623,
  "process_end_time": 1767692440.641235,
  "total_elapsed_time_seconds": 188.5,
  "rounds_time_stats": {
    "round_1": 33.09,
    "round_2": 42.77,
    "round_3": 35.06,
    "round_4": 29.48,
    "round_5": 24.31,
    "round_6": 23.8
  }
}