{
  "process_start_time": 1767849999.4755602,
  "process_end_time": 1767850214.5480921,
  "total_elapsed_time_seconds": 215.07,
  "rounds_time_stats": {
    "round_1": 38.11,
    "round_2": 34.62,
    "round_3": 31.04,
    "round_4": 43.5,
    "round_5": 38.0,
    "round_6": 29.79
  }
}