{
  "process_start_time": 1767977458.8043609,
  "process_end_time": 1767977636.6203587,
  "total_elapsed_time_seconds": 177.82,
  "rounds_time_stats": {
    "round_1": 24.47,
    "round_2": 27.49,
    "round_3": 32.28,
    "round_4": 28.46,
    "round_5": 33.49,
    "round_6": 31.62
  }
}