{
  "process_start_time": 1767884236.474956,
  "process_end_time": 1767884255.0166914,
  "total_elapsed_time_seconds": 18.54,
  "rounds_time_stats": {
    "round_1": 18.53
  }
}