{
  "process_start_time": 1767684671.8845944,
  "process_end_time": 1767684972.9309924,
  "total_elapsed_time_seconds": 301.05,
  "rounds_time_stats": {
    "round_1": 47.75,
    "round_2": 48.74,
    "round_3": 66.96,
    "round_4": 46.13,
    "round_5": 48.85,
    "round_6": 42.6
  }
}