{
  "process_start_time": 1768556238.753315,
  "process_end_time": 1768556421.0027204,
  "total_elapsed_time_seconds": 182.25,
  "rounds_time_stats": {
    "round_1": 28.35,
    "round_2": 25.76,
    "round_3": 32.0,
    "round_4": 28.77,
    "round_5": 30.47,
    "round_6": 36.9
  }
}