{
  "process_start_time": 1768116151.501128,
  "process_end_time": 1768116487.9043765,
  "total_elapsed_time_seconds": 336.4,
  "rounds_time_stats": {
    "round_1": 50.07,
    "round_2": 45.21,
    "round_3": 103.96,
    "round_4": 46.82,
    "round_5": 45.36,
    "round_6": 44.97
  }
}