{
  "process_start_time": 1767678926.2193818,
  "process_end_time": 1767679193.5726025,
  "total_elapsed_time_seconds": 267.35,
  "rounds_time_stats": {
    "round_1": 36.42,
    "round_2": 39.17,
    "round_3": 40.24,
    "round_4": 47.71,
    "round_5": 45.8,
    "round_6": 58.0
  }
}