{
  "process_start_time": 1767885313.1088617,
  "process_end_time": 1767885328.9953868,
  "total_elapsed_time_seconds": 15.89,
  "rounds_time_stats": {
    "round_1": 15.88
  }
}