{
  "process_start_time": 1767887190.0720093,
  "process_end_time": 1767887295.0946848,
  "total_elapsed_time_seconds": 105.02,
  "rounds_time_stats": {
    "round_1": 10.1,
    "round_2": 25.25,
    "round_3": 9.84,
    "round_4": 22.78,
    "round_5": 9.71,
    "round_6": 27.33
  }
}