{
  "process_start_time": 1767970266.0930312,
  "process_end_time": 1767970738.4415398,
  "total_elapsed_time_seconds": 472.35,
  "rounds_time_stats": {
    "round_1": 71.49,
    "round_2": 135.72,
    "round_3": 58.5,
    "round_4": 41.55,
    "round_5": 85.41,
    "round_6": 79.68
  }
}