{
  "process_start_time": 1767883064.017307,
  "process_end_time": 1767883248.800854,
  "total_elapsed_time_seconds": 184.78,
  "rounds_time_stats": {
    "round_1": 31.36,
    "round_2": 31.68,
    "round_3": 28.53,
    "round_4": 32.84,
    "round_5": 25.97,
    "round_6": 34.39
  }
}