{
  "process_start_time": 1767675475.9877841,
  "process_end_time": 1767675530.947906,
  "total_elapsed_time_seconds": 54.96,
  "rounds_time_stats": {
    "round_1": 54.91,
    "round_2": 0.05
  }
}