{
  "process_start_time": 1767682370.3151972,
  "process_end_time": 1767682688.3877404,
  "total_elapsed_time_seconds": 318.07,
  "rounds_time_stats": {
    "round_1": 85.5,
    "round_2": 42.6,
    "round_3": 49.37,
    "round_4": 46.03,
    "round_5": 46.92,
    "round_6": 47.66
  }
}