{
  "process_start_time": 1768109085.9625714,
  "process_end_time": 1768109368.1164362,
  "total_elapsed_time_seconds": 282.15,
  "rounds_time_stats": {
    "round_1": 46.44,
    "round_2": 43.43,
    "round_3": 46.73,
    "round_4": 54.34,
    "round_5": 43.54,
    "round_6": 47.67
  }
}