{
  "process_start_time": 1768108553.4620724,
  "process_end_time": 1768108803.6795695,
  "total_elapsed_time_seconds": 250.22,
  "rounds_time_stats": {
    "round_1": 39.22,
    "round_2": 32.65,
    "round_3": 36.95,
    "round_4": 47.28,
    "round_5": 32.94,
    "round_6": 61.17
  }
}