{
  "process_start_time": 1767973961.565337,
  "process_end_time": 1767974296.4113338,
  "total_elapsed_time_seconds": 334.85,
  "rounds_time_stats": {
    "round_1": 27.0,
    "round_2": 39.27,
    "round_3": 74.07,
    "round_4": 57.66,
    "round_5": 57.33,
    "round_6": 79.52
  }
}