{
  "process_start_time": 1767970266.0877316,
  "process_end_time": 1767970693.5615678,
  "total_elapsed_time_seconds": 427.47,
  "rounds_time_stats": {
    "round_1": 58.28,
    "round_2": 35.97,
    "round_3": 54.1,
    "round_4": 103.63,
    "round_5": 106.29,
    "round_6": 69.2
  }
}