{
  "process_start_time": 1767685213.4401608,
  "process_end_time": 1767685426.5025287,
  "total_elapsed_time_seconds": 213.06,
  "rounds_time_stats": {
    "round_1": 33.24,
    "round_2": 29.93,
    "round_3": 33.3,
    "round_4": 28.42,
    "round_5": 61.05,
    "round_6": 27.13
  }
}