{
  "process_start_time": 1768109491.0577605,
  "process_end_time": 1768109756.7482996,
  "total_elapsed_time_seconds": 265.69,
  "rounds_time_stats": {
    "round_1": 43.32,
    "round_2": 42.28,
    "round_3": 49.7,
    "round_4": 45.57,
    "round_5": 45.15,
    "round_6": 39.68
  }
}