{
  "process_start_time": 1767884589.6482499,
  "process_end_time": 1767884805.5864537,
  "total_elapsed_time_seconds": 215.94,
  "rounds_time_stats": {
    "round_1": 28.53,
    "round_2": 28.94,
    "round_3": 32.09,
    "round_4": 23.73,
    "round_5": 33.02,
    "round_6": 69.63
  }
}