{
  "process_start_time": 1767679731.043539,
  "process_end_time": 1767679985.21369,
  "total_elapsed_time_seconds": 254.17,
  "rounds_time_stats": {
    "round_1": 44.05,
    "round_2": 37.84,
    "round_3": 63.07,
    "round_4": 43.51,
    "round_5": 33.02,
    "round_6": 32.68
  }
}