{
  "process_start_time": 1767889485.7521665,
  "process_end_time": 1767889497.7669473,
  "total_elapsed_time_seconds": 12.01,
  "rounds_time_stats": {
    "round_1": 12.01
  }
}