{
  "process_start_time": 1767886402.84239,
  "process_end_time": 1767886480.870244,
  "total_elapsed_time_seconds": 78.03,
  "rounds_time_stats": {
    "round_1": 18.1,
    "round_2": 20.78,
    "round_3": 20.15,
    "round_4": 18.99
  }
}