{
  "process_start_time": 1767665431.1011662,
  "process_end_time": 1767665584.3637803,
  "total_elapsed_time_seconds": 153.26,
  "rounds_time_stats": {
    "round_1": 48.05,
    "round_2": 26.54,
    "round_3": 19.73,
    "round_4": 18.93,
    "round_5": 23.72,
    "round_6": 16.28
  }
}