{
  "process_start_time": 1767884099.0901914,
  "process_end_time": 1767884200.422199,
  "total_elapsed_time_seconds": 101.33,
  "rounds_time_stats": {
    "round_1": 15.78,
    "round_2": 21.39,
    "round_3": 18.34,
    "round_4": 14.92,
    "round_5": 17.05,
    "round_6": 13.83
  }
}