{
  "process_start_time": 1767681235.3997543,
  "process_end_time": 1767681494.1269896,
  "total_elapsed_time_seconds": 258.73,
  "rounds_time_stats": {
    "round_1": 39.3,
    "round_2": 42.41,
    "round_3": 39.92,
    "round_4": 46.14,
    "round_5": 49.72,
    "round_6": 41.24
  }
}