{
  "process_start_time": 1767885330.6477873,
  "process_end_time": 1767885537.0386384,
  "total_elapsed_time_seconds": 206.39,
  "rounds_time_stats": {
    "round_1": 28.78,
    "round_2": 36.14,
    "round_3": 44.96,
    "round_4": 25.08,
    "round_5": 44.39,
    "round_6": 27.04
  }
}