{
  "process_start_time": 1767679474.7588692,
  "process_end_time": 1767679761.1920261,
  "total_elapsed_time_seconds": 286.43,
  "rounds_time_stats": {
    "round_1": 57.05,
    "round_2": 46.36,
    "round_3": 45.34,
    "round_4": 47.82,
    "round_5": 47.61,
    "round_6": 42.25
  }
}