{
  "process_start_time": 1768551761.4941952,
  "process_end_time": 1768551982.9774697,
  "total_elapsed_time_seconds": 221.48,
  "rounds_time_stats": {
    "round_1": 28.91,
    "round_2": 43.07,
    "round_3": 44.18,
    "round_4": 32.39,
    "round_5": 34.93,
    "round_6": 38.0
  }
}