{
  "process_start_time": 1767886337.6114414,
  "process_end_time": 1767886366.7154567,
  "total_elapsed_time_seconds": 29.1,
  "rounds_time_stats": {
    "round_1": 29.1
  }
}