{
  "process_start_time": 1767676109.9272866,
  "process_end_time": 1767676388.543116,
  "total_elapsed_time_seconds": 278.62,
  "rounds_time_stats": {
    "round_1": 48.29,
    "round_2": 50.43,
    "round_3": 57.43,
    "round_4": 42.53,
    "round_5": 38.14,
    "round_6": 41.78
  }
}