{
  "process_start_time": 1767885820.3036993,
  "process_end_time": 1767885998.343064,
  "total_elapsed_time_seconds": 178.04,
  "rounds_time_stats": {
    "round_1": 31.66,
    "round_2": 31.77,
    "round_3": 29.63,
    "round_4": 24.36,
    "round_5": 30.16,
    "round_6": 30.45
  }
}