{
  "process_start_time": 1767886876.4876323,
  "process_end_time": 1767887021.4903572,
  "total_elapsed_time_seconds": 145.0,
  "rounds_time_stats": {
    "round_1": 20.76,
    "round_2": 23.62,
    "round_3": 25.4,
    "round_4": 21.71,
    "round_5": 23.66,
    "round_6": 29.85
  }
}