{
  "process_start_time": 1767888567.8398364,
  "process_end_time": 1767888673.4889584,
  "total_elapsed_time_seconds": 105.65,
  "rounds_time_stats": {
    "round_1": 37.73,
    "round_2": 24.77,
    "round_3": 22.01,
    "round_4": 21.13
  }
}