{
  "process_start_time": 1767887197.5477996,
  "process_end_time": 1767887230.6818504,
  "total_elapsed_time_seconds": 33.13,
  "rounds_time_stats": {
    "round_1": 33.13
  }
}