{
  "process_start_time": 1767890002.5228841,
  "process_end_time": 1767890040.7628314,
  "total_elapsed_time_seconds": 38.24,
  "rounds_time_stats": {
    "round_1": 13.16,
    "round_2": 25.07
  }
}