{
  "process_start_time": 1767680539.9406545,
  "process_end_time": 1767680806.8993456,
  "total_elapsed_time_seconds": 266.96,
  "rounds_time_stats": {
    "round_1": 29.11,
    "round_2": 39.96,
    "round_3": 42.74,
    "round_4": 47.74,
    "round_5": 47.07,
    "round_6": 60.34
  }
}