{
  "process_start_time": 1768109335.2740743,
  "process_end_time": 1768109610.409861,
  "total_elapsed_time_seconds": 275.14,
  "rounds_time_stats": {
    "round_1": 47.41,
    "round_2": 47.48,
    "round_3": 45.84,
    "round_4": 43.79,
    "round_5": 42.93,
    "round_6": 47.68
  }
}