{
  "process_start_time": 1768114486.9762268,
  "process_end_time": 1768114788.8066843,
  "total_elapsed_time_seconds": 301.83,
  "rounds_time_stats": {
    "round_1": 34.3,
    "round_2": 48.51,
    "round_3": 65.44,
    "round_4": 54.03,
    "round_5": 51.07,
    "round_6": 48.47
  }
}