{
  "process_start_time": 1767683584.1367562,
  "process_end_time": 1767683866.3247678,
  "total_elapsed_time_seconds": 282.19,
  "rounds_time_stats": {
    "round_1": 49.09,
    "round_2": 52.99,
    "round_3": 44.4,
    "round_4": 49.2,
    "round_5": 44.08,
    "round_6": 42.43
  }
}