{
  "process_start_time": 1767889954.8192194,
  "process_end_time": 1767889966.254886,
  "total_elapsed_time_seconds": 11.44,
  "rounds_time_stats": {
    "round_1": 11.43
  }
}