{
  "process_start_time": 1767687577.0081728,
  "process_end_time": 1767687878.6876106,
  "total_elapsed_time_seconds": 301.68,
  "rounds_time_stats": {
    "round_1": 43.5,
    "round_2": 73.37,
    "round_3": 43.67,
    "round_4": 48.74,
    "round_5": 47.86,
    "round_6": 44.53
  }
}