{
  "process_start_time": 1767883383.2557728,
  "process_end_time": 1767883461.228745,
  "total_elapsed_time_seconds": 77.97,
  "rounds_time_stats": {
    "round_1": 20.03,
    "round_2": 20.1,
    "round_3": 19.01,
    "round_4": 18.83
  }
}