{
  "process_start_time": 1767889446.6467075,
  "process_end_time": 1767889539.5769167,
  "total_elapsed_time_seconds": 92.93,
  "rounds_time_stats": {
    "round_1": 14.65,
    "round_2": 17.37,
    "round_3": 13.2,
    "round_4": 14.64,
    "round_5": 16.19,
    "round_6": 16.88
  }
}