{
  "process_start_time": 1767679223.6356466,
  "process_end_time": 1767679475.0322912,
  "total_elapsed_time_seconds": 251.4,
  "rounds_time_stats": {
    "round_1": 36.12,
    "round_2": 36.49,
    "round_3": 48.36,
    "round_4": 46.46,
    "round_5": 42.32,
    "round_6": 41.65
  }
}