{
  "process_start_time": 1768552002.6956003,
  "process_end_time": 1768552211.8551648,
  "total_elapsed_time_seconds": 209.16,
  "rounds_time_stats": {
    "round_1": 40.56,
    "round_2": 38.2,
    "round_3": 33.7,
    "round_4": 33.79,
    "round_5": 33.29,
    "round_6": 29.62
  }
}