{
  "process_start_time": 1767979106.0946112,
  "process_end_time": 1767979272.306017,
  "total_elapsed_time_seconds": 166.21,
  "rounds_time_stats": {
    "round_1": 30.93,
    "round_2": 30.31,
    "round_3": 32.52,
    "round_4": 26.55,
    "round_5": 20.41,
    "round_6": 25.49
  }
}