{
  "process_start_time": 1767886212.0147438,
  "process_end_time": 1767886256.8437283,
  "total_elapsed_time_seconds": 44.83,
  "rounds_time_stats": {
    "round_1": 13.13,
    "round_2": 31.7
  }
}