{
  "process_start_time": 1768116870.8121436,
  "process_end_time": 1768117162.3546202,
  "total_elapsed_time_seconds": 291.54,
  "rounds_time_stats": {
    "round_1": 38.04,
    "round_2": 51.98,
    "round_3": 43.1,
    "round_4": 47.76,
    "round_5": 60.33,
    "round_6": 50.33
  }
}