{
  "process_start_time": 1767888393.5428648,
  "process_end_time": 1767888411.5249696,
  "total_elapsed_time_seconds": 17.98,
  "rounds_time_stats": {
    "round_1": 17.98
  }
}