{
  "process_start_time": 1767976318.3384352,
  "process_end_time": 1767976491.4446387,
  "total_elapsed_time_seconds": 173.11,
  "rounds_time_stats": {
    "round_1": 23.4,
    "round_2": 28.59,
    "round_3": 29.05,
    "round_4": 30.54,
    "round_5": 30.97,
    "round_6": 30.56
  }
}