{
  "process_start_time": 1767678924.0861666,
  "process_end_time": 1767679119.2882001,
  "total_elapsed_time_seconds": 195.2,
  "rounds_time_stats": {
    "round_1": 30.59,
    "round_2": 27.56,
    "round_3": 33.63,
    "round_4": 43.28,
    "round_5": 28.62,
    "round_6": 31.51
  }
}