{
  "process_start_time": 1767884520.1572974,
  "process_end_time": 1767884625.3048084,
  "total_elapsed_time_seconds": 105.15,
  "rounds_time_stats": {
    "round_1": 32.61,
    "round_2": 32.81,
    "round_3": 39.72
  }
}