{
  "process_start_time": 1767849999.4787986,
  "process_end_time": 1767850138.5777218,
  "total_elapsed_time_seconds": 139.1,
  "rounds_time_stats": {
    "round_1": 11.1,
    "round_2": 26.16,
    "round_3": 24.45,
    "round_4": 30.77,
    "round_5": 23.92,
    "round_6": 22.69
  }
}