{
  "process_start_time": 1767676346.7451088,
  "process_end_time": 1767676618.9650974,
  "total_elapsed_time_seconds": 272.22,
  "rounds_time_stats": {
    "round_1": 42.89,
    "round_2": 44.85,
    "round_3": 47.65,
    "round_4": 44.44,
    "round_5": 47.9,
    "round_6": 44.49
  }
}