{
  "process_start_time": 1767680796.6005554,
  "process_end_time": 1767681080.4373527,
  "total_elapsed_time_seconds": 283.84,
  "rounds_time_stats": {
    "round_1": 54.16,
    "round_2": 47.55,
    "round_3": 46.47,
    "round_4": 46.6,
    "round_5": 45.57,
    "round_6": 43.48
  }
}