{
  "process_start_time": 1767884396.1623383,
  "process_end_time": 1767884412.9274845,
  "total_elapsed_time_seconds": 16.77,
  "rounds_time_stats": {
    "round_1": 16.75
  }
}