{
  "process_start_time": 1767888794.517242,
  "process_end_time": 1767888805.8343596,
  "total_elapsed_time_seconds": 11.32,
  "rounds_time_stats": {
    "round_1": 11.31
  }
}