{
  "process_start_time": 1767887826.438598,
  "process_end_time": 1767887924.7443867,
  "total_elapsed_time_seconds": 98.31,
  "rounds_time_stats": {
    "round_1": 55.73,
    "round_2": 42.56
  }
}