{
  "process_start_time": 1767969222.4678729,
  "process_end_time": 1767969654.2130919,
  "total_elapsed_time_seconds": 431.75,
  "rounds_time_stats": {
    "round_1": 69.54,
    "round_2": 65.7,
    "round_3": 61.65,
    "round_4": 127.63,
    "round_5": 41.7,
    "round_6": 65.52
  }
}