{
  "process_start_time": 1768115303.6041126,
  "process_end_time": 1768115623.2443986,
  "total_elapsed_time_seconds": 319.64,
  "rounds_time_stats": {
    "round_1": 83.76,
    "round_2": 43.78,
    "round_3": 46.9,
    "round_4": 48.98,
    "round_5": 51.49,
    "round_6": 44.73
  }
}