{
  "process_start_time": 1767977458.8157244,
  "process_end_time": 1767977644.1189916,
  "total_elapsed_time_seconds": 185.3,
  "rounds_time_stats": {
    "round_1": 30.46,
    "round_2": 33.33,
    "round_3": 29.72,
    "round_4": 33.51,
    "round_5": 30.89,
    "round_6": 27.4
  }
}