{
  "process_start_time": 1767685314.9560297,
  "process_end_time": 1767685604.9002354,
  "total_elapsed_time_seconds": 289.94,
  "rounds_time_stats": {
    "round_1": 45.55,
    "round_2": 46.47,
    "round_3": 61.19,
    "round_4": 47.41,
    "round_5": 45.71,
    "round_6": 43.61
  }
}