{
  "process_start_time": 1768556122.827185,
  "process_end_time": 1768556305.3903825,
  "total_elapsed_time_seconds": 182.56,
  "rounds_time_stats": {
    "round_1": 19.62,
    "round_2": 29.69,
    "round_3": 37.01,
    "round_4": 36.59,
    "round_5": 28.88,
    "round_6": 30.77
  }
}