{
  "process_start_time": 1767888537.397439,
  "process_end_time": 1767888545.8393874,
  "total_elapsed_time_seconds": 8.44,
  "rounds_time_stats": {
    "round_1": 8.44
  }
}