{
  "process_start_time": 1768117019.6591587,
  "process_end_time": 1768117300.8612506,
  "total_elapsed_time_seconds": 281.2,
  "rounds_time_stats": {
    "round_1": 46.16,
    "round_2": 47.57,
    "round_3": 49.48,
    "round_4": 47.15,
    "round_5": 46.86,
    "round_6": 43.99
  }
}