{
  "process_start_time": 1767683221.1564715,
  "process_end_time": 1767683517.278184,
  "total_elapsed_time_seconds": 296.12,
  "rounds_time_stats": {
    "round_1": 47.23,
    "round_2": 44.23,
    "round_3": 47.88,
    "round_4": 46.15,
    "round_5": 49.06,
    "round_6": 61.58
  }
}