{
  "process_start_time": 1767665198.716708,
  "process_end_time": 1767665447.8703961,
  "total_elapsed_time_seconds": 249.15,
  "rounds_time_stats": {
    "round_1": 35.2,
    "round_2": 60.08,
    "round_3": 45.2,
    "round_4": 29.89,
    "round_5": 32.83,
    "round_6": 45.95
  }
}