{
  "process_start_time": 1767889558.329952,
  "process_end_time": 1767889690.6069908,
  "total_elapsed_time_seconds": 132.28,
  "rounds_time_stats": {
    "round_1": 12.42,
    "round_2": 20.54,
    "round_3": 28.32,
    "round_4": 20.61,
    "round_5": 18.57,
    "round_6": 31.81
  }
}