{
  "process_start_time": 1767887022.5294318,
  "process_end_time": 1767887066.3603673,
  "total_elapsed_time_seconds": 43.83,
  "rounds_time_stats": {
    "round_1": 43.77
  }
}