{
  "process_start_time": 1767887607.4969718,
  "process_end_time": 1767887628.4466536,
  "total_elapsed_time_seconds": 20.95,
  "rounds_time_stats": {
    "round_1": 20.95
  }
}