{
  "process_start_time": 1767889639.1623826,
  "process_end_time": 1767889649.1793559,
  "total_elapsed_time_seconds": 10.02,
  "rounds_time_stats": {
    "round_1": 10.01
  }
}