{
  "process_start_time": 1767885998.3538587,
  "process_end_time": 1767886178.4303036,
  "total_elapsed_time_seconds": 180.08,
  "rounds_time_stats": {
    "round_1": 28.88,
    "round_2": 40.97,
    "round_3": 26.33,
    "round_4": 33.94,
    "round_5": 26.05,
    "round_6": 23.9
  }
}