{
  "process_start_time": 1767884234.5308769,
  "process_end_time": 1767884256.8435504,
  "total_elapsed_time_seconds": 22.31,
  "rounds_time_stats": {
    "round_1": 22.31
  }
}