{
  "process_start_time": 1767888495.3215644,
  "process_end_time": 1767888614.621666,
  "total_elapsed_time_seconds": 119.3,
  "rounds_time_stats": {
    "round_1": 20.55,
    "round_2": 18.6,
    "round_3": 22.2,
    "round_4": 21.06,
    "round_5": 36.88
  }
}