{
  "process_start_time": 1767888150.2234247,
  "process_end_time": 1767888243.294308,
  "total_elapsed_time_seconds": 93.07,
  "rounds_time_stats": {
    "round_1": 15.83,
    "round_2": 25.42,
    "round_3": 14.18,
    "round_4": 18.49,
    "round_5": 19.14
  }
}