{
  "process_start_time": 1767683775.5530186,
  "process_end_time": 1767684035.528503,
  "total_elapsed_time_seconds": 259.98,
  "rounds_time_stats": {
    "round_1": 46.25,
    "round_2": 46.24,
    "round_3": 48.2,
    "round_4": 41.44,
    "round_5": 34.54,
    "round_6": 43.31
  }
}