{
  "process_start_time": 1767692215.4689152,
  "process_end_time": 1767692412.6139307,
  "total_elapsed_time_seconds": 197.15,
  "rounds_time_stats": {
    "round_1": 36.74,
    "round_2": 39.46,
    "round_3": 34.65,
    "round_4": 33.46,
    "round_5": 32.99,
    "round_6": 19.84
  }
}