{
  "process_start_time": 1767976942.3044438,
  "process_end_time": 1767977093.5573497,
  "total_elapsed_time_seconds": 151.25,
  "rounds_time_stats": {
    "round_1": 28.01,
    "round_2": 26.51,
    "round_3": 28.56,
    "round_4": 28.37,
    "round_5": 22.89,
    "round_6": 16.91
  }
}