{
  "process_start_time": 1767678675.0668957,
  "process_end_time": 1767678927.0434089,
  "total_elapsed_time_seconds": 251.98,
  "rounds_time_stats": {
    "round_1": 32.25,
    "round_2": 39.05,
    "round_3": 43.25,
    "round_4": 50.33,
    "round_5": 42.75,
    "round_6": 44.34
  }
}