{
  "process_start_time": 1767882951.6200798,
  "process_end_time": 1767883014.9181106,
  "total_elapsed_time_seconds": 63.3,
  "rounds_time_stats": {
    "round_1": 30.3,
    "round_2": 32.99
  }
}