{
  "process_start_time": 1767886728.2805648,
  "process_end_time": 1767886750.431017,
  "total_elapsed_time_seconds": 22.15,
  "rounds_time_stats": {
    "round_1": 22.15
  }
}