{
  "process_start_time": 1767976526.3098044,
  "process_end_time": 1767976743.759878,
  "total_elapsed_time_seconds": 217.45,
  "rounds_time_stats": {
    "round_1": 37.84,
    "round_2": 41.2,
    "round_3": 36.97,
    "round_4": 36.61,
    "round_5": 29.88,
    "round_6": 34.96
  }
}