{
  "process_start_time": 1767883874.794681,
  "process_end_time": 1767883916.2103083,
  "total_elapsed_time_seconds": 41.42,
  "rounds_time_stats": {
    "round_1": 19.28,
    "round_2": 22.12
  }
}