{
  "process_start_time": 1767688896.9042299,
  "process_end_time": 1767689181.3056028,
  "total_elapsed_time_seconds": 284.4,
  "rounds_time_stats": {
    "round_1": 46.03,
    "round_2": 47.51,
    "round_3": 49.32,
    "round_4": 44.9,
    "round_5": 50.7,
    "round_6": 45.94
  }
}