{
  "process_start_time": 1767687649.9674735,
  "process_end_time": 1767687919.5427942,
  "total_elapsed_time_seconds": 269.58,
  "rounds_time_stats": {
    "round_1": 41.49,
    "round_2": 31.49,
    "round_3": 46.14,
    "round_4": 64.07,
    "round_5": 43.18,
    "round_6": 43.21
  }
}