{
  "process_start_time": 1767889636.2551177,
  "process_end_time": 1767889647.4249954,
  "total_elapsed_time_seconds": 11.17,
  "rounds_time_stats": {
    "round_1": 11.17
  }
}