{
  "process_start_time": 1767889104.288017,
  "process_end_time": 1767889112.3782153,
  "total_elapsed_time_seconds": 8.09,
  "rounds_time_stats": {
    "round_1": 8.09
  }
}