{
  "process_start_time": 1767885207.230512,
  "process_end_time": 1767885332.9546416,
  "total_elapsed_time_seconds": 125.72,
  "rounds_time_stats": {
    "round_1": 30.75,
    "round_2": 32.54,
    "round_3": 33.16,
    "round_4": 29.26
  }
}