{
  "process_start_time": 1767883745.8897247,
  "process_end_time": 1767883906.379966,
  "total_elapsed_time_seconds": 160.49,
  "rounds_time_stats": {
    "round_1": 28.64,
    "round_2": 25.88,
    "round_3": 29.59,
    "round_4": 22.8,
    "round_5": 26.41,
    "round_6": 27.17
  }
}