{
  "process_start_time": 1767687664.203758,
  "process_end_time": 1767687963.8433971,
  "total_elapsed_time_seconds": 299.64,
  "rounds_time_stats": {
    "round_1": 59.11,
    "round_2": 44.46,
    "round_3": 63.63,
    "round_4": 47.13,
    "round_5": 41.88,
    "round_6": 43.43
  }
}