{
  "process_start_time": 1767678073.9468699,
  "process_end_time": 1767678387.2208207,
  "total_elapsed_time_seconds": 313.27,
  "rounds_time_stats": {
    "round_1": 82.26,
    "round_2": 35.09,
    "round_3": 58.98,
    "round_4": 42.43,
    "round_5": 49.46,
    "round_6": 45.05
  }
}