{
  "process_start_time": 1767687950.51539,
  "process_end_time": 1767688280.530768,
  "total_elapsed_time_seconds": 330.02,
  "rounds_time_stats": {
    "round_1": 76.7,
    "round_2": 46.4,
    "round_3": 62.93,
    "round_4": 48.69,
    "round_5": 49.78,
    "round_6": 45.51
  }
}