{
  "process_start_time": 1767887349.555986,
  "process_end_time": 1767887376.830302,
  "total_elapsed_time_seconds": 27.27,
  "rounds_time_stats": {
    "round_1": 27.23
  }
}