{
  "process_start_time": 1767887851.612021,
  "process_end_time": 1767887866.2124903,
  "total_elapsed_time_seconds": 14.6,
  "rounds_time_stats": {
    "round_1": 14.6
  }
}