{
  "process_start_time": 1767849999.474656,
  "process_end_time": 1767850206.56819,
  "total_elapsed_time_seconds": 207.09,
  "rounds_time_stats": {
    "round_1": 34.34,
    "round_2": 37.73,
    "round_3": 31.94,
    "round_4": 44.64,
    "round_5": 35.87,
    "round_6": 22.57
  }
}