{
  "process_start_time": 1767680570.7351665,
  "process_end_time": 1767680864.467017,
  "total_elapsed_time_seconds": 293.73,
  "rounds_time_stats": {
    "round_1": 38.92,
    "round_2": 57.68,
    "round_3": 44.41,
    "round_4": 48.69,
    "round_5": 44.02,
    "round_6": 60.0
  }
}