{
  "process_start_time": 1767888471.243164,
  "process_end_time": 1767888539.3169112,
  "total_elapsed_time_seconds": 68.07,
  "rounds_time_stats": {
    "round_1": 20.56,
    "round_2": 24.93,
    "round_3": 22.57
  }
}