{
  "process_start_time": 1767680367.1913924,
  "process_end_time": 1767680623.448775,
  "total_elapsed_time_seconds": 256.26,
  "rounds_time_stats": {
    "round_1": 39.49,
    "round_2": 44.53,
    "round_3": 47.49,
    "round_4": 43.68,
    "round_5": 40.78,
    "round_6": 40.28
  }
}