{
  "process_start_time": 1767685267.9597437,
  "process_end_time": 1767685545.8518758,
  "total_elapsed_time_seconds": 277.89,
  "rounds_time_stats": {
    "round_1": 49.17,
    "round_2": 43.84,
    "round_3": 43.03,
    "round_4": 49.77,
    "round_5": 46.11,
    "round_6": 45.96
  }
}