{
  "process_start_time": 1768554749.2764978,
  "process_end_time": 1768554902.965508,
  "total_elapsed_time_seconds": 153.69,
  "rounds_time_stats": {
    "round_1": 26.16,
    "round_2": 22.96,
    "round_3": 27.47,
    "round_4": 22.86,
    "round_5": 25.93,
    "round_6": 28.31
  }
}