{
  "process_start_time": 1767884157.8403652,
  "process_end_time": 1767884185.1795628,
  "total_elapsed_time_seconds": 27.34,
  "rounds_time_stats": {
    "round_1": 27.33
  }
}