{
  "process_start_time": 1767890230.7849438,
  "process_end_time": 1767890278.501132,
  "total_elapsed_time_seconds": 47.72,
  "rounds_time_stats": {
    "round_1": 20.99,
    "round_2": 26.72
  }
}