{
  "process_start_time": 1767883349.5285451,
  "process_end_time": 1767883381.9117825,
  "total_elapsed_time_seconds": 32.38,
  "rounds_time_stats": {
    "round_1": 32.36
  }
}