{
  "process_start_time": 1768550461.671177,
  "process_end_time": 1768550728.6260948,
  "total_elapsed_time_seconds": 266.95,
  "rounds_time_stats": {
    "round_1": 37.17,
    "round_2": 44.45,
    "round_3": 56.75,
    "round_4": 43.92,
    "round_5": 34.81,
    "round_6": 49.85
  }
}