{
  "process_start_time": 1767889075.891775,
  "process_end_time": 1767889107.2552464,
  "total_elapsed_time_seconds": 31.36,
  "rounds_time_stats": {
    "round_1": 8.08,
    "round_2": 10.62,
    "round_3": 12.66
  }
}