{
  "process_start_time": 1767688492.643357,
  "process_end_time": 1767688805.261113,
  "total_elapsed_time_seconds": 312.62,
  "rounds_time_stats": {
    "round_1": 48.2,
    "round_2": 50.79,
    "round_3": 48.96,
    "round_4": 50.85,
    "round_5": 65.09,
    "round_6": 48.73
  }
}