{
  "process_start_time": 1767689117.2235272,
  "process_end_time": 1767689189.049838,
  "total_elapsed_time_seconds": 71.83,
  "rounds_time_stats": {
    "round_1": 71.8
  }
}