{
  "process_start_time": 1767890557.5827932,
  "process_end_time": 1767890617.3106987,
  "total_elapsed_time_seconds": 59.73,
  "rounds_time_stats": {
    "round_1": 28.03,
    "round_2": 31.7
  }
}