{
  "process_start_time": 1767678073.9462955,
  "process_end_time": 1767678388.1067264,
  "total_elapsed_time_seconds": 314.16,
  "rounds_time_stats": {
    "round_1": 83.58,
    "round_2": 45.04,
    "round_3": 46.93,
    "round_4": 42.82,
    "round_5": 49.54,
    "round_6": 46.24
  }
}