{
  "process_start_time": 1767977025.8520253,
  "process_end_time": 1767977140.8715959,
  "total_elapsed_time_seconds": 115.02,
  "rounds_time_stats": {
    "round_1": 28.58,
    "round_2": 22.02,
    "round_3": 17.66,
    "round_4": 14.94,
    "round_5": 14.1,
    "round_6": 17.72
  }
}