{
  "process_start_time": 1767978511.878473,
  "process_end_time": 1767978663.8720772,
  "total_elapsed_time_seconds": 151.99,
  "rounds_time_stats": {
    "round_1": 26.73,
    "round_2": 26.31,
    "round_3": 27.94,
    "round_4": 27.33,
    "round_5": 22.88,
    "round_6": 20.79
  }
}