{
  "process_start_time": 1767889155.101406,
  "process_end_time": 1767889192.1796448,
  "total_elapsed_time_seconds": 37.08,
  "rounds_time_stats": {
    "round_1": 37.06
  }
}