{
  "process_start_time": 1767884916.7950754,
  "process_end_time": 1767885125.2825243,
  "total_elapsed_time_seconds": 208.49,
  "rounds_time_stats": {
    "round_1": 133.93,
    "round_2": 19.64,
    "round_3": 11.57,
    "round_4": 13.61,
    "round_5": 13.28,
    "round_6": 16.45
  }
}