{
  "process_start_time": 1767685199.0301406,
  "process_end_time": 1767685469.3665502,
  "total_elapsed_time_seconds": 270.34,
  "rounds_time_stats": {
    "round_1": 54.29,
    "round_2": 45.01,
    "round_3": 34.53,
    "round_4": 44.03,
    "round_5": 43.72,
    "round_6": 48.77
  }
}