{
  "process_start_time": 1767888862.0368085,
  "process_end_time": 1767888960.7059722,
  "total_elapsed_time_seconds": 98.67,
  "rounds_time_stats": {
    "round_1": 12.78,
    "round_2": 15.59,
    "round_3": 15.11,
    "round_4": 17.09,
    "round_5": 17.72,
    "round_6": 20.38
  }
}