{
  "process_start_time": 1767974240.180064,
  "process_end_time": 1767974594.861702,
  "total_elapsed_time_seconds": 354.68,
  "rounds_time_stats": {
    "round_1": 54.75,
    "round_2": 41.15,
    "round_3": 72.12,
    "round_4": 39.68,
    "round_5": 80.41,
    "round_6": 66.58
  }
}