{
  "process_start_time": 1767977458.807067,
  "process_end_time": 1767977646.428979,
  "total_elapsed_time_seconds": 187.62,
  "rounds_time_stats": {
    "round_1": 30.75,
    "round_2": 32.47,
    "round_3": 32.39,
    "round_4": 30.42,
    "round_5": 31.84,
    "round_6": 29.74
  }
}