{
  "process_start_time": 1767686727.6046169,
  "process_end_time": 1767687031.8835273,
  "total_elapsed_time_seconds": 304.28,
  "rounds_time_stats": {
    "round_1": 60.16,
    "round_2": 45.23,
    "round_3": 46.83,
    "round_4": 44.26,
    "round_5": 63.81,
    "round_6": 43.98
  }
}