{
  "process_start_time": 1767886471.3848212,
  "process_end_time": 1767886616.6405888,
  "total_elapsed_time_seconds": 145.26,
  "rounds_time_stats": {
    "round_1": 32.41,
    "round_2": 39.26,
    "round_3": 35.46,
    "round_4": 38.1
  }
}