{
  "process_start_time": 1767886800.1275804,
  "process_end_time": 1767886850.3425016,
  "total_elapsed_time_seconds": 50.21,
  "rounds_time_stats": {
    "round_1": 50.18
  }
}