{
  "process_start_time": 1767680746.4067636,
  "process_end_time": 1767681019.600252,
  "total_elapsed_time_seconds": 273.19,
  "rounds_time_stats": {
    "round_1": 43.03,
    "round_2": 45.59,
    "round_3": 48.35,
    "round_4": 41.55,
    "round_5": 45.44,
    "round_6": 49.23
  }
}