{
  "process_start_time": 1768554904.7461493,
  "process_end_time": 1768555060.2759624,
  "total_elapsed_time_seconds": 155.53,
  "rounds_time_stats": {
    "round_1": 28.61,
    "round_2": 19.63,
    "round_3": 27.99,
    "round_4": 23.65,
    "round_5": 27.08,
    "round_6": 28.56
  }
}