{
  "process_start_time": 1767886106.3068717,
  "process_end_time": 1767886155.8953543,
  "total_elapsed_time_seconds": 49.59,
  "rounds_time_stats": {
    "round_1": 31.83,
    "round_2": 17.75
  }
}