{
  "process_start_time": 1768114754.7437575,
  "process_end_time": 1768115025.5494564,
  "total_elapsed_time_seconds": 270.81,
  "rounds_time_stats": {
    "round_1": 47.07,
    "round_2": 44.66,
    "round_3": 49.94,
    "round_4": 51.25,
    "round_5": 44.33,
    "round_6": 33.55
  }
}