{
  "process_start_time": 1767889515.8436937,
  "process_end_time": 1767889667.0202742,
  "total_elapsed_time_seconds": 151.18,
  "rounds_time_stats": {
    "round_1": 22.72,
    "round_2": 23.36,
    "round_3": 21.69,
    "round_4": 20.06,
    "round_5": 37.18,
    "round_6": 26.16
  }
}