{
  "process_start_time": 1767678356.5630724,
  "process_end_time": 1767678585.7342448,
  "total_elapsed_time_seconds": 229.17,
  "rounds_time_stats": {
    "round_1": 36.77,
    "round_2": 35.85,
    "round_3": 38.13,
    "round_4": 41.96,
    "round_5": 35.57,
    "round_6": 40.88
  }
}