{
  "process_start_time": 1767890481.3948338,
  "process_end_time": 1767890540.3381789,
  "total_elapsed_time_seconds": 58.94,
  "rounds_time_stats": {
    "round_1": 19.46,
    "round_2": 39.47
  }
}