{
  "process_start_time": 1767974448.7374938,
  "process_end_time": 1767974787.0962083,
  "total_elapsed_time_seconds": 338.36,
  "rounds_time_stats": {
    "round_1": 80.28,
    "round_2": 36.66,
    "round_3": 69.97,
    "round_4": 67.72,
    "round_5": 40.85,
    "round_6": 42.87
  }
}