{
  "process_start_time": 1767977849.2664614,
  "process_end_time": 1767978016.4314892,
  "total_elapsed_time_seconds": 167.17,
  "rounds_time_stats": {
    "round_1": 29.84,
    "round_2": 24.81,
    "round_3": 30.42,
    "round_4": 32.4,
    "round_5": 28.88,
    "round_6": 20.81
  }
}