{
  "process_start_time": 1768117652.4043434,
  "process_end_time": 1768117947.0270476,
  "total_elapsed_time_seconds": 294.62,
  "rounds_time_stats": {
    "round_1": 62.14,
    "round_2": 44.76,
    "round_3": 34.82,
    "round_4": 58.22,
    "round_5": 47.82,
    "round_6": 46.86
  }
}