{
  "process_start_time": 1768556715.8191166,
  "process_end_time": 1768556907.7206414,
  "total_elapsed_time_seconds": 191.9,
  "rounds_time_stats": {
    "round_1": 38.44,
    "round_2": 28.7,
    "round_3": 26.59,
    "round_4": 37.4,
    "round_5": 28.87,
    "round_6": 31.9
  }
}