{
  "process_start_time": 1768556831.2375388,
  "process_end_time": 1768556998.1270313,
  "total_elapsed_time_seconds": 166.89,
  "rounds_time_stats": {
    "round_1": 25.3,
    "round_2": 29.45,
    "round_3": 28.9,
    "round_4": 29.72,
    "round_5": 27.92,
    "round_6": 25.59
  }
}