{
  "process_start_time": 1767889994.3217847,
  "process_end_time": 1767890044.267333,
  "total_elapsed_time_seconds": 49.95,
  "rounds_time_stats": {
    "round_1": 13.05,
    "round_2": 14.64,
    "round_3": 22.25
  }
}