{
  "process_start_time": 1768109549.4496348,
  "process_end_time": 1768109786.9098756,
  "total_elapsed_time_seconds": 237.46,
  "rounds_time_stats": {
    "round_1": 32.93,
    "round_2": 43.28,
    "round_3": 46.09,
    "round_4": 45.71,
    "round_5": 41.23,
    "round_6": 28.22
  }
}