{
  "process_start_time": 1767883134.982861,
  "process_end_time": 1767883283.5957987,
  "total_elapsed_time_seconds": 148.61,
  "rounds_time_stats": {
    "round_1": 20.96,
    "round_2": 16.66,
    "round_3": 26.82,
    "round_4": 22.78,
    "round_5": 29.48,
    "round_6": 31.92
  }
}