{
  "process_start_time": 1767690137.155091,
  "process_end_time": 1767690421.0515769,
  "total_elapsed_time_seconds": 283.9,
  "rounds_time_stats": {
    "round_1": 49.2,
    "round_2": 48.39,
    "round_3": 46.2,
    "round_4": 43.66,
    "round_5": 48.27,
    "round_6": 48.18
  }
}