{
  "process_start_time": 1767889489.5806193,
  "process_end_time": 1767889516.888409,
  "total_elapsed_time_seconds": 27.31,
  "rounds_time_stats": {
    "round_1": 10.8,
    "round_2": 16.5
  }
}