{
  "process_start_time": 1767887452.7394888,
  "process_end_time": 1767888170.9272702,
  "total_elapsed_time_seconds": 718.19,
  "rounds_time_stats": {
    "round_1": 26.7,
    "round_2": 19.32,
    "round_3": 628.19,
    "round_4": 24.33,
    "round_5": 19.64
  }
}