{
  "process_start_time": 1768748393.5627732,
  "process_end_time": 1768748590.8298225,
  "total_elapsed_time_seconds": 197.27,
  "rounds_time_stats": {
    "round_1": 35.96,
    "round_2": 29.92,
    "round_3": 32.7,
    "round_4": 33.15,
    "round_5": 34.02,
    "round_6": 31.51
  }
}