{
  "process_start_time": 1767889887.498044,
  "process_end_time": 1767889898.1456187,
  "total_elapsed_time_seconds": 10.65,
  "rounds_time_stats": {
    "round_1": 10.64
  }
}