{
  "process_start_time": 1767687370.2341814,
  "process_end_time": 1767687664.9482164,
  "total_elapsed_time_seconds": 294.71,
  "rounds_time_stats": {
    "round_1": 47.65,
    "round_2": 51.98,
    "round_3": 63.63,
    "round_4": 43.22,
    "round_5": 46.67,
    "round_6": 41.57
  }
}