{
  "process_start_time": 1768550950.1223934,
  "process_end_time": 1768551195.2275136,
  "total_elapsed_time_seconds": 245.11,
  "rounds_time_stats": {
    "round_1": 44.2,
    "round_2": 57.09,
    "round_3": 41.74,
    "round_4": 42.48,
    "round_5": 29.68,
    "round_6": 29.91
  }
}