{
  "process_start_time": 1767889945.2170272,
  "process_end_time": 1767890005.3146214,
  "total_elapsed_time_seconds": 60.1,
  "rounds_time_stats": {
    "round_1": 9.0,
    "round_2": 8.88,
    "round_3": 10.8,
    "round_4": 13.37,
    "round_5": 17.77,
    "round_6": 0.28
  }
}