{
  "process_start_time": 1768554749.277408,
  "process_end_time": 1768554914.6697698,
  "total_elapsed_time_seconds": 165.39,
  "rounds_time_stats": {
    "round_1": 26.93,
    "round_2": 24.65,
    "round_3": 26.44,
    "round_4": 29.97,
    "round_5": 28.04,
    "round_6": 29.36
  }
}