{
  "process_start_time": 1767973306.0450976,
  "process_end_time": 1767973525.847502,
  "total_elapsed_time_seconds": 219.8,
  "rounds_time_stats": {
    "round_1": 34.15,
    "round_2": 38.32,
    "round_3": 42.66,
    "round_4": 42.47,
    "round_5": 34.01,
    "round_6": 28.19
  }
}