{
  "process_start_time": 1767889805.8676574,
  "process_end_time": 1767889818.2157476,
  "total_elapsed_time_seconds": 12.35,
  "rounds_time_stats": {
    "round_1": 12.34
  }
}