{
  "process_start_time": 1767885408.2717543,
  "process_end_time": 1767885432.8284984,
  "total_elapsed_time_seconds": 24.56,
  "rounds_time_stats": {
    "round_1": 24.55
  }
}