{
  "process_start_time": 1767978497.0041182,
  "process_end_time": 1767978648.019868,
  "total_elapsed_time_seconds": 151.02,
  "rounds_time_stats": {
    "round_1": 20.0,
    "round_2": 26.37,
    "round_3": 22.68,
    "round_4": 27.34,
    "round_5": 28.12,
    "round_6": 26.52
  }
}