{
  "process_start_time": 1768551708.7179768,
  "process_end_time": 1768551901.7559886,
  "total_elapsed_time_seconds": 193.04,
  "rounds_time_stats": {
    "round_1": 32.64,
    "round_2": 33.36,
    "round_3": 28.49,
    "round_4": 33.01,
    "round_5": 32.84,
    "round_6": 32.7
  }
}