{
  "process_start_time": 1767889556.2008164,
  "process_end_time": 1767889614.2472568,
  "total_elapsed_time_seconds": 58.05,
  "rounds_time_stats": {
    "round_1": 22.68,
    "round_2": 35.34
  }
}