{
  "process_start_time": 1767884219.567181,
  "process_end_time": 1767884236.461682,
  "total_elapsed_time_seconds": 16.89,
  "rounds_time_stats": {
    "round_1": 16.89
  }
}