{
  "process_start_time": 1768552208.9422886,
  "process_end_time": 1768552364.0997145,
  "total_elapsed_time_seconds": 155.16,
  "rounds_time_stats": {
    "round_1": 29.93,
    "round_2": 27.17,
    "round_3": 25.23,
    "round_4": 18.61,
    "round_5": 27.61,
    "round_6": 26.6
  }
}