{
  "process_start_time": 1767691407.0443933,
  "process_end_time": 1767691713.8816729,
  "total_elapsed_time_seconds": 306.84,
  "rounds_time_stats": {
    "round_1": 74.73,
    "round_2": 44.36,
    "round_3": 45.28,
    "round_4": 44.58,
    "round_5": 48.19,
    "round_6": 49.7
  }
}