{
  "process_start_time": 1767883986.6031675,
  "process_end_time": 1767884008.8001013,
  "total_elapsed_time_seconds": 22.2,
  "rounds_time_stats": {
    "round_1": 22.14,
    "round_2": 0.06
  }
}