{
  "process_start_time": 1767887098.0826108,
  "process_end_time": 1767887119.7868621,
  "total_elapsed_time_seconds": 21.7,
  "rounds_time_stats": {
    "round_1": 21.7
  }
}