{
  "process_start_time": 1767886721.8492458,
  "process_end_time": 1767886770.4489832,
  "total_elapsed_time_seconds": 48.6,
  "rounds_time_stats": {
    "round_1": 48.58
  }
}