{
  "process_start_time": 1767685745.8463774,
  "process_end_time": 1767685997.1683884,
  "total_elapsed_time_seconds": 251.32,
  "rounds_time_stats": {
    "round_1": 44.35,
    "round_2": 44.91,
    "round_3": 40.05,
    "round_4": 46.27,
    "round_5": 40.79,
    "round_6": 34.95
  }
}