{
  "process_start_time": 1767975762.4428918,
  "process_end_time": 1767975980.502834,
  "total_elapsed_time_seconds": 218.06,
  "rounds_time_stats": {
    "round_1": 33.18,
    "round_2": 27.72,
    "round_3": 37.72,
    "round_4": 45.02,
    "round_5": 37.29,
    "round_6": 37.13
  }
}