{
  "process_start_time": 1767889065.2991722,
  "process_end_time": 1767889084.2429314,
  "total_elapsed_time_seconds": 18.94,
  "rounds_time_stats": {
    "round_1": 8.29,
    "round_2": 10.65
  }
}