{
  "process_start_time": 1767978777.4443064,
  "process_end_time": 1767979045.143121,
  "total_elapsed_time_seconds": 267.7,
  "rounds_time_stats": {
    "round_1": 39.03,
    "round_2": 45.2,
    "round_3": 46.33,
    "round_4": 43.37,
    "round_5": 46.66,
    "round_6": 47.1
  }
}