{
  "process_start_time": 1767884120.8795702,
  "process_end_time": 1767884238.7963946,
  "total_elapsed_time_seconds": 117.92,
  "rounds_time_stats": {
    "round_1": 16.92,
    "round_2": 18.74,
    "round_3": 17.19,
    "round_4": 19.03,
    "round_5": 19.74,
    "round_6": 26.29
  }
}