{
  "process_start_time": 1768114754.9627821,
  "process_end_time": 1768115007.2296047,
  "total_elapsed_time_seconds": 252.27,
  "rounds_time_stats": {
    "round_1": 48.44,
    "round_2": 42.98,
    "round_3": 49.97,
    "round_4": 46.24,
    "round_5": 31.02,
    "round_6": 33.62
  }
}