{
  "process_start_time": 1767890445.0003514,
  "process_end_time": 1767890484.1214519,
  "total_elapsed_time_seconds": 39.12,
  "rounds_time_stats": {
    "round_1": 39.11
  }
}