{
  "process_start_time": 1767684704.9389756,
  "process_end_time": 1767684955.7035408,
  "total_elapsed_time_seconds": 250.76,
  "rounds_time_stats": {
    "round_1": 45.25,
    "round_2": 35.57,
    "round_3": 46.09,
    "round_4": 33.05,
    "round_5": 49.22,
    "round_6": 41.59
  }
}