{
  "process_start_time": 1767678642.1836972,
  "process_end_time": 1767678889.3436818,
  "total_elapsed_time_seconds": 247.16,
  "rounds_time_stats": {
    "round_1": 38.87,
    "round_2": 28.81,
    "round_3": 52.63,
    "round_4": 46.8,
    "round_5": 47.52,
    "round_6": 32.52
  }
}