{
  "process_start_time": 1767976688.700403,
  "process_end_time": 1767976889.288037,
  "total_elapsed_time_seconds": 200.59,
  "rounds_time_stats": {
    "round_1": 29.25,
    "round_2": 34.39,
    "round_3": 35.26,
    "round_4": 40.87,
    "round_5": 31.72,
    "round_6": 29.1
  }
}