{
  "process_start_time": 1767685884.9756775,
  "process_end_time": 1767685916.0271277,
  "total_elapsed_time_seconds": 31.05,
  "rounds_time_stats": {
    "round_1": 31.05
  }
}