{
  "process_start_time": 1768555193.3561065,
  "process_end_time": 1768555364.5126739,
  "total_elapsed_time_seconds": 171.16,
  "rounds_time_stats": {
    "round_1": 31.41,
    "round_2": 29.32,
    "round_3": 25.7,
    "round_4": 26.67,
    "round_5": 30.83,
    "round_6": 27.23
  }
}