{
  "process_start_time": 1768550733.58231,
  "process_end_time": 1768550993.1351876,
  "total_elapsed_time_seconds": 259.55,
  "rounds_time_stats": {
    "round_1": 42.43,
    "round_2": 40.53,
    "round_3": 44.45,
    "round_4": 46.31,
    "round_5": 40.49,
    "round_6": 45.33
  }
}