{
  "process_start_time": 1767691770.454206,
  "process_end_time": 1767692058.3582559,
  "total_elapsed_time_seconds": 287.9,
  "rounds_time_stats": {
    "round_1": 38.23,
    "round_2": 53.47,
    "round_3": 47.71,
    "round_4": 44.89,
    "round_5": 49.69,
    "round_6": 53.91
  }
}