{
  "process_start_time": 1767886981.204134,
  "process_end_time": 1767887001.4407487,
  "total_elapsed_time_seconds": 20.24,
  "rounds_time_stats": {
    "round_1": 20.23
  }
}