{
  "process_start_time": 1768555430.6853707,
  "process_end_time": 1768555627.2367198,
  "total_elapsed_time_seconds": 196.55,
  "rounds_time_stats": {
    "round_1": 29.57,
    "round_2": 25.36,
    "round_3": 29.03,
    "round_4": 36.2,
    "round_5": 37.61,
    "round_6": 38.78
  }
}