{
  "process_start_time": 1767890085.9851804,
  "process_end_time": 1767890097.3167377,
  "total_elapsed_time_seconds": 11.33,
  "rounds_time_stats": {
    "round_1": 11.33
  }
}