{
  "process_start_time": 1768555763.1412475,
  "process_end_time": 1768555958.238916,
  "total_elapsed_time_seconds": 195.1,
  "rounds_time_stats": {
    "round_1": 29.51,
    "round_2": 38.55,
    "round_3": 38.22,
    "round_4": 30.37,
    "round_5": 29.26,
    "round_6": 29.18
  }
}