{
  "process_start_time": 1768556971.2366219,
  "process_end_time": 1768557003.8853385,
  "total_elapsed_time_seconds": 32.65,
  "rounds_time_stats": {
    "round_1": 32.61
  }
}