{
  "process_start_time": 1767679548.1930783,
  "process_end_time": 1767679793.4066896,
  "total_elapsed_time_seconds": 245.21,
  "rounds_time_stats": {
    "round_1": 31.89,
    "round_2": 41.31,
    "round_3": 34.27,
    "round_4": 44.77,
    "round_5": 47.61,
    "round_6": 45.36
  }
}