{
  "process_start_time": 1767889750.1848993,
  "process_end_time": 1767889784.571257,
  "total_elapsed_time_seconds": 34.39,
  "rounds_time_stats": {
    "round_1": 17.29,
    "round_2": 17.1
  }
}