{
  "process_start_time": 1768108005.557514,
  "process_end_time": 1768108217.4489412,
  "total_elapsed_time_seconds": 211.89,
  "rounds_time_stats": {
    "round_1": 33.14,
    "round_2": 41.91,
    "round_3": 42.2,
    "round_4": 33.17,
    "round_5": 31.45,
    "round_6": 30.03
  }
}