{
  "process_start_time": 1767683187.4728498,
  "process_end_time": 1767683468.052578,
  "total_elapsed_time_seconds": 280.58,
  "rounds_time_stats": {
    "round_1": 47.54,
    "round_2": 50.05,
    "round_3": 42.47,
    "round_4": 48.23,
    "round_5": 48.35,
    "round_6": 43.95
  }
}