{
  "process_start_time": 1767889263.4085124,
  "process_end_time": 1767889329.5618124,
  "total_elapsed_time_seconds": 66.15,
  "rounds_time_stats": {
    "round_1": 19.03,
    "round_2": 24.63,
    "round_3": 22.48
  }
}