{
  "process_start_time": 1767888564.5237148,
  "process_end_time": 1767888636.3674505,
  "total_elapsed_time_seconds": 71.84,
  "rounds_time_stats": {
    "round_1": 14.37,
    "round_2": 33.02,
    "round_3": 24.45
  }
}