{
  "process_start_time": 1767680759.4464977,
  "process_end_time": 1767681035.3748095,
  "total_elapsed_time_seconds": 275.93,
  "rounds_time_stats": {
    "round_1": 46.99,
    "round_2": 43.04,
    "round_3": 50.27,
    "round_4": 43.8,
    "round_5": 46.59,
    "round_6": 45.22
  }
}