{
  "process_start_time": 1768108029.978734,
  "process_end_time": 1768108284.586132,
  "total_elapsed_time_seconds": 254.61,
  "rounds_time_stats": {
    "round_1": 32.09,
    "round_2": 38.19,
    "round_3": 50.03,
    "round_4": 46.87,
    "round_5": 42.93,
    "round_6": 44.49
  }
}