{
  "process_start_time": 1767691743.8857965,
  "process_end_time": 1767692015.8955843,
  "total_elapsed_time_seconds": 272.01,
  "rounds_time_stats": {
    "round_1": 35.1,
    "round_2": 50.58,
    "round_3": 46.9,
    "round_4": 50.31,
    "round_5": 44.86,
    "round_6": 44.26
  }
}