{
  "process_start_time": 1767664926.10994,
  "process_end_time": 1767665184.619532,
  "total_elapsed_time_seconds": 258.51,
  "rounds_time_stats": {
    "round_1": 39.09,
    "round_2": 31.22,
    "round_3": 43.26,
    "round_4": 51.06,
    "round_5": 47.36,
    "round_6": 46.51
  }
}