{
  "process_start_time": 1767884355.3202016,
  "process_end_time": 1767884394.8255563,
  "total_elapsed_time_seconds": 39.51,
  "rounds_time_stats": {
    "round_1": 18.76,
    "round_2": 20.75
  }
}