{
  "process_start_time": 1767886392.4510777,
  "process_end_time": 1767886437.9336135,
  "total_elapsed_time_seconds": 45.48,
  "rounds_time_stats": {
    "round_1": 45.44
  }
}