{
  "process_start_time": 1768107778.4772284,
  "process_end_time": 1768107988.2472239,
  "total_elapsed_time_seconds": 209.77,
  "rounds_time_stats": {
    "round_1": 27.76,
    "round_2": 27.15,
    "round_3": 29.48,
    "round_4": 35.96,
    "round_5": 45.05,
    "round_6": 44.37
  }
}