{
  "process_start_time": 1768117652.6657295,
  "process_end_time": 1768117966.6119845,
  "total_elapsed_time_seconds": 313.95,
  "rounds_time_stats": {
    "round_1": 45.07,
    "round_2": 46.7,
    "round_3": 50.6,
    "round_4": 56.74,
    "round_5": 64.51,
    "round_6": 50.33
  }
}