{
  "process_start_time": 1767885375.988652,
  "process_end_time": 1767885409.9528065,
  "total_elapsed_time_seconds": 33.96,
  "rounds_time_stats": {
    "round_1": 33.94
  }
}