{
  "process_start_time": 1767885128.515389,
  "process_end_time": 1767885313.1061285,
  "total_elapsed_time_seconds": 184.59,
  "rounds_time_stats": {
    "round_1": 36.92,
    "round_2": 33.52,
    "round_3": 40.5,
    "round_4": 35.41,
    "round_5": 38.25
  }
}