{
  "process_start_time": 1767685684.1351047,
  "process_end_time": 1767685962.6000195,
  "total_elapsed_time_seconds": 278.46,
  "rounds_time_stats": {
    "round_1": 44.42,
    "round_2": 44.81,
    "round_3": 61.8,
    "round_4": 39.53,
    "round_5": 45.14,
    "round_6": 42.76
  }
}