{
  "process_start_time": 1767678369.0442615,
  "process_end_time": 1767678625.8882873,
  "total_elapsed_time_seconds": 256.84,
  "rounds_time_stats": {
    "round_1": 39.17,
    "round_2": 46.92,
    "round_3": 48.58,
    "round_4": 42.2,
    "round_5": 34.61,
    "round_6": 45.36
  }
}