{
  "process_start_time": 1768108927.2550907,
  "process_end_time": 1768109204.9113975,
  "total_elapsed_time_seconds": 277.66,
  "rounds_time_stats": {
    "round_1": 50.09,
    "round_2": 45.86,
    "round_3": 48.57,
    "round_4": 43.44,
    "round_5": 47.41,
    "round_6": 42.27
  }
}