{
  "process_start_time": 1767885118.9678452,
  "process_end_time": 1767885167.8479784,
  "total_elapsed_time_seconds": 48.88,
  "rounds_time_stats": {
    "round_1": 23.16,
    "round_2": 25.71
  }
}