{
  "process_start_time": 1767684909.7761335,
  "process_end_time": 1767685199.237144,
  "total_elapsed_time_seconds": 289.46,
  "rounds_time_stats": {
    "round_1": 45.51,
    "round_2": 42.95,
    "round_3": 53.75,
    "round_4": 42.68,
    "round_5": 51.23,
    "round_6": 53.34
  }
}