{
  "process_start_time": 1767889835.919199,
  "process_end_time": 1767889923.7443857,
  "total_elapsed_time_seconds": 87.83,
  "rounds_time_stats": {
    "round_1": 11.31,
    "round_2": 20.83,
    "round_3": 19.17,
    "round_4": 20.77,
    "round_5": 15.74
  }
}