{
  "process_start_time": 1767885607.2704053,
  "process_end_time": 1767885655.287863,
  "total_elapsed_time_seconds": 48.02,
  "rounds_time_stats": {
    "round_1": 47.72,
    "round_2": 0.29
  }
}