{
  "process_start_time": 1767882905.1784563,
  "process_end_time": 1767882943.44663,
  "total_elapsed_time_seconds": 38.27,
  "rounds_time_stats": {
    "round_1": 19.68,
    "round_2": 18.58
  }
}