{
  "process_start_time": 1767885070.4712956,
  "process_end_time": 1767885134.36114,
  "total_elapsed_time_seconds": 63.89,
  "rounds_time_stats": {
    "round_1": 24.02,
    "round_2": 17.65,
    "round_3": 21.71,
    "round_4": 0.5
  }
}