{
  "process_start_time": 1768108044.5652087,
  "process_end_time": 1768108269.31423,
  "total_elapsed_time_seconds": 224.75,
  "rounds_time_stats": {
    "round_1": 31.82,
    "round_2": 36.45,
    "round_3": 32.39,
    "round_4": 35.51,
    "round_5": 45.17,
    "round_6": 43.42
  }
}