{
  "process_start_time": 1767883869.319007,
  "process_end_time": 1767883909.4994242,
  "total_elapsed_time_seconds": 40.18,
  "rounds_time_stats": {
    "round_1": 18.58,
    "round_2": 21.59
  }
}