{
  "process_start_time": 1767888309.7309031,
  "process_end_time": 1767888320.356578,
  "total_elapsed_time_seconds": 10.63,
  "rounds_time_stats": {
    "round_1": 10.62
  }
}