{
  "process_start_time": 1767977458.806074,
  "process_end_time": 1767977645.3613372,
  "total_elapsed_time_seconds": 186.56,
  "rounds_time_stats": {
    "round_1": 29.98,
    "round_2": 33.31,
    "round_3": 30.83,
    "round_4": 32.71,
    "round_5": 28.96,
    "round_6": 30.75
  }
}