{
  "process_start_time": 1767681341.7836046,
  "process_end_time": 1767681575.5636754,
  "total_elapsed_time_seconds": 233.78,
  "rounds_time_stats": {
    "round_1": 43.17,
    "round_2": 33.02,
    "round_3": 34.54,
    "round_4": 46.39,
    "round_5": 39.94,
    "round_6": 36.73
  }
}