{
  "process_start_time": 1767886330.8860373,
  "process_end_time": 1767886372.874143,
  "total_elapsed_time_seconds": 41.99,
  "rounds_time_stats": {
    "round_1": 41.93
  }
}