{
  "process_start_time": 1768117931.987319,
  "process_end_time": 1768118179.9704945,
  "total_elapsed_time_seconds": 247.98,
  "rounds_time_stats": {
    "round_1": 43.7,
    "round_2": 36.53,
    "round_3": 47.12,
    "round_4": 58.19,
    "round_5": 36.32,
    "round_6": 26.12
  }
}