{
  "process_start_time": 1767665217.2068925,
  "process_end_time": 1767665488.9973161,
  "total_elapsed_time_seconds": 271.79,
  "rounds_time_stats": {
    "round_1": 46.02,
    "round_2": 47.85,
    "round_3": 44.76,
    "round_4": 44.14,
    "round_5": 50.6,
    "round_6": 38.42
  }
}