{
  "process_start_time": 1767683284.912745,
  "process_end_time": 1767683624.8131678,
  "total_elapsed_time_seconds": 339.9,
  "rounds_time_stats": {
    "round_1": 73.04,
    "round_2": 52.14,
    "round_3": 59.93,
    "round_4": 43.87,
    "round_5": 46.28,
    "round_6": 64.64
  }
}