{
  "process_start_time": 1767688383.9544291,
  "process_end_time": 1767688616.5924482,
  "total_elapsed_time_seconds": 232.64,
  "rounds_time_stats": {
    "round_1": 39.85,
    "round_2": 40.24,
    "round_3": 52.78,
    "round_4": 32.85,
    "round_5": 32.66,
    "round_6": 34.24
  }
}