{
  "process_start_time": 1767977025.9204183,
  "process_end_time": 1767977124.4474843,
  "total_elapsed_time_seconds": 98.53,
  "rounds_time_stats": {
    "round_1": 28.41,
    "round_2": 15.38,
    "round_3": 14.76,
    "round_4": 14.95,
    "round_5": 14.06,
    "round_6": 10.96
  }
}