{
  "process_start_time": 1767884503.246244,
  "process_end_time": 1767884556.2226744,
  "total_elapsed_time_seconds": 52.98,
  "rounds_time_stats": {
    "round_1": 52.96
  }
}