{
  "process_start_time": 1767976310.2012951,
  "process_end_time": 1767976490.9753072,
  "total_elapsed_time_seconds": 180.77,
  "rounds_time_stats": {
    "round_1": 31.51,
    "round_2": 28.75,
    "round_3": 29.52,
    "round_4": 27.7,
    "round_5": 32.7,
    "round_6": 30.58
  }
}