{
  "process_start_time": 1768554749.2822897,
  "process_end_time": 1768554783.4650383,
  "total_elapsed_time_seconds": 34.18,
  "rounds_time_stats": {
    "round_1": 34.16
  }
}