{
  "process_start_time": 1767889245.1903982,
  "process_end_time": 1767889269.374639,
  "total_elapsed_time_seconds": 24.18,
  "rounds_time_stats": {
    "round_1": 13.22,
    "round_2": 10.96
  }
}