{
  "process_start_time": 1767888029.5659196,
  "process_end_time": 1767888040.3313155,
  "total_elapsed_time_seconds": 10.77,
  "rounds_time_stats": {
    "round_1": 10.76
  }
}