{
  "process_start_time": 1767682370.321244,
  "process_end_time": 1767682452.0779622,
  "total_elapsed_time_seconds": 81.76,
  "rounds_time_stats": {
    "round_1": 81.67
  }
}