{
  "process_start_time": 1767977602.3963072,
  "process_end_time": 1767977789.3115447,
  "total_elapsed_time_seconds": 186.92,
  "rounds_time_stats": {
    "round_1": 34.89,
    "round_2": 27.92,
    "round_3": 30.99,
    "round_4": 31.86,
    "round_5": 31.3,
    "round_6": 29.96
  }
}