{
  "process_start_time": 1767888805.9291468,
  "process_end_time": 1767888822.824583,
  "total_elapsed_time_seconds": 16.9,
  "rounds_time_stats": {
    "round_1": 16.89
  }
}