{
  "process_start_time": 1767889570.8109283,
  "process_end_time": 1767889615.1063087,
  "total_elapsed_time_seconds": 44.3,
  "rounds_time_stats": {
    "round_1": 8.66,
    "round_2": 11.99,
    "round_3": 10.8,
    "round_4": 12.46,
    "round_5": 0.38
  }
}