{
  "process_start_time": 1767888505.395664,
  "process_end_time": 1767888524.0383096,
  "total_elapsed_time_seconds": 18.64,
  "rounds_time_stats": {
    "round_1": 18.64
  }
}