{
  "process_start_time": 1767889328.9045224,
  "process_end_time": 1767889405.2679746,
  "total_elapsed_time_seconds": 76.36,
  "rounds_time_stats": {
    "round_1": 7.96,
    "round_2": 10.19,
    "round_3": 10.18,
    "round_4": 11.72,
    "round_5": 21.79,
    "round_6": 14.52
  }
}