{
  "process_start_time": 1767682965.4902315,
  "process_end_time": 1767683236.9040616,
  "total_elapsed_time_seconds": 271.41,
  "rounds_time_stats": {
    "round_1": 39.16,
    "round_2": 47.59,
    "round_3": 43.53,
    "round_4": 45.63,
    "round_5": 47.65,
    "round_6": 47.86
  }
}