{
  "process_start_time": 1767889535.7476456,
  "process_end_time": 1767889546.0460958,
  "total_elapsed_time_seconds": 10.3,
  "rounds_time_stats": {
    "round_1": 10.3
  }
}