{
  "process_start_time": 1767889121.7845192,
  "process_end_time": 1767889136.3874886,
  "total_elapsed_time_seconds": 14.6,
  "rounds_time_stats": {
    "round_1": 14.6
  }
}