{
  "process_start_time": 1767685906.813217,
  "process_end_time": 1767685975.2364295,
  "total_elapsed_time_seconds": 68.42,
  "rounds_time_stats": {
    "round_1": 68.34
  }
}