{
  "process_start_time": 1767884587.093246,
  "process_end_time": 1767884699.4040327,
  "total_elapsed_time_seconds": 112.31,
  "rounds_time_stats": {
    "round_1": 17.94,
    "round_2": 17.66,
    "round_3": 17.35,
    "round_4": 27.55,
    "round_5": 16.58,
    "round_6": 15.23
  }
}