{
  "process_start_time": 1767885413.5047433,
  "process_end_time": 1767885444.4938214,
  "total_elapsed_time_seconds": 30.99,
  "rounds_time_stats": {
    "round_1": 30.98
  }
}