{
  "process_start_time": 1768117317.6006894,
  "process_end_time": 1768117606.7046986,
  "total_elapsed_time_seconds": 289.1,
  "rounds_time_stats": {
    "round_1": 57.58,
    "round_2": 35.83,
    "round_3": 47.68,
    "round_4": 51.03,
    "round_5": 50.29,
    "round_6": 46.7
  }
}