{
  "process_start_time": 1767685559.1076133,
  "process_end_time": 1767685835.49689,
  "total_elapsed_time_seconds": 276.39,
  "rounds_time_stats": {
    "round_1": 39.4,
    "round_2": 37.27,
    "round_3": 73.35,
    "round_4": 35.44,
    "round_5": 47.13,
    "round_6": 43.79
  }
}