{
  "process_start_time": 1767888776.3578684,
  "process_end_time": 1767888792.872273,
  "total_elapsed_time_seconds": 16.51,
  "rounds_time_stats": {
    "round_1": 16.51
  }
}