{
  "process_start_time": 1767975930.9883034,
  "process_end_time": 1767976145.4029105,
  "total_elapsed_time_seconds": 214.41,
  "rounds_time_stats": {
    "round_1": 26.95,
    "round_2": 33.35,
    "round_3": 42.22,
    "round_4": 40.49,
    "round_5": 30.12,
    "round_6": 41.28
  }
}