{
  "process_start_time": 1767884874.3994553,
  "process_end_time": 1767885079.5197337,
  "total_elapsed_time_seconds": 205.12,
  "rounds_time_stats": {
    "round_1": 13.26,
    "round_2": 12.47,
    "round_3": 146.06,
    "round_4": 33.32
  }
}