{
  "process_start_time": 1768556382.4109652,
  "process_end_time": 1768556544.3328302,
  "total_elapsed_time_seconds": 161.92,
  "rounds_time_stats": {
    "round_1": 29.35,
    "round_2": 29.55,
    "round_3": 28.55,
    "round_4": 19.27,
    "round_5": 28.83,
    "round_6": 26.38
  }
}