{
  "process_start_time": 1767679448.014713,
  "process_end_time": 1767679718.251124,
  "total_elapsed_time_seconds": 270.24,
  "rounds_time_stats": {
    "round_1": 40.66,
    "round_2": 45.12,
    "round_3": 46.91,
    "round_4": 44.88,
    "round_5": 42.03,
    "round_6": 50.63
  }
}