{
  "process_start_time": 1767885735.2081842,
  "process_end_time": 1767885818.2830243,
  "total_elapsed_time_seconds": 83.07,
  "rounds_time_stats": {
    "round_1": 13.36,
    "round_2": 13.9,
    "round_3": 13.09,
    "round_4": 13.51,
    "round_5": 13.76,
    "round_6": 15.45
  }
}