{
  "process_start_time": 1767883937.1762683,
  "process_end_time": 1767883963.7252426,
  "total_elapsed_time_seconds": 26.55,
  "rounds_time_stats": {
    "round_1": 13.01,
    "round_2": 13.46,
    "round_3": 0.08
  }
}