{
  "process_start_time": 1767884178.572616,
  "process_end_time": 1767884237.125307,
  "total_elapsed_time_seconds": 58.55,
  "rounds_time_stats": {
    "round_1": 15.93,
    "round_2": 17.52,
    "round_3": 25.1
  }
}