{
  "process_start_time": 1767684275.8454893,
  "process_end_time": 1767684331.1643867,
  "total_elapsed_time_seconds": 55.32,
  "rounds_time_stats": {
    "round_1": 55.28
  }
}