{
  "process_start_time": 1767690008.375866,
  "process_end_time": 1767690294.5407314,
  "total_elapsed_time_seconds": 286.16,
  "rounds_time_stats": {
    "round_1": 45.47,
    "round_2": 46.44,
    "round_3": 42.55,
    "round_4": 42.95,
    "round_5": 49.58,
    "round_6": 59.17
  }
}