{
  "process_start_time": 1768115373.5992663,
  "process_end_time": 1768115595.7323096,
  "total_elapsed_time_seconds": 222.13,
  "rounds_time_stats": {
    "round_1": 32.88,
    "round_2": 34.54,
    "round_3": 36.59,
    "round_4": 48.7,
    "round_5": 32.15,
    "round_6": 37.28
  }
}