{
  "process_start_time": 1768108568.544576,
  "process_end_time": 1768108846.796706,
  "total_elapsed_time_seconds": 278.25,
  "rounds_time_stats": {
    "round_1": 44.63,
    "round_2": 32.32,
    "round_3": 49.13,
    "round_4": 48.01,
    "round_5": 59.95,
    "round_6": 44.22
  }
}