{
  "process_start_time": 1767886231.8834832,
  "process_end_time": 1767886254.0668967,
  "total_elapsed_time_seconds": 22.18,
  "rounds_time_stats": {
    "round_1": 22.18
  }
}