{
  "process_start_time": 1767976718.333495,
  "process_end_time": 1767976951.9593365,
  "total_elapsed_time_seconds": 233.63,
  "rounds_time_stats": {
    "round_1": 31.01,
    "round_2": 38.22,
    "round_3": 40.58,
    "round_4": 42.69,
    "round_5": 39.93,
    "round_6": 41.21
  }
}