{
  "process_start_time": 1767886691.5949886,
  "process_end_time": 1767886876.240992,
  "total_elapsed_time_seconds": 184.65,
  "rounds_time_stats": {
    "round_1": 26.88,
    "round_2": 28.65,
    "round_3": 32.21,
    "round_4": 34.66,
    "round_5": 30.27,
    "round_6": 31.98
  }
}