{
  "process_start_time": 1767889011.2305956,
  "process_end_time": 1767889021.9429545,
  "total_elapsed_time_seconds": 10.71,
  "rounds_time_stats": {
    "round_1": 10.71
  }
}