{
  "process_start_time": 1768114486.9768798,
  "process_end_time": 1768114752.8693433,
  "total_elapsed_time_seconds": 265.89,
  "rounds_time_stats": {
    "round_1": 28.42,
    "round_2": 38.79,
    "round_3": 48.13,
    "round_4": 48.07,
    "round_5": 54.89,
    "round_6": 47.59
  }
}