{
  "process_start_time": 1767890716.5118594,
  "process_end_time": 1767890860.8242981,
  "total_elapsed_time_seconds": 144.31,
  "rounds_time_stats": {
    "round_1": 24.72,
    "round_2": 20.79,
    "round_3": 25.36,
    "round_4": 22.38,
    "round_5": 27.6,
    "round_6": 23.48
  }
}