{
  "process_start_time": 1767884232.1136665,
  "process_end_time": 1767884294.1556592,
  "total_elapsed_time_seconds": 62.04,
  "rounds_time_stats": {
    "round_1": 27.37,
    "round_2": 15.76,
    "round_3": 18.9
  }
}