{
  "process_start_time": 1767677267.6217003,
  "process_end_time": 1767677525.7088788,
  "total_elapsed_time_seconds": 258.09,
  "rounds_time_stats": {
    "round_1": 47.26,
    "round_2": 41.43,
    "round_3": 46.75,
    "round_4": 44.72,
    "round_5": 38.45,
    "round_6": 39.48
  }
}