{
  "process_start_time": 1767887919.685852,
  "process_end_time": 1767887945.1388288,
  "total_elapsed_time_seconds": 25.45,
  "rounds_time_stats": {
    "round_1": 25.45
  }
}