{
  "process_start_time": 1767887720.148931,
  "process_end_time": 1767887795.3940926,
  "total_elapsed_time_seconds": 75.25,
  "rounds_time_stats": {
    "round_1": 20.02,
    "round_2": 23.26,
    "round_3": 14.88,
    "round_4": 16.93,
    "round_5": 0.15
  }
}