{
  "process_start_time": 1768115575.610707,
  "process_end_time": 1768115848.2147398,
  "total_elapsed_time_seconds": 272.6,
  "rounds_time_stats": {
    "round_1": 30.03,
    "round_2": 33.43,
    "round_3": 44.63,
    "round_4": 71.09,
    "round_5": 45.01,
    "round_6": 48.41
  }
}