{
  "process_start_time": 1767886002.7566152,
  "process_end_time": 1767886027.0687287,
  "total_elapsed_time_seconds": 24.31,
  "rounds_time_stats": {
    "round_1": 24.31
  }
}