{
  "process_start_time": 1767890086.422805,
  "process_end_time": 1767890109.6500115,
  "total_elapsed_time_seconds": 23.23,
  "rounds_time_stats": {
    "round_1": 23.22
  }
}