{
  "process_start_time": 1767885557.6092885,
  "process_end_time": 1767885610.6095154,
  "total_elapsed_time_seconds": 53.0,
  "rounds_time_stats": {
    "round_1": 28.97,
    "round_2": 24.03
  }
}