{
  "process_start_time": 1767883233.1734018,
  "process_end_time": 1767883267.0319736,
  "total_elapsed_time_seconds": 33.86,
  "rounds_time_stats": {
    "round_1": 33.85
  }
}