{
  "process_start_time": 1767889345.9421086,
  "process_end_time": 1767889382.789313,
  "total_elapsed_time_seconds": 36.85,
  "rounds_time_stats": {
    "round_1": 9.34,
    "round_2": 16.82,
    "round_3": 10.69
  }
}