{
  "process_start_time": 1767882951.9748018,
  "process_end_time": 1767883021.71656,
  "total_elapsed_time_seconds": 69.74,
  "rounds_time_stats": {
    "round_1": 35.67,
    "round_2": 34.06
  }
}