{
  "process_start_time": 1767890911.6940994,
  "process_end_time": 1767891072.4490783,
  "total_elapsed_time_seconds": 160.75,
  "rounds_time_stats": {
    "round_1": 19.45,
    "round_2": 32.61,
    "round_3": 34.11,
    "round_4": 24.37,
    "round_5": 24.3,
    "round_6": 25.92
  }
}