{
  "process_start_time": 1767883625.0557957,
  "process_end_time": 1767883651.698306,
  "total_elapsed_time_seconds": 26.64,
  "rounds_time_stats": {
    "round_1": 26.64
  }
}