{
  "process_start_time": 1767890440.7877767,
  "process_end_time": 1767890474.603292,
  "total_elapsed_time_seconds": 33.82,
  "rounds_time_stats": {
    "round_1": 33.81
  }
}