{
  "process_start_time": 1767688881.6702833,
  "process_end_time": 1767689165.1473238,
  "total_elapsed_time_seconds": 283.48,
  "rounds_time_stats": {
    "round_1": 45.99,
    "round_2": 47.87,
    "round_3": 48.6,
    "round_4": 49.34,
    "round_5": 45.83,
    "round_6": 45.85
  }
}