{
  "process_start_time": 1767889435.0134914,
  "process_end_time": 1767889463.483356,
  "total_elapsed_time_seconds": 28.47,
  "rounds_time_stats": {
    "round_1": 28.46
  }
}