{
  "process_start_time": 1767883754.087127,
  "process_end_time": 1767883877.8575068,
  "total_elapsed_time_seconds": 123.77,
  "rounds_time_stats": {
    "round_1": 26.15,
    "round_2": 29.11,
    "round_3": 41.23,
    "round_4": 27.27
  }
}