{
  "process_start_time": 1767684991.323928,
  "process_end_time": 1767685252.4784877,
  "total_elapsed_time_seconds": 261.15,
  "rounds_time_stats": {
    "round_1": 40.88,
    "round_2": 33.33,
    "round_3": 49.05,
    "round_4": 50.22,
    "round_5": 49.23,
    "round_6": 38.44
  }
}