{
  "process_start_time": 1768115303.8646338,
  "process_end_time": 1768115611.7245517,
  "total_elapsed_time_seconds": 307.86,
  "rounds_time_stats": {
    "round_1": 68.94,
    "round_2": 46.25,
    "round_3": 43.77,
    "round_4": 46.37,
    "round_5": 51.54,
    "round_6": 50.99
  }
}