{
  "process_start_time": 1767684705.4835227,
  "process_end_time": 1767684990.945245,
  "total_elapsed_time_seconds": 285.46,
  "rounds_time_stats": {
    "round_1": 49.38,
    "round_2": 42.98,
    "round_3": 51.68,
    "round_4": 49.3,
    "round_5": 43.71,
    "round_6": 48.42
  }
}