{
  "process_start_time": 1767889779.2458062,
  "process_end_time": 1767889808.0202396,
  "total_elapsed_time_seconds": 28.77,
  "rounds_time_stats": {
    "round_1": 28.77
  }
}