{
  "process_start_time": 1768556149.42665,
  "process_end_time": 1768556313.4942775,
  "total_elapsed_time_seconds": 164.07,
  "rounds_time_stats": {
    "round_1": 23.26,
    "round_2": 27.16,
    "round_3": 28.33,
    "round_4": 28.81,
    "round_5": 28.65,
    "round_6": 27.85
  }
}