{
  "process_start_time": 1767885895.2501915,
  "process_end_time": 1767885938.3903623,
  "total_elapsed_time_seconds": 43.14,
  "rounds_time_stats": {
    "round_1": 43.1
  }
}