{
  "process_start_time": 1767887096.4114225,
  "process_end_time": 1767887207.2921178,
  "total_elapsed_time_seconds": 110.88,
  "rounds_time_stats": {
    "round_1": 14.94,
    "round_2": 24.66,
    "round_3": 20.22,
    "round_4": 23.55,
    "round_5": 17.45,
    "round_6": 10.05
  }
}