{
  "process_start_time": 1768115284.239655,
  "process_end_time": 1768115577.4660711,
  "total_elapsed_time_seconds": 293.23,
  "rounds_time_stats": {
    "round_1": 84.85,
    "round_2": 24.5,
    "round_3": 38.52,
    "round_4": 45.87,
    "round_5": 48.31,
    "round_6": 51.18
  }
}