{
  "process_start_time": 1767885640.0088518,
  "process_end_time": 1767885651.2659125,
  "total_elapsed_time_seconds": 11.26,
  "rounds_time_stats": {
    "round_1": 11.25
  }
}