{
  "process_start_time": 1767885725.1677892,
  "process_end_time": 1767885886.1485617,
  "total_elapsed_time_seconds": 160.98,
  "rounds_time_stats": {
    "round_1": 31.57,
    "round_2": 24.69,
    "round_3": 25.54,
    "round_4": 25.99,
    "round_5": 29.69,
    "round_6": 23.49
  }
}