{
  "process_start_time": 1767885599.462574,
  "process_end_time": 1767885630.2750154,
  "total_elapsed_time_seconds": 30.81,
  "rounds_time_stats": {
    "round_1": 30.81
  }
}