{
  "process_start_time": 1767885479.1637394,
  "process_end_time": 1767885499.6651044,
  "total_elapsed_time_seconds": 20.5,
  "rounds_time_stats": {
    "round_1": 20.5
  }
}