{
  "process_start_time": 1767887445.3634286,
  "process_end_time": 1767887613.208948,
  "total_elapsed_time_seconds": 167.85,
  "rounds_time_stats": {
    "round_1": 23.34,
    "round_2": 21.27,
    "round_3": 27.37,
    "round_4": 33.3,
    "round_5": 41.87,
    "round_6": 20.69
  }
}