{
  "process_start_time": 1767890183.243241,
  "process_end_time": 1767890209.1361053,
  "total_elapsed_time_seconds": 25.89,
  "rounds_time_stats": {
    "round_1": 25.86
  }
}