{
  "process_start_time": 1767969222.4502814,
  "process_end_time": 1767969574.3975828,
  "total_elapsed_time_seconds": 351.95,
  "rounds_time_stats": {
    "round_1": 46.26,
    "round_2": 39.83,
    "round_3": 49.81,
    "round_4": 100.92,
    "round_5": 51.87,
    "round_6": 63.25
  }
}