{
  "process_start_time": 1767889522.7762158,
  "process_end_time": 1767889536.6325927,
  "total_elapsed_time_seconds": 13.86,
  "rounds_time_stats": {
    "round_1": 13.85
  }
}