{
  "process_start_time": 1767885374.6905413,
  "process_end_time": 1767885410.0026174,
  "total_elapsed_time_seconds": 35.31,
  "rounds_time_stats": {
    "round_1": 35.29
  }
}