{
  "process_start_time": 1767887058.0216935,
  "process_end_time": 1767887116.3164072,
  "total_elapsed_time_seconds": 58.29,
  "rounds_time_stats": {
    "round_1": 20.17,
    "round_2": 15.87,
    "round_3": 22.25
  }
}