{
  "process_start_time": 1767971591.6950357,
  "process_end_time": 1767973156.2551525,
  "total_elapsed_time_seconds": 1564.56,
  "rounds_time_stats": {
    "round_1": 1437.78,
    "round_2": 26.83,
    "round_3": 23.58,
    "round_4": 24.56,
    "round_5": 26.45,
    "round_6": 25.35
  }
}