{
  "process_start_time": 1767890325.2417257,
  "process_end_time": 1767890512.6162097,
  "total_elapsed_time_seconds": 187.37,
  "rounds_time_stats": {
    "round_1": 13.74,
    "round_2": 24.12,
    "round_3": 28.95,
    "round_4": 41.26,
    "round_5": 41.85,
    "round_6": 37.45
  }
}