{
  "process_start_time": 1768556421.2517257,
  "process_end_time": 1768556577.5531256,
  "total_elapsed_time_seconds": 156.3,
  "rounds_time_stats": {
    "round_1": 24.96,
    "round_2": 24.23,
    "round_3": 29.88,
    "round_4": 27.32,
    "round_5": 28.19,
    "round_6": 21.72
  }
}