{
  "process_start_time": 1767688146.443666,
  "process_end_time": 1767688417.316712,
  "total_elapsed_time_seconds": 270.87,
  "rounds_time_stats": {
    "round_1": 40.1,
    "round_2": 48.52,
    "round_3": 44.12,
    "round_4": 44.85,
    "round_5": 46.28,
    "round_6": 46.99
  }
}