{
  "process_start_time": 1767884819.433254,
  "process_end_time": 1767884874.3976963,
  "total_elapsed_time_seconds": 54.96,
  "rounds_time_stats": {
    "round_1": 28.49,
    "round_2": 26.47
  }
}