{
  "process_start_time": 1768108057.2493818,
  "process_end_time": 1768108325.8068142,
  "total_elapsed_time_seconds": 268.56,
  "rounds_time_stats": {
    "round_1": 39.69,
    "round_2": 35.0,
    "round_3": 49.97,
    "round_4": 44.78,
    "round_5": 59.15,
    "round_6": 39.96
  }
}