{
  "process_start_time": 1767890482.450065,
  "process_end_time": 1767890620.2273092,
  "total_elapsed_time_seconds": 137.78,
  "rounds_time_stats": {
    "round_1": 19.01,
    "round_2": 25.0,
    "round_3": 22.36,
    "round_4": 23.47,
    "round_5": 26.57,
    "round_6": 21.36
  }
}