{
  "process_start_time": 1767682950.0997787,
  "process_end_time": 1767683211.3345253,
  "total_elapsed_time_seconds": 261.23,
  "rounds_time_stats": {
    "round_1": 34.89,
    "round_2": 44.12,
    "round_3": 48.33,
    "round_4": 43.89,
    "round_5": 45.3,
    "round_6": 44.71
  }
}