{
  "process_start_time": 1768117032.3566778,
  "process_end_time": 1768117316.395623,
  "total_elapsed_time_seconds": 284.04,
  "rounds_time_stats": {
    "round_1": 43.23,
    "round_2": 37.64,
    "round_3": 49.04,
    "round_4": 48.13,
    "round_5": 62.94,
    "round_6": 43.06
  }
}