{
  "process_start_time": 1767692058.3591454,
  "process_end_time": 1767692270.064199,
  "total_elapsed_time_seconds": 211.71,
  "rounds_time_stats": {
    "round_1": 37.77,
    "round_2": 30.29,
    "round_3": 40.15,
    "round_4": 38.34,
    "round_5": 36.6,
    "round_6": 28.55
  }
}