{
  "process_start_time": 1767969887.022014,
  "process_end_time": 1767970183.8961313,
  "total_elapsed_time_seconds": 296.87,
  "rounds_time_stats": {
    "round_1": 109.35,
    "round_2": 35.83,
    "round_3": 35.59,
    "round_4": 51.35,
    "round_5": 33.44,
    "round_6": 31.32
  }
}