{
  "process_start_time": 1767681341.0102024,
  "process_end_time": 1767681565.3862436,
  "total_elapsed_time_seconds": 224.38,
  "rounds_time_stats": {
    "round_1": 43.68,
    "round_2": 28.81,
    "round_3": 36.68,
    "round_4": 30.57,
    "round_5": 44.87,
    "round_6": 39.76
  }
}