{
  "process_start_time": 1768551195.2283838,
  "process_end_time": 1768551240.8286784,
  "total_elapsed_time_seconds": 45.6,
  "rounds_time_stats": {
    "round_1": 45.58
  }
}