{
  "process_start_time": 1767885126.2160263,
  "process_end_time": 1767885343.0125275,
  "total_elapsed_time_seconds": 216.8,
  "rounds_time_stats": {
    "round_1": 30.8,
    "round_2": 48.23,
    "round_3": 36.03,
    "round_4": 38.97,
    "round_5": 36.26,
    "round_6": 26.49
  }
}