{
  "process_start_time": 1767887100.8128045,
  "process_end_time": 1767887123.5650578,
  "total_elapsed_time_seconds": 22.75,
  "rounds_time_stats": {
    "round_1": 22.74
  }
}