{
  "process_start_time": 1768551592.815108,
  "process_end_time": 1768551774.216886,
  "total_elapsed_time_seconds": 181.4,
  "rounds_time_stats": {
    "round_1": 37.07,
    "round_2": 31.87,
    "round_3": 26.19,
    "round_4": 28.56,
    "round_5": 27.72,
    "round_6": 29.99
  }
}