{
  "process_start_time": 1767889676.464082,
  "process_end_time": 1767889696.414402,
  "total_elapsed_time_seconds": 19.95,
  "rounds_time_stats": {
    "round_1": 19.95
  }
}