{
  "process_start_time": 1767888703.185994,
  "process_end_time": 1767888715.3304021,
  "total_elapsed_time_seconds": 12.14,
  "rounds_time_stats": {
    "round_1": 12.14
  }
}