{
  "process_start_time": 1767975304.3405192,
  "process_end_time": 1767975466.2558985,
  "total_elapsed_time_seconds": 161.92,
  "rounds_time_stats": {
    "round_1": 24.61,
    "round_2": 32.46,
    "round_3": 27.79,
    "round_4": 29.18,
    "round_5": 21.37,
    "round_6": 26.5
  }
}