{
  "process_start_time": 1768550222.9034705,
  "process_end_time": 1768550515.9382732,
  "total_elapsed_time_seconds": 293.03,
  "rounds_time_stats": {
    "round_1": 37.95,
    "round_2": 41.63,
    "round_3": 52.72,
    "round_4": 60.75,
    "round_5": 42.73,
    "round_6": 57.26
  }
}