{
  "process_start_time": 1767682688.388515,
  "process_end_time": 1767683016.9131296,
  "total_elapsed_time_seconds": 328.52,
  "rounds_time_stats": {
    "round_1": 59.09,
    "round_2": 44.86,
    "round_3": 63.53,
    "round_4": 48.16,
    "round_5": 60.54,
    "round_6": 52.33
  }
}