{
  "process_start_time": 1767883227.459502,
  "process_end_time": 1767883259.7238796,
  "total_elapsed_time_seconds": 32.26,
  "rounds_time_stats": {
    "round_1": 32.25
  }
}