{
  "process_start_time": 1768748579.0355098,
  "process_end_time": 1768748687.0149214,
  "total_elapsed_time_seconds": 107.98,
  "rounds_time_stats": {
    "round_1": 29.29,
    "round_2": 17.5,
    "round_3": 15.94,
    "round_4": 14.07,
    "round_5": 15.3,
    "round_6": 15.87
  }
}