{
  "process_start_time": 1767689022.2151747,
  "process_end_time": 1767689322.2658489,
  "total_elapsed_time_seconds": 300.05,
  "rounds_time_stats": {
    "round_1": 49.51,
    "round_2": 64.14,
    "round_3": 42.48,
    "round_4": 48.03,
    "round_5": 48.65,
    "round_6": 47.23
  }
}