{
  "process_start_time": 1768551726.3246615,
  "process_end_time": 1768551868.826005,
  "total_elapsed_time_seconds": 142.5,
  "rounds_time_stats": {
    "round_1": 25.02,
    "round_2": 21.54,
    "round_3": 27.66,
    "round_4": 19.62,
    "round_5": 22.63,
    "round_6": 26.03
  }
}