{
  "process_start_time": 1767687014.127661,
  "process_end_time": 1767687291.973866,
  "total_elapsed_time_seconds": 277.85,
  "rounds_time_stats": {
    "round_1": 44.64,
    "round_2": 52.02,
    "round_3": 47.94,
    "round_4": 41.75,
    "round_5": 47.71,
    "round_6": 43.8
  }
}