{
  "process_start_time": 1767884505.688886,
  "process_end_time": 1767884550.5576537,
  "total_elapsed_time_seconds": 44.87,
  "rounds_time_stats": {
    "round_1": 44.84
  }
}