{
  "process_start_time": 1767886115.6622312,
  "process_end_time": 1767886267.7945871,
  "total_elapsed_time_seconds": 152.13,
  "rounds_time_stats": {
    "round_1": 25.15,
    "round_2": 19.21,
    "round_3": 19.44,
    "round_4": 24.75,
    "round_5": 30.48,
    "round_6": 33.09
  }
}