{
  "process_start_time": 1767688657.3647783,
  "process_end_time": 1767688925.5201554,
  "total_elapsed_time_seconds": 268.16,
  "rounds_time_stats": {
    "round_1": 50.98,
    "round_2": 45.73,
    "round_3": 35.68,
    "round_4": 47.51,
    "round_5": 44.18,
    "round_6": 44.07
  }
}