{
  "process_start_time": 1767890020.9019167,
  "process_end_time": 1767890048.5964296,
  "total_elapsed_time_seconds": 27.69,
  "rounds_time_stats": {
    "round_1": 11.69,
    "round_2": 16.0
  }
}