{
  "process_start_time": 1767976844.5379856,
  "process_end_time": 1767977045.6695688,
  "total_elapsed_time_seconds": 201.13,
  "rounds_time_stats": {
    "round_1": 31.96,
    "round_2": 32.91,
    "round_3": 32.94,
    "round_4": 38.18,
    "round_5": 35.13,
    "round_6": 30.02
  }
}