{
  "process_start_time": 1768108226.2166734,
  "process_end_time": 1768108446.613038,
  "total_elapsed_time_seconds": 220.4,
  "rounds_time_stats": {
    "round_1": 37.75,
    "round_2": 25.54,
    "round_3": 28.96,
    "round_4": 35.66,
    "round_5": 47.36,
    "round_6": 45.12
  }
}