{
  "process_start_time": 1767885140.2831366,
  "process_end_time": 1767885165.1698973,
  "total_elapsed_time_seconds": 24.89,
  "rounds_time_stats": {
    "round_1": 24.87
  }
}