{
  "process_start_time": 1767686727.6038914,
  "process_end_time": 1767687073.2954073,
  "total_elapsed_time_seconds": 345.69,
  "rounds_time_stats": {
    "round_1": 79.69,
    "round_2": 58.88,
    "round_3": 46.82,
    "round_4": 44.95,
    "round_5": 59.09,
    "round_6": 56.26
  }
}