{
  "process_start_time": 1767884830.9590402,
  "process_end_time": 1767884867.2860658,
  "total_elapsed_time_seconds": 36.33,
  "rounds_time_stats": {
    "round_1": 18.15,
    "round_2": 17.64,
    "round_3": 0.53
  }
}