{
  "process_start_time": 1768109513.0128098,
  "process_end_time": 1768109766.5531864,
  "total_elapsed_time_seconds": 253.54,
  "rounds_time_stats": {
    "round_1": 37.08,
    "round_2": 42.02,
    "round_3": 49.33,
    "round_4": 46.07,
    "round_5": 44.85,
    "round_6": 34.19
  }
}