{
  "process_start_time": 1767683868.897144,
  "process_end_time": 1767684168.000258,
  "total_elapsed_time_seconds": 299.1,
  "rounds_time_stats": {
    "round_1": 46.77,
    "round_2": 62.23,
    "round_3": 46.49,
    "round_4": 46.93,
    "round_5": 42.9,
    "round_6": 53.78
  }
}