{
  "process_start_time": 1768550771.694324,
  "process_end_time": 1768551036.0750515,
  "total_elapsed_time_seconds": 264.38,
  "rounds_time_stats": {
    "round_1": 29.18,
    "round_2": 48.04,
    "round_3": 41.94,
    "round_4": 44.55,
    "round_5": 45.04,
    "round_6": 55.63
  }
}