{
  "process_start_time": 1767884699.6805437,
  "process_end_time": 1767884819.4317563,
  "total_elapsed_time_seconds": 119.75,
  "rounds_time_stats": {
    "round_1": 15.23,
    "round_2": 25.6,
    "round_3": 27.4,
    "round_4": 15.56,
    "round_5": 19.09,
    "round_6": 16.87
  }
}