{
  "process_start_time": 1767889109.0878265,
  "process_end_time": 1767889119.193829,
  "total_elapsed_time_seconds": 10.11,
  "rounds_time_stats": {
    "round_1": 10.1
  }
}