{
  "process_start_time": 1767888728.8091228,
  "process_end_time": 1767888751.2990024,
  "total_elapsed_time_seconds": 22.49,
  "rounds_time_stats": {
    "round_1": 22.49
  }
}