{
  "process_start_time": 1767683839.537366,
  "process_end_time": 1767684128.2801502,
  "total_elapsed_time_seconds": 288.74,
  "rounds_time_stats": {
    "round_1": 43.04,
    "round_2": 62.13,
    "round_3": 41.2,
    "round_4": 49.01,
    "round_5": 47.81,
    "round_6": 45.55
  }
}