{
  "process_start_time": 1767890540.369986,
  "process_end_time": 1767890716.5067542,
  "total_elapsed_time_seconds": 176.14,
  "rounds_time_stats": {
    "round_1": 25.46,
    "round_2": 35.09,
    "round_3": 31.47,
    "round_4": 29.1,
    "round_5": 29.02,
    "round_6": 26.0
  }
}