{
  "process_start_time": 1767970675.1505294,
  "process_end_time": 1767971579.9923232,
  "total_elapsed_time_seconds": 904.84,
  "rounds_time_stats": {
    "round_1": 106.57,
    "round_2": 122.31,
    "round_3": 117.88,
    "round_4": 88.71,
    "round_5": 356.84,
    "round_6": 112.53
  }
}