{
  "process_start_time": 1767890716.0724113,
  "process_end_time": 1767890788.3705716,
  "total_elapsed_time_seconds": 72.3,
  "rounds_time_stats": {
    "round_1": 23.34,
    "round_2": 20.97,
    "round_3": 27.36,
    "round_4": 0.63
  }
}