{
  "process_start_time": 1767885360.6645575,
  "process_end_time": 1767885373.8849316,
  "total_elapsed_time_seconds": 13.22,
  "rounds_time_stats": {
    "round_1": 13.22
  }
}