{
  "process_start_time": 1767888631.1460953,
  "process_end_time": 1767888725.0282269,
  "total_elapsed_time_seconds": 93.88,
  "rounds_time_stats": {
    "round_1": 13.29,
    "round_2": 19.52,
    "round_3": 16.49,
    "round_4": 16.27,
    "round_5": 15.91,
    "round_6": 12.4
  }
}