{
  "process_start_time": 1768108507.0017178,
  "process_end_time": 1768108743.580705,
  "total_elapsed_time_seconds": 236.58,
  "rounds_time_stats": {
    "round_1": 23.63,
    "round_2": 33.08,
    "round_3": 28.73,
    "round_4": 53.73,
    "round_5": 48.73,
    "round_6": 48.68
  }
}