{
  "process_start_time": 1767688820.5709362,
  "process_end_time": 1767689101.69389,
  "total_elapsed_time_seconds": 281.12,
  "rounds_time_stats": {
    "round_1": 43.91,
    "round_2": 44.51,
    "round_3": 49.46,
    "round_4": 46.72,
    "round_5": 52.53,
    "round_6": 43.98
  }
}