{
  "process_start_time": 1767677115.070953,
  "process_end_time": 1767677431.3688576,
  "total_elapsed_time_seconds": 316.3,
  "rounds_time_stats": {
    "round_1": 46.89,
    "round_2": 48.58,
    "round_3": 59.39,
    "round_4": 57.55,
    "round_5": 58.72,
    "round_6": 45.17
  }
}