{
  "process_start_time": 1767890568.5641282,
  "process_end_time": 1767890723.2170758,
  "total_elapsed_time_seconds": 154.65,
  "rounds_time_stats": {
    "round_1": 28.93,
    "round_2": 24.99,
    "round_3": 24.6,
    "round_4": 24.5,
    "round_5": 25.08,
    "round_6": 26.54
  }
}