{
  "process_start_time": 1767687308.4844875,
  "process_end_time": 1767687623.5837348,
  "total_elapsed_time_seconds": 315.1,
  "rounds_time_stats": {
    "round_1": 49.26,
    "round_2": 44.12,
    "round_3": 48.12,
    "round_4": 35.84,
    "round_5": 78.1,
    "round_6": 59.64
  }
}