{
  "process_start_time": 1767679375.659087,
  "process_end_time": 1767679426.3521712,
  "total_elapsed_time_seconds": 50.69,
  "rounds_time_stats": {
    "round_1": 50.64
  }
}