{
  "process_start_time": 1768556441.1931827,
  "process_end_time": 1768556677.258462,
  "total_elapsed_time_seconds": 236.07,
  "rounds_time_stats": {
    "round_1": 36.44,
    "round_2": 41.17,
    "round_3": 38.93,
    "round_4": 39.11,
    "round_5": 39.12,
    "round_6": 41.29
  }
}