{
  "process_start_time": 1767683823.9504144,
  "process_end_time": 1767684119.2377446,
  "total_elapsed_time_seconds": 295.29,
  "rounds_time_stats": {
    "round_1": 43.62,
    "round_2": 47.7,
    "round_3": 44.64,
    "round_4": 49.38,
    "round_5": 60.18,
    "round_6": 49.78
  }
}