{
  "process_start_time": 1767678669.502912,
  "process_end_time": 1767678909.3388267,
  "total_elapsed_time_seconds": 239.84,
  "rounds_time_stats": {
    "round_1": 38.23,
    "round_2": 39.86,
    "round_3": 38.43,
    "round_4": 36.12,
    "round_5": 47.99,
    "round_6": 39.21
  }
}