{
  "process_start_time": 1767889134.3522398,
  "process_end_time": 1767889296.7372472,
  "total_elapsed_time_seconds": 162.39,
  "rounds_time_stats": {
    "round_1": 23.75,
    "round_2": 26.08,
    "round_3": 26.58,
    "round_4": 32.54,
    "round_5": 25.1,
    "round_6": 28.34
  }
}