{
  "process_start_time": 1767883061.4712455,
  "process_end_time": 1767883192.1489449,
  "total_elapsed_time_seconds": 130.68,
  "rounds_time_stats": {
    "round_1": 29.85,
    "round_2": 34.23,
    "round_3": 66.53
  }
}