{
  "process_start_time": 1767665217.0113604,
  "process_end_time": 1767665518.395073,
  "total_elapsed_time_seconds": 301.38,
  "rounds_time_stats": {
    "round_1": 45.99,
    "round_2": 43.65,
    "round_3": 47.57,
    "round_4": 49.66,
    "round_5": 86.35,
    "round_6": 28.17
  }
}