{
  "process_start_time": 1767887575.491616,
  "process_end_time": 1767887596.7499979,
  "total_elapsed_time_seconds": 21.26,
  "rounds_time_stats": {
    "round_1": 21.25
  }
}