{
  "process_start_time": 1767888749.9915905,
  "process_end_time": 1767888830.0484662,
  "total_elapsed_time_seconds": 80.06,
  "rounds_time_stats": {
    "round_1": 14.23,
    "round_2": 22.66,
    "round_3": 18.1,
    "round_4": 25.07
  }
}