{
  "process_start_time": 1767883431.9492328,
  "process_end_time": 1767883505.7685745,
  "total_elapsed_time_seconds": 73.82,
  "rounds_time_stats": {
    "round_1": 15.52,
    "round_2": 11.68,
    "round_3": 13.3,
    "round_4": 16.99,
    "round_5": 16.34
  }
}