{
  "process_start_time": 1767886205.9945433,
  "process_end_time": 1767886233.667771,
  "total_elapsed_time_seconds": 27.67,
  "rounds_time_stats": {
    "round_1": 27.67
  }
}