{
  "process_start_time": 1767890511.3148222,
  "process_end_time": 1767890539.804252,
  "total_elapsed_time_seconds": 28.49,
  "rounds_time_stats": {
    "round_1": 28.48
  }
}