{
  "process_start_time": 1767678672.2339423,
  "process_end_time": 1767678957.6992483,
  "total_elapsed_time_seconds": 285.47,
  "rounds_time_stats": {
    "round_1": 39.11,
    "round_2": 48.71,
    "round_3": 44.77,
    "round_4": 50.03,
    "round_5": 55.95,
    "round_6": 46.88
  }
}