{
  "process_start_time": 1767883471.605824,
  "process_end_time": 1767883495.7724638,
  "total_elapsed_time_seconds": 24.17,
  "rounds_time_stats": {
    "round_1": 24.16
  }
}