{
  "process_start_time": 1767975351.9999783,
  "process_end_time": 1767975576.3112617,
  "total_elapsed_time_seconds": 224.31,
  "rounds_time_stats": {
    "round_1": 44.95,
    "round_2": 32.95,
    "round_3": 44.3,
    "round_4": 35.25,
    "round_5": 35.99,
    "round_6": 30.87
  }
}