{
  "process_start_time": 1767890811.1957297,
  "process_end_time": 1767891010.9864757,
  "total_elapsed_time_seconds": 199.79,
  "rounds_time_stats": {
    "round_1": 15.53,
    "round_2": 44.65,
    "round_3": 43.84,
    "round_4": 34.23,
    "round_5": 36.38,
    "round_6": 25.16
  }
}