{
  "process_start_time": 1767688217.2625718,
  "process_end_time": 1767688493.4975555,
  "total_elapsed_time_seconds": 276.23,
  "rounds_time_stats": {
    "round_1": 48.77,
    "round_2": 44.02,
    "round_3": 42.44,
    "round_4": 47.86,
    "round_5": 47.38,
    "round_6": 45.76
  }
}