{
  "process_start_time": 1767889150.9798934,
  "process_end_time": 1767889174.1324303,
  "total_elapsed_time_seconds": 23.15,
  "rounds_time_stats": {
    "round_1": 23.15
  }
}