{
  "process_start_time": 1767884849.815943,
  "process_end_time": 1767885128.4980936,
  "total_elapsed_time_seconds": 278.68,
  "rounds_time_stats": {
    "round_1": 15.9,
    "round_2": 15.91,
    "round_3": 34.73,
    "round_4": 141.52,
    "round_5": 27.85,
    "round_6": 42.77
  }
}