{
  "process_start_time": 1767692058.801477,
  "process_end_time": 1767692338.8781955,
  "total_elapsed_time_seconds": 280.08,
  "rounds_time_stats": {
    "round_1": 45.45,
    "round_2": 44.05,
    "round_3": 39.63,
    "round_4": 63.89,
    "round_5": 51.96,
    "round_6": 35.08
  }
}