{
  "process_start_time": 1767890782.810575,
  "process_end_time": 1767890877.4557755,
  "total_elapsed_time_seconds": 94.65,
  "rounds_time_stats": {
    "round_1": 18.41,
    "round_2": 38.69,
    "round_3": 37.54
  }
}