{
  "process_start_time": 1768109055.353029,
  "process_end_time": 1768109335.2733328,
  "total_elapsed_time_seconds": 279.92,
  "rounds_time_stats": {
    "round_1": 63.34,
    "round_2": 44.02,
    "round_3": 45.34,
    "round_4": 38.29,
    "round_5": 45.71,
    "round_6": 43.22
  }
}