{
  "process_start_time": 1767886714.1912186,
  "process_end_time": 1767886975.5804574,
  "total_elapsed_time_seconds": 261.39,
  "rounds_time_stats": {
    "round_1": 39.2,
    "round_2": 52.27,
    "round_3": 39.72,
    "round_4": 49.21,
    "round_5": 36.46,
    "round_6": 44.52
  }
}