{
  "process_start_time": 1767884286.014032,
  "process_end_time": 1767884304.1617675,
  "total_elapsed_time_seconds": 18.15,
  "rounds_time_stats": {
    "round_1": 18.14
  }
}