{
  "process_start_time": 1767975136.2601502,
  "process_end_time": 1767975262.6213236,
  "total_elapsed_time_seconds": 126.36,
  "rounds_time_stats": {
    "round_1": 13.51,
    "round_2": 17.39,
    "round_3": 18.15,
    "round_4": 22.76,
    "round_5": 24.9,
    "round_6": 29.64
  }
}