{
  "process_start_time": 1767890478.995028,
  "process_end_time": 1767890528.4262106,
  "total_elapsed_time_seconds": 49.43,
  "rounds_time_stats": {
    "round_1": 23.38,
    "round_2": 25.59,
    "round_3": 0.46
  }
}