{
  "process_start_time": 1767680137.1348135,
  "process_end_time": 1767680424.9413872,
  "total_elapsed_time_seconds": 287.81,
  "rounds_time_stats": {
    "round_1": 48.62,
    "round_2": 48.64,
    "round_3": 43.25,
    "round_4": 45.47,
    "round_5": 45.48,
    "round_6": 56.35
  }
}