{
  "process_start_time": 1767976359.611753,
  "process_end_time": 1767976535.910211,
  "total_elapsed_time_seconds": 176.3,
  "rounds_time_stats": {
    "round_1": 27.38,
    "round_2": 31.28,
    "round_3": 32.03,
    "round_4": 28.78,
    "round_5": 28.69,
    "round_6": 28.14
  }
}