{
  "process_start_time": 1768117637.875726,
  "process_end_time": 1768117867.2688177,
  "total_elapsed_time_seconds": 229.39,
  "rounds_time_stats": {
    "round_1": 41.54,
    "round_2": 25.45,
    "round_3": 33.12,
    "round_4": 42.47,
    "round_5": 43.44,
    "round_6": 43.38
  }
}