{
  "process_start_time": 1767887193.6498117,
  "process_end_time": 1767887237.4200625,
  "total_elapsed_time_seconds": 43.77,
  "rounds_time_stats": {
    "round_1": 24.25,
    "round_2": 19.52
  }
}