{
  "process_start_time": 1767973270.7923307,
  "process_end_time": 1767973463.6637094,
  "total_elapsed_time_seconds": 192.87,
  "rounds_time_stats": {
    "round_1": 25.71,
    "round_2": 37.05,
    "round_3": 33.29,
    "round_4": 30.55,
    "round_5": 32.42,
    "round_6": 33.85
  }
}