{
  "process_start_time": 1767889521.4831326,
  "process_end_time": 1767889533.7046285,
  "total_elapsed_time_seconds": 12.22,
  "rounds_time_stats": {
    "round_1": 12.22
  }
}