{
  "process_start_time": 1767888987.4621084,
  "process_end_time": 1767889011.2290292,
  "total_elapsed_time_seconds": 23.77,
  "rounds_time_stats": {
    "round_1": 8.39,
    "round_2": 15.38
  }
}