{
  "process_start_time": 1767976996.616987,
  "process_end_time": 1767977162.025426,
  "total_elapsed_time_seconds": 165.41,
  "rounds_time_stats": {
    "round_1": 39.51,
    "round_2": 32.79,
    "round_3": 21.19,
    "round_4": 21.39,
    "round_5": 21.02,
    "round_6": 29.51
  }
}