{
  "process_start_time": 1767975972.003822,
  "process_end_time": 1767976134.2979014,
  "total_elapsed_time_seconds": 162.29,
  "rounds_time_stats": {
    "round_1": 20.95,
    "round_2": 28.99,
    "round_3": 23.97,
    "round_4": 26.97,
    "round_5": 30.21,
    "round_6": 31.21
  }
}