{
  "process_start_time": 1767883520.7399025,
  "process_end_time": 1767883596.4570312,
  "total_elapsed_time_seconds": 75.72,
  "rounds_time_stats": {
    "round_1": 38.65,
    "round_2": 37.06
  }
}