{
  "process_start_time": 1767887381.9231155,
  "process_end_time": 1767887495.3535373,
  "total_elapsed_time_seconds": 113.43,
  "rounds_time_stats": {
    "round_1": 29.7,
    "round_2": 21.63,
    "round_3": 30.66,
    "round_4": 31.43
  }
}