{
  "process_start_time": 1768114785.1205015,
  "process_end_time": 1768115022.3399022,
  "total_elapsed_time_seconds": 237.22,
  "rounds_time_stats": {
    "round_1": 26.64,
    "round_2": 49.66,
    "round_3": 47.42,
    "round_4": 34.98,
    "round_5": 32.57,
    "round_6": 45.94
  }
}