{
  "process_start_time": 1767976124.787471,
  "process_end_time": 1767976310.6793349,
  "total_elapsed_time_seconds": 185.89,
  "rounds_time_stats": {
    "round_1": 28.97,
    "round_2": 30.96,
    "round_3": 33.19,
    "round_4": 29.41,
    "round_5": 33.52,
    "round_6": 29.84
  }
}