{
  "process_start_time": 1767887792.8392675,
  "process_end_time": 1767887844.4600449,
  "total_elapsed_time_seconds": 51.62,
  "rounds_time_stats": {
    "round_1": 25.94,
    "round_2": 25.68
  }
}