{
  "process_start_time": 1768556936.3118827,
  "process_end_time": 1768557055.0502083,
  "total_elapsed_time_seconds": 118.74,
  "rounds_time_stats": {
    "round_1": 20.8,
    "round_2": 23.76,
    "round_3": 26.59,
    "round_4": 14.67,
    "round_5": 17.09,
    "round_6": 15.83
  }
}