{
  "process_start_time": 1767978519.2935688,
  "process_end_time": 1767978680.891794,
  "total_elapsed_time_seconds": 161.6,
  "rounds_time_stats": {
    "round_1": 29.57,
    "round_2": 33.81,
    "round_3": 27.0,
    "round_4": 30.63,
    "round_5": 25.09,
    "round_6": 15.5
  }
}