{
  "process_start_time": 1767691954.7435932,
  "process_end_time": 1767692251.1922402,
  "total_elapsed_time_seconds": 296.45,
  "rounds_time_stats": {
    "round_1": 49.48,
    "round_2": 41.72,
    "round_3": 44.53,
    "round_4": 43.47,
    "round_5": 44.48,
    "round_6": 72.76
  }
}