{
  "process_start_time": 1767889382.791712,
  "process_end_time": 1767889417.7199163,
  "total_elapsed_time_seconds": 34.93,
  "rounds_time_stats": {
    "round_1": 14.1,
    "round_2": 20.82
  }
}