{
  "process_start_time": 1767888230.8157363,
  "process_end_time": 1767888253.7708888,
  "total_elapsed_time_seconds": 22.96,
  "rounds_time_stats": {
    "round_1": 13.77,
    "round_2": 9.19
  }
}