{
  "process_start_time": 1767676539.5475092,
  "process_end_time": 1767676766.2017517,
  "total_elapsed_time_seconds": 226.65,
  "rounds_time_stats": {
    "round_1": 31.27,
    "round_2": 43.27,
    "round_3": 33.56,
    "round_4": 40.09,
    "round_5": 36.32,
    "round_6": 42.15
  }
}