{
  "process_start_time": 1767890132.6131313,
  "process_end_time": 1767890189.1324325,
  "total_elapsed_time_seconds": 56.52,
  "rounds_time_stats": {
    "round_1": 11.7,
    "round_2": 13.3,
    "round_3": 11.44,
    "round_4": 19.94,
    "round_5": 0.14
  }
}