{
  "process_start_time": 1767885754.522707,
  "process_end_time": 1767885774.088819,
  "total_elapsed_time_seconds": 19.57,
  "rounds_time_stats": {
    "round_1": 19.55
  }
}