{
  "process_start_time": 1767883263.9558852,
  "process_end_time": 1767883286.0957243,
  "total_elapsed_time_seconds": 22.14,
  "rounds_time_stats": {
    "round_1": 22.13
  }
}