{
  "process_start_time": 1767887561.5052812,
  "process_end_time": 1767887615.7185104,
  "total_elapsed_time_seconds": 54.21,
  "rounds_time_stats": {
    "round_1": 27.97,
    "round_2": 25.81,
    "round_3": 0.44
  }
}