{
  "process_start_time": 1767886390.1931748,
  "process_end_time": 1767886616.1439066,
  "total_elapsed_time_seconds": 225.95,
  "rounds_time_stats": {
    "round_1": 29.73,
    "round_2": 30.94,
    "round_3": 37.76,
    "round_4": 46.46,
    "round_5": 38.38,
    "round_6": 42.67
  }
}