{
  "process_start_time": 1768555215.5073056,
  "process_end_time": 1768555331.5985131,
  "total_elapsed_time_seconds": 116.09,
  "rounds_time_stats": {
    "round_1": 25.59,
    "round_2": 19.4,
    "round_3": 15.23,
    "round_4": 16.69,
    "round_5": 19.44,
    "round_6": 19.74
  }
}