{
  "process_start_time": 1767888540.252648,
  "process_end_time": 1767888580.9992197,
  "total_elapsed_time_seconds": 40.75,
  "rounds_time_stats": {
    "round_1": 9.78,
    "round_2": 14.59,
    "round_3": 16.37
  }
}