{
  "process_start_time": 1767680913.6395042,
  "process_end_time": 1767681193.5137439,
  "total_elapsed_time_seconds": 279.87,
  "rounds_time_stats": {
    "round_1": 46.45,
    "round_2": 44.79,
    "round_3": 47.39,
    "round_4": 48.72,
    "round_5": 43.85,
    "round_6": 48.68
  }
}