{
  "process_start_time": 1768117162.877231,
  "process_end_time": 1768117423.4968405,
  "total_elapsed_time_seconds": 260.62,
  "rounds_time_stats": {
    "round_1": 37.94,
    "round_2": 40.08,
    "round_3": 41.85,
    "round_4": 50.09,
    "round_5": 43.84,
    "round_6": 46.82
  }
}