{
  "process_start_time": 1767665184.620614,
  "process_end_time": 1767665464.9013875,
  "total_elapsed_time_seconds": 280.28,
  "rounds_time_stats": {
    "round_1": 47.28,
    "round_2": 45.8,
    "round_3": 48.36,
    "round_4": 42.02,
    "round_5": 51.51,
    "round_6": 45.32
  }
}