{
  "process_start_time": 1767976849.2752264,
  "process_end_time": 1767977024.198031,
  "total_elapsed_time_seconds": 174.92,
  "rounds_time_stats": {
    "round_1": 30.04,
    "round_2": 32.3,
    "round_3": 30.05,
    "round_4": 28.58,
    "round_5": 28.48,
    "round_6": 25.47
  }
}