{
  "process_start_time": 1767685452.254066,
  "process_end_time": 1767685727.3822622,
  "total_elapsed_time_seconds": 275.13,
  "rounds_time_stats": {
    "round_1": 50.47,
    "round_2": 59.54,
    "round_3": 37.45,
    "round_4": 34.73,
    "round_5": 46.75,
    "round_6": 46.18
  }
}