{
  "process_start_time": 1767889517.280939,
  "process_end_time": 1767889529.7138255,
  "total_elapsed_time_seconds": 12.43,
  "rounds_time_stats": {
    "round_1": 12.43
  }
}