{
  "process_start_time": 1767885690.236885,
  "process_end_time": 1767885770.2093318,
  "total_elapsed_time_seconds": 79.97,
  "rounds_time_stats": {
    "round_1": 16.74,
    "round_2": 15.69,
    "round_3": 22.92,
    "round_4": 24.62
  }
}