{
  "process_start_time": 1767691407.0428128,
  "process_end_time": 1767691683.0705314,
  "total_elapsed_time_seconds": 276.03,
  "rounds_time_stats": {
    "round_1": 58.98,
    "round_2": 52.8,
    "round_3": 47.11,
    "round_4": 30.54,
    "round_5": 44.85,
    "round_6": 41.74
  }
}