{
  "process_start_time": 1768108298.8541422,
  "process_end_time": 1768108568.543709,
  "total_elapsed_time_seconds": 269.69,
  "rounds_time_stats": {
    "round_1": 38.68,
    "round_2": 49.27,
    "round_3": 44.2,
    "round_4": 42.66,
    "round_5": 43.69,
    "round_6": 51.19
  }
}