{
  "process_start_time": 1767886416.6817565,
  "process_end_time": 1767886440.8359592,
  "total_elapsed_time_seconds": 24.15,
  "rounds_time_stats": {
    "round_1": 24.15
  }
}