{
  "process_start_time": 1767969830.7188573,
  "process_end_time": 1767970068.3022664,
  "total_elapsed_time_seconds": 237.58,
  "rounds_time_stats": {
    "round_1": 44.98,
    "round_2": 35.53,
    "round_3": 39.61,
    "round_4": 33.69,
    "round_5": 47.84,
    "round_6": 35.93
  }
}