{
  "process_start_time": 1767884301.396661,
  "process_end_time": 1767884330.3675432,
  "total_elapsed_time_seconds": 28.97,
  "rounds_time_stats": {
    "round_1": 28.96
  }
}