{
  "process_start_time": 1767679560.4090273,
  "process_end_time": 1767679826.622187,
  "total_elapsed_time_seconds": 266.21,
  "rounds_time_stats": {
    "round_1": 32.97,
    "round_2": 46.15,
    "round_3": 44.61,
    "round_4": 48.7,
    "round_5": 46.71,
    "round_6": 47.08
  }
}