{
  "process_start_time": 1767978777.4299462,
  "process_end_time": 1767978951.3370235,
  "total_elapsed_time_seconds": 173.91,
  "rounds_time_stats": {
    "round_1": 21.63,
    "round_2": 30.58,
    "round_3": 27.55,
    "round_4": 31.54,
    "round_5": 28.72,
    "round_6": 33.9
  }
}