{
  "process_start_time": 1767889076.025325,
  "process_end_time": 1767889109.174463,
  "total_elapsed_time_seconds": 33.15,
  "rounds_time_stats": {
    "round_1": 11.09,
    "round_2": 11.01,
    "round_3": 11.04
  }
}