{
  "process_start_time": 1767687372.2476985,
  "process_end_time": 1767687649.9667227,
  "total_elapsed_time_seconds": 277.72,
  "rounds_time_stats": {
    "round_1": 46.8,
    "round_2": 45.5,
    "round_3": 49.92,
    "round_4": 50.75,
    "round_5": 43.42,
    "round_6": 41.32
  }
}