{
  "process_start_time": 1767884760.817432,
  "process_end_time": 1767884888.7845588,
  "total_elapsed_time_seconds": 127.97,
  "rounds_time_stats": {
    "round_1": 17.47,
    "round_2": 20.6,
    "round_3": 23.24,
    "round_4": 26.78,
    "round_5": 20.97,
    "round_6": 18.91
  }
}