{
  "process_start_time": 1768117795.8766139,
  "process_end_time": 1768118102.5395694,
  "total_elapsed_time_seconds": 306.66,
  "rounds_time_stats": {
    "round_1": 50.22,
    "round_2": 35.09,
    "round_3": 52.55,
    "round_4": 48.96,
    "round_5": 58.23,
    "round_6": 61.61
  }
}