{
  "process_start_time": 1767890620.9785888,
  "process_end_time": 1767890687.2284184,
  "total_elapsed_time_seconds": 66.25,
  "rounds_time_stats": {
    "round_1": 32.82,
    "round_2": 32.94,
    "round_3": 0.49
  }
}