{
  "process_start_time": 1767969486.3246555,
  "process_end_time": 1767969797.4956274,
  "total_elapsed_time_seconds": 311.17,
  "rounds_time_stats": {
    "round_1": 37.25,
    "round_2": 49.83,
    "round_3": 66.6,
    "round_4": 77.4,
    "round_5": 38.88,
    "round_6": 41.2
  }
}