{
  "process_start_time": 1768109131.6109016,
  "process_end_time": 1768109400.7927117,
  "total_elapsed_time_seconds": 269.18,
  "rounds_time_stats": {
    "round_1": 49.76,
    "round_2": 38.85,
    "round_3": 40.85,
    "round_4": 46.7,
    "round_5": 42.25,
    "round_6": 50.77
  }
}