{
  "process_start_time": 1767887036.2382815,
  "process_end_time": 1767887066.6008635,
  "total_elapsed_time_seconds": 30.36,
  "rounds_time_stats": {
    "round_1": 30.36
  }
}