{
  "process_start_time": 1767976870.9385967,
  "process_end_time": 1767977024.9541228,
  "total_elapsed_time_seconds": 154.02,
  "rounds_time_stats": {
    "round_1": 24.39,
    "round_2": 22.62,
    "round_3": 31.15,
    "round_4": 23.18,
    "round_5": 23.26,
    "round_6": 29.41
  }
}