{
  "process_start_time": 1767978342.9104028,
  "process_end_time": 1767978511.6879246,
  "total_elapsed_time_seconds": 168.78,
  "rounds_time_stats": {
    "round_1": 23.93,
    "round_2": 24.39,
    "round_3": 26.74,
    "round_4": 28.48,
    "round_5": 33.48,
    "round_6": 31.76
  }
}