{
  "process_start_time": 1767973961.5308359,
  "process_end_time": 1767974256.6650262,
  "total_elapsed_time_seconds": 295.13,
  "rounds_time_stats": {
    "round_1": 48.93,
    "round_2": 39.37,
    "round_3": 51.36,
    "round_4": 41.65,
    "round_5": 46.35,
    "round_6": 67.47
  }
}