{
  "process_start_time": 1767883237.2577026,
  "process_end_time": 1767883269.7887182,
  "total_elapsed_time_seconds": 32.53,
  "rounds_time_stats": {
    "round_1": 32.52
  }
}