{
  "process_start_time": 1767887874.6045568,
  "process_end_time": 1767887889.8782144,
  "total_elapsed_time_seconds": 15.27,
  "rounds_time_stats": {
    "round_1": 15.27
  }
}