{
  "process_start_time": 1767888773.0035684,
  "process_end_time": 1767888832.5635414,
  "total_elapsed_time_seconds": 59.56,
  "rounds_time_stats": {
    "round_1": 18.05,
    "round_2": 19.68,
    "round_3": 21.62,
    "round_4": 0.21
  }
}