{
  "process_start_time": 1767890318.3436084,
  "process_end_time": 1767890371.8292446,
  "total_elapsed_time_seconds": 53.49,
  "rounds_time_stats": {
    "round_1": 7.25,
    "round_2": 8.6,
    "round_3": 9.16,
    "round_4": 9.87,
    "round_5": 9.5,
    "round_6": 9.1
  }
}