{
  "process_start_time": 1767970557.33364,
  "process_end_time": 1767971364.2460785,
  "total_elapsed_time_seconds": 806.91,
  "rounds_time_stats": {
    "round_1": 47.44,
    "round_2": 65.31,
    "round_3": 139.07,
    "round_4": 102.35,
    "round_5": 204.98,
    "round_6": 247.76
  }
}