{
  "process_start_time": 1767883580.0500941,
  "process_end_time": 1767883717.9800076,
  "total_elapsed_time_seconds": 137.93,
  "rounds_time_stats": {
    "round_1": 24.31,
    "round_2": 21.72,
    "round_3": 26.73,
    "round_4": 21.95,
    "round_5": 18.89,
    "round_6": 24.31
  }
}