{
  "process_start_time": 1767888805.0628157,
  "process_end_time": 1767888826.8902462,
  "total_elapsed_time_seconds": 21.83,
  "rounds_time_stats": {
    "round_1": 9.36,
    "round_2": 12.46
  }
}