{
  "process_start_time": 1767664926.1097665,
  "process_end_time": 1767665155.1046429,
  "total_elapsed_time_seconds": 228.99,
  "rounds_time_stats": {
    "round_1": 38.87,
    "round_2": 30.18,
    "round_3": 43.45,
    "round_4": 36.39,
    "round_5": 44.66,
    "round_6": 35.44
  }
}