{
  "process_start_time": 1768108735.5276015,
  "process_end_time": 1768108977.005686,
  "total_elapsed_time_seconds": 241.48,
  "rounds_time_stats": {
    "round_1": 39.39,
    "round_2": 44.22,
    "round_3": 44.71,
    "round_4": 35.88,
    "round_5": 42.27,
    "round_6": 35.01
  }
}