{
  "process_start_time": 1767889484.336958,
  "process_end_time": 1767889497.9957826,
  "total_elapsed_time_seconds": 13.66,
  "rounds_time_stats": {
    "round_1": 13.66
  }
}