{
  "process_start_time": 1768115623.2541406,
  "process_end_time": 1768115885.9278672,
  "total_elapsed_time_seconds": 262.67,
  "rounds_time_stats": {
    "round_1": 39.01,
    "round_2": 30.44,
    "round_3": 88.07,
    "round_4": 43.64,
    "round_5": 31.36,
    "round_6": 30.16
  }
}