{
  "process_start_time": 1767682370.3341146,
  "process_end_time": 1767682684.8733017,
  "total_elapsed_time_seconds": 314.54,
  "rounds_time_stats": {
    "round_1": 80.72,
    "round_2": 29.73,
    "round_3": 65.79,
    "round_4": 44.2,
    "round_5": 46.8,
    "round_6": 47.29
  }
}