{
  "process_start_time": 1767665219.2536576,
  "process_end_time": 1767665489.574855,
  "total_elapsed_time_seconds": 270.32,
  "rounds_time_stats": {
    "round_1": 42.48,
    "round_2": 46.28,
    "round_3": 48.23,
    "round_4": 48.84,
    "round_5": 43.61,
    "round_6": 40.89
  }
}