{
  "process_start_time": 1767975762.4377916,
  "process_end_time": 1767975942.4177077,
  "total_elapsed_time_seconds": 179.98,
  "rounds_time_stats": {
    "round_1": 31.16,
    "round_2": 29.54,
    "round_3": 29.24,
    "round_4": 29.47,
    "round_5": 33.12,
    "round_6": 27.44
  }
}