{
  "process_start_time": 1767887067.104015,
  "process_end_time": 1767887193.275598,
  "total_elapsed_time_seconds": 126.17,
  "rounds_time_stats": {
    "round_1": 19.1,
    "round_2": 20.06,
    "round_3": 21.34,
    "round_4": 23.62,
    "round_5": 24.93,
    "round_6": 17.12
  }
}