{
  "process_start_time": 1767885202.6051009,
  "process_end_time": 1767885390.322755,
  "total_elapsed_time_seconds": 187.72,
  "rounds_time_stats": {
    "round_1": 36.48,
    "round_2": 28.58,
    "round_3": 29.37,
    "round_4": 36.62,
    "round_5": 56.61
  }
}