{
  "process_start_time": 1767890460.493195,
  "process_end_time": 1767890480.8636358,
  "total_elapsed_time_seconds": 20.37,
  "rounds_time_stats": {
    "round_1": 20.37
  }
}