{
  "process_start_time": 1767688234.9270604,
  "process_end_time": 1767688504.8448474,
  "total_elapsed_time_seconds": 269.92,
  "rounds_time_stats": {
    "round_1": 45.48,
    "round_2": 44.67,
    "round_3": 45.92,
    "round_4": 47.56,
    "round_5": 47.33,
    "round_6": 38.95
  }
}