{
  "process_start_time": 1767888417.743052,
  "process_end_time": 1767888520.9752834,
  "total_elapsed_time_seconds": 103.23,
  "rounds_time_stats": {
    "round_1": 19.54,
    "round_2": 12.76,
    "round_3": 17.13,
    "round_4": 16.12,
    "round_5": 19.19,
    "round_6": 18.49
  }
}