{
  "process_start_time": 1767890709.3636374,
  "process_end_time": 1767890870.8560052,
  "total_elapsed_time_seconds": 161.49,
  "rounds_time_stats": {
    "round_1": 22.88,
    "round_2": 26.58,
    "round_3": 29.75,
    "round_4": 25.63,
    "round_5": 30.89,
    "round_6": 25.76
  }
}