{
  "process_start_time": 1768108803.4639397,
  "process_end_time": 1768109102.361572,
  "total_elapsed_time_seconds": 298.9,
  "rounds_time_stats": {
    "round_1": 47.59,
    "round_2": 48.95,
    "round_3": 61.39,
    "round_4": 46.21,
    "round_5": 45.14,
    "round_6": 49.63
  }
}