{
  "process_start_time": 1767887079.1876745,
  "process_end_time": 1767887098.05541,
  "total_elapsed_time_seconds": 18.87,
  "rounds_time_stats": {
    "round_1": 18.85
  }
}