{
  "process_start_time": 1767676877.337356,
  "process_end_time": 1767677115.069927,
  "total_elapsed_time_seconds": 237.73,
  "rounds_time_stats": {
    "round_1": 41.2,
    "round_2": 30.25,
    "round_3": 43.92,
    "round_4": 38.07,
    "round_5": 42.69,
    "round_6": 41.59
  }
}