{
  "process_start_time": 1767675702.630043,
  "process_end_time": 1767675965.4290667,
  "total_elapsed_time_seconds": 262.8,
  "rounds_time_stats": {
    "round_1": 48.17,
    "round_2": 39.52,
    "round_3": 42.65,
    "round_4": 45.55,
    "round_5": 43.34,
    "round_6": 43.57
  }
}