{
  "process_start_time": 1767884160.3014214,
  "process_end_time": 1767884340.0361497,
  "total_elapsed_time_seconds": 179.73,
  "rounds_time_stats": {
    "round_1": 26.36,
    "round_2": 31.66,
    "round_3": 25.09,
    "round_4": 22.76,
    "round_5": 36.07,
    "round_6": 37.79
  }
}