{
  "process_start_time": 1767690358.1756587,
  "process_end_time": 1767690595.3145716,
  "total_elapsed_time_seconds": 237.14,
  "rounds_time_stats": {
    "round_1": 46.75,
    "round_2": 48.67,
    "round_3": 45.86,
    "round_4": 39.22,
    "round_5": 31.42,
    "round_6": 25.23
  }
}