{
  "process_start_time": 1767678073.9606602,
  "process_end_time": 1767678356.562158,
  "total_elapsed_time_seconds": 282.6,
  "rounds_time_stats": {
    "round_1": 59.55,
    "round_2": 36.35,
    "round_3": 50.19,
    "round_4": 42.85,
    "round_5": 47.44,
    "round_6": 46.23
  }
}