{
  "process_start_time": 1767888054.4251878,
  "process_end_time": 1767888154.744344,
  "total_elapsed_time_seconds": 100.32,
  "rounds_time_stats": {
    "round_1": 25.4,
    "round_2": 22.8,
    "round_3": 23.56,
    "round_4": 28.56
  }
}