{
  "process_start_time": 1767886276.270053,
  "process_end_time": 1767886309.5860777,
  "total_elapsed_time_seconds": 33.32,
  "rounds_time_stats": {
    "round_1": 33.31
  }
}