{
  "process_start_time": 1767884260.5369344,
  "process_end_time": 1767884364.5705273,
  "total_elapsed_time_seconds": 104.03,
  "rounds_time_stats": {
    "round_1": 13.62,
    "round_2": 30.0,
    "round_3": 28.4,
    "round_4": 31.99
  }
}