{
  "process_start_time": 1767887376.8373985,
  "process_end_time": 1767887424.2344322,
  "total_elapsed_time_seconds": 47.4,
  "rounds_time_stats": {
    "round_1": 47.39
  }
}