{
  "process_start_time": 1767889485.5951755,
  "process_end_time": 1767889498.5450056,
  "total_elapsed_time_seconds": 12.95,
  "rounds_time_stats": {
    "round_1": 12.95
  }
}