{
  "process_start_time": 1767883563.423697,
  "process_end_time": 1767883670.661355,
  "total_elapsed_time_seconds": 107.24,
  "rounds_time_stats": {
    "round_1": 15.23,
    "round_2": 14.44,
    "round_3": 28.29,
    "round_4": 21.56,
    "round_5": 15.41,
    "round_6": 12.31
  }
}