{
  "process_start_time": 1767887047.8272774,
  "process_end_time": 1767887061.9874768,
  "total_elapsed_time_seconds": 14.16,
  "rounds_time_stats": {
    "round_1": 14.16
  }
}