{
  "process_start_time": 1767888076.4593992,
  "process_end_time": 1767888098.7384086,
  "total_elapsed_time_seconds": 22.28,
  "rounds_time_stats": {
    "round_1": 22.18,
    "round_2": 0.1
  }
}