{
  "process_start_time": 1767887299.5229442,
  "process_end_time": 1767887368.7364151,
  "total_elapsed_time_seconds": 69.21,
  "rounds_time_stats": {
    "round_1": 33.71,
    "round_2": 35.5
  }
}