{
  "process_start_time": 1767683037.1396017,
  "process_end_time": 1767683284.2235603,
  "total_elapsed_time_seconds": 247.08,
  "rounds_time_stats": {
    "round_1": 43.85,
    "round_2": 31.58,
    "round_3": 59.19,
    "round_4": 27.17,
    "round_5": 36.1,
    "round_6": 49.19
  }
}