{
  "process_start_time": 1767888831.211068,
  "process_end_time": 1767888850.2071102,
  "total_elapsed_time_seconds": 19.0,
  "rounds_time_stats": {
    "round_1": 18.99
  }
}