{
  "process_start_time": 1767679760.831733,
  "process_end_time": 1767680043.7750938,
  "total_elapsed_time_seconds": 282.94,
  "rounds_time_stats": {
    "round_1": 53.03,
    "round_2": 43.86,
    "round_3": 48.15,
    "round_4": 49.35,
    "round_5": 45.28,
    "round_6": 43.28
  }
}