{
  "process_start_time": 1767886696.8043873,
  "process_end_time": 1767886869.9512653,
  "total_elapsed_time_seconds": 173.15,
  "rounds_time_stats": {
    "round_1": 25.27,
    "round_2": 33.19,
    "round_3": 32.6,
    "round_4": 28.98,
    "round_5": 21.47,
    "round_6": 31.65
  }
}