{
  "process_start_time": 1768556313.495206,
  "process_end_time": 1768556467.2805743,
  "total_elapsed_time_seconds": 153.79,
  "rounds_time_stats": {
    "round_1": 19.85,
    "round_2": 22.91,
    "round_3": 25.71,
    "round_4": 29.09,
    "round_5": 28.78,
    "round_6": 27.44
  }
}