{
  "process_start_time": 1767886488.115242,
  "process_end_time": 1767886615.4042444,
  "total_elapsed_time_seconds": 127.29,
  "rounds_time_stats": {
    "round_1": 16.83,
    "round_2": 20.02,
    "round_3": 15.75,
    "round_4": 23.37,
    "round_5": 24.86,
    "round_6": 26.46
  }
}