{
  "process_start_time": 1768550211.0906532,
  "process_end_time": 1768550461.670451,
  "total_elapsed_time_seconds": 250.58,
  "rounds_time_stats": {
    "round_1": 33.62,
    "round_2": 33.92,
    "round_3": 40.12,
    "round_4": 49.62,
    "round_5": 46.8,
    "round_6": 46.5
  }
}