{
  "process_start_time": 1767969529.8744032,
  "process_end_time": 1767969830.717783,
  "total_elapsed_time_seconds": 300.84,
  "rounds_time_stats": {
    "round_1": 53.99,
    "round_2": 66.32,
    "round_3": 47.37,
    "round_4": 53.07,
    "round_5": 24.75,
    "round_6": 55.34
  }
}