{
  "process_start_time": 1767884489.2156088,
  "process_end_time": 1767884611.1284935,
  "total_elapsed_time_seconds": 121.91,
  "rounds_time_stats": {
    "round_1": 49.55,
    "round_2": 72.35
  }
}