{
  "process_start_time": 1767888852.9314687,
  "process_end_time": 1767888878.415871,
  "total_elapsed_time_seconds": 25.48,
  "rounds_time_stats": {
    "round_1": 12.91,
    "round_2": 12.57
  }
}