{
  "process_start_time": 1767976104.4047818,
  "process_end_time": 1767976290.0475216,
  "total_elapsed_time_seconds": 185.64,
  "rounds_time_stats": {
    "round_1": 30.93,
    "round_2": 30.65,
    "round_3": 33.1,
    "round_4": 31.01,
    "round_5": 30.49,
    "round_6": 29.46
  }
}