{
  "process_start_time": 1767890018.7788098,
  "process_end_time": 1767890088.6111479,
  "total_elapsed_time_seconds": 69.83,
  "rounds_time_stats": {
    "round_1": 17.97,
    "round_2": 51.85
  }
}