{
  "process_start_time": 1767689182.0082653,
  "process_end_time": 1767689492.2848883,
  "total_elapsed_time_seconds": 310.28,
  "rounds_time_stats": {
    "round_1": 45.41,
    "round_2": 80.15,
    "round_3": 47.26,
    "round_4": 45.76,
    "round_5": 47.9,
    "round_6": 43.79
  }
}