{
  "process_start_time": 1767678372.86555,
  "process_end_time": 1767678637.4111474,
  "total_elapsed_time_seconds": 264.55,
  "rounds_time_stats": {
    "round_1": 39.68,
    "round_2": 44.24,
    "round_3": 46.46,
    "round_4": 45.57,
    "round_5": 43.99,
    "round_6": 44.61
  }
}