{
  "process_start_time": 1768554749.2809181,
  "process_end_time": 1768554915.7532246,
  "total_elapsed_time_seconds": 166.47,
  "rounds_time_stats": {
    "round_1": 26.56,
    "round_2": 24.25,
    "round_3": 26.99,
    "round_4": 30.38,
    "round_5": 28.15,
    "round_6": 30.15
  }
}