{
  "process_start_time": 1767883817.7900138,
  "process_end_time": 1767883836.7781157,
  "total_elapsed_time_seconds": 18.99,
  "rounds_time_stats": {
    "round_1": 18.98
  }
}