{
  "process_start_time": 1767888395.833673,
  "process_end_time": 1767888408.7592998,
  "total_elapsed_time_seconds": 12.93,
  "rounds_time_stats": {
    "round_1": 12.92
  }
}