{
  "process_start_time": 1767883533.5708144,
  "process_end_time": 1767883611.1893518,
  "total_elapsed_time_seconds": 77.62,
  "rounds_time_stats": {
    "round_1": 39.2,
    "round_2": 38.42
  }
}