{
  "process_start_time": 1767689567.3700907,
  "process_end_time": 1767689851.4627178,
  "total_elapsed_time_seconds": 284.09,
  "rounds_time_stats": {
    "round_1": 46.67,
    "round_2": 56.33,
    "round_3": 41.4,
    "round_4": 50.91,
    "round_5": 40.55,
    "round_6": 48.24
  }
}