{
  "process_start_time": 1767888961.2105787,
  "process_end_time": 1767888968.5120144,
  "total_elapsed_time_seconds": 7.3,
  "rounds_time_stats": {
    "round_1": 7.3
  }
}