{
  "process_start_time": 1767971579.9933093,
  "process_end_time": 1767973185.8705277,
  "total_elapsed_time_seconds": 1605.88,
  "rounds_time_stats": {
    "round_1": 1459.6,
    "round_2": 28.37,
    "round_3": 29.07,
    "round_4": 33.6,
    "round_5": 32.38,
    "round_6": 22.86
  }
}