{
  "process_start_time": 1767688938.6852329,
  "process_end_time": 1767689308.214193,
  "total_elapsed_time_seconds": 369.53,
  "rounds_time_stats": {
    "round_1": 54.82,
    "round_2": 61.93,
    "round_3": 65.99,
    "round_4": 44.57,
    "round_5": 93.19,
    "round_6": 49.03
  }
}