{
  "process_start_time": 1767685485.5673063,
  "process_end_time": 1767685762.41913,
  "total_elapsed_time_seconds": 276.85,
  "rounds_time_stats": {
    "round_1": 44.78,
    "round_2": 57.44,
    "round_3": 49.28,
    "round_4": 45.38,
    "round_5": 44.51,
    "round_6": 35.46
  }
}