{
  "process_start_time": 1767973472.1463182,
  "process_end_time": 1767973672.1898146,
  "total_elapsed_time_seconds": 200.04,
  "rounds_time_stats": {
    "round_1": 35.03,
    "round_2": 37.92,
    "round_3": 31.27,
    "round_4": 33.04,
    "round_5": 30.8,
    "round_6": 31.99
  }
}