{
  "process_start_time": 1767886180.1722038,
  "process_end_time": 1767886200.6121216,
  "total_elapsed_time_seconds": 20.44,
  "rounds_time_stats": {
    "round_1": 20.44
  }
}