{
  "process_start_time": 1767883762.2140644,
  "process_end_time": 1767883831.6202836,
  "total_elapsed_time_seconds": 69.41,
  "rounds_time_stats": {
    "round_1": 18.02,
    "round_2": 25.03,
    "round_3": 26.35
  }
}