{
  "process_start_time": 1767977820.5973306,
  "process_end_time": 1767977996.4946308,
  "total_elapsed_time_seconds": 175.9,
  "rounds_time_stats": {
    "round_1": 31.12,
    "round_2": 30.58,
    "round_3": 28.88,
    "round_4": 23.7,
    "round_5": 30.75,
    "round_6": 30.87
  }
}