{
  "process_start_time": 1768117606.340489,
  "process_end_time": 1768117966.8925796,
  "total_elapsed_time_seconds": 360.55,
  "rounds_time_stats": {
    "round_1": 44.8,
    "round_2": 78.02,
    "round_3": 50.03,
    "round_4": 87.71,
    "round_5": 46.73,
    "round_6": 53.26
  }
}