{
  "process_start_time": 1768116216.2256353,
  "process_end_time": 1768116503.957104,
  "total_elapsed_time_seconds": 287.73,
  "rounds_time_stats": {
    "round_1": 46.48,
    "round_2": 75.1,
    "round_3": 42.13,
    "round_4": 32.8,
    "round_5": 44.79,
    "round_6": 46.44
  }
}