{
  "process_start_time": 1767888295.279672,
  "process_end_time": 1767888409.0545077,
  "total_elapsed_time_seconds": 113.77,
  "rounds_time_stats": {
    "round_1": 19.96,
    "round_2": 25.11,
    "round_3": 17.43,
    "round_4": 16.96,
    "round_5": 14.64,
    "round_6": 19.67
  }
}