{
  "process_start_time": 1767889927.103714,
  "process_end_time": 1767889944.7268596,
  "total_elapsed_time_seconds": 17.62,
  "rounds_time_stats": {
    "round_1": 17.62
  }
}