{
  "process_start_time": 1768556744.3031573,
  "process_end_time": 1768556914.3017895,
  "total_elapsed_time_seconds": 170.0,
  "rounds_time_stats": {
    "round_1": 27.85,
    "round_2": 26.76,
    "round_3": 28.56,
    "round_4": 27.94,
    "round_5": 29.78,
    "round_6": 29.11
  }
}