{
  "process_start_time": 1767849999.4748735,
  "process_end_time": 1767850219.4551992,
  "total_elapsed_time_seconds": 219.98,
  "rounds_time_stats": {
    "round_1": 38.02,
    "round_2": 39.08,
    "round_3": 43.42,
    "round_4": 35.66,
    "round_5": 34.74,
    "round_6": 29.05
  }
}