{
  "process_start_time": 1767682934.7487657,
  "process_end_time": 1767683221.1555724,
  "total_elapsed_time_seconds": 286.41,
  "rounds_time_stats": {
    "round_1": 44.78,
    "round_2": 56.27,
    "round_3": 60.17,
    "round_4": 44.02,
    "round_5": 32.17,
    "round_6": 49.0
  }
}