{
  "process_start_time": 1767889055.345438,
  "process_end_time": 1767889106.2410798,
  "total_elapsed_time_seconds": 50.9,
  "rounds_time_stats": {
    "round_1": 50.89
  }
}