{
  "process_start_time": 1767973270.8067632,
  "process_end_time": 1767973495.1350796,
  "total_elapsed_time_seconds": 224.33,
  "rounds_time_stats": {
    "round_1": 20.96,
    "round_2": 41.76,
    "round_3": 45.02,
    "round_4": 43.2,
    "round_5": 41.29,
    "round_6": 32.09
  }
}