{
  "process_start_time": 1768116489.2655053,
  "process_end_time": 1768116680.5352254,
  "total_elapsed_time_seconds": 191.27,
  "rounds_time_stats": {
    "round_1": 37.96,
    "round_2": 39.43,
    "round_3": 26.41,
    "round_4": 33.23,
    "round_5": 26.63,
    "round_6": 27.59
  }
}