{
  "process_start_time": 1767887017.935453,
  "process_end_time": 1767887096.548012,
  "total_elapsed_time_seconds": 78.61,
  "rounds_time_stats": {
    "round_1": 78.52
  }
}