{
  "process_start_time": 1767883448.7163858,
  "process_end_time": 1767883541.5069168,
  "total_elapsed_time_seconds": 92.79,
  "rounds_time_stats": {
    "round_1": 14.93,
    "round_2": 16.07,
    "round_3": 18.15,
    "round_4": 18.08,
    "round_5": 12.09,
    "round_6": 13.46
  }
}