{
  "process_start_time": 1767888067.0523016,
  "process_end_time": 1767888076.0526533,
  "total_elapsed_time_seconds": 9.0,
  "rounds_time_stats": {
    "round_1": 9.0
  }
}