{
  "process_start_time": 1767682655.0089188,
  "process_end_time": 1767682917.1530282,
  "total_elapsed_time_seconds": 262.14,
  "rounds_time_stats": {
    "round_1": 44.11,
    "round_2": 32.5,
    "round_3": 44.81,
    "round_4": 49.61,
    "round_5": 44.59,
    "round_6": 46.52
  }
}