{
  "process_start_time": 1767684459.9269922,
  "process_end_time": 1767684754.4961705,
  "total_elapsed_time_seconds": 294.57,
  "rounds_time_stats": {
    "round_1": 47.24,
    "round_2": 44.16,
    "round_3": 46.05,
    "round_4": 46.75,
    "round_5": 62.03,
    "round_6": 48.33
  }
}