{
  "process_start_time": 1768551611.7490437,
  "process_end_time": 1768551774.4715822,
  "total_elapsed_time_seconds": 162.72,
  "rounds_time_stats": {
    "round_1": 28.85,
    "round_2": 23.45,
    "round_3": 23.87,
    "round_4": 29.72,
    "round_5": 25.76,
    "round_6": 31.07
  }
}