{
  "process_start_time": 1768108521.896638,
  "process_end_time": 1768108774.2668855,
  "total_elapsed_time_seconds": 252.37,
  "rounds_time_stats": {
    "round_1": 42.17,
    "round_2": 34.99,
    "round_3": 44.49,
    "round_4": 34.91,
    "round_5": 47.64,
    "round_6": 48.17
  }
}