{
  "process_start_time": 1767688292.9304395,
  "process_end_time": 1767688556.8684936,
  "total_elapsed_time_seconds": 263.94,
  "rounds_time_stats": {
    "round_1": 36.25,
    "round_2": 54.01,
    "round_3": 45.32,
    "round_4": 45.39,
    "round_5": 34.49,
    "round_6": 48.47
  }
}