{
  "process_start_time": 1767679194.378839,
  "process_end_time": 1767679476.2532504,
  "total_elapsed_time_seconds": 281.87,
  "rounds_time_stats": {
    "round_1": 43.31,
    "round_2": 44.48,
    "round_3": 47.69,
    "round_4": 46.04,
    "round_5": 57.37,
    "round_6": 42.97
  }
}