{
  "process_start_time": 1767886854.7402387,
  "process_end_time": 1767886876.7094326,
  "total_elapsed_time_seconds": 21.97,
  "rounds_time_stats": {
    "round_1": 21.97
  }
}