{
  "process_start_time": 1767884348.4429076,
  "process_end_time": 1767884508.5864482,
  "total_elapsed_time_seconds": 160.14,
  "rounds_time_stats": {
    "round_1": 22.09,
    "round_2": 24.85,
    "round_3": 32.15,
    "round_4": 26.72,
    "round_5": 30.72,
    "round_6": 23.61
  }
}