{
  "process_start_time": 1767889084.246736,
  "process_end_time": 1767889092.5120416,
  "total_elapsed_time_seconds": 8.27,
  "rounds_time_stats": {
    "round_1": 8.26
  }
}