{
  "process_start_time": 1767682687.3531861,
  "process_end_time": 1767682965.4893494,
  "total_elapsed_time_seconds": 278.14,
  "rounds_time_stats": {
    "round_1": 36.2,
    "round_2": 54.44,
    "round_3": 46.5,
    "round_4": 47.83,
    "round_5": 44.27,
    "round_6": 48.89
  }
}