{
  "process_start_time": 1767970692.545158,
  "process_end_time": 1767973016.679016,
  "total_elapsed_time_seconds": 2324.13,
  "rounds_time_stats": {
    "round_1": 89.22,
    "round_2": 124.45,
    "round_3": 152.87,
    "round_4": 174.12,
    "round_5": 118.56,
    "round_6": 1664.91
  }
}