{
  "process_start_time": 1767890532.0557454,
  "process_end_time": 1767890674.4510834,
  "total_elapsed_time_seconds": 142.4,
  "rounds_time_stats": {
    "round_1": 20.26,
    "round_2": 23.12,
    "round_3": 27.86,
    "round_4": 28.0,
    "round_5": 21.79,
    "round_6": 21.35
  }
}