{
  "process_start_time": 1767884073.6063864,
  "process_end_time": 1767884098.7955801,
  "total_elapsed_time_seconds": 25.19,
  "rounds_time_stats": {
    "round_1": 25.18
  }
}