{
  "process_start_time": 1767683545.2139416,
  "process_end_time": 1767683839.2234209,
  "total_elapsed_time_seconds": 294.01,
  "rounds_time_stats": {
    "round_1": 39.71,
    "round_2": 39.4,
    "round_3": 73.68,
    "round_4": 48.1,
    "round_5": 46.14,
    "round_6": 46.98
  }
}