{
  "process_start_time": 1767886383.8233588,
  "process_end_time": 1767886440.4076772,
  "total_elapsed_time_seconds": 56.58,
  "rounds_time_stats": {
    "round_1": 56.55
  }
}