{
  "process_start_time": 1768555051.102275,
  "process_end_time": 1768555226.6447067,
  "total_elapsed_time_seconds": 175.54,
  "rounds_time_stats": {
    "round_1": 29.11,
    "round_2": 28.57,
    "round_3": 27.77,
    "round_4": 30.88,
    "round_5": 38.31,
    "round_6": 20.9
  }
}