{
  "process_start_time": 1768551425.0363715,
  "process_end_time": 1768551584.0465844,
  "total_elapsed_time_seconds": 159.01,
  "rounds_time_stats": {
    "round_1": 29.52,
    "round_2": 22.09,
    "round_3": 28.49,
    "round_4": 28.54,
    "round_5": 29.78,
    "round_6": 20.59
  }
}