{
  "process_start_time": 1768114754.665785,
  "process_end_time": 1768115040.5098946,
  "total_elapsed_time_seconds": 285.84,
  "rounds_time_stats": {
    "round_1": 46.56,
    "round_2": 44.5,
    "round_3": 50.77,
    "round_4": 49.75,
    "round_5": 47.26,
    "round_6": 47.0
  }
}