{
  "process_start_time": 1767886645.781082,
  "process_end_time": 1767886664.8493445,
  "total_elapsed_time_seconds": 19.07,
  "rounds_time_stats": {
    "round_1": 19.07
  }
}