{
  "process_start_time": 1767885317.152267,
  "process_end_time": 1767885337.8450527,
  "total_elapsed_time_seconds": 20.69,
  "rounds_time_stats": {
    "round_1": 20.69
  }
}