{
  "process_start_time": 1768116393.5200486,
  "process_end_time": 1768116644.7600744,
  "total_elapsed_time_seconds": 251.24,
  "rounds_time_stats": {
    "round_1": 34.98,
    "round_2": 44.75,
    "round_3": 42.68,
    "round_4": 41.82,
    "round_5": 39.52,
    "round_6": 47.48
  }
}