{
  "process_start_time": 1767976124.3887098,
  "process_end_time": 1767976298.701761,
  "total_elapsed_time_seconds": 174.31,
  "rounds_time_stats": {
    "round_1": 30.37,
    "round_2": 31.34,
    "round_3": 23.18,
    "round_4": 30.92,
    "round_5": 30.07,
    "round_6": 28.42
  }
}