{
  "process_start_time": 1767890600.5094204,
  "process_end_time": 1767890653.700104,
  "total_elapsed_time_seconds": 53.19,
  "rounds_time_stats": {
    "round_1": 53.15
  }
}