{
  "process_start_time": 1768116628.9572868,
  "process_end_time": 1768116878.1329696,
  "total_elapsed_time_seconds": 249.18,
  "rounds_time_stats": {
    "round_1": 45.55,
    "round_2": 36.72,
    "round_3": 34.8,
    "round_4": 41.48,
    "round_5": 45.43,
    "round_6": 45.19
  }
}