{
  "process_start_time": 1767889854.71134,
  "process_end_time": 1767889882.5375965,
  "total_elapsed_time_seconds": 27.83,
  "rounds_time_stats": {
    "round_1": 12.09,
    "round_2": 15.73
  }
}