{
  "process_start_time": 1767884305.3751373,
  "process_end_time": 1767884334.5448258,
  "total_elapsed_time_seconds": 29.17,
  "rounds_time_stats": {
    "round_1": 29.11,
    "round_2": 0.06
  }
}