{
  "process_start_time": 1767887036.5831013,
  "process_end_time": 1767887067.1024833,
  "total_elapsed_time_seconds": 30.52,
  "rounds_time_stats": {
    "round_1": 30.51
  }
}