{
  "process_start_time": 1768109220.1585946,
  "process_end_time": 1768109489.9987135,
  "total_elapsed_time_seconds": 269.84,
  "rounds_time_stats": {
    "round_1": 46.18,
    "round_2": 39.08,
    "round_3": 28.09,
    "round_4": 50.93,
    "round_5": 47.3,
    "round_6": 58.26
  }
}