{
  "process_start_time": 1767975762.4398756,
  "process_end_time": 1767975942.9251773,
  "total_elapsed_time_seconds": 180.49,
  "rounds_time_stats": {
    "round_1": 27.5,
    "round_2": 30.92,
    "round_3": 28.88,
    "round_4": 31.98,
    "round_5": 32.99,
    "round_6": 28.2
  }
}