{
  "process_start_time": 1768556248.6176536,
  "process_end_time": 1768556441.2530549,
  "total_elapsed_time_seconds": 192.64,
  "rounds_time_stats": {
    "round_1": 28.46,
    "round_2": 27.31,
    "round_3": 30.42,
    "round_4": 39.67,
    "round_5": 35.69,
    "round_6": 31.08
  }
}