{
  "process_start_time": 1767976288.5526545,
  "process_end_time": 1767976537.7970006,
  "total_elapsed_time_seconds": 249.24,
  "rounds_time_stats": {
    "round_1": 42.67,
    "round_2": 39.08,
    "round_3": 40.51,
    "round_4": 37.36,
    "round_5": 43.31,
    "round_6": 46.33
  }
}