{
  "process_start_time": 1767884259.3087752,
  "process_end_time": 1767884358.5578094,
  "total_elapsed_time_seconds": 99.25,
  "rounds_time_stats": {
    "round_1": 36.89,
    "round_2": 28.53,
    "round_3": 33.82
  }
}