{
  "process_start_time": 1767976299.3982549,
  "process_end_time": 1767976480.1801884,
  "total_elapsed_time_seconds": 180.78,
  "rounds_time_stats": {
    "round_1": 32.01,
    "round_2": 29.17,
    "round_3": 29.1,
    "round_4": 29.65,
    "round_5": 30.81,
    "round_6": 30.05
  }
}