{
  "process_start_time": 1768552087.9549067,
  "process_end_time": 1768552218.9142349,
  "total_elapsed_time_seconds": 130.96,
  "rounds_time_stats": {
    "round_1": 30.05,
    "round_2": 20.14,
    "round_3": 20.39,
    "round_4": 17.08,
    "round_5": 24.56,
    "round_6": 18.73
  }
}