{
  "process_start_time": 1767976535.9111464,
  "process_end_time": 1767976571.7935593,
  "total_elapsed_time_seconds": 35.88,
  "rounds_time_stats": {
    "round_1": 35.82,
    "round_2": 0.06
  }
}