{
  "process_start_time": 1767887601.8007193,
  "process_end_time": 1767887655.9343436,
  "total_elapsed_time_seconds": 54.13,
  "rounds_time_stats": {
    "round_1": 54.08
  }
}