{
  "process_start_time": 1767886207.7656772,
  "process_end_time": 1767886233.758278,
  "total_elapsed_time_seconds": 25.99,
  "rounds_time_stats": {
    "round_1": 25.99
  }
}