{
  "process_start_time": 1768554749.279387,
  "process_end_time": 1768554780.2020335,
  "total_elapsed_time_seconds": 30.92,
  "rounds_time_stats": {
    "round_1": 30.89
  }
}