{
  "process_start_time": 1768555318.7719512,
  "process_end_time": 1768555522.564072,
  "total_elapsed_time_seconds": 203.79,
  "rounds_time_stats": {
    "round_1": 38.15,
    "round_2": 35.63,
    "round_3": 29.87,
    "round_4": 37.09,
    "round_5": 27.14,
    "round_6": 35.9
  }
}