{
  "process_start_time": 1768108268.7675865,
  "process_end_time": 1768108520.505119,
  "total_elapsed_time_seconds": 251.74,
  "rounds_time_stats": {
    "round_1": 43.76,
    "round_2": 44.0,
    "round_3": 43.25,
    "round_4": 33.07,
    "round_5": 42.36,
    "round_6": 45.3
  }
}