{
  "process_start_time": 1767969485.659353,
  "process_end_time": 1767969796.8704772,
  "total_elapsed_time_seconds": 311.21,
  "rounds_time_stats": {
    "round_1": 38.08,
    "round_2": 37.67,
    "round_3": 50.74,
    "round_4": 42.95,
    "round_5": 76.62,
    "round_6": 65.14
  }
}