{
  "process_start_time": 1767677281.2498717,
  "process_end_time": 1767677551.0594969,
  "total_elapsed_time_seconds": 269.81,
  "rounds_time_stats": {
    "round_1": 46.49,
    "round_2": 43.93,
    "round_3": 43.88,
    "round_4": 45.66,
    "round_5": 37.98,
    "round_6": 51.88
  }
}