{
  "process_start_time": 1767973961.534675,
  "process_end_time": 1767974256.9492698,
  "total_elapsed_time_seconds": 295.41,
  "rounds_time_stats": {
    "round_1": 60.42,
    "round_2": 52.55,
    "round_3": 42.66,
    "round_4": 41.64,
    "round_5": 56.61,
    "round_6": 41.54
  }
}