{
  "process_start_time": 1768556248.5285678,
  "process_end_time": 1768556441.1924527,
  "total_elapsed_time_seconds": 192.66,
  "rounds_time_stats": {
    "round_1": 35.85,
    "round_2": 31.78,
    "round_3": 27.3,
    "round_4": 30.76,
    "round_5": 37.09,
    "round_6": 29.88
  }
}