{
  "process_start_time": 1767882934.5479333,
  "process_end_time": 1767882949.4345176,
  "total_elapsed_time_seconds": 14.89,
  "rounds_time_stats": {
    "round_1": 14.88
  }
}