{
  "process_start_time": 1767888059.5109408,
  "process_end_time": 1767888218.290159,
  "total_elapsed_time_seconds": 158.78,
  "rounds_time_stats": {
    "round_1": 31.34,
    "round_2": 27.64,
    "round_3": 25.34,
    "round_4": 23.69,
    "round_5": 26.36,
    "round_6": 24.41
  }
}