{
  "process_start_time": 1767885039.3608978,
  "process_end_time": 1767885070.469493,
  "total_elapsed_time_seconds": 31.11,
  "rounds_time_stats": {
    "round_1": 15.47,
    "round_2": 15.63
  }
}