{
  "process_start_time": 1768115386.714584,
  "process_end_time": 1768115655.90217,
  "total_elapsed_time_seconds": 269.19,
  "rounds_time_stats": {
    "round_1": 45.89,
    "round_2": 45.52,
    "round_3": 49.86,
    "round_4": 49.19,
    "round_5": 33.8,
    "round_6": 44.92
  }
}