{
  "process_start_time": 1767683604.8831267,
  "process_end_time": 1767683884.4181855,
  "total_elapsed_time_seconds": 279.54,
  "rounds_time_stats": {
    "round_1": 46.9,
    "round_2": 44.68,
    "round_3": 49.56,
    "round_4": 48.76,
    "round_5": 43.24,
    "round_6": 46.4
  }
}