{
  "process_start_time": 1767885790.4916215,
  "process_end_time": 1767885827.2229958,
  "total_elapsed_time_seconds": 36.73,
  "rounds_time_stats": {
    "round_1": 17.28,
    "round_2": 19.45
  }
}