{
  "process_start_time": 1767888392.0999644,
  "process_end_time": 1767888405.9460595,
  "total_elapsed_time_seconds": 13.85,
  "rounds_time_stats": {
    "round_1": 13.84
  }
}