{
  "process_start_time": 1767678073.9480042,
  "process_end_time": 1767678373.6097262,
  "total_elapsed_time_seconds": 299.66,
  "rounds_time_stats": {
    "round_1": 61.4,
    "round_2": 34.13,
    "round_3": 66.29,
    "round_4": 44.41,
    "round_5": 44.39,
    "round_6": 49.03
  }
}