{
  "process_start_time": 1768555022.4338694,
  "process_end_time": 1768555193.3545058,
  "total_elapsed_time_seconds": 170.92,
  "rounds_time_stats": {
    "round_1": 30.18,
    "round_2": 27.53,
    "round_3": 28.74,
    "round_4": 28.82,
    "round_5": 29.29,
    "round_6": 26.37
  }
}