{
  "process_start_time": 1767886220.0843656,
  "process_end_time": 1767886249.9823556,
  "total_elapsed_time_seconds": 29.9,
  "rounds_time_stats": {
    "round_1": 29.9
  }
}