{
  "process_start_time": 1767890229.8141174,
  "process_end_time": 1767890255.5288563,
  "total_elapsed_time_seconds": 25.71,
  "rounds_time_stats": {
    "round_1": 25.71
  }
}