{
  "process_start_time": 1767890780.6464362,
  "process_end_time": 1767890951.4998934,
  "total_elapsed_time_seconds": 170.85,
  "rounds_time_stats": {
    "round_1": 19.08,
    "round_2": 29.76,
    "round_3": 27.38,
    "round_4": 37.67,
    "round_5": 28.14,
    "round_6": 28.82
  }
}