{
  "process_start_time": 1767888762.8072453,
  "process_end_time": 1767888776.0522962,
  "total_elapsed_time_seconds": 13.25,
  "rounds_time_stats": {
    "round_1": 13.24
  }
}