{
  "process_start_time": 1767684181.5645685,
  "process_end_time": 1767684267.563167,
  "total_elapsed_time_seconds": 86.0,
  "rounds_time_stats": {
    "round_1": 39.18,
    "round_2": 46.76
  }
}