{
  "process_start_time": 1767889833.601579,
  "process_end_time": 1767889885.216872,
  "total_elapsed_time_seconds": 51.62,
  "rounds_time_stats": {
    "round_1": 10.38,
    "round_2": 22.55,
    "round_3": 18.68
  }
}