{
  "process_start_time": 1767883286.3210223,
  "process_end_time": 1767883320.333811,
  "total_elapsed_time_seconds": 34.01,
  "rounds_time_stats": {
    "round_1": 34.01
  }
}