{
  "process_start_time": 1768115101.6058884,
  "process_end_time": 1768115288.8795624,
  "total_elapsed_time_seconds": 187.27,
  "rounds_time_stats": {
    "round_1": 43.59,
    "round_2": 28.34,
    "round_3": 25.82,
    "round_4": 31.54,
    "round_5": 32.88,
    "round_6": 25.1
  }
}