{
  "process_start_time": 1767683958.2916577,
  "process_end_time": 1767684274.8635871,
  "total_elapsed_time_seconds": 316.57,
  "rounds_time_stats": {
    "round_1": 50.84,
    "round_2": 62.6,
    "round_3": 47.71,
    "round_4": 46.97,
    "round_5": 47.08,
    "round_6": 61.37
  }
}