{
  "process_start_time": 1767883340.564077,
  "process_end_time": 1767883525.9101703,
  "total_elapsed_time_seconds": 185.35,
  "rounds_time_stats": {
    "round_1": 35.04,
    "round_2": 35.45,
    "round_3": 31.16,
    "round_4": 26.55,
    "round_5": 31.24,
    "round_6": 25.9
  }
}