{
  "process_start_time": 1767675475.971534,
  "process_end_time": 1767675776.4732673,
  "total_elapsed_time_seconds": 300.5,
  "rounds_time_stats": {
    "round_1": 71.75,
    "round_2": 39.4,
    "round_3": 49.14,
    "round_4": 43.73,
    "round_5": 40.22,
    "round_6": 56.26
  }
}