{
  "process_start_time": 1767680818.642676,
  "process_end_time": 1767681100.7300959,
  "total_elapsed_time_seconds": 282.09,
  "rounds_time_stats": {
    "round_1": 43.99,
    "round_2": 35.36,
    "round_3": 57.98,
    "round_4": 46.78,
    "round_5": 49.18,
    "round_6": 48.78
  }
}