{
  "process_start_time": 1768552209.2333574,
  "process_end_time": 1768552512.509794,
  "total_elapsed_time_seconds": 303.28,
  "rounds_time_stats": {
    "round_1": 29.45,
    "round_2": 26.54,
    "round_3": 27.32,
    "round_4": 35.16,
    "round_5": 37.83,
    "round_6": 146.97
  }
}