{
  "process_start_time": 1767889968.1403425,
  "process_end_time": 1767890039.9104426,
  "total_elapsed_time_seconds": 71.77,
  "rounds_time_stats": {
    "round_1": 13.06,
    "round_2": 8.62,
    "round_3": 13.66,
    "round_4": 10.95,
    "round_5": 10.09,
    "round_6": 15.38
  }
}