{
  "process_start_time": 1767882929.1537106,
  "process_end_time": 1767882997.4005225,
  "total_elapsed_time_seconds": 68.25,
  "rounds_time_stats": {
    "round_1": 32.31,
    "round_2": 35.93
  }
}