{
  "process_start_time": 1767676891.8153687,
  "process_end_time": 1767677145.1255283,
  "total_elapsed_time_seconds": 253.31,
  "rounds_time_stats": {
    "round_1": 42.93,
    "round_2": 30.84,
    "round_3": 48.77,
    "round_4": 43.23,
    "round_5": 44.32,
    "round_6": 43.21
  }
}