{
  "process_start_time": 1767889838.410412,
  "process_end_time": 1767889933.7154386,
  "total_elapsed_time_seconds": 95.31,
  "rounds_time_stats": {
    "round_1": 14.14,
    "round_2": 14.38,
    "round_3": 13.92,
    "round_4": 33.95,
    "round_5": 18.91
  }
}