{
  "process_start_time": 1767890091.6865003,
  "process_end_time": 1767890130.508134,
  "total_elapsed_time_seconds": 38.82,
  "rounds_time_stats": {
    "round_1": 38.82
  }
}