{
  "process_start_time": 1768107778.4731534,
  "process_end_time": 1768108044.0191329,
  "total_elapsed_time_seconds": 265.55,
  "rounds_time_stats": {
    "round_1": 30.42,
    "round_2": 45.36,
    "round_3": 59.45,
    "round_4": 43.93,
    "round_5": 44.25,
    "round_6": 42.15
  }
}