{
  "process_start_time": 1767886372.012663,
  "process_end_time": 1767886390.7392273,
  "total_elapsed_time_seconds": 18.73,
  "rounds_time_stats": {
    "round_1": 18.72
  }
}