{
  "process_start_time": 1767688896.5140688,
  "process_end_time": 1767689182.007559,
  "total_elapsed_time_seconds": 285.49,
  "rounds_time_stats": {
    "round_1": 45.14,
    "round_2": 51.13,
    "round_3": 46.82,
    "round_4": 46.32,
    "round_5": 49.85,
    "round_6": 46.24
  }
}