{
  "process_start_time": 1768115026.2863677,
  "process_end_time": 1768115254.4116356,
  "total_elapsed_time_seconds": 228.13,
  "rounds_time_stats": {
    "round_1": 40.01,
    "round_2": 47.01,
    "round_3": 32.14,
    "round_4": 25.09,
    "round_5": 46.0,
    "round_6": 37.87
  }
}