{
  "process_start_time": 1767970265.8821068,
  "process_end_time": 1767971118.3794663,
  "total_elapsed_time_seconds": 852.5,
  "rounds_time_stats": {
    "round_1": 110.59,
    "round_2": 142.01,
    "round_3": 54.82,
    "round_4": 85.5,
    "round_5": 289.37,
    "round_6": 170.2
  }
}