{
  "process_start_time": 1767886689.001655,
  "process_end_time": 1767886848.5565305,
  "total_elapsed_time_seconds": 159.55,
  "rounds_time_stats": {
    "round_1": 18.37,
    "round_2": 25.61,
    "round_3": 27.58,
    "round_4": 21.47,
    "round_5": 24.41,
    "round_6": 42.12
  }
}