{
  "process_start_time": 1767887936.4012089,
  "process_end_time": 1767887950.9245343,
  "total_elapsed_time_seconds": 14.52,
  "rounds_time_stats": {
    "round_1": 14.52
  }
}