{
  "process_start_time": 1767888243.3269045,
  "process_end_time": 1767888269.1420188,
  "total_elapsed_time_seconds": 25.82,
  "rounds_time_stats": {
    "round_1": 14.33,
    "round_2": 11.48
  }
}