{
  "process_start_time": 1768117685.0246265,
  "process_end_time": 1768118011.4574726,
  "total_elapsed_time_seconds": 326.43,
  "rounds_time_stats": {
    "round_1": 34.67,
    "round_2": 39.62,
    "round_3": 93.28,
    "round_4": 46.66,
    "round_5": 68.19,
    "round_6": 44.01
  }
}