{
  "process_start_time": 1767884540.9759202,
  "process_end_time": 1767884639.5707636,
  "total_elapsed_time_seconds": 98.59,
  "rounds_time_stats": {
    "round_1": 12.31,
    "round_2": 16.17,
    "round_3": 18.73,
    "round_4": 14.19,
    "round_5": 16.44,
    "round_6": 20.76
  }
}