{
  "process_start_time": 1767691793.70925,
  "process_end_time": 1767692089.6130748,
  "total_elapsed_time_seconds": 295.9,
  "rounds_time_stats": {
    "round_1": 41.25,
    "round_2": 42.48,
    "round_3": 48.85,
    "round_4": 63.35,
    "round_5": 42.39,
    "round_6": 57.58
  }
}