{
  "process_start_time": 1767883445.3036053,
  "process_end_time": 1767883572.8224382,
  "total_elapsed_time_seconds": 127.52,
  "rounds_time_stats": {
    "round_1": 16.44,
    "round_2": 25.51,
    "round_3": 23.51,
    "round_4": 20.81,
    "round_5": 22.63,
    "round_6": 18.62
  }
}