{
  "process_start_time": 1767973685.744516,
  "process_end_time": 1767973857.915928,
  "total_elapsed_time_seconds": 172.17,
  "rounds_time_stats": {
    "round_1": 28.66,
    "round_2": 25.6,
    "round_3": 17.29,
    "round_4": 49.07,
    "round_5": 34.02,
    "round_6": 17.53
  }
}