{
  "process_start_time": 1767890843.5670915,
  "process_end_time": 1767890884.511678,
  "total_elapsed_time_seconds": 40.94,
  "rounds_time_stats": {
    "round_1": 40.87
  }
}