{
  "process_start_time": 1767889808.0211768,
  "process_end_time": 1767889825.077303,
  "total_elapsed_time_seconds": 17.06,
  "rounds_time_stats": {
    "round_1": 17.05
  }
}