{
  "process_start_time": 1767890443.6685715,
  "process_end_time": 1767890469.413941,
  "total_elapsed_time_seconds": 25.75,
  "rounds_time_stats": {
    "round_1": 25.74
  }
}