{
  "process_start_time": 1767886809.4268289,
  "process_end_time": 1767886865.6955347,
  "total_elapsed_time_seconds": 56.27,
  "rounds_time_stats": {
    "round_1": 56.19
  }
}