{
  "process_start_time": 1767884457.3026595,
  "process_end_time": 1767884481.478265,
  "total_elapsed_time_seconds": 24.18,
  "rounds_time_stats": {
    "round_1": 24.17
  }
}