{
  "process_start_time": 1768550224.457817,
  "process_end_time": 1768550504.3488567,
  "total_elapsed_time_seconds": 279.89,
  "rounds_time_stats": {
    "round_1": 49.35,
    "round_2": 49.0,
    "round_3": 46.81,
    "round_4": 45.9,
    "round_5": 46.5,
    "round_6": 42.34
  }
}