{
  "process_start_time": 1768552116.5931234,
  "process_end_time": 1768552284.9995763,
  "total_elapsed_time_seconds": 168.41,
  "rounds_time_stats": {
    "round_1": 32.02,
    "round_2": 26.44,
    "round_3": 26.09,
    "round_4": 26.49,
    "round_5": 29.1,
    "round_6": 28.27
  }
}