{
  "process_start_time": 1767889060.455905,
  "process_end_time": 1767889084.3763242,
  "total_elapsed_time_seconds": 23.92,
  "rounds_time_stats": {
    "round_1": 23.92
  }
}