{
  "process_start_time": 1767889845.7020626,
  "process_end_time": 1767889979.2431967,
  "total_elapsed_time_seconds": 133.54,
  "rounds_time_stats": {
    "round_1": 25.23,
    "round_2": 16.98,
    "round_3": 15.27,
    "round_4": 20.86,
    "round_5": 25.38,
    "round_6": 29.81
  }
}