{
  "process_start_time": 1767885975.0859592,
  "process_end_time": 1767885994.35904,
  "total_elapsed_time_seconds": 19.27,
  "rounds_time_stats": {
    "round_1": 19.27
  }
}