{
  "process_start_time": 1767887426.963062,
  "process_end_time": 1767887447.6415498,
  "total_elapsed_time_seconds": 20.68,
  "rounds_time_stats": {
    "round_1": 20.68
  }
}