{
  "process_start_time": 1767883918.0742006,
  "process_end_time": 1767884150.832558,
  "total_elapsed_time_seconds": 232.76,
  "rounds_time_stats": {
    "round_1": 30.34,
    "round_2": 34.74,
    "round_3": 40.35,
    "round_4": 41.36,
    "round_5": 44.14,
    "round_6": 41.81
  }
}