{
  "process_start_time": 1767683544.8438368,
  "process_end_time": 1767683589.351678,
  "total_elapsed_time_seconds": 44.51,
  "rounds_time_stats": {
    "round_1": 44.43
  }
}