{
  "process_start_time": 1767883170.5883217,
  "process_end_time": 1767883198.55323,
  "total_elapsed_time_seconds": 27.96,
  "rounds_time_stats": {
    "round_1": 27.95
  }
}