{
  "process_start_time": 1767887246.1116729,
  "process_end_time": 1767887379.3570106,
  "total_elapsed_time_seconds": 133.25,
  "rounds_time_stats": {
    "round_1": 16.09,
    "round_2": 22.6,
    "round_3": 23.11,
    "round_4": 23.64,
    "round_5": 24.22,
    "round_6": 23.59
  }
}