{
  "process_start_time": 1767886986.3351083,
  "process_end_time": 1767887010.6849396,
  "total_elapsed_time_seconds": 24.35,
  "rounds_time_stats": {
    "round_1": 24.34
  }
}