{
  "process_start_time": 1767687703.2876463,
  "process_end_time": 1767687748.3991184,
  "total_elapsed_time_seconds": 45.11,
  "rounds_time_stats": {
    "round_1": 45.07
  }
}