{
  "process_start_time": 1767890132.0671926,
  "process_end_time": 1767890185.4845064,
  "total_elapsed_time_seconds": 53.42,
  "rounds_time_stats": {
    "round_1": 26.24,
    "round_2": 27.17
  }
}