{
  "process_start_time": 1767889602.2885485,
  "process_end_time": 1767889629.1378074,
  "total_elapsed_time_seconds": 26.85,
  "rounds_time_stats": {
    "round_1": 14.81,
    "round_2": 12.03
  }
}