{
  "process_start_time": 1767888874.8354514,
  "process_end_time": 1767888956.454676,
  "total_elapsed_time_seconds": 81.62,
  "rounds_time_stats": {
    "round_1": 10.47,
    "round_2": 13.5,
    "round_3": 10.78,
    "round_4": 12.12,
    "round_5": 9.96,
    "round_6": 24.79
  }
}