{
  "process_start_time": 1767890381.7014074,
  "process_end_time": 1767890401.7848558,
  "total_elapsed_time_seconds": 20.08,
  "rounds_time_stats": {
    "round_1": 20.08
  }
}