{
  "process_start_time": 1767969768.8666248,
  "process_end_time": 1767970031.886558,
  "total_elapsed_time_seconds": 263.02,
  "rounds_time_stats": {
    "round_1": 37.06,
    "round_2": 44.81,
    "round_3": 49.02,
    "round_4": 34.98,
    "round_5": 38.35,
    "round_6": 58.8
  }
}