{
  "process_start_time": 1768116713.6868715,
  "process_end_time": 1768116989.4317837,
  "total_elapsed_time_seconds": 275.74,
  "rounds_time_stats": {
    "round_1": 35.59,
    "round_2": 36.05,
    "round_3": 47.22,
    "round_4": 45.1,
    "round_5": 47.82,
    "round_6": 63.96
  }
}