{
  "process_start_time": 1767885382.3738456,
  "process_end_time": 1767885492.8379898,
  "total_elapsed_time_seconds": 110.46,
  "rounds_time_stats": {
    "round_1": 110.43
  }
}