{
  "process_start_time": 1767889329.575234,
  "process_end_time": 1767889401.6553833,
  "total_elapsed_time_seconds": 72.08,
  "rounds_time_stats": {
    "round_1": 10.34,
    "round_2": 9.64,
    "round_3": 7.81,
    "round_4": 15.12,
    "round_5": 13.19,
    "round_6": 15.97
  }
}