{
  "process_start_time": 1768554937.780261,
  "process_end_time": 1768555022.4324322,
  "total_elapsed_time_seconds": 84.65,
  "rounds_time_stats": {
    "round_1": 44.45,
    "round_2": 40.18
  }
}