{
  "process_start_time": 1767676248.4838622,
  "process_end_time": 1767676541.5969841,
  "total_elapsed_time_seconds": 293.11,
  "rounds_time_stats": {
    "round_1": 63.18,
    "round_2": 49.09,
    "round_3": 55.92,
    "round_4": 34.37,
    "round_5": 46.49,
    "round_6": 44.07
  }
}