{
  "process_start_time": 1767979006.3736205,
  "process_end_time": 1767979156.2256837,
  "total_elapsed_time_seconds": 149.85,
  "rounds_time_stats": {
    "round_1": 17.63,
    "round_2": 21.09,
    "round_3": 27.91,
    "round_4": 28.4,
    "round_5": 27.4,
    "round_6": 27.43
  }
}