{
  "process_start_time": 1767887970.0071092,
  "process_end_time": 1767888010.0259314,
  "total_elapsed_time_seconds": 40.02,
  "rounds_time_stats": {
    "round_1": 4.86,
    "round_2": 5.26,
    "round_3": 7.4,
    "round_4": 5.78,
    "round_5": 9.81,
    "round_6": 6.9
  }
}