{
  "process_start_time": 1767975536.184493,
  "process_end_time": 1767975584.3065119,
  "total_elapsed_time_seconds": 48.12,
  "rounds_time_stats": {
    "round_1": 48.11
  }
}