{
  "process_start_time": 1767887445.095484,
  "process_end_time": 1767887595.223876,
  "total_elapsed_time_seconds": 150.13,
  "rounds_time_stats": {
    "round_1": 16.73,
    "round_2": 26.16,
    "round_3": 24.72,
    "round_4": 20.14,
    "round_5": 27.49,
    "round_6": 34.89
  }
}