{
  "process_start_time": 1767889746.9088616,
  "process_end_time": 1767889780.1126037,
  "total_elapsed_time_seconds": 33.2,
  "rounds_time_stats": {
    "round_1": 15.4,
    "round_2": 17.8
  }
}