{
  "process_start_time": 1767684930.9434922,
  "process_end_time": 1767685211.7857406,
  "total_elapsed_time_seconds": 280.84,
  "rounds_time_stats": {
    "round_1": 41.52,
    "round_2": 46.77,
    "round_3": 48.41,
    "round_4": 46.84,
    "round_5": 50.52,
    "round_6": 46.78
  }
}