{
  "process_start_time": 1768109009.685493,
  "process_end_time": 1768109277.0179307,
  "total_elapsed_time_seconds": 267.33,
  "rounds_time_stats": {
    "round_1": 60.0,
    "round_2": 31.54,
    "round_3": 45.83,
    "round_4": 44.07,
    "round_5": 43.57,
    "round_6": 42.31
  }
}