{
  "process_start_time": 1768555285.869176,
  "process_end_time": 1768555451.6726809,
  "total_elapsed_time_seconds": 165.8,
  "rounds_time_stats": {
    "round_1": 32.6,
    "round_2": 26.65,
    "round_3": 30.54,
    "round_4": 25.51,
    "round_5": 21.21,
    "round_6": 29.29
  }
}