{
  "process_start_time": 1767886417.5410123,
  "process_end_time": 1767886446.891063,
  "total_elapsed_time_seconds": 29.35,
  "rounds_time_stats": {
    "round_1": 29.34
  }
}