{
  "process_start_time": 1767978490.5347235,
  "process_end_time": 1767978678.4572601,
  "total_elapsed_time_seconds": 187.92,
  "rounds_time_stats": {
    "round_1": 32.79,
    "round_2": 32.08,
    "round_3": 38.73,
    "round_4": 34.55,
    "round_5": 29.71,
    "round_6": 20.06
  }
}