{
  "process_start_time": 1768556296.5865235,
  "process_end_time": 1768556441.2920115,
  "total_elapsed_time_seconds": 144.71,
  "rounds_time_stats": {
    "round_1": 26.54,
    "round_2": 22.42,
    "round_3": 28.25,
    "round_4": 19.91,
    "round_5": 25.34,
    "round_6": 22.25
  }
}