{
  "process_start_time": 1768554925.4085824,
  "process_end_time": 1768555156.4426033,
  "total_elapsed_time_seconds": 231.03,
  "rounds_time_stats": {
    "round_1": 37.38,
    "round_2": 39.44,
    "round_3": 39.61,
    "round_4": 38.9,
    "round_5": 37.93,
    "round_6": 37.77
  }
}