{
  "process_start_time": 1767889984.6501594,
  "process_end_time": 1767890000.8275993,
  "total_elapsed_time_seconds": 16.18,
  "rounds_time_stats": {
    "round_1": 16.17
  }
}