{
  "process_start_time": 1767679775.1946282,
  "process_end_time": 1767680060.1764717,
  "total_elapsed_time_seconds": 284.98,
  "rounds_time_stats": {
    "round_1": 35.98,
    "round_2": 64.03,
    "round_3": 48.8,
    "round_4": 47.98,
    "round_5": 46.61,
    "round_6": 41.58
  }
}