{
  "process_start_time": 1768556193.1342447,
  "process_end_time": 1768556401.5367227,
  "total_elapsed_time_seconds": 208.4,
  "rounds_time_stats": {
    "round_1": 34.98,
    "round_2": 30.37,
    "round_3": 35.69,
    "round_4": 30.47,
    "round_5": 38.57,
    "round_6": 38.33
  }
}