{
  "process_start_time": 1767890473.0605905,
  "process_end_time": 1767890490.8678892,
  "total_elapsed_time_seconds": 17.81,
  "rounds_time_stats": {
    "round_1": 17.78
  }
}