{
  "process_start_time": 1768116151.4795644,
  "process_end_time": 1768116473.5612943,
  "total_elapsed_time_seconds": 322.08,
  "rounds_time_stats": {
    "round_1": 49.82,
    "round_2": 45.79,
    "round_3": 94.46,
    "round_4": 40.07,
    "round_5": 46.79,
    "round_6": 45.15
  }
}