{
  "process_start_time": 1767889156.2068942,
  "process_end_time": 1767889193.9346411,
  "total_elapsed_time_seconds": 37.73,
  "rounds_time_stats": {
    "round_1": 37.71
  }
}