{
  "process_start_time": 1767883495.775527,
  "process_end_time": 1767883513.487191,
  "total_elapsed_time_seconds": 17.71,
  "rounds_time_stats": {
    "round_1": 17.71
  }
}