{
  "process_start_time": 1767889686.9408975,
  "process_end_time": 1767889716.5006077,
  "total_elapsed_time_seconds": 29.56,
  "rounds_time_stats": {
    "round_1": 14.63,
    "round_2": 14.93
  }
}