{
  "process_start_time": 1767682370.3202913,
  "process_end_time": 1767682701.7018516,
  "total_elapsed_time_seconds": 331.38,
  "rounds_time_stats": {
    "round_1": 84.37,
    "round_2": 60.6,
    "round_3": 46.67,
    "round_4": 45.67,
    "round_5": 45.38,
    "round_6": 48.68
  }
}