{
  "process_start_time": 1768117542.3619132,
  "process_end_time": 1768117822.9340007,
  "total_elapsed_time_seconds": 280.57,
  "rounds_time_stats": {
    "round_1": 38.16,
    "round_2": 39.73,
    "round_3": 49.23,
    "round_4": 59.6,
    "round_5": 51.14,
    "round_6": 42.7
  }
}