{
  "process_start_time": 1767883549.6256874,
  "process_end_time": 1767883565.2903705,
  "total_elapsed_time_seconds": 15.66,
  "rounds_time_stats": {
    "round_1": 15.66
  }
}