{
  "process_start_time": 1767977458.802842,
  "process_end_time": 1767977636.3338807,
  "total_elapsed_time_seconds": 177.53,
  "rounds_time_stats": {
    "round_1": 28.91,
    "round_2": 18.92,
    "round_3": 35.82,
    "round_4": 27.33,
    "round_5": 33.89,
    "round_6": 32.65
  }
}