{
  "process_start_time": 1767888826.2902343,
  "process_end_time": 1767888855.719218,
  "total_elapsed_time_seconds": 29.43,
  "rounds_time_stats": {
    "round_1": 13.93,
    "round_2": 15.49
  }
}