{
  "process_start_time": 1767969780.7016044,
  "process_end_time": 1767970077.8257933,
  "total_elapsed_time_seconds": 297.12,
  "rounds_time_stats": {
    "round_1": 55.89,
    "round_2": 41.46,
    "round_3": 43.21,
    "round_4": 50.28,
    "round_5": 50.44,
    "round_6": 55.83
  }
}