{
  "process_start_time": 1767889938.9135904,
  "process_end_time": 1767889954.7323596,
  "total_elapsed_time_seconds": 15.82,
  "rounds_time_stats": {
    "round_1": 15.81
  }
}