{
  "process_start_time": 1767885212.86014,
  "process_end_time": 1767885279.7270303,
  "total_elapsed_time_seconds": 66.87,
  "rounds_time_stats": {
    "round_1": 21.24,
    "round_2": 22.76,
    "round_3": 22.86
  }
}