{
  "process_start_time": 1767888545.7266781,
  "process_end_time": 1767888557.1870134,
  "total_elapsed_time_seconds": 11.46,
  "rounds_time_stats": {
    "round_1": 11.46
  }
}