{
  "process_start_time": 1767886034.9265082,
  "process_end_time": 1767886066.4493353,
  "total_elapsed_time_seconds": 31.52,
  "rounds_time_stats": {
    "round_1": 18.19,
    "round_2": 13.33
  }
}