{
  "process_start_time": 1767887558.698476,
  "process_end_time": 1767887575.4545274,
  "total_elapsed_time_seconds": 16.76,
  "rounds_time_stats": {
    "round_1": 16.15,
    "round_2": 0.6
  }
}