{
  "process_start_time": 1767884730.75952,
  "process_end_time": 1767884928.3298938,
  "total_elapsed_time_seconds": 197.57,
  "rounds_time_stats": {
    "round_1": 12.53,
    "round_2": 16.68,
    "round_3": 35.63,
    "round_4": 33.31,
    "round_5": 33.03,
    "round_6": 66.4
  }
}