{
  "process_start_time": 1768115863.2542408,
  "process_end_time": 1768116150.0145562,
  "total_elapsed_time_seconds": 286.76,
  "rounds_time_stats": {
    "round_1": 46.72,
    "round_2": 39.06,
    "round_3": 43.93,
    "round_4": 51.11,
    "round_5": 59.67,
    "round_6": 46.28
  }
}