{
  "process_start_time": 1767679249.8376667,
  "process_end_time": 1767679494.2839732,
  "total_elapsed_time_seconds": 244.45,
  "rounds_time_stats": {
    "round_1": 41.05,
    "round_2": 44.35,
    "round_3": 41.45,
    "round_4": 35.09,
    "round_5": 45.16,
    "round_6": 37.34
  }
}