{
  "process_start_time": 1767675742.8215785,
  "process_end_time": 1767675998.042624,
  "total_elapsed_time_seconds": 255.22,
  "rounds_time_stats": {
    "round_1": 32.9,
    "round_2": 41.44,
    "round_3": 42.97,
    "round_4": 46.47,
    "round_5": 43.11,
    "round_6": 48.34
  }
}