{
  "process_start_time": 1768108472.8656962,
  "process_end_time": 1768108741.2807274,
  "total_elapsed_time_seconds": 268.42,
  "rounds_time_stats": {
    "round_1": 27.81,
    "round_2": 38.16,
    "round_3": 45.66,
    "round_4": 62.39,
    "round_5": 47.27,
    "round_6": 47.12
  }
}