{
  "process_start_time": 1767883830.7356634,
  "process_end_time": 1767883874.7906916,
  "total_elapsed_time_seconds": 44.06,
  "rounds_time_stats": {
    "round_1": 11.86,
    "round_2": 32.19
  }
}