{
  "process_start_time": 1767978403.2209423,
  "process_end_time": 1767978585.1738553,
  "total_elapsed_time_seconds": 181.95,
  "rounds_time_stats": {
    "round_1": 28.75,
    "round_2": 24.46,
    "round_3": 30.44,
    "round_4": 31.91,
    "round_5": 32.59,
    "round_6": 33.81
  }
}