{
  "process_start_time": 1768107964.6599548,
  "process_end_time": 1768108213.1256804,
  "total_elapsed_time_seconds": 248.47,
  "rounds_time_stats": {
    "round_1": 31.9,
    "round_2": 33.4,
    "round_3": 40.14,
    "round_4": 47.1,
    "round_5": 48.37,
    "round_6": 47.55
  }
}