{
  "process_start_time": 1767885399.2215102,
  "process_end_time": 1767885595.058425,
  "total_elapsed_time_seconds": 195.84,
  "rounds_time_stats": {
    "round_1": 19.57,
    "round_2": 32.78,
    "round_3": 28.77,
    "round_4": 32.09,
    "round_5": 26.33,
    "round_6": 56.29
  }
}