{
  "process_start_time": 1767888394.9033577,
  "process_end_time": 1767888410.6869798,
  "total_elapsed_time_seconds": 15.78,
  "rounds_time_stats": {
    "round_1": 15.78
  }
}