{
  "process_start_time": 1767884477.123676,
  "process_end_time": 1767884613.8055494,
  "total_elapsed_time_seconds": 136.68,
  "rounds_time_stats": {
    "round_1": 26.94,
    "round_2": 27.37,
    "round_3": 25.14,
    "round_4": 18.76,
    "round_5": 19.36,
    "round_6": 19.11
  }
}