{
  "process_start_time": 1767690008.069387,
  "process_end_time": 1767690280.4147775,
  "total_elapsed_time_seconds": 272.35,
  "rounds_time_stats": {
    "round_1": 46.09,
    "round_2": 44.91,
    "round_3": 44.06,
    "round_4": 43.21,
    "round_5": 47.6,
    "round_6": 46.47
  }
}