{
  "process_start_time": 1767888065.163385,
  "process_end_time": 1767888242.2734044,
  "total_elapsed_time_seconds": 177.11,
  "rounds_time_stats": {
    "round_1": 29.33,
    "round_2": 43.07,
    "round_3": 29.06,
    "round_4": 29.55,
    "round_5": 46.09
  }
}