{
  "process_start_time": 1767886376.1649184,
  "process_end_time": 1767886392.4441934,
  "total_elapsed_time_seconds": 16.28,
  "rounds_time_stats": {
    "round_1": 16.28
  }
}