{
  "process_start_time": 1768556248.0191326,
  "process_end_time": 1768556449.2241707,
  "total_elapsed_time_seconds": 201.21,
  "rounds_time_stats": {
    "round_1": 28.85,
    "round_2": 39.01,
    "round_3": 37.43,
    "round_4": 30.66,
    "round_5": 37.82,
    "round_6": 27.43
  }
}