{
  "process_start_time": 1768550238.6871989,
  "process_end_time": 1768550503.4647448,
  "total_elapsed_time_seconds": 264.78,
  "rounds_time_stats": {
    "round_1": 31.49,
    "round_2": 40.18,
    "round_3": 44.58,
    "round_4": 44.69,
    "round_5": 47.19,
    "round_6": 56.64
  }
}