{
  "process_start_time": 1767890230.9319098,
  "process_end_time": 1767890261.3442278,
  "total_elapsed_time_seconds": 30.41,
  "rounds_time_stats": {
    "round_1": 12.12,
    "round_2": 18.29
  }
}