{
  "process_start_time": 1767969222.4668102,
  "process_end_time": 1767969574.6816444,
  "total_elapsed_time_seconds": 352.21,
  "rounds_time_stats": {
    "round_1": 51.15,
    "round_2": 44.53,
    "round_3": 64.14,
    "round_4": 76.71,
    "round_5": 51.5,
    "round_6": 64.17
  }
}