{
  "process_start_time": 1767850146.367699,
  "process_end_time": 1767850870.320242,
  "total_elapsed_time_seconds": 723.95,
  "rounds_time_stats": {
    "round_1": 28.67,
    "round_2": 619.76,
    "round_3": 18.36,
    "round_4": 19.2,
    "round_5": 16.78,
    "round_6": 21.17
  }
}