{
  "process_start_time": 1767886182.0026057,
  "process_end_time": 1767886201.5321538,
  "total_elapsed_time_seconds": 19.53,
  "rounds_time_stats": {
    "round_1": 19.52
  }
}