{
  "process_start_time": 1767890605.7999227,
  "process_end_time": 1767890640.3848093,
  "total_elapsed_time_seconds": 34.58,
  "rounds_time_stats": {
    "round_1": 34.56
  }
}