{
  "process_start_time": 1768554915.7546377,
  "process_end_time": 1768555087.0871997,
  "total_elapsed_time_seconds": 171.33,
  "rounds_time_stats": {
    "round_1": 16.13,
    "round_2": 29.77,
    "round_3": 30.85,
    "round_4": 30.62,
    "round_5": 35.83,
    "round_6": 28.13
  }
}