{
  "process_start_time": 1767883989.4465618,
  "process_end_time": 1767884039.4207582,
  "total_elapsed_time_seconds": 49.97,
  "rounds_time_stats": {
    "round_1": 23.37,
    "round_2": 26.58
  }
}