{
  "process_start_time": 1768109055.6085372,
  "process_end_time": 1768109306.726476,
  "total_elapsed_time_seconds": 251.12,
  "rounds_time_stats": {
    "round_1": 40.45,
    "round_2": 35.63,
    "round_3": 44.96,
    "round_4": 45.06,
    "round_5": 39.47,
    "round_6": 45.55
  }
}