{
  "process_start_time": 1767882953.1637957,
  "process_end_time": 1767883045.218789,
  "total_elapsed_time_seconds": 92.05,
  "rounds_time_stats": {
    "round_1": 32.22,
    "round_2": 28.5,
    "round_3": 31.32
  }
}