{
  "process_start_time": 1767887874.2080066,
  "process_end_time": 1767887922.457592,
  "total_elapsed_time_seconds": 48.25,
  "rounds_time_stats": {
    "round_1": 25.65,
    "round_2": 22.59
  }
}