{
  "process_start_time": 1767888121.1774383,
  "process_end_time": 1767888197.2579455,
  "total_elapsed_time_seconds": 76.08,
  "rounds_time_stats": {
    "round_1": 24.36,
    "round_2": 26.6,
    "round_3": 25.12
  }
}