{
  "process_start_time": 1767681208.1386523,
  "process_end_time": 1767681451.4629183,
  "total_elapsed_time_seconds": 243.32,
  "rounds_time_stats": {
    "round_1": 33.76,
    "round_2": 39.29,
    "round_3": 35.65,
    "round_4": 38.49,
    "round_5": 48.04,
    "round_6": 48.09
  }
}