{
  "process_start_time": 1767682688.0067708,
  "process_end_time": 1767682965.5299625,
  "total_elapsed_time_seconds": 277.52,
  "rounds_time_stats": {
    "round_1": 42.68,
    "round_2": 42.34,
    "round_3": 34.88,
    "round_4": 64.28,
    "round_5": 47.11,
    "round_6": 46.22
  }
}