{
  "process_start_time": 1767976988.6073549,
  "process_end_time": 1767977132.6124635,
  "total_elapsed_time_seconds": 144.01,
  "rounds_time_stats": {
    "round_1": 21.84,
    "round_2": 35.39,
    "round_3": 22.83,
    "round_4": 21.94,
    "round_5": 19.85,
    "round_6": 22.16
  }
}