{
  "process_start_time": 1767885322.0072968,
  "process_end_time": 1767885360.6625621,
  "total_elapsed_time_seconds": 38.66,
  "rounds_time_stats": {
    "round_1": 38.59
  }
}