{
  "process_start_time": 1768117285.0736487,
  "process_end_time": 1768117542.3609564,
  "total_elapsed_time_seconds": 257.29,
  "rounds_time_stats": {
    "round_1": 45.07,
    "round_2": 66.16,
    "round_3": 44.9,
    "round_4": 31.0,
    "round_5": 35.8,
    "round_6": 34.36
  }
}