{
  "process_start_time": 1767889911.374835,
  "process_end_time": 1767889931.434678,
  "total_elapsed_time_seconds": 20.06,
  "rounds_time_stats": {
    "round_1": 20.06
  }
}