{
  "process_start_time": 1767887502.1860182,
  "process_end_time": 1767887594.8916354,
  "total_elapsed_time_seconds": 92.71,
  "rounds_time_stats": {
    "round_1": 23.79,
    "round_2": 33.13,
    "round_3": 35.77
  }
}