{
  "process_start_time": 1768109550.0261595,
  "process_end_time": 1768109787.9453607,
  "total_elapsed_time_seconds": 237.92,
  "rounds_time_stats": {
    "round_1": 44.89,
    "round_2": 44.17,
    "round_3": 43.89,
    "round_4": 47.37,
    "round_5": 28.32,
    "round_6": 29.28
  }
}