{
  "process_start_time": 1767883377.4371166,
  "process_end_time": 1767883397.0224237,
  "total_elapsed_time_seconds": 19.59,
  "rounds_time_stats": {
    "round_1": 19.58
  }
}