{
  "process_start_time": 1767885306.525474,
  "process_end_time": 1767885324.2812734,
  "total_elapsed_time_seconds": 17.76,
  "rounds_time_stats": {
    "round_1": 17.75
  }
}