{
  "process_start_time": 1767680277.9819014,
  "process_end_time": 1767680526.315194,
  "total_elapsed_time_seconds": 248.33,
  "rounds_time_stats": {
    "round_1": 43.88,
    "round_2": 44.97,
    "round_3": 40.95,
    "round_4": 45.82,
    "round_5": 40.66,
    "round_6": 32.05
  }
}