{
  "process_start_time": 1767887501.5403826,
  "process_end_time": 1767887542.2544837,
  "total_elapsed_time_seconds": 40.71,
  "rounds_time_stats": {
    "round_1": 16.87,
    "round_2": 23.83
  }
}