{
  "process_start_time": 1767680608.4864132,
  "process_end_time": 1767680835.6451497,
  "total_elapsed_time_seconds": 227.16,
  "rounds_time_stats": {
    "round_1": 43.22,
    "round_2": 30.13,
    "round_3": 28.25,
    "round_4": 36.51,
    "round_5": 43.13,
    "round_6": 45.92
  }
}