{
  "process_start_time": 1768550487.6099033,
  "process_end_time": 1768550745.968493,
  "total_elapsed_time_seconds": 258.36,
  "rounds_time_stats": {
    "round_1": 41.74,
    "round_2": 41.23,
    "round_3": 42.76,
    "round_4": 43.66,
    "round_5": 44.97,
    "round_6": 43.99
  }
}