{
  "process_start_time": 1767886203.367795,
  "process_end_time": 1767886225.463156,
  "total_elapsed_time_seconds": 22.1,
  "rounds_time_stats": {
    "round_1": 22.09
  }
}