{
  "process_start_time": 1768555241.9874642,
  "process_end_time": 1768555285.8678942,
  "total_elapsed_time_seconds": 43.88,
  "rounds_time_stats": {
    "round_1": 43.84
  }
}