{
  "process_start_time": 1767680623.4497285,
  "process_end_time": 1767680884.1787617,
  "total_elapsed_time_seconds": 260.73,
  "rounds_time_stats": {
    "round_1": 43.84,
    "round_2": 39.1,
    "round_3": 40.49,
    "round_4": 42.36,
    "round_5": 43.8,
    "round_6": 51.14
  }
}