{
  "process_start_time": 1767883515.745804,
  "process_end_time": 1767883654.8589208,
  "total_elapsed_time_seconds": 139.11,
  "rounds_time_stats": {
    "round_1": 28.13,
    "round_2": 21.74,
    "round_3": 19.34,
    "round_4": 19.75,
    "round_5": 20.08,
    "round_6": 30.06
  }
}