{
  "process_start_time": 1767974284.0694225,
  "process_end_time": 1767974742.887402,
  "total_elapsed_time_seconds": 458.82,
  "rounds_time_stats": {
    "round_1": 59.6,
    "round_2": 63.68,
    "round_3": 120.8,
    "round_4": 66.01,
    "round_5": 69.87,
    "round_6": 78.85
  }
}