{
  "process_start_time": 1768114977.1285415,
  "process_end_time": 1768115255.3641906,
  "total_elapsed_time_seconds": 278.24,
  "rounds_time_stats": {
    "round_1": 50.33,
    "round_2": 42.16,
    "round_3": 46.58,
    "round_4": 47.2,
    "round_5": 45.53,
    "round_6": 46.42
  }
}