{
  "process_start_time": 1767684883.653469,
  "process_end_time": 1767685126.8404822,
  "total_elapsed_time_seconds": 243.19,
  "rounds_time_stats": {
    "round_1": 46.59,
    "round_2": 56.72,
    "round_3": 29.84,
    "round_4": 47.72,
    "round_5": 29.2,
    "round_6": 33.11
  }
}