{
  "process_start_time": 1767888631.5762725,
  "process_end_time": 1767888737.0282762,
  "total_elapsed_time_seconds": 105.45,
  "rounds_time_stats": {
    "round_1": 23.46,
    "round_2": 20.87,
    "round_3": 15.23,
    "round_4": 16.64,
    "round_5": 15.16,
    "round_6": 14.09
  }
}