{
  "process_start_time": 1767887718.4441226,
  "process_end_time": 1767887737.7471948,
  "total_elapsed_time_seconds": 19.3,
  "rounds_time_stats": {
    "round_1": 19.29
  }
}