{
  "process_start_time": 1767890125.8356836,
  "process_end_time": 1767890178.1145499,
  "total_elapsed_time_seconds": 52.28,
  "rounds_time_stats": {
    "round_1": 31.16,
    "round_2": 21.1
  }
}