{
  "process_start_time": 1767665152.7877438,
  "process_end_time": 1767665431.1002736,
  "total_elapsed_time_seconds": 278.31,
  "rounds_time_stats": {
    "round_1": 49.04,
    "round_2": 46.45,
    "round_3": 47.52,
    "round_4": 43.05,
    "round_5": 46.74,
    "round_6": 45.51
  }
}