{
  "process_start_time": 1767690112.3094583,
  "process_end_time": 1767690186.7009072,
  "total_elapsed_time_seconds": 74.39,
  "rounds_time_stats": {
    "round_1": 74.36
  }
}