{
  "process_start_time": 1768551764.4804807,
  "process_end_time": 1768551961.2607977,
  "total_elapsed_time_seconds": 196.78,
  "rounds_time_stats": {
    "round_1": 33.18,
    "round_2": 33.52,
    "round_3": 34.31,
    "round_4": 40.67,
    "round_5": 25.33,
    "round_6": 29.76
  }
}