{
  "process_start_time": 1767883467.3976345,
  "process_end_time": 1767883659.7537525,
  "total_elapsed_time_seconds": 192.36,
  "rounds_time_stats": {
    "round_1": 27.3,
    "round_2": 27.02,
    "round_3": 32.83,
    "round_4": 44.22,
    "round_5": 33.3,
    "round_6": 27.68
  }
}