{
  "process_start_time": 1768115209.1050804,
  "process_end_time": 1768115487.4027624,
  "total_elapsed_time_seconds": 278.3,
  "rounds_time_stats": {
    "round_1": 42.17,
    "round_2": 37.65,
    "round_3": 77.85,
    "round_4": 28.33,
    "round_5": 37.13,
    "round_6": 55.17
  }
}