{
  "process_start_time": 1768556765.363309,
  "process_end_time": 1768556813.2637334,
  "total_elapsed_time_seconds": 47.9,
  "rounds_time_stats": {
    "round_1": 47.86
  }
}