{
  "process_start_time": 1767976706.632037,
  "process_end_time": 1767976929.5030367,
  "total_elapsed_time_seconds": 222.87,
  "rounds_time_stats": {
    "round_1": 24.96,
    "round_2": 36.32,
    "round_3": 39.54,
    "round_4": 41.84,
    "round_5": 41.37,
    "round_6": 38.83
  }
}