{
  "process_start_time": 1767973961.5386035,
  "process_end_time": 1767974448.7364423,
  "total_elapsed_time_seconds": 487.2,
  "rounds_time_stats": {
    "round_1": 63.49,
    "round_2": 92.98,
    "round_3": 98.24,
    "round_4": 81.0,
    "round_5": 69.09,
    "round_6": 82.4
  }
}