{
  "process_start_time": 1767888008.1266088,
  "process_end_time": 1767888022.6024196,
  "total_elapsed_time_seconds": 14.48,
  "rounds_time_stats": {
    "round_1": 14.47
  }
}