{
  "process_start_time": 1767679843.0589693,
  "process_end_time": 1767680121.7610388,
  "total_elapsed_time_seconds": 278.7,
  "rounds_time_stats": {
    "round_1": 49.35,
    "round_2": 43.57,
    "round_3": 50.85,
    "round_4": 42.52,
    "round_5": 41.78,
    "round_6": 50.62
  }
}