{
  "process_start_time": 1768550516.0550907,
  "process_end_time": 1768550805.5894966,
  "total_elapsed_time_seconds": 289.53,
  "rounds_time_stats": {
    "round_1": 62.93,
    "round_2": 48.76,
    "round_3": 44.49,
    "round_4": 49.04,
    "round_5": 41.78,
    "round_6": 42.52
  }
}