{
  "process_start_time": 1767889506.0753424,
  "process_end_time": 1767889526.4333632,
  "total_elapsed_time_seconds": 20.36,
  "rounds_time_stats": {
    "round_1": 20.33
  }
}