{
  "process_start_time": 1767888091.0460446,
  "process_end_time": 1767888114.4913077,
  "total_elapsed_time_seconds": 23.45,
  "rounds_time_stats": {
    "round_1": 11.28,
    "round_2": 12.16
  }
}