{
  "process_start_time": 1767976697.2327917,
  "process_end_time": 1767976847.5490713,
  "total_elapsed_time_seconds": 150.32,
  "rounds_time_stats": {
    "round_1": 16.61,
    "round_2": 21.06,
    "round_3": 24.97,
    "round_4": 27.38,
    "round_5": 31.65,
    "round_6": 28.64
  }
}