{
  "process_start_time": 1767887549.806047,
  "process_end_time": 1767887607.4959605,
  "total_elapsed_time_seconds": 57.69,
  "rounds_time_stats": {
    "round_1": 28.31,
    "round_2": 29.36
  }
}