{
  "process_start_time": 1768108030.6909466,
  "process_end_time": 1768108298.8062456,
  "total_elapsed_time_seconds": 268.12,
  "rounds_time_stats": {
    "round_1": 36.22,
    "round_2": 48.21,
    "round_3": 49.75,
    "round_4": 47.36,
    "round_5": 41.68,
    "round_6": 44.89
  }
}