{
  "process_start_time": 1768109204.9150553,
  "process_end_time": 1768109417.5345845,
  "total_elapsed_time_seconds": 212.62,
  "rounds_time_stats": {
    "round_1": 26.68,
    "round_2": 21.31,
    "round_3": 40.56,
    "round_4": 41.25,
    "round_5": 47.29,
    "round_6": 35.53
  }
}