{
  "process_start_time": 1767888662.0362794,
  "process_end_time": 1767888680.8689437,
  "total_elapsed_time_seconds": 18.83,
  "rounds_time_stats": {
    "round_1": 18.83
  }
}