{
  "process_start_time": 1767886728.2284646,
  "process_end_time": 1767886752.9883664,
  "total_elapsed_time_seconds": 24.76,
  "rounds_time_stats": {
    "round_1": 24.76
  }
}