{
  "process_start_time": 1768117112.273561,
  "process_end_time": 1768117360.707247,
  "total_elapsed_time_seconds": 248.43,
  "rounds_time_stats": {
    "round_1": 45.29,
    "round_2": 34.06,
    "round_3": 34.52,
    "round_4": 47.15,
    "round_5": 43.82,
    "round_6": 43.6
  }
}