{
  "process_start_time": 1767882910.796709,
  "process_end_time": 1767882934.53621,
  "total_elapsed_time_seconds": 23.74,
  "rounds_time_stats": {
    "round_1": 23.74
  }
}