{
  "process_start_time": 1767888845.1092978,
  "process_end_time": 1767889025.440023,
  "total_elapsed_time_seconds": 180.33,
  "rounds_time_stats": {
    "round_1": 25.46,
    "round_2": 34.02,
    "round_3": 28.27,
    "round_4": 40.46,
    "round_5": 26.7,
    "round_6": 25.42
  }
}