{
  "process_start_time": 1768554951.3337493,
  "process_end_time": 1768555108.3341932,
  "total_elapsed_time_seconds": 157.0,
  "rounds_time_stats": {
    "round_1": 20.37,
    "round_2": 21.76,
    "round_3": 26.03,
    "round_4": 32.7,
    "round_5": 28.63,
    "round_6": 27.5
  }
}