{
  "process_start_time": 1767889330.3829412,
  "process_end_time": 1767889342.016802,
  "total_elapsed_time_seconds": 11.63,
  "rounds_time_stats": {
    "round_1": 11.63
  }
}