{
  "process_start_time": 1767973685.7348955,
  "process_end_time": 1767973884.036515,
  "total_elapsed_time_seconds": 198.3,
  "rounds_time_stats": {
    "round_1": 31.3,
    "round_2": 28.68,
    "round_3": 28.97,
    "round_4": 66.61,
    "round_5": 20.63,
    "round_6": 22.11
  }
}