{
  "process_start_time": 1767882903.67681,
  "process_end_time": 1767883061.4564283,
  "total_elapsed_time_seconds": 157.78,
  "rounds_time_stats": {
    "round_1": 24.16,
    "round_2": 23.65,
    "round_3": 28.68,
    "round_4": 27.88,
    "round_5": 24.55,
    "round_6": 28.85
  }
}