{
  "process_start_time": 1767885557.8227458,
  "process_end_time": 1767885585.8760092,
  "total_elapsed_time_seconds": 28.05,
  "rounds_time_stats": {
    "round_1": 28.05
  }
}