{
  "process_start_time": 1767888080.721171,
  "process_end_time": 1767888262.4594777,
  "total_elapsed_time_seconds": 181.74,
  "rounds_time_stats": {
    "round_1": 27.61,
    "round_2": 29.66,
    "round_3": 26.94,
    "round_4": 33.36,
    "round_5": 29.91,
    "round_6": 34.25
  }
}