{
  "process_start_time": 1767687031.5334272,
  "process_end_time": 1767687289.4642713,
  "total_elapsed_time_seconds": 257.93,
  "rounds_time_stats": {
    "round_1": 39.07,
    "round_2": 35.34,
    "round_3": 46.49,
    "round_4": 43.26,
    "round_5": 46.28,
    "round_6": 47.48
  }
}