{
  "process_start_time": 1768117900.7165291,
  "process_end_time": 1768118172.9768245,
  "total_elapsed_time_seconds": 272.26,
  "rounds_time_stats": {
    "round_1": 59.09,
    "round_2": 68.2,
    "round_3": 47.32,
    "round_4": 42.46,
    "round_5": 34.58,
    "round_6": 20.6
  }
}