{
  "process_start_time": 1767685762.4199934,
  "process_end_time": 1767685884.97498,
  "total_elapsed_time_seconds": 122.55,
  "rounds_time_stats": {
    "round_1": 37.85,
    "round_2": 39.83,
    "round_3": 44.86
  }
}