{
  "process_start_time": 1768554914.671562,
  "process_end_time": 1768554991.139575,
  "total_elapsed_time_seconds": 76.47,
  "rounds_time_stats": {
    "round_1": 16.67,
    "round_2": 25.96,
    "round_3": 21.62,
    "round_4": 12.21
  }
}