{
  "process_start_time": 1768109217.1697173,
  "process_end_time": 1768109473.2388892,
  "total_elapsed_time_seconds": 256.07,
  "rounds_time_stats": {
    "round_1": 52.94,
    "round_2": 35.77,
    "round_3": 29.14,
    "round_4": 46.19,
    "round_5": 35.71,
    "round_6": 56.31
  }
}