{
  "process_start_time": 1767976145.5022893,
  "process_end_time": 1767976329.9875793,
  "total_elapsed_time_seconds": 184.49,
  "rounds_time_stats": {
    "round_1": 31.3,
    "round_2": 32.68,
    "round_3": 30.83,
    "round_4": 29.12,
    "round_5": 31.52,
    "round_6": 29.03
  }
}