{
  "process_start_time": 1767976951.9599512,
  "process_end_time": 1767977105.6439283,
  "total_elapsed_time_seconds": 153.68,
  "rounds_time_stats": {
    "round_1": 31.44,
    "round_2": 26.75,
    "round_3": 30.7,
    "round_4": 22.89,
    "round_5": 17.88,
    "round_6": 24.01
  }
}