{
  "process_start_time": 1767977458.8062549,
  "process_end_time": 1767977602.3933754,
  "total_elapsed_time_seconds": 143.59,
  "rounds_time_stats": {
    "round_1": 14.95,
    "round_2": 20.96,
    "round_3": 22.7,
    "round_4": 25.34,
    "round_5": 30.44,
    "round_6": 29.19
  }
}