{
  "process_start_time": 1767883407.518063,
  "process_end_time": 1767883427.629513,
  "total_elapsed_time_seconds": 20.11,
  "rounds_time_stats": {
    "round_1": 20.1
  }
}