{
  "process_start_time": 1767978500.253681,
  "process_end_time": 1767978639.2106698,
  "total_elapsed_time_seconds": 138.96,
  "rounds_time_stats": {
    "round_1": 16.05,
    "round_2": 19.14,
    "round_3": 23.02,
    "round_4": 26.53,
    "round_5": 27.74,
    "round_6": 26.47
  }
}