{
  "process_start_time": 1767884680.5140572,
  "process_end_time": 1767884707.6164885,
  "total_elapsed_time_seconds": 27.1,
  "rounds_time_stats": {
    "round_1": 27.07
  }
}