{
  "process_start_time": 1767884616.3610237,
  "process_end_time": 1767884891.104486,
  "total_elapsed_time_seconds": 274.74,
  "rounds_time_stats": {
    "round_1": 26.43,
    "round_2": 37.64,
    "round_3": 38.06,
    "round_4": 38.45,
    "round_5": 68.21,
    "round_6": 65.96
  }
}