{
  "process_start_time": 1767886200.6179798,
  "process_end_time": 1767886214.4436116,
  "total_elapsed_time_seconds": 13.83,
  "rounds_time_stats": {
    "round_1": 13.82
  }
}