{
  "process_start_time": 1768550446.8254137,
  "process_end_time": 1768550720.5825887,
  "total_elapsed_time_seconds": 273.76,
  "rounds_time_stats": {
    "round_1": 56.85,
    "round_2": 38.2,
    "round_3": 42.29,
    "round_4": 43.36,
    "round_5": 45.04,
    "round_6": 48.02
  }
}