{
  "process_start_time": 1767978328.3275402,
  "process_end_time": 1767978500.2525928,
  "total_elapsed_time_seconds": 171.93,
  "rounds_time_stats": {
    "round_1": 22.77,
    "round_2": 32.67,
    "round_3": 27.5,
    "round_4": 26.88,
    "round_5": 33.89,
    "round_6": 28.22
  }
}