{
  "process_start_time": 1767888752.9480987,
  "process_end_time": 1767888762.989254,
  "total_elapsed_time_seconds": 10.04,
  "rounds_time_stats": {
    "round_1": 10.04
  }
}