{
  "process_start_time": 1767883848.4356122,
  "process_end_time": 1767883968.25564,
  "total_elapsed_time_seconds": 119.82,
  "rounds_time_stats": {
    "round_1": 22.09,
    "round_2": 19.12,
    "round_3": 20.39,
    "round_4": 21.95,
    "round_5": 19.22,
    "round_6": 17.05
  }
}