{
  "process_start_time": 1767890056.257789,
  "process_end_time": 1767890081.2108686,
  "total_elapsed_time_seconds": 24.95,
  "rounds_time_stats": {
    "round_1": 24.95
  }
}