{
  "process_start_time": 1767886921.6714058,
  "process_end_time": 1767886961.5461729,
  "total_elapsed_time_seconds": 39.87,
  "rounds_time_stats": {
    "round_1": 21.64,
    "round_2": 17.95,
    "round_3": 0.28
  }
}