{
  "process_start_time": 1767687650.662299,
  "process_end_time": 1767687917.5122836,
  "total_elapsed_time_seconds": 266.85,
  "rounds_time_stats": {
    "round_1": 43.18,
    "round_2": 45.3,
    "round_3": 48.46,
    "round_4": 43.29,
    "round_5": 47.58,
    "round_6": 39.04
  }
}