{
  "process_start_time": 1767690053.1223118,
  "process_end_time": 1767690323.6055677,
  "total_elapsed_time_seconds": 270.48,
  "rounds_time_stats": {
    "round_1": 38.63,
    "round_2": 45.33,
    "round_3": 65.43,
    "round_4": 44.59,
    "round_5": 33.91,
    "round_6": 42.58
  }
}