{
  "process_start_time": 1767888526.2901165,
  "process_end_time": 1767888538.8686817,
  "total_elapsed_time_seconds": 12.58,
  "rounds_time_stats": {
    "round_1": 12.58
  }
}