{
  "process_start_time": 1768116012.8635383,
  "process_end_time": 1768116262.6479924,
  "total_elapsed_time_seconds": 249.78,
  "rounds_time_stats": {
    "round_1": 46.87,
    "round_2": 43.6,
    "round_3": 35.02,
    "round_4": 45.68,
    "round_5": 32.64,
    "round_6": 45.96
  }
}