{
  "process_start_time": 1767889435.37579,
  "process_end_time": 1767889632.587702,
  "total_elapsed_time_seconds": 197.21,
  "rounds_time_stats": {
    "round_1": 18.19,
    "round_2": 38.37,
    "round_3": 32.55,
    "round_4": 43.02,
    "round_5": 39.24,
    "round_6": 25.84
  }
}