{
  "process_start_time": 1767888221.9620056,
  "process_end_time": 1767888392.358541,
  "total_elapsed_time_seconds": 170.4,
  "rounds_time_stats": {
    "round_1": 30.04,
    "round_2": 21.7,
    "round_3": 32.58,
    "round_4": 31.07,
    "round_5": 28.6,
    "round_6": 26.41
  }
}