{
  "process_start_time": 1767883521.3655276,
  "process_end_time": 1767883742.268709,
  "total_elapsed_time_seconds": 220.9,
  "rounds_time_stats": {
    "round_1": 38.26,
    "round_2": 38.81,
    "round_3": 36.38,
    "round_4": 30.82,
    "round_5": 35.52,
    "round_6": 41.11
  }
}