{
  "process_start_time": 1767676616.9438918,
  "process_end_time": 1767676921.22475,
  "total_elapsed_time_seconds": 304.28,
  "rounds_time_stats": {
    "round_1": 45.25,
    "round_2": 48.54,
    "round_3": 58.44,
    "round_4": 56.8,
    "round_5": 51.65,
    "round_6": 43.6
  }
}