{
  "process_start_time": 1767885768.4484031,
  "process_end_time": 1767885794.3754008,
  "total_elapsed_time_seconds": 25.93,
  "rounds_time_stats": {
    "round_1": 25.92
  }
}