{
  "process_start_time": 1768556962.9486327,
  "process_end_time": 1768557056.2156138,
  "total_elapsed_time_seconds": 93.27,
  "rounds_time_stats": {
    "round_1": 23.28,
    "round_2": 20.74,
    "round_3": 16.54,
    "round_4": 12.19,
    "round_5": 11.99,
    "round_6": 8.51
  }
}