{
  "process_start_time": 1767689867.774775,
  "process_end_time": 1767690170.7484362,
  "total_elapsed_time_seconds": 302.97,
  "rounds_time_stats": {
    "round_1": 49.03,
    "round_2": 46.52,
    "round_3": 53.5,
    "round_4": 45.75,
    "round_5": 51.43,
    "round_6": 56.73
  }
}