{
  "process_start_time": 1767888341.3676562,
  "process_end_time": 1767888358.1968627,
  "total_elapsed_time_seconds": 16.83,
  "rounds_time_stats": {
    "round_1": 16.83
  }
}