{
  "process_start_time": 1768114752.845154,
  "process_end_time": 1768115040.447753,
  "total_elapsed_time_seconds": 287.6,
  "rounds_time_stats": {
    "round_1": 57.41,
    "round_2": 36.3,
    "round_3": 50.07,
    "round_4": 50.99,
    "round_5": 44.54,
    "round_6": 48.3
  }
}