{
  "process_start_time": 1768117845.673604,
  "process_end_time": 1768118087.6712146,
  "total_elapsed_time_seconds": 242.0,
  "rounds_time_stats": {
    "round_1": 31.7,
    "round_2": 31.07,
    "round_3": 38.77,
    "round_4": 51.63,
    "round_5": 42.09,
    "round_6": 46.74
  }
}