{
  "process_start_time": 1767889109.1753545,
  "process_end_time": 1767889116.917838,
  "total_elapsed_time_seconds": 7.74,
  "rounds_time_stats": {
    "round_1": 7.74
  }
}