{
  "process_start_time": 1768550224.5483825,
  "process_end_time": 1768550461.4449627,
  "total_elapsed_time_seconds": 236.9,
  "rounds_time_stats": {
    "round_1": 42.26,
    "round_2": 40.4,
    "round_3": 28.68,
    "round_4": 33.38,
    "round_5": 46.13,
    "round_6": 46.05
  }
}