{
  "process_start_time": 1767684706.6995027,
  "process_end_time": 1767685020.1075447,
  "total_elapsed_time_seconds": 313.41,
  "rounds_time_stats": {
    "round_1": 48.38,
    "round_2": 47.15,
    "round_3": 61.76,
    "round_4": 48.33,
    "round_5": 61.9,
    "round_6": 45.88
  }
}