{
  "process_start_time": 1768116201.549811,
  "process_end_time": 1768116544.756458,
  "total_elapsed_time_seconds": 343.21,
  "rounds_time_stats": {
    "round_1": 45.38,
    "round_2": 89.96,
    "round_3": 45.3,
    "round_4": 61.67,
    "round_5": 45.4,
    "round_6": 55.5
  }
}