{
  "process_start_time": 1767890487.6595776,
  "process_end_time": 1767890508.791674,
  "total_elapsed_time_seconds": 21.13,
  "rounds_time_stats": {
    "round_1": 21.12
  }
}