{
  "process_start_time": 1767885058.972885,
  "process_end_time": 1767885214.2416835,
  "total_elapsed_time_seconds": 155.27,
  "rounds_time_stats": {
    "round_1": 27.32,
    "round_2": 18.09,
    "round_3": 22.77,
    "round_4": 22.84,
    "round_5": 24.37,
    "round_6": 39.88
  }
}