{
  "process_start_time": 1768116650.3601186,
  "process_end_time": 1768116842.344947,
  "total_elapsed_time_seconds": 191.98,
  "rounds_time_stats": {
    "round_1": 32.2,
    "round_2": 39.75,
    "round_3": 29.66,
    "round_4": 30.57,
    "round_5": 27.57,
    "round_6": 32.23
  }
}