{
  "process_start_time": 1767889809.4480515,
  "process_end_time": 1767889821.8026364,
  "total_elapsed_time_seconds": 12.35,
  "rounds_time_stats": {
    "round_1": 12.35
  }
}