{
  "process_start_time": 1767885961.5319703,
  "process_end_time": 1767885999.2688563,
  "total_elapsed_time_seconds": 37.74,
  "rounds_time_stats": {
    "round_1": 37.7
  }
}