{
  "process_start_time": 1768109276.1642618,
  "process_end_time": 1768109550.025545,
  "total_elapsed_time_seconds": 273.86,
  "rounds_time_stats": {
    "round_1": 40.37,
    "round_2": 51.53,
    "round_3": 47.43,
    "round_4": 45.88,
    "round_5": 45.24,
    "round_6": 43.41
  }
}