{
  "process_start_time": 1767687963.8440988,
  "process_end_time": 1767688264.170319,
  "total_elapsed_time_seconds": 300.33,
  "rounds_time_stats": {
    "round_1": 63.36,
    "round_2": 44.82,
    "round_3": 49.36,
    "round_4": 48.63,
    "round_5": 49.78,
    "round_6": 44.36
  }
}