{
  "process_start_time": 1767678924.237904,
  "process_end_time": 1767679191.1517742,
  "total_elapsed_time_seconds": 266.91,
  "rounds_time_stats": {
    "round_1": 43.96,
    "round_2": 47.63,
    "round_3": 44.63,
    "round_4": 47.02,
    "round_5": 46.13,
    "round_6": 37.54
  }
}