{
  "process_start_time": 1767888817.3192325,
  "process_end_time": 1767888828.2994816,
  "total_elapsed_time_seconds": 10.98,
  "rounds_time_stats": {
    "round_1": 10.98
  }
}