{
  "process_start_time": 1767884523.0611148,
  "process_end_time": 1767884540.0670047,
  "total_elapsed_time_seconds": 17.01,
  "rounds_time_stats": {
    "round_1": 17.0
  }
}