{
  "process_start_time": 1767888737.029695,
  "process_end_time": 1767888753.6721103,
  "total_elapsed_time_seconds": 16.64,
  "rounds_time_stats": {
    "round_1": 16.64
  }
}