{
  "process_start_time": 1767889844.3361459,
  "process_end_time": 1767889913.816705,
  "total_elapsed_time_seconds": 69.48,
  "rounds_time_stats": {
    "round_1": 14.68,
    "round_2": 20.78,
    "round_3": 34.0
  }
}