{
  "process_start_time": 1767889451.5102446,
  "process_end_time": 1767889465.618011,
  "total_elapsed_time_seconds": 14.11,
  "rounds_time_stats": {
    "round_1": 14.1
  }
}