{
  "process_start_time": 1767889021.0793936,
  "process_end_time": 1767889040.3426163,
  "total_elapsed_time_seconds": 19.26,
  "rounds_time_stats": {
    "round_1": 18.88,
    "round_2": 0.39
  }
}