{
  "process_start_time": 1768116028.9506981,
  "process_end_time": 1768116341.4427824,
  "total_elapsed_time_seconds": 312.49,
  "rounds_time_stats": {
    "round_1": 49.41,
    "round_2": 60.58,
    "round_3": 43.81,
    "round_4": 48.8,
    "round_5": 39.97,
    "round_6": 69.93
  }
}