{
  "process_start_time": 1767888074.3565059,
  "process_end_time": 1767888091.0449545,
  "total_elapsed_time_seconds": 16.69,
  "rounds_time_stats": {
    "round_1": 8.88,
    "round_2": 7.81
  }
}