{
  "process_start_time": 1767682949.7304704,
  "process_end_time": 1767683215.7382083,
  "total_elapsed_time_seconds": 266.01,
  "rounds_time_stats": {
    "round_1": 42.99,
    "round_2": 43.55,
    "round_3": 46.02,
    "round_4": 47.01,
    "round_5": 43.25,
    "round_6": 43.19
  }
}