{
  "process_start_time": 1767886095.6297836,
  "process_end_time": 1767886211.296191,
  "total_elapsed_time_seconds": 115.67,
  "rounds_time_stats": {
    "round_1": 44.32,
    "round_2": 33.38,
    "round_3": 37.96
  }
}