{
  "process_start_time": 1767889780.578786,
  "process_end_time": 1767889815.6752212,
  "total_elapsed_time_seconds": 35.1,
  "rounds_time_stats": {
    "round_1": 35.06,
    "round_2": 0.04
  }
}