{
  "process_start_time": 1767675760.5940268,
  "process_end_time": 1767676078.5573251,
  "total_elapsed_time_seconds": 317.96,
  "rounds_time_stats": {
    "round_1": 58.76,
    "round_2": 56.96,
    "round_3": 62.54,
    "round_4": 45.62,
    "round_5": 44.76,
    "round_6": 49.32
  }
}