{
  "process_start_time": 1767976889.2893438,
  "process_end_time": 1767977060.8357015,
  "total_elapsed_time_seconds": 171.55,
  "rounds_time_stats": {
    "round_1": 32.07,
    "round_2": 26.62,
    "round_3": 31.19,
    "round_4": 26.1,
    "round_5": 30.55,
    "round_6": 25.02
  }
}