{
  "process_start_time": 1767975136.256765,
  "process_end_time": 1767975291.367546,
  "total_elapsed_time_seconds": 155.11,
  "rounds_time_stats": {
    "round_1": 18.25,
    "round_2": 24.47,
    "round_3": 32.35,
    "round_4": 27.39,
    "round_5": 25.72,
    "round_6": 26.92
  }
}