{
  "process_start_time": 1767977458.8052125,
  "process_end_time": 1767977645.242059,
  "total_elapsed_time_seconds": 186.44,
  "rounds_time_stats": {
    "round_1": 25.42,
    "round_2": 37.97,
    "round_3": 32.09,
    "round_4": 31.37,
    "round_5": 29.91,
    "round_6": 29.67
  }
}