{
  "process_start_time": 1767884497.7445724,
  "process_end_time": 1767884534.071552,
  "total_elapsed_time_seconds": 36.33,
  "rounds_time_stats": {
    "round_1": 36.29
  }
}