{
  "process_start_time": 1767676874.3801131,
  "process_end_time": 1767677143.680492,
  "total_elapsed_time_seconds": 269.3,
  "rounds_time_stats": {
    "round_1": 45.88,
    "round_2": 45.32,
    "round_3": 48.83,
    "round_4": 41.61,
    "round_5": 43.84,
    "round_6": 43.83
  }
}