{
  "process_start_time": 1767685762.8602202,
  "process_end_time": 1767686011.4321897,
  "total_elapsed_time_seconds": 248.57,
  "rounds_time_stats": {
    "round_1": 37.79,
    "round_2": 42.16,
    "round_3": 49.31,
    "round_4": 45.56,
    "round_5": 38.53,
    "round_6": 35.21
  }
}