{
  "process_start_time": 1767886446.9073555,
  "process_end_time": 1767886602.8348422,
  "total_elapsed_time_seconds": 155.93,
  "rounds_time_stats": {
    "round_1": 18.87,
    "round_2": 25.1,
    "round_3": 28.26,
    "round_4": 22.86,
    "round_5": 31.1,
    "round_6": 29.73
  }
}