{
  "process_start_time": 1767889284.1507711,
  "process_end_time": 1767889314.4679203,
  "total_elapsed_time_seconds": 30.32,
  "rounds_time_stats": {
    "round_1": 16.74,
    "round_2": 13.58
  }
}