{
  "process_start_time": 1767884915.5114567,
  "process_end_time": 1767885162.9406836,
  "total_elapsed_time_seconds": 247.43,
  "rounds_time_stats": {
    "round_1": 146.04,
    "round_2": 24.35,
    "round_3": 22.63,
    "round_4": 21.54,
    "round_5": 16.23,
    "round_6": 16.64
  }
}