{
  "process_start_time": 1768114486.9763098,
  "process_end_time": 1768114740.4202034,
  "total_elapsed_time_seconds": 253.44,
  "rounds_time_stats": {
    "round_1": 34.12,
    "round_2": 45.94,
    "round_3": 32.89,
    "round_4": 35.3,
    "round_5": 53.91,
    "round_6": 51.29
  }
}