{
  "process_start_time": 1767888269.1430585,
  "process_end_time": 1767888315.785209,
  "total_elapsed_time_seconds": 46.64,
  "rounds_time_stats": {
    "round_1": 22.81,
    "round_2": 23.7,
    "round_3": 0.13
  }
}