{
  "process_start_time": 1767969561.1414373,
  "process_end_time": 1767969856.6738575,
  "total_elapsed_time_seconds": 295.53,
  "rounds_time_stats": {
    "round_1": 45.2,
    "round_2": 54.08,
    "round_3": 65.49,
    "round_4": 50.91,
    "round_5": 54.35,
    "round_6": 25.49
  }
}