{
  "process_start_time": 1767890104.0736463,
  "process_end_time": 1767890132.063713,
  "total_elapsed_time_seconds": 27.99,
  "rounds_time_stats": {
    "round_1": 27.88,
    "round_2": 0.11
  }
}