{
  "process_start_time": 1767889318.7341475,
  "process_end_time": 1767889397.5695002,
  "total_elapsed_time_seconds": 78.84,
  "rounds_time_stats": {
    "round_1": 11.49,
    "round_2": 8.8,
    "round_3": 14.08,
    "round_4": 10.82,
    "round_5": 14.18,
    "round_6": 19.46
  }
}