{
  "process_start_time": 1767975136.2605567,
  "process_end_time": 1767975304.339337,
  "total_elapsed_time_seconds": 168.08,
  "rounds_time_stats": {
    "round_1": 28.97,
    "round_2": 26.23,
    "round_3": 28.65,
    "round_4": 26.97,
    "round_5": 28.26,
    "round_6": 29.0
  }
}