{
  "process_start_time": 1767679209.3680046,
  "process_end_time": 1767679474.7568517,
  "total_elapsed_time_seconds": 265.39,
  "rounds_time_stats": {
    "round_1": 48.35,
    "round_2": 41.85,
    "round_3": 41.56,
    "round_4": 49.12,
    "round_5": 45.41,
    "round_6": 39.09
  }
}