{
  "process_start_time": 1767676077.5034266,
  "process_end_time": 1767676375.4517853,
  "total_elapsed_time_seconds": 297.95,
  "rounds_time_stats": {
    "round_1": 47.02,
    "round_2": 51.76,
    "round_3": 44.36,
    "round_4": 46.21,
    "round_5": 59.21,
    "round_6": 49.37
  }
}