{
  "process_start_time": 1767886482.6335728,
  "process_end_time": 1767886500.1803474,
  "total_elapsed_time_seconds": 17.55,
  "rounds_time_stats": {
    "round_1": 17.54
  }
}