{
  "process_start_time": 1767890189.8447535,
  "process_end_time": 1767890226.0721977,
  "total_elapsed_time_seconds": 36.23,
  "rounds_time_stats": {
    "round_1": 36.2
  }
}