{
  "process_start_time": 1767886175.7664464,
  "process_end_time": 1767886206.8924174,
  "total_elapsed_time_seconds": 31.13,
  "rounds_time_stats": {
    "round_1": 31.12
  }
}