{
  "process_start_time": 1767888574.0709326,
  "process_end_time": 1767888598.7136304,
  "total_elapsed_time_seconds": 24.64,
  "rounds_time_stats": {
    "round_1": 24.64
  }
}