{
  "process_start_time": 1767977645.3638065,
  "process_end_time": 1767977832.8535213,
  "total_elapsed_time_seconds": 187.49,
  "rounds_time_stats": {
    "round_1": 22.91,
    "round_2": 25.59,
    "round_3": 32.19,
    "round_4": 33.66,
    "round_5": 42.82,
    "round_6": 30.31
  }
}