{
  "process_start_time": 1767691713.8425484,
  "process_end_time": 1767691986.9419944,
  "total_elapsed_time_seconds": 273.1,
  "rounds_time_stats": {
    "round_1": 43.48,
    "round_2": 39.6,
    "round_3": 49.23,
    "round_4": 48.17,
    "round_5": 44.05,
    "round_6": 48.58
  }
}