{
  "process_start_time": 1767685317.479611,
  "process_end_time": 1767685541.0623841,
  "total_elapsed_time_seconds": 223.58,
  "rounds_time_stats": {
    "round_1": 50.94,
    "round_2": 67.76,
    "round_3": 48.36,
    "round_4": 56.44
  }
}