{
  "process_start_time": 1767689446.2301736,
  "process_end_time": 1767689743.5087478,
  "total_elapsed_time_seconds": 297.28,
  "rounds_time_stats": {
    "round_1": 47.75,
    "round_2": 42.98,
    "round_3": 45.11,
    "round_4": 43.68,
    "round_5": 57.95,
    "round_6": 59.8
  }
}