{
  "process_start_time": 1767685515.3513858,
  "process_end_time": 1767685759.660522,
  "total_elapsed_time_seconds": 244.31,
  "rounds_time_stats": {
    "round_1": 46.42,
    "round_2": 41.14,
    "round_3": 46.18,
    "round_4": 34.09,
    "round_5": 43.57,
    "round_6": 32.9
  }
}