{
  "process_start_time": 1767885829.683578,
  "process_end_time": 1767885867.264392,
  "total_elapsed_time_seconds": 37.58,
  "rounds_time_stats": {
    "round_1": 37.58
  }
}