{
  "process_start_time": 1768116712.2010875,
  "process_end_time": 1768116942.4993305,
  "total_elapsed_time_seconds": 230.3,
  "rounds_time_stats": {
    "round_1": 26.44,
    "round_2": 25.59,
    "round_3": 42.02,
    "round_4": 39.48,
    "round_5": 46.19,
    "round_6": 50.56
  }
}