{
  "process_start_time": 1767885178.1111245,
  "process_end_time": 1767885191.6255658,
  "total_elapsed_time_seconds": 13.51,
  "rounds_time_stats": {
    "round_1": 13.51
  }
}