{
  "process_start_time": 1768556181.0558734,
  "process_end_time": 1768556383.9039154,
  "total_elapsed_time_seconds": 202.85,
  "rounds_time_stats": {
    "round_1": 37.31,
    "round_2": 30.24,
    "round_3": 37.85,
    "round_4": 28.98,
    "round_5": 38.31,
    "round_6": 30.16
  }
}