{
  "process_start_time": 1767890857.2773561,
  "process_end_time": 1767890974.5062363,
  "total_elapsed_time_seconds": 117.23,
  "rounds_time_stats": {
    "round_1": 17.33,
    "round_2": 28.02,
    "round_3": 25.84,
    "round_4": 25.59,
    "round_5": 20.45
  }
}