{
  "process_start_time": 1768551021.4325156,
  "process_end_time": 1768551223.9414058,
  "total_elapsed_time_seconds": 202.51,
  "rounds_time_stats": {
    "round_1": 44.7,
    "round_2": 38.62,
    "round_3": 42.06,
    "round_4": 28.76,
    "round_5": 27.63,
    "round_6": 20.74
  }
}