{
  "process_start_time": 1767885912.9800963,
  "process_end_time": 1767885972.2627196,
  "total_elapsed_time_seconds": 59.28,
  "rounds_time_stats": {
    "round_1": 9.82,
    "round_2": 12.58,
    "round_3": 16.76,
    "round_4": 19.92,
    "round_5": 0.19
  }
}