{
  "process_start_time": 1767685528.6221375,
  "process_end_time": 1767685790.4756122,
  "total_elapsed_time_seconds": 261.85,
  "rounds_time_stats": {
    "round_1": 37.16,
    "round_2": 44.45,
    "round_3": 39.85,
    "round_4": 47.44,
    "round_5": 48.23,
    "round_6": 44.73
  }
}