{
  "process_start_time": 1767888388.6644287,
  "process_end_time": 1767888411.699119,
  "total_elapsed_time_seconds": 23.03,
  "rounds_time_stats": {
    "round_1": 13.64,
    "round_2": 9.39
  }
}