{
  "process_start_time": 1768551004.8547876,
  "process_end_time": 1768551213.5117085,
  "total_elapsed_time_seconds": 208.66,
  "rounds_time_stats": {
    "round_1": 30.76,
    "round_2": 45.89,
    "round_3": 41.01,
    "round_4": 31.33,
    "round_5": 30.51,
    "round_6": 29.15
  }
}