{
  "process_start_time": 1767887424.2578864,
  "process_end_time": 1767887445.3549998,
  "total_elapsed_time_seconds": 21.1,
  "rounds_time_stats": {
    "round_1": 21.09
  }
}