{
  "process_start_time": 1767683221.2974298,
  "process_end_time": 1767683499.4723742,
  "total_elapsed_time_seconds": 278.17,
  "rounds_time_stats": {
    "round_1": 44.55,
    "round_2": 45.19,
    "round_3": 46.77,
    "round_4": 46.82,
    "round_5": 48.73,
    "round_6": 46.11
  }
}