{
  "process_start_time": 1768117593.6329172,
  "process_end_time": 1768117865.375972,
  "total_elapsed_time_seconds": 271.74,
  "rounds_time_stats": {
    "round_1": 43.92,
    "round_2": 45.75,
    "round_3": 62.61,
    "round_4": 50.13,
    "round_5": 38.24,
    "round_6": 31.1
  }
}