{
  "process_start_time": 1767890469.4270134,
  "process_end_time": 1767890603.4536884,
  "total_elapsed_time_seconds": 134.03,
  "rounds_time_stats": {
    "round_1": 16.15,
    "round_2": 21.55,
    "round_3": 26.38,
    "round_4": 24.08,
    "round_5": 21.13,
    "round_6": 24.72
  }
}