{
  "process_start_time": 1767890023.4837706,
  "process_end_time": 1767890093.1406252,
  "total_elapsed_time_seconds": 69.66,
  "rounds_time_stats": {
    "round_1": 15.72,
    "round_2": 53.93
  }
}