{
  "process_start_time": 1767884358.6564195,
  "process_end_time": 1767884393.2380989,
  "total_elapsed_time_seconds": 34.58,
  "rounds_time_stats": {
    "round_1": 15.53,
    "round_2": 19.05
  }
}