{
  "process_start_time": 1767885991.6072888,
  "process_end_time": 1767886024.2627072,
  "total_elapsed_time_seconds": 32.66,
  "rounds_time_stats": {
    "round_1": 32.16,
    "round_2": 0.49
  }
}