{
  "process_start_time": 1767883403.5835538,
  "process_end_time": 1767883467.39466,
  "total_elapsed_time_seconds": 63.81,
  "rounds_time_stats": {
    "round_1": 17.71,
    "round_2": 11.2,
    "round_3": 18.81,
    "round_4": 15.65,
    "round_5": 0.44
  }
}