{
  "process_start_time": 1767691407.043018,
  "process_end_time": 1767691713.7171237,
  "total_elapsed_time_seconds": 306.67,
  "rounds_time_stats": {
    "round_1": 75.4,
    "round_2": 43.58,
    "round_3": 45.5,
    "round_4": 45.98,
    "round_5": 46.96,
    "round_6": 49.25
  }
}