{
  "process_start_time": 1767883749.1276608,
  "process_end_time": 1767883915.3103917,
  "total_elapsed_time_seconds": 166.18,
  "rounds_time_stats": {
    "round_1": 26.88,
    "round_2": 28.54,
    "round_3": 29.04,
    "round_4": 24.37,
    "round_5": 30.57,
    "round_6": 26.78
  }
}