{
  "process_start_time": 1767677402.4634385,
  "process_end_time": 1767677620.5030746,
  "total_elapsed_time_seconds": 218.04,
  "rounds_time_stats": {
    "round_1": 44.81,
    "round_2": 34.63,
    "round_3": 30.26,
    "round_4": 38.78,
    "round_5": 36.99,
    "round_6": 32.56
  }
}