{
  "process_start_time": 1767687311.2919476,
  "process_end_time": 1767687606.6646345,
  "total_elapsed_time_seconds": 295.37,
  "rounds_time_stats": {
    "round_1": 38.15,
    "round_2": 39.43,
    "round_3": 48.05,
    "round_4": 49.38,
    "round_5": 62.73,
    "round_6": 57.63
  }
}