{
  "process_start_time": 1768555514.1225452,
  "process_end_time": 1768555676.6242578,
  "total_elapsed_time_seconds": 162.5,
  "rounds_time_stats": {
    "round_1": 27.34,
    "round_2": 25.32,
    "round_3": 21.61,
    "round_4": 30.87,
    "round_5": 28.19,
    "round_6": 29.17
  }
}