{
  "process_start_time": 1768555244.3006313,
  "process_end_time": 1768555287.0597072,
  "total_elapsed_time_seconds": 42.76,
  "rounds_time_stats": {
    "round_1": 42.73
  }
}