{
  "process_start_time": 1767887461.853244,
  "process_end_time": 1767887509.4457161,
  "total_elapsed_time_seconds": 47.59,
  "rounds_time_stats": {
    "round_1": 26.65,
    "round_2": 20.94
  }
}