{
  "process_start_time": 1767681310.7025232,
  "process_end_time": 1767681564.608571,
  "total_elapsed_time_seconds": 253.91,
  "rounds_time_stats": {
    "round_1": 46.01,
    "round_2": 46.28,
    "round_3": 44.69,
    "round_4": 33.78,
    "round_5": 45.42,
    "round_6": 37.72
  }
}