{
  "process_start_time": 1767886437.9373634,
  "process_end_time": 1767886457.2882082,
  "total_elapsed_time_seconds": 19.35,
  "rounds_time_stats": {
    "round_1": 19.35
  }
}