{
  "process_start_time": 1767687325.260952,
  "process_end_time": 1767687621.8526342,
  "total_elapsed_time_seconds": 296.59,
  "rounds_time_stats": {
    "round_1": 45.07,
    "round_2": 51.04,
    "round_3": 46.5,
    "round_4": 49.0,
    "round_5": 61.55,
    "round_6": 43.43
  }
}