{
  "process_start_time": 1768555928.8945537,
  "process_end_time": 1768556098.1688664,
  "total_elapsed_time_seconds": 169.27,
  "rounds_time_stats": {
    "round_1": 27.31,
    "round_2": 30.28,
    "round_3": 26.42,
    "round_4": 29.93,
    "round_5": 26.53,
    "round_6": 28.8
  }
}