{
  "process_start_time": 1768115682.627318,
  "process_end_time": 1768115948.52077,
  "total_elapsed_time_seconds": 265.89,
  "rounds_time_stats": {
    "round_1": 22.47,
    "round_2": 50.85,
    "round_3": 41.84,
    "round_4": 34.13,
    "round_5": 66.13,
    "round_6": 50.48
  }
}