{
  "process_start_time": 1767885201.4612236,
  "process_end_time": 1767885274.2195826,
  "total_elapsed_time_seconds": 72.76,
  "rounds_time_stats": {
    "round_1": 18.32,
    "round_2": 26.3,
    "round_3": 28.13
  }
}