{
  "process_start_time": 1767887555.9525275,
  "process_end_time": 1767887742.4804332,
  "total_elapsed_time_seconds": 186.53,
  "rounds_time_stats": {
    "round_1": 30.4,
    "round_2": 25.79,
    "round_3": 29.62,
    "round_4": 33.25,
    "round_5": 35.42,
    "round_6": 32.05
  }
}