{
  "process_start_time": 1767969222.4515784,
  "process_end_time": 1767969499.7418559,
  "total_elapsed_time_seconds": 277.29,
  "rounds_time_stats": {
    "round_1": 26.61,
    "round_2": 46.72,
    "round_3": 50.23,
    "round_4": 47.37,
    "round_5": 39.23,
    "round_6": 67.12
  }
}