{
  "process_start_time": 1768556441.2932143,
  "process_end_time": 1768556606.0764563,
  "total_elapsed_time_seconds": 164.78,
  "rounds_time_stats": {
    "round_1": 23.71,
    "round_2": 25.41,
    "round_3": 27.66,
    "round_4": 29.42,
    "round_5": 27.68,
    "round_6": 30.9
  }
}