{
  "process_start_time": 1767975262.6229274,
  "process_end_time": 1767975466.504703,
  "total_elapsed_time_seconds": 203.88,
  "rounds_time_stats": {
    "round_1": 41.63,
    "round_2": 27.78,
    "round_3": 30.19,
    "round_4": 36.59,
    "round_5": 36.49,
    "round_6": 31.2
  }
}