{
  "process_start_time": 1767886155.9083712,
  "process_end_time": 1767886178.9725988,
  "total_elapsed_time_seconds": 23.06,
  "rounds_time_stats": {
    "round_1": 23.06
  }
}