{
  "process_start_time": 1767680699.7178843,
  "process_end_time": 1767680987.7819016,
  "total_elapsed_time_seconds": 288.06,
  "rounds_time_stats": {
    "round_1": 45.93,
    "round_2": 45.25,
    "round_3": 61.29,
    "round_4": 46.19,
    "round_5": 43.41,
    "round_6": 45.99
  }
}