{
  "process_start_time": 1767889189.3193924,
  "process_end_time": 1767889241.1105518,
  "total_elapsed_time_seconds": 51.79,
  "rounds_time_stats": {
    "round_1": 11.11,
    "round_2": 9.99,
    "round_3": 15.96,
    "round_4": 14.73
  }
}