{
  "process_start_time": 1767890718.2274005,
  "process_end_time": 1767890824.858781,
  "total_elapsed_time_seconds": 106.63,
  "rounds_time_stats": {
    "round_1": 16.77,
    "round_2": 19.22,
    "round_3": 20.9,
    "round_4": 26.44,
    "round_5": 22.63,
    "round_6": 0.66
  }
}