{
  "process_start_time": 1767887387.4669487,
  "process_end_time": 1767887424.206215,
  "total_elapsed_time_seconds": 36.74,
  "rounds_time_stats": {
    "round_1": 36.71
  }
}