{
  "process_start_time": 1767889119.2125275,
  "process_end_time": 1767889150.3971517,
  "total_elapsed_time_seconds": 31.18,
  "rounds_time_stats": {
    "round_1": 15.93,
    "round_2": 15.25
  }
}