{
  "process_start_time": 1767675774.4247446,
  "process_end_time": 1767676110.6902921,
  "total_elapsed_time_seconds": 336.27,
  "rounds_time_stats": {
    "round_1": 57.92,
    "round_2": 73.82,
    "round_3": 57.51,
    "round_4": 48.08,
    "round_5": 52.66,
    "round_6": 46.28
  }
}