{
  "process_start_time": 1768552070.3942168,
  "process_end_time": 1768552275.8380835,
  "total_elapsed_time_seconds": 205.44,
  "rounds_time_stats": {
    "round_1": 28.0,
    "round_2": 29.63,
    "round_3": 36.5,
    "round_4": 36.68,
    "round_5": 37.35,
    "round_6": 37.28
  }
}