{
  "process_start_time": 1767978777.4267924,
  "process_end_time": 1767978915.0933163,
  "total_elapsed_time_seconds": 137.67,
  "rounds_time_stats": {
    "round_1": 21.22,
    "round_2": 16.1,
    "round_3": 27.72,
    "round_4": 23.84,
    "round_5": 25.44,
    "round_6": 23.35
  }
}