{
  "process_start_time": 1767675475.974037,
  "process_end_time": 1767675776.793544,
  "total_elapsed_time_seconds": 300.82,
  "rounds_time_stats": {
    "round_1": 71.5,
    "round_2": 38.41,
    "round_3": 50.66,
    "round_4": 42.25,
    "round_5": 41.74,
    "round_6": 56.25
  }
}