{
  "process_start_time": 1767889183.2356985,
  "process_end_time": 1767889337.3136382,
  "total_elapsed_time_seconds": 154.08,
  "rounds_time_stats": {
    "round_1": 26.35,
    "round_2": 27.08,
    "round_3": 19.49,
    "round_4": 20.36,
    "round_5": 34.96,
    "round_6": 25.84
  }
}