{
  "process_start_time": 1767886355.4712114,
  "process_end_time": 1767886496.5725822,
  "total_elapsed_time_seconds": 141.1,
  "rounds_time_stats": {
    "round_1": 20.76,
    "round_2": 25.2,
    "round_3": 22.52,
    "round_4": 24.04,
    "round_5": 23.37,
    "round_6": 25.21
  }
}