{
  "process_start_time": 1767676249.0191865,
  "process_end_time": 1767676541.5488186,
  "total_elapsed_time_seconds": 292.53,
  "rounds_time_stats": {
    "round_1": 45.91,
    "round_2": 50.79,
    "round_3": 59.69,
    "round_4": 45.76,
    "round_5": 44.09,
    "round_6": 46.3
  }
}