{
  "process_start_time": 1767681325.0775752,
  "process_end_time": 1767681590.3323336,
  "total_elapsed_time_seconds": 265.25,
  "rounds_time_stats": {
    "round_1": 46.89,
    "round_2": 45.76,
    "round_3": 50.35,
    "round_4": 41.38,
    "round_5": 42.92,
    "round_6": 37.95
  }
}