{
  "process_start_time": 1767889118.6789997,
  "process_end_time": 1767889155.0991342,
  "total_elapsed_time_seconds": 36.42,
  "rounds_time_stats": {
    "round_1": 14.87,
    "round_2": 21.55
  }
}