{
  "process_start_time": 1767885768.3110871,
  "process_end_time": 1767885796.3218353,
  "total_elapsed_time_seconds": 28.01,
  "rounds_time_stats": {
    "round_1": 28.0
  }
}