{
  "process_start_time": 1767884876.0778122,
  "process_end_time": 1767885035.4031246,
  "total_elapsed_time_seconds": 159.33,
  "rounds_time_stats": {
    "round_1": 27.46,
    "round_2": 131.87
  }
}