{
  "process_start_time": 1767885436.2818637,
  "process_end_time": 1767885582.3043466,
  "total_elapsed_time_seconds": 146.02,
  "rounds_time_stats": {
    "round_1": 18.45,
    "round_2": 25.62,
    "round_3": 29.13,
    "round_4": 20.92,
    "round_5": 23.82,
    "round_6": 28.08
  }
}