{
  "process_start_time": 1767679489.1778235,
  "process_end_time": 1767679760.852382,
  "total_elapsed_time_seconds": 271.67,
  "rounds_time_stats": {
    "round_1": 44.64,
    "round_2": 46.39,
    "round_3": 43.47,
    "round_4": 45.62,
    "round_5": 49.71,
    "round_6": 41.85
  }
}