{
  "process_start_time": 1767890674.4558892,
  "process_end_time": 1767890815.514685,
  "total_elapsed_time_seconds": 141.06,
  "rounds_time_stats": {
    "round_1": 22.5,
    "round_2": 18.33,
    "round_3": 22.88,
    "round_4": 25.85,
    "round_5": 20.67,
    "round_6": 30.83
  }
}