{
  "process_start_time": 1767887894.8674288,
  "process_end_time": 1767887910.7346246,
  "total_elapsed_time_seconds": 15.87,
  "rounds_time_stats": {
    "round_1": 15.86
  }
}