{
  "process_start_time": 1767890779.0198932,
  "process_end_time": 1767890941.5253744,
  "total_elapsed_time_seconds": 162.51,
  "rounds_time_stats": {
    "round_1": 23.83,
    "round_2": 27.78,
    "round_3": 22.32,
    "round_4": 35.55,
    "round_5": 26.31,
    "round_6": 26.61
  }
}