{
  "process_start_time": 1767889667.6951706,
  "process_end_time": 1767889705.169672,
  "total_elapsed_time_seconds": 37.47,
  "rounds_time_stats": {
    "round_1": 37.45
  }
}