{
  "process_start_time": 1767890693.5851903,
  "process_end_time": 1767890853.6601105,
  "total_elapsed_time_seconds": 160.07,
  "rounds_time_stats": {
    "round_1": 23.09,
    "round_2": 28.14,
    "round_3": 25.73,
    "round_4": 27.35,
    "round_5": 26.48,
    "round_6": 29.3
  }
}