{
  "process_start_time": 1767677191.2721324,
  "process_end_time": 1767677458.9793437,
  "total_elapsed_time_seconds": 267.71,
  "rounds_time_stats": {
    "round_1": 38.8,
    "round_2": 51.23,
    "round_3": 43.89,
    "round_4": 46.37,
    "round_5": 45.59,
    "round_6": 41.81
  }
}