{
  "process_start_time": 1767883154.196992,
  "process_end_time": 1767883194.41712,
  "total_elapsed_time_seconds": 40.22,
  "rounds_time_stats": {
    "round_1": 40.15
  }
}