{
  "process_start_time": 1767885973.5689328,
  "process_end_time": 1767885991.5808618,
  "total_elapsed_time_seconds": 18.01,
  "rounds_time_stats": {
    "round_1": 18.01
  }
}