{
  "process_start_time": 1767885167.8710768,
  "process_end_time": 1767885184.4223015,
  "total_elapsed_time_seconds": 16.55,
  "rounds_time_stats": {
    "round_1": 16.55
  }
}