{
  "process_start_time": 1768551555.955558,
  "process_end_time": 1768551742.7643485,
  "total_elapsed_time_seconds": 186.81,
  "rounds_time_stats": {
    "round_1": 27.88,
    "round_2": 28.2,
    "round_3": 39.39,
    "round_4": 27.1,
    "round_5": 30.01,
    "round_6": 34.23
  }
}