{
  "process_start_time": 1768550760.4467418,
  "process_end_time": 1768551065.8712807,
  "total_elapsed_time_seconds": 305.42,
  "rounds_time_stats": {
    "round_1": 45.02,
    "round_2": 44.24,
    "round_3": 71.56,
    "round_4": 42.17,
    "round_5": 43.38,
    "round_6": 59.04
  }
}