{
  "process_start_time": 1767890047.2634861,
  "process_end_time": 1767890098.9640677,
  "total_elapsed_time_seconds": 51.7,
  "rounds_time_stats": {
    "round_1": 51.69
  }
}