{
  "process_start_time": 1767688504.8469796,
  "process_end_time": 1767688820.5679936,
  "total_elapsed_time_seconds": 315.72,
  "rounds_time_stats": {
    "round_1": 53.76,
    "round_2": 49.24,
    "round_3": 47.44,
    "round_4": 68.82,
    "round_5": 48.98,
    "round_6": 47.48
  }
}