{
  "process_start_time": 1767684592.691892,
  "process_end_time": 1767684881.4451492,
  "total_elapsed_time_seconds": 288.75,
  "rounds_time_stats": {
    "round_1": 32.64,
    "round_2": 64.77,
    "round_3": 46.59,
    "round_4": 46.51,
    "round_5": 49.82,
    "round_6": 48.42
  }
}