{
  "process_start_time": 1767978190.893154,
  "process_end_time": 1767978403.2200134,
  "total_elapsed_time_seconds": 212.33,
  "rounds_time_stats": {
    "round_1": 31.38,
    "round_2": 27.14,
    "round_3": 38.21,
    "round_4": 38.46,
    "round_5": 36.94,
    "round_6": 40.19
  }
}