{
  "process_start_time": 1767883770.9513628,
  "process_end_time": 1767883797.1867115,
  "total_elapsed_time_seconds": 26.24,
  "rounds_time_stats": {
    "round_1": 26.21
  }
}