{
  "process_start_time": 1768116185.3359547,
  "process_end_time": 1768116457.060541,
  "total_elapsed_time_seconds": 271.72,
  "rounds_time_stats": {
    "round_1": 37.43,
    "round_2": 40.03,
    "round_3": 77.31,
    "round_4": 38.27,
    "round_5": 33.64,
    "round_6": 45.04
  }
}