{
  "process_start_time": 1767690201.1158054,
  "process_end_time": 1767690499.8344424,
  "total_elapsed_time_seconds": 298.72,
  "rounds_time_stats": {
    "round_1": 61.62,
    "round_2": 46.8,
    "round_3": 48.04,
    "round_4": 45.78,
    "round_5": 50.28,
    "round_6": 46.2
  }
}