{
  "process_start_time": 1767885387.7479918,
  "process_end_time": 1767885408.263116,
  "total_elapsed_time_seconds": 20.52,
  "rounds_time_stats": {
    "round_1": 20.51
  }
}