{
  "process_start_time": 1767691713.4069433,
  "process_end_time": 1767691988.4456868,
  "total_elapsed_time_seconds": 275.04,
  "rounds_time_stats": {
    "round_1": 39.96,
    "round_2": 45.92,
    "round_3": 47.07,
    "round_4": 45.36,
    "round_5": 49.68,
    "round_6": 47.05
  }
}