{
  "process_start_time": 1768109610.2822351,
  "process_end_time": 1768109808.6840203,
  "total_elapsed_time_seconds": 198.4,
  "rounds_time_stats": {
    "round_1": 46.06,
    "round_2": 46.63,
    "round_3": 34.85,
    "round_4": 25.94,
    "round_5": 22.26,
    "round_6": 22.65
  }
}