{
  "process_start_time": 1767887028.836232,
  "process_end_time": 1767887057.1644306,
  "total_elapsed_time_seconds": 28.33,
  "rounds_time_stats": {
    "round_1": 28.32
  }
}