{
  "process_start_time": 1767690278.9527628,
  "process_end_time": 1767690512.6560054,
  "total_elapsed_time_seconds": 233.7,
  "rounds_time_stats": {
    "round_1": 42.99,
    "round_2": 31.14,
    "round_3": 34.4,
    "round_4": 32.26,
    "round_5": 47.47,
    "round_6": 45.44
  }
}