{
  "process_start_time": 1767885855.7600336,
  "process_end_time": 1767885895.236051,
  "total_elapsed_time_seconds": 39.48,
  "rounds_time_stats": {
    "round_1": 39.45
  }
}