{
  "process_start_time": 1767973452.6484804,
  "process_end_time": 1767973670.7118778,
  "total_elapsed_time_seconds": 218.06,
  "rounds_time_stats": {
    "round_1": 30.1,
    "round_2": 33.15,
    "round_3": 40.8,
    "round_4": 37.8,
    "round_5": 37.88,
    "round_6": 38.33
  }
}