{
  "process_start_time": 1767888256.0300293,
  "process_end_time": 1767888273.8611577,
  "total_elapsed_time_seconds": 17.83,
  "rounds_time_stats": {
    "round_1": 17.83
  }
}