{
  "process_start_time": 1767889545.6276476,
  "process_end_time": 1767889556.0509486,
  "total_elapsed_time_seconds": 10.42,
  "rounds_time_stats": {
    "round_1": 10.42
  }
}