{
  "process_start_time": 1767687578.2181966,
  "process_end_time": 1767687845.4675174,
  "total_elapsed_time_seconds": 267.25,
  "rounds_time_stats": {
    "round_1": 41.3,
    "round_2": 46.21,
    "round_3": 42.72,
    "round_4": 45.34,
    "round_5": 47.68,
    "round_6": 44.0
  }
}