{
  "process_start_time": 1767680590.7123563,
  "process_end_time": 1767680849.90327,
  "total_elapsed_time_seconds": 259.19,
  "rounds_time_stats": {
    "round_1": 37.28,
    "round_2": 40.2,
    "round_3": 43.91,
    "round_4": 47.97,
    "round_5": 44.59,
    "round_6": 45.24
  }
}