{
  "process_start_time": 1767685805.7492557,
  "process_end_time": 1767686048.3135629,
  "total_elapsed_time_seconds": 242.56,
  "rounds_time_stats": {
    "round_1": 43.16,
    "round_2": 44.07,
    "round_3": 44.77,
    "round_4": 51.49,
    "round_5": 31.46,
    "round_6": 27.61
  }
}