{
  "process_start_time": 1767969625.9329424,
  "process_end_time": 1767969951.191401,
  "total_elapsed_time_seconds": 325.26,
  "rounds_time_stats": {
    "round_1": 76.99,
    "round_2": 41.21,
    "round_3": 36.43,
    "round_4": 55.3,
    "round_5": 62.75,
    "round_6": 52.58
  }
}