{
  "process_start_time": 1767889981.8449228,
  "process_end_time": 1767890007.6526334,
  "total_elapsed_time_seconds": 25.81,
  "rounds_time_stats": {
    "round_1": 25.79
  }
}