{
  "process_start_time": 1768116452.4442341,
  "process_end_time": 1768116568.6870854,
  "total_elapsed_time_seconds": 116.24,
  "rounds_time_stats": {
    "round_1": 45.52,
    "round_2": 26.33,
    "round_3": 44.35,
    "round_4": 0.03
  }
}