{
  "process_start_time": 1767979116.3227735,
  "process_end_time": 1767979280.305779,
  "total_elapsed_time_seconds": 163.98,
  "rounds_time_stats": {
    "round_1": 25.82,
    "round_2": 25.95,
    "round_3": 31.01,
    "round_4": 27.78,
    "round_5": 26.7,
    "round_6": 26.71
  }
}