{
  "process_start_time": 1768551417.446416,
  "process_end_time": 1768551573.9771566,
  "total_elapsed_time_seconds": 156.53,
  "rounds_time_stats": {
    "round_1": 27.17,
    "round_2": 20.7,
    "round_3": 29.48,
    "round_4": 31.79,
    "round_5": 26.74,
    "round_6": 20.65
  }
}