{
  "process_start_time": 1767970265.923021,
  "process_end_time": 1767970585.229572,
  "total_elapsed_time_seconds": 319.31,
  "rounds_time_stats": {
    "round_1": 22.37,
    "round_2": 72.17,
    "round_3": 44.06,
    "round_4": 68.89,
    "round_5": 58.31,
    "round_6": 53.5
  }
}