{
  "process_start_time": 1768555451.462648,
  "process_end_time": 1768555638.7105184,
  "total_elapsed_time_seconds": 187.25,
  "rounds_time_stats": {
    "round_1": 34.36,
    "round_2": 29.25,
    "round_3": 34.08,
    "round_4": 30.38,
    "round_5": 29.64,
    "round_6": 29.54
  }
}