{
  "process_start_time": 1768551417.5229943,
  "process_end_time": 1768551583.6463265,
  "total_elapsed_time_seconds": 166.12,
  "rounds_time_stats": {
    "round_1": 30.28,
    "round_2": 28.42,
    "round_3": 25.58,
    "round_4": 24.61,
    "round_5": 28.35,
    "round_6": 28.88
  }
}