{
  "process_start_time": 1767886480.8733912,
  "process_end_time": 1767886522.2555518,
  "total_elapsed_time_seconds": 41.38,
  "rounds_time_stats": {
    "round_1": 14.59,
    "round_2": 26.79
  }
}