{
  "process_start_time": 1767690052.413336,
  "process_end_time": 1767690322.5292132,
  "total_elapsed_time_seconds": 270.12,
  "rounds_time_stats": {
    "round_1": 44.96,
    "round_2": 45.85,
    "round_3": 42.56,
    "round_4": 49.37,
    "round_5": 45.87,
    "round_6": 41.51
  }
}