{
  "process_start_time": 1767978536.3392954,
  "process_end_time": 1767978668.0466924,
  "total_elapsed_time_seconds": 131.71,
  "rounds_time_stats": {
    "round_1": 18.84,
    "round_2": 20.35,
    "round_3": 27.15,
    "round_4": 29.1,
    "round_5": 19.06,
    "round_6": 17.2
  }
}