{
  "process_start_time": 1767883475.2998383,
  "process_end_time": 1767883499.4803746,
  "total_elapsed_time_seconds": 24.18,
  "rounds_time_stats": {
    "round_1": 24.18
  }
}