{
  "process_start_time": 1767888272.2178476,
  "process_end_time": 1767888309.7298663,
  "total_elapsed_time_seconds": 37.51,
  "rounds_time_stats": {
    "round_1": 18.52,
    "round_2": 18.99
  }
}