{
  "process_start_time": 1767887372.2447438,
  "process_end_time": 1767887390.1848824,
  "total_elapsed_time_seconds": 17.94,
  "rounds_time_stats": {
    "round_1": 17.94
  }
}