{
  "process_start_time": 1767886633.5905287,
  "process_end_time": 1767886656.0808375,
  "total_elapsed_time_seconds": 22.49,
  "rounds_time_stats": {
    "round_1": 22.48
  }
}