{
  "process_start_time": 1767687341.589921,
  "process_end_time": 1767687663.027168,
  "total_elapsed_time_seconds": 321.44,
  "rounds_time_stats": {
    "round_1": 47.45,
    "round_2": 47.65,
    "round_3": 64.07,
    "round_4": 47.14,
    "round_5": 46.84,
    "round_6": 68.28
  }
}