{
  "process_start_time": 1767679193.6834111,
  "process_end_time": 1767679463.1852226,
  "total_elapsed_time_seconds": 269.5,
  "rounds_time_stats": {
    "round_1": 43.31,
    "round_2": 45.88,
    "round_3": 45.98,
    "round_4": 47.77,
    "round_5": 41.88,
    "round_6": 44.67
  }
}