{
  "process_start_time": 1768115239.8880773,
  "process_end_time": 1768115544.7941017,
  "total_elapsed_time_seconds": 304.91,
  "rounds_time_stats": {
    "round_1": 43.9,
    "round_2": 89.78,
    "round_3": 45.08,
    "round_4": 44.22,
    "round_5": 44.9,
    "round_6": 37.03
  }
}