{
  "process_start_time": 1768555128.4152172,
  "process_end_time": 1768555308.3001587,
  "total_elapsed_time_seconds": 179.88,
  "rounds_time_stats": {
    "round_1": 27.33,
    "round_2": 30.11,
    "round_3": 29.47,
    "round_4": 37.48,
    "round_5": 28.26,
    "round_6": 27.23
  }
}