{
  "process_start_time": 1767681066.9150243,
  "process_end_time": 1767681340.5690436,
  "total_elapsed_time_seconds": 273.65,
  "rounds_time_stats": {
    "round_1": 44.07,
    "round_2": 36.14,
    "round_3": 44.63,
    "round_4": 45.45,
    "round_5": 44.4,
    "round_6": 58.97
  }
}