{
  "process_start_time": 1767884126.1797757,
  "process_end_time": 1767884259.6739528,
  "total_elapsed_time_seconds": 133.49,
  "rounds_time_stats": {
    "round_1": 32.2,
    "round_2": 20.38,
    "round_3": 20.99,
    "round_4": 21.32,
    "round_5": 17.5,
    "round_6": 21.1
  }
}