{
  "process_start_time": 1767665183.712506,
  "process_end_time": 1767665491.303774,
  "total_elapsed_time_seconds": 307.59,
  "rounds_time_stats": {
    "round_1": 48.33,
    "round_2": 46.56,
    "round_3": 47.81,
    "round_4": 44.25,
    "round_5": 64.46,
    "round_6": 56.18
  }
}