{
  "process_start_time": 1768116215.4067981,
  "process_end_time": 1768116452.4433062,
  "total_elapsed_time_seconds": 237.04,
  "rounds_time_stats": {
    "round_1": 39.33,
    "round_2": 77.65,
    "round_3": 26.89,
    "round_4": 31.83,
    "round_5": 29.0,
    "round_6": 32.34
  }
}