{
  "process_start_time": 1767886283.5038173,
  "process_end_time": 1767886328.4497502,
  "total_elapsed_time_seconds": 44.95,
  "rounds_time_stats": {
    "round_1": 24.74,
    "round_2": 20.2
  }
}