{
  "process_start_time": 1767889614.2498353,
  "process_end_time": 1767889769.3956044,
  "total_elapsed_time_seconds": 155.15,
  "rounds_time_stats": {
    "round_1": 27.06,
    "round_2": 25.23,
    "round_3": 24.22,
    "round_4": 21.97,
    "round_5": 23.87,
    "round_6": 32.79
  }
}