{
  "process_start_time": 1767890679.7216544,
  "process_end_time": 1767890732.8834398,
  "total_elapsed_time_seconds": 53.16,
  "rounds_time_stats": {
    "round_1": 53.11
  }
}