{
  "process_start_time": 1767686727.6030266,
  "process_end_time": 1767687030.0872946,
  "total_elapsed_time_seconds": 302.48,
  "rounds_time_stats": {
    "round_1": 84.06,
    "round_2": 41.37,
    "round_3": 43.37,
    "round_4": 46.81,
    "round_5": 43.51,
    "round_6": 43.36
  }
}