{
  "process_start_time": 1767885914.3825104,
  "process_end_time": 1767885950.0659575,
  "total_elapsed_time_seconds": 35.68,
  "rounds_time_stats": {
    "round_1": 13.79,
    "round_2": 21.7,
    "round_3": 0.2
  }
}