{
  "process_start_time": 1767888199.4784741,
  "process_end_time": 1767888231.104546,
  "total_elapsed_time_seconds": 31.63,
  "rounds_time_stats": {
    "round_1": 31.57,
    "round_2": 0.06
  }
}