{
  "process_start_time": 1767883284.1711442,
  "process_end_time": 1767883325.406827,
  "total_elapsed_time_seconds": 41.24,
  "rounds_time_stats": {
    "round_1": 41.22
  }
}