{
  "process_start_time": 1767886626.6037953,
  "process_end_time": 1767886651.4053593,
  "total_elapsed_time_seconds": 24.8,
  "rounds_time_stats": {
    "round_1": 24.8
  }
}