{
  "process_start_time": 1767689851.4637344,
  "process_end_time": 1767690124.7101276,
  "total_elapsed_time_seconds": 273.25,
  "rounds_time_stats": {
    "round_1": 49.31,
    "round_2": 38.97,
    "round_3": 49.77,
    "round_4": 47.25,
    "round_5": 42.51,
    "round_6": 45.42
  }
}