{
  "process_start_time": 1768551176.0200267,
  "process_end_time": 1768551389.5217202,
  "total_elapsed_time_seconds": 213.5,
  "rounds_time_stats": {
    "round_1": 29.67,
    "round_2": 24.85,
    "round_3": 44.19,
    "round_4": 39.98,
    "round_5": 36.36,
    "round_6": 38.44
  }
}