{
  "process_start_time": 1767885369.428993,
  "process_end_time": 1767885402.855502,
  "total_elapsed_time_seconds": 33.43,
  "rounds_time_stats": {
    "round_1": 33.4
  }
}