{
  "process_start_time": 1767890256.350854,
  "process_end_time": 1767890385.14068,
  "total_elapsed_time_seconds": 128.79,
  "rounds_time_stats": {
    "round_1": 21.42,
    "round_2": 18.68,
    "round_3": 22.53,
    "round_4": 22.07,
    "round_5": 19.61,
    "round_6": 24.48
  }
}