{
  "process_start_time": 1767884123.8269784,
  "process_end_time": 1767884191.5255744,
  "total_elapsed_time_seconds": 67.7,
  "rounds_time_stats": {
    "round_1": 17.58,
    "round_2": 27.19,
    "round_3": 22.92
  }
}