{
  "process_start_time": 1767688463.365438,
  "process_end_time": 1767688772.4207263,
  "total_elapsed_time_seconds": 309.06,
  "rounds_time_stats": {
    "round_1": 60.26,
    "round_2": 46.28,
    "round_3": 52.85,
    "round_4": 52.12,
    "round_5": 49.27,
    "round_6": 48.27
  }
}