{
  "process_start_time": 1767675783.8538845,
  "process_end_time": 1767676065.3609557,
  "total_elapsed_time_seconds": 281.51,
  "rounds_time_stats": {
    "round_1": 48.29,
    "round_2": 43.98,
    "round_3": 44.61,
    "round_4": 48.64,
    "round_5": 43.43,
    "round_6": 52.55
  }
}