{
  "process_start_time": 1767883630.9790468,
  "process_end_time": 1767883764.5940661,
  "total_elapsed_time_seconds": 133.62,
  "rounds_time_stats": {
    "round_1": 42.6,
    "round_2": 39.99,
    "round_3": 51.02
  }
}