{
  "process_start_time": 1767888022.867222,
  "process_end_time": 1767888054.423893,
  "total_elapsed_time_seconds": 31.56,
  "rounds_time_stats": {
    "round_1": 15.0,
    "round_2": 16.55
  }
}