{
  "process_start_time": 1767971361.551703,
  "process_end_time": 1767971581.931556,
  "total_elapsed_time_seconds": 220.38,
  "rounds_time_stats": {
    "round_1": 220.35
  }
}