{
  "process_start_time": 1767973496.1732538,
  "process_end_time": 1767973664.1178617,
  "total_elapsed_time_seconds": 167.94,
  "rounds_time_stats": {
    "round_1": 20.54,
    "round_2": 27.45,
    "round_3": 31.57,
    "round_4": 22.51,
    "round_5": 35.46,
    "round_6": 30.41
  }
}