{
  "process_start_time": 1768107778.4734106,
  "process_end_time": 1768107911.2344012,
  "total_elapsed_time_seconds": 132.76,
  "rounds_time_stats": {
    "round_1": 36.06,
    "round_2": 34.77,
    "round_3": 27.38,
    "round_4": 30.65,
    "round_5": 3.91
  }
}