{
  "process_start_time": 1767884901.3128102,
  "process_end_time": 1767885029.0670433,
  "total_elapsed_time_seconds": 127.75,
  "rounds_time_stats": {
    "round_1": 127.75
  }
}