{
  "process_start_time": 1767883345.1174295,
  "process_end_time": 1767883377.434819,
  "total_elapsed_time_seconds": 32.32,
  "rounds_time_stats": {
    "round_1": 32.31
  }
}