{
  "process_start_time": 1767689790.4483225,
  "process_end_time": 1767690082.569424,
  "total_elapsed_time_seconds": 292.12,
  "rounds_time_stats": {
    "round_1": 43.67,
    "round_2": 47.96,
    "round_3": 49.06,
    "round_4": 46.44,
    "round_5": 59.06,
    "round_6": 45.94
  }
}