{
  "process_start_time": 1767976847.7844973,
  "process_end_time": 1767977035.6500003,
  "total_elapsed_time_seconds": 187.87,
  "rounds_time_stats": {
    "round_1": 32.78,
    "round_2": 31.43,
    "round_3": 29.37,
    "round_4": 30.34,
    "round_5": 34.04,
    "round_6": 29.9
  }
}