{
  "process_start_time": 1767882899.769742,
  "process_end_time": 1767882971.4355261,
  "total_elapsed_time_seconds": 71.67,
  "rounds_time_stats": {
    "round_1": 33.37,
    "round_2": 38.27
  }
}