{
  "process_start_time": 1767882917.8496354,
  "process_end_time": 1767882991.4676237,
  "total_elapsed_time_seconds": 73.62,
  "rounds_time_stats": {
    "round_1": 22.98,
    "round_2": 24.76,
    "round_3": 25.87
  }
}