{
  "process_start_time": 1767665182.5148695,
  "process_end_time": 1767665463.377827,
  "total_elapsed_time_seconds": 280.86,
  "rounds_time_stats": {
    "round_1": 49.19,
    "round_2": 47.61,
    "round_3": 46.77,
    "round_4": 43.97,
    "round_5": 48.77,
    "round_6": 44.57
  }
}