{
  "process_start_time": 1767887291.5879796,
  "process_end_time": 1767887445.0931096,
  "total_elapsed_time_seconds": 153.51,
  "rounds_time_stats": {
    "round_1": 22.38,
    "round_2": 26.06,
    "round_3": 28.2,
    "round_4": 21.38,
    "round_5": 25.89,
    "round_6": 29.59
  }
}