{
  "process_start_time": 1767890035.475779,
  "process_end_time": 1767890117.5545547,
  "total_elapsed_time_seconds": 82.08,
  "rounds_time_stats": {
    "round_1": 50.18,
    "round_2": 15.88,
    "round_3": 16.02
  }
}