{
  "process_start_time": 1768116787.4430168,
  "process_end_time": 1768117065.8999991,
  "total_elapsed_time_seconds": 278.46,
  "rounds_time_stats": {
    "round_1": 45.6,
    "round_2": 44.39,
    "round_3": 47.46,
    "round_4": 49.26,
    "round_5": 44.85,
    "round_6": 46.9
  }
}