{
  "process_start_time": 1767970266.0028288,
  "process_end_time": 1767970787.3816156,
  "total_elapsed_time_seconds": 521.38,
  "rounds_time_stats": {
    "round_1": 77.87,
    "round_2": 129.65,
    "round_3": 71.27,
    "round_4": 41.73,
    "round_5": 89.27,
    "round_6": 111.58
  }
}