{
  "process_start_time": 1767888857.1886947,
  "process_end_time": 1767888876.6633887,
  "total_elapsed_time_seconds": 19.47,
  "rounds_time_stats": {
    "round_1": 19.36,
    "round_2": 0.11
  }
}