{
  "process_start_time": 1767883717.9466267,
  "process_end_time": 1767883845.504404,
  "total_elapsed_time_seconds": 127.56,
  "rounds_time_stats": {
    "round_1": 20.48,
    "round_2": 30.01,
    "round_3": 23.74,
    "round_4": 29.42,
    "round_5": 23.9
  }
}