{
  "process_start_time": 1768115545.0558755,
  "process_end_time": 1768115860.6200793,
  "total_elapsed_time_seconds": 315.56,
  "rounds_time_stats": {
    "round_1": 42.12,
    "round_2": 47.45,
    "round_3": 48.25,
    "round_4": 88.54,
    "round_5": 45.95,
    "round_6": 43.24
  }
}