{
  "process_start_time": 1767687326.0245717,
  "process_end_time": 1767687608.024472,
  "total_elapsed_time_seconds": 282.0,
  "rounds_time_stats": {
    "round_1": 46.54,
    "round_2": 48.7,
    "round_3": 47.42,
    "round_4": 48.88,
    "round_5": 46.36,
    "round_6": 44.11
  }
}