{
  "process_start_time": 1768114486.9803894,
  "process_end_time": 1768114719.4340358,
  "total_elapsed_time_seconds": 232.45,
  "rounds_time_stats": {
    "round_1": 28.7,
    "round_2": 26.64,
    "round_3": 45.44,
    "round_4": 62.32,
    "round_5": 36.29,
    "round_6": 33.07
  }
}