{
  "process_start_time": 1767889719.1252337,
  "process_end_time": 1767889852.3115854,
  "total_elapsed_time_seconds": 133.19,
  "rounds_time_stats": {
    "round_1": 18.07,
    "round_2": 22.37,
    "round_3": 19.33,
    "round_4": 17.84,
    "round_5": 27.76,
    "round_6": 27.82
  }
}