{
  "process_start_time": 1768556258.1271634,
  "process_end_time": 1768556421.6305647,
  "total_elapsed_time_seconds": 163.5,
  "rounds_time_stats": {
    "round_1": 28.22,
    "round_2": 28.11,
    "round_3": 29.17,
    "round_4": 30.41,
    "round_5": 20.48,
    "round_6": 27.12
  }
}