{
  "process_start_time": 1767685236.797943,
  "process_end_time": 1767685517.0360138,
  "total_elapsed_time_seconds": 280.24,
  "rounds_time_stats": {
    "round_1": 48.13,
    "round_2": 47.84,
    "round_3": 40.9,
    "round_4": 47.78,
    "round_5": 48.36,
    "round_6": 47.22
  }
}