{
  "process_start_time": 1768117300.8622797,
  "process_end_time": 1768117559.842204,
  "total_elapsed_time_seconds": 258.98,
  "rounds_time_stats": {
    "round_1": 46.35,
    "round_2": 45.55,
    "round_3": 32.59,
    "round_4": 47.81,
    "round_5": 51.12,
    "round_6": 35.56
  }
}