{
  "process_start_time": 1767883171.2112646,
  "process_end_time": 1767883195.6687105,
  "total_elapsed_time_seconds": 24.46,
  "rounds_time_stats": {
    "round_1": 24.11,
    "round_2": 0.35
  }
}