{
  "process_start_time": 1767676585.7865827,
  "process_end_time": 1767676859.0520797,
  "total_elapsed_time_seconds": 273.27,
  "rounds_time_stats": {
    "round_1": 42.18,
    "round_2": 48.83,
    "round_3": 45.24,
    "round_4": 43.86,
    "round_5": 46.7,
    "round_6": 46.47
  }
}