{
  "process_start_time": 1767685835.4980953,
  "process_end_time": 1767686060.0007584,
  "total_elapsed_time_seconds": 224.5,
  "rounds_time_stats": {
    "round_1": 41.46,
    "round_2": 44.03,
    "round_3": 41.67,
    "round_4": 47.79,
    "round_5": 29.9,
    "round_6": 19.65
  }
}