{
  "process_start_time": 1767890455.290485,
  "process_end_time": 1767890477.4775236,
  "total_elapsed_time_seconds": 22.19,
  "rounds_time_stats": {
    "round_1": 22.18
  }
}