{
  "process_start_time": 1767978323.7167969,
  "process_end_time": 1767978493.4776874,
  "total_elapsed_time_seconds": 169.76,
  "rounds_time_stats": {
    "round_1": 17.27,
    "round_2": 28.1,
    "round_3": 34.23,
    "round_4": 32.67,
    "round_5": 26.33,
    "round_6": 31.16
  }
}