{
  "process_start_time": 1767883195.6718156,
  "process_end_time": 1767883233.155364,
  "total_elapsed_time_seconds": 37.48,
  "rounds_time_stats": {
    "round_1": 37.4
  }
}