{
  "process_start_time": 1767887063.9468389,
  "process_end_time": 1767887297.0188053,
  "total_elapsed_time_seconds": 233.07,
  "rounds_time_stats": {
    "round_1": 39.9,
    "round_2": 41.56,
    "round_3": 48.39,
    "round_4": 32.23,
    "round_5": 38.8,
    "round_6": 32.2
  }
}