{
  "process_start_time": 1767683685.6129348,
  "process_end_time": 1767683958.2907622,
  "total_elapsed_time_seconds": 272.68,
  "rounds_time_stats": {
    "round_1": 42.89,
    "round_2": 51.3,
    "round_3": 44.98,
    "round_4": 41.98,
    "round_5": 47.68,
    "round_6": 43.85
  }
}