{
  "process_start_time": 1767884728.3614783,
  "process_end_time": 1767884837.0438764,
  "total_elapsed_time_seconds": 108.68,
  "rounds_time_stats": {
    "round_1": 10.75,
    "round_2": 13.6,
    "round_3": 21.45,
    "round_4": 15.13,
    "round_5": 47.71
  }
}