{
  "process_start_time": 1767684100.5273366,
  "process_end_time": 1767684383.5735831,
  "total_elapsed_time_seconds": 283.05,
  "rounds_time_stats": {
    "round_1": 52.66,
    "round_2": 44.74,
    "round_3": 42.81,
    "round_4": 51.22,
    "round_5": 48.41,
    "round_6": 43.2
  }
}