{
  "process_start_time": 1767889995.2706654,
  "process_end_time": 1767890035.469906,
  "total_elapsed_time_seconds": 40.2,
  "rounds_time_stats": {
    "round_1": 16.4,
    "round_2": 23.79
  }
}