{
  "process_start_time": 1767883196.4948907,
  "process_end_time": 1767883240.2967606,
  "total_elapsed_time_seconds": 43.8,
  "rounds_time_stats": {
    "round_1": 43.75
  }
}