{
  "process_start_time": 1767883236.2003512,
  "process_end_time": 1767883265.1727512,
  "total_elapsed_time_seconds": 28.97,
  "rounds_time_stats": {
    "round_1": 28.96
  }
}