{
  "process_start_time": 1768551875.7476158,
  "process_end_time": 1768552002.896919,
  "total_elapsed_time_seconds": 127.15,
  "rounds_time_stats": {
    "round_1": 11.29,
    "round_2": 21.34,
    "round_3": 19.23,
    "round_4": 24.78,
    "round_5": 28.04,
    "round_6": 22.47
  }
}