{
  "process_start_time": 1767887592.5113766,
  "process_end_time": 1767887830.712127,
  "total_elapsed_time_seconds": 238.2,
  "rounds_time_stats": {
    "round_1": 39.76,
    "round_2": 45.09,
    "round_3": 36.66,
    "round_4": 43.87,
    "round_5": 35.97,
    "round_6": 36.84
  }
}