{
  "process_start_time": 1767883379.0786517,
  "process_end_time": 1767883402.6827683,
  "total_elapsed_time_seconds": 23.6,
  "rounds_time_stats": {
    "round_1": 23.6
  }
}