{
  "process_start_time": 1767889854.1542222,
  "process_end_time": 1767889887.4957867,
  "total_elapsed_time_seconds": 33.34,
  "rounds_time_stats": {
    "round_1": 13.65,
    "round_2": 19.69
  }
}