{
  "process_start_time": 1767889473.15516,
  "process_end_time": 1767889502.7182858,
  "total_elapsed_time_seconds": 29.56,
  "rounds_time_stats": {
    "round_1": 15.87,
    "round_2": 13.56,
    "round_3": 0.13
  }
}