{
  "process_start_time": 1767664926.1104052,
  "process_end_time": 1767665184.5904276,
  "total_elapsed_time_seconds": 258.48,
  "rounds_time_stats": {
    "round_1": 33.33,
    "round_2": 35.61,
    "round_3": 44.4,
    "round_4": 50.58,
    "round_5": 47.63,
    "round_6": 46.92
  }
}