{
  "process_start_time": 1768115912.6382835,
  "process_end_time": 1768116215.405849,
  "total_elapsed_time_seconds": 302.77,
  "rounds_time_stats": {
    "round_1": 48.29,
    "round_2": 64.88,
    "round_3": 32.82,
    "round_4": 63.04,
    "round_5": 48.2,
    "round_6": 45.54
  }
}