{
  "process_start_time": 1768114487.0029314,
  "process_end_time": 1768114770.4921842,
  "total_elapsed_time_seconds": 283.49,
  "rounds_time_stats": {
    "round_1": 44.19,
    "round_2": 38.31,
    "round_3": 47.63,
    "round_4": 53.99,
    "round_5": 50.54,
    "round_6": 48.83
  }
}