{
  "process_start_time": 1767883919.7234678,
  "process_end_time": 1767884034.5113065,
  "total_elapsed_time_seconds": 114.79,
  "rounds_time_stats": {
    "round_1": 12.33,
    "round_2": 27.52,
    "round_3": 20.23,
    "round_4": 14.16,
    "round_5": 17.67,
    "round_6": 22.87
  }
}