{
  "process_start_time": 1767679747.6526647,
  "process_end_time": 1767680030.98711,
  "total_elapsed_time_seconds": 283.33,
  "rounds_time_stats": {
    "round_1": 48.59,
    "round_2": 45.35,
    "round_3": 50.18,
    "round_4": 47.97,
    "round_5": 44.76,
    "round_6": 46.49
  }
}