{
  "process_start_time": 1767884037.047232,
  "process_end_time": 1767884142.493785,
  "total_elapsed_time_seconds": 105.45,
  "rounds_time_stats": {
    "round_1": 10.95,
    "round_2": 18.25,
    "round_3": 17.22,
    "round_4": 21.34,
    "round_5": 19.79,
    "round_6": 17.89
  }
}