{
  "process_start_time": 1767887501.5261755,
  "process_end_time": 1767887559.1888707,
  "total_elapsed_time_seconds": 57.66,
  "rounds_time_stats": {
    "round_1": 16.01,
    "round_2": 18.11,
    "round_3": 23.53
  }
}