{
  "process_start_time": 1767682748.201555,
  "process_end_time": 1767683018.7993279,
  "total_elapsed_time_seconds": 270.6,
  "rounds_time_stats": {
    "round_1": 43.21,
    "round_2": 48.79,
    "round_3": 60.63,
    "round_4": 34.76,
    "round_5": 44.02,
    "round_6": 39.17
  }
}