{
  "process_start_time": 1767885538.6109836,
  "process_end_time": 1767885553.3693357,
  "total_elapsed_time_seconds": 14.76,
  "rounds_time_stats": {
    "round_1": 14.75
  }
}