{
  "process_start_time": 1768108727.9611056,
  "process_end_time": 1768109005.930559,
  "total_elapsed_time_seconds": 277.97,
  "rounds_time_stats": {
    "round_1": 59.5,
    "round_2": 46.41,
    "round_3": 47.66,
    "round_4": 43.93,
    "round_5": 35.78,
    "round_6": 44.7
  }
}