{
  "process_start_time": 1767679182.2834241,
  "process_end_time": 1767679476.2027712,
  "total_elapsed_time_seconds": 293.92,
  "rounds_time_stats": {
    "round_1": 55.7,
    "round_2": 44.1,
    "round_3": 46.92,
    "round_4": 46.61,
    "round_5": 60.3,
    "round_6": 40.3
  }
}