{
  "process_start_time": 1767687993.5172796,
  "process_end_time": 1767688293.0718942,
  "total_elapsed_time_seconds": 299.55,
  "rounds_time_stats": {
    "round_1": 45.45,
    "round_2": 48.87,
    "round_3": 46.1,
    "round_4": 65.99,
    "round_5": 49.44,
    "round_6": 43.69
  }
}