{
  "process_start_time": 1767888043.838165,
  "process_end_time": 1767888067.6135068,
  "total_elapsed_time_seconds": 23.78,
  "rounds_time_stats": {
    "round_1": 23.77
  }
}