{
  "process_start_time": 1767890040.7641091,
  "process_end_time": 1767890086.4210808,
  "total_elapsed_time_seconds": 45.66,
  "rounds_time_stats": {
    "round_1": 45.65
  }
}