{
  "process_start_time": 1767886252.984502,
  "process_end_time": 1767886383.8091054,
  "total_elapsed_time_seconds": 130.82,
  "rounds_time_stats": {
    "round_1": 21.16,
    "round_2": 25.92,
    "round_3": 20.92,
    "round_4": 25.12,
    "round_5": 18.33,
    "round_6": 19.36
  }
}