{
  "process_start_time": 1767886887.467223,
  "process_end_time": 1767886913.099588,
  "total_elapsed_time_seconds": 25.63,
  "rounds_time_stats": {
    "round_1": 25.61
  }
}