{
  "process_start_time": 1767889577.4502366,
  "process_end_time": 1767889592.8229058,
  "total_elapsed_time_seconds": 15.37,
  "rounds_time_stats": {
    "round_1": 15.37
  }
}