{
  "process_start_time": 1767890752.6579134,
  "process_end_time": 1767890796.6496463,
  "total_elapsed_time_seconds": 43.99,
  "rounds_time_stats": {
    "round_1": 43.99
  }
}