{
  "process_start_time": 1767883412.163628,
  "process_end_time": 1767883439.7549808,
  "total_elapsed_time_seconds": 27.59,
  "rounds_time_stats": {
    "round_1": 27.59
  }
}