{
  "process_start_time": 1767888183.4217794,
  "process_end_time": 1767888230.811732,
  "total_elapsed_time_seconds": 47.39,
  "rounds_time_stats": {
    "round_1": 21.53,
    "round_2": 25.85
  }
}