{
  "process_start_time": 1767882903.4803133,
  "process_end_time": 1767883050.857562,
  "total_elapsed_time_seconds": 147.38,
  "rounds_time_stats": {
    "round_1": 31.66,
    "round_2": 42.16,
    "round_3": 32.66,
    "round_4": 40.88
  }
}