{
  "process_start_time": 1767678657.5424795,
  "process_end_time": 1767678944.2253265,
  "total_elapsed_time_seconds": 286.68,
  "rounds_time_stats": {
    "round_1": 57.87,
    "round_2": 46.14,
    "round_3": 45.35,
    "round_4": 50.34,
    "round_5": 39.09,
    "round_6": 47.89
  }
}