{
  "process_start_time": 1767887703.4966543,
  "process_end_time": 1767887716.906955,
  "total_elapsed_time_seconds": 13.41,
  "rounds_time_stats": {
    "round_1": 13.41
  }
}