{
  "process_start_time": 1767887617.569868,
  "process_end_time": 1767887654.2086608,
  "total_elapsed_time_seconds": 36.64,
  "rounds_time_stats": {
    "round_1": 36.63
  }
}