{
  "process_start_time": 1767883703.4529912,
  "process_end_time": 1767883733.3424745,
  "total_elapsed_time_seconds": 29.89,
  "rounds_time_stats": {
    "round_1": 29.89
  }
}