{
  "process_start_time": 1768551388.2490013,
  "process_end_time": 1768551564.8467143,
  "total_elapsed_time_seconds": 176.6,
  "rounds_time_stats": {
    "round_1": 27.26,
    "round_2": 31.9,
    "round_3": 28.6,
    "round_4": 27.61,
    "round_5": 23.0,
    "round_6": 38.22
  }
}