{
  "process_start_time": 1767883729.077319,
  "process_end_time": 1767883768.8993313,
  "total_elapsed_time_seconds": 39.82,
  "rounds_time_stats": {
    "round_1": 14.0,
    "round_2": 25.82
  }
}