{
  "process_start_time": 1767691407.0483942,
  "process_end_time": 1767691711.157373,
  "total_elapsed_time_seconds": 304.11,
  "rounds_time_stats": {
    "round_1": 77.5,
    "round_2": 39.96,
    "round_3": 47.04,
    "round_4": 47.41,
    "round_5": 47.15,
    "round_6": 45.04
  }
}