{
  "process_start_time": 1767689198.4304874,
  "process_end_time": 1767689524.553715,
  "total_elapsed_time_seconds": 326.12,
  "rounds_time_stats": {
    "round_1": 43.6,
    "round_2": 65.75,
    "round_3": 60.25,
    "round_4": 49.08,
    "round_5": 60.13,
    "round_6": 47.3
  }
}