{
  "process_start_time": 1768554971.289333,
  "process_end_time": 1768555137.7108982,
  "total_elapsed_time_seconds": 166.42,
  "rounds_time_stats": {
    "round_1": 22.46,
    "round_2": 28.8,
    "round_3": 29.58,
    "round_4": 27.02,
    "round_5": 28.58,
    "round_6": 29.97
  }
}