{
  "process_start_time": 1767885235.8052297,
  "process_end_time": 1767885362.385957,
  "total_elapsed_time_seconds": 126.58,
  "rounds_time_stats": {
    "round_1": 21.6,
    "round_2": 38.96,
    "round_3": 19.69,
    "round_4": 18.86,
    "round_5": 27.47
  }
}