{
  "process_start_time": 1767887075.551731,
  "process_end_time": 1767887191.8266785,
  "total_elapsed_time_seconds": 116.27,
  "rounds_time_stats": {
    "round_1": 17.83,
    "round_2": 20.5,
    "round_3": 21.21,
    "round_4": 17.87,
    "round_5": 21.71,
    "round_6": 17.15
  }
}