{
  "process_start_time": 1768556923.8926613,
  "process_end_time": 1768557048.8972878,
  "total_elapsed_time_seconds": 125.0,
  "rounds_time_stats": {
    "round_1": 30.14,
    "round_2": 25.81,
    "round_3": 27.14,
    "round_4": 17.48,
    "round_5": 12.11,
    "round_6": 12.33
  }
}