{
  "process_start_time": 1768108432.9195242,
  "process_end_time": 1768108694.1771138,
  "total_elapsed_time_seconds": 261.26,
  "rounds_time_stats": {
    "round_1": 42.1,
    "round_2": 47.15,
    "round_3": 46.25,
    "round_4": 43.5,
    "round_5": 33.09,
    "round_6": 49.16
  }
}