{
  "process_start_time": 1768556655.8128164,
  "process_end_time": 1768556819.1821847,
  "total_elapsed_time_seconds": 163.37,
  "rounds_time_stats": {
    "round_1": 31.31,
    "round_2": 27.88,
    "round_3": 22.19,
    "round_4": 27.87,
    "round_5": 26.46,
    "round_6": 27.67
  }
}