{
  "process_start_time": 1767888389.890819,
  "process_end_time": 1767888405.3056257,
  "total_elapsed_time_seconds": 15.41,
  "rounds_time_stats": {
    "round_1": 15.41
  }
}