{
  "process_start_time": 1767678372.1607435,
  "process_end_time": 1767678624.9042437,
  "total_elapsed_time_seconds": 252.74,
  "rounds_time_stats": {
    "round_1": 34.16,
    "round_2": 35.95,
    "round_3": 44.14,
    "round_4": 48.44,
    "round_5": 41.78,
    "round_6": 48.27
  }
}