{
  "process_start_time": 1768550748.4975946,
  "process_end_time": 1768551007.8114204,
  "total_elapsed_time_seconds": 259.31,
  "rounds_time_stats": {
    "round_1": 43.62,
    "round_2": 41.86,
    "round_3": 43.78,
    "round_4": 42.58,
    "round_5": 43.31,
    "round_6": 44.17
  }
}