{
  "process_start_time": 1767684461.7134752,
  "process_end_time": 1767684734.166925,
  "total_elapsed_time_seconds": 272.45,
  "rounds_time_stats": {
    "round_1": 44.08,
    "round_2": 44.23,
    "round_3": 43.83,
    "round_4": 48.03,
    "round_5": 49.06,
    "round_6": 43.21
  }
}