{
  "process_start_time": 1768107778.4748163,
  "process_end_time": 1768107987.9319353,
  "total_elapsed_time_seconds": 209.46,
  "rounds_time_stats": {
    "round_1": 29.18,
    "round_2": 32.64,
    "round_3": 41.93,
    "round_4": 31.02,
    "round_5": 30.67,
    "round_6": 44.01
  }
}