{
  "process_start_time": 1767978960.6620352,
  "process_end_time": 1767979128.9603815,
  "total_elapsed_time_seconds": 168.3,
  "rounds_time_stats": {
    "round_1": 19.08,
    "round_2": 20.68,
    "round_3": 27.15,
    "round_4": 28.46,
    "round_5": 39.96,
    "round_6": 32.98
  }
}