{
  "process_start_time": 1768556257.5719855,
  "process_end_time": 1768556459.2348866,
  "total_elapsed_time_seconds": 201.66,
  "rounds_time_stats": {
    "round_1": 26.08,
    "round_2": 30.83,
    "round_3": 31.49,
    "round_4": 35.93,
    "round_5": 39.95,
    "round_6": 37.39
  }
}