{
  "process_start_time": 1767884158.622545,
  "process_end_time": 1767884229.5074172,
  "total_elapsed_time_seconds": 70.88,
  "rounds_time_stats": {
    "round_1": 19.65,
    "round_2": 23.27,
    "round_3": 27.61,
    "round_4": 0.35
  }
}