{
  "process_start_time": 1767886361.583626,
  "process_end_time": 1767886495.8650928,
  "total_elapsed_time_seconds": 134.28,
  "rounds_time_stats": {
    "round_1": 23.04,
    "round_2": 23.67,
    "round_3": 19.77,
    "round_4": 20.5,
    "round_5": 22.29,
    "round_6": 25.0
  }
}