{
  "process_start_time": 1768555677.486067,
  "process_end_time": 1768555841.5904677,
  "total_elapsed_time_seconds": 164.1,
  "rounds_time_stats": {
    "round_1": 30.14,
    "round_2": 25.73,
    "round_3": 30.08,
    "round_4": 28.26,
    "round_5": 28.91,
    "round_6": 20.98
  }
}