{
  "process_start_time": 1767883829.1476154,
  "process_end_time": 1767884017.248923,
  "total_elapsed_time_seconds": 188.1,
  "rounds_time_stats": {
    "round_1": 31.7,
    "round_2": 33.77,
    "round_3": 27.01,
    "round_4": 31.65,
    "round_5": 37.89,
    "round_6": 26.1
  }
}