{
  "process_start_time": 1767970669.8626623,
  "process_end_time": 1767973029.897136,
  "total_elapsed_time_seconds": 2360.03,
  "rounds_time_stats": {
    "round_1": 116.11,
    "round_2": 161.8,
    "round_3": 78.35,
    "round_4": 167.46,
    "round_5": 280.34,
    "round_6": 1555.97
  }
}