{
  "process_start_time": 1767886210.6768525,
  "process_end_time": 1767886227.5751975,
  "total_elapsed_time_seconds": 16.9,
  "rounds_time_stats": {
    "round_1": 16.89
  }
}