{
  "process_start_time": 1767883340.1190367,
  "process_end_time": 1767883548.2710965,
  "total_elapsed_time_seconds": 208.15,
  "rounds_time_stats": {
    "round_1": 38.86,
    "round_2": 36.26,
    "round_3": 38.81,
    "round_4": 34.43,
    "round_5": 32.45,
    "round_6": 27.34
  }
}