{
  "process_start_time": 1767978777.4269686,
  "process_end_time": 1767978959.2095602,
  "total_elapsed_time_seconds": 181.78,
  "rounds_time_stats": {
    "round_1": 30.94,
    "round_2": 28.79,
    "round_3": 29.68,
    "round_4": 30.23,
    "round_5": 32.04,
    "round_6": 30.1
  }
}