{
  "process_start_time": 1767678638.6836848,
  "process_end_time": 1767678906.4974868,
  "total_elapsed_time_seconds": 267.81,
  "rounds_time_stats": {
    "round_1": 43.92,
    "round_2": 38.45,
    "round_3": 55.09,
    "round_4": 45.96,
    "round_5": 47.32,
    "round_6": 37.08
  }
}