{
  "process_start_time": 1768552125.9022434,
  "process_end_time": 1768552275.0741522,
  "total_elapsed_time_seconds": 149.17,
  "rounds_time_stats": {
    "round_1": 22.76,
    "round_2": 26.66,
    "round_3": 24.23,
    "round_4": 19.08,
    "round_5": 29.08,
    "round_6": 27.37
  }
}