{
  "process_start_time": 1767888889.559232,
  "process_end_time": 1767889039.713525,
  "total_elapsed_time_seconds": 150.15,
  "rounds_time_stats": {
    "round_1": 24.66,
    "round_2": 30.08,
    "round_3": 33.73,
    "round_4": 23.15,
    "round_5": 20.72,
    "round_6": 17.82
  }
}