{
  "process_start_time": 1767684955.7073889,
  "process_end_time": 1767685198.742526,
  "total_elapsed_time_seconds": 243.04,
  "rounds_time_stats": {
    "round_1": 33.81,
    "round_2": 45.37,
    "round_3": 44.58,
    "round_4": 35.89,
    "round_5": 45.9,
    "round_6": 37.47
  }
}