{
  "process_start_time": 1767883074.900764,
  "process_end_time": 1767883128.0833364,
  "total_elapsed_time_seconds": 53.18,
  "rounds_time_stats": {
    "round_1": 28.49,
    "round_2": 24.69
  }
}