{
  "process_start_time": 1767683517.278795,
  "process_end_time": 1767683792.0956044,
  "total_elapsed_time_seconds": 274.82,
  "rounds_time_stats": {
    "round_1": 42.74,
    "round_2": 49.52,
    "round_3": 43.29,
    "round_4": 42.59,
    "round_5": 50.47,
    "round_6": 46.21
  }
}