{
  "process_start_time": 1768115010.4256492,
  "process_end_time": 1768115269.3091753,
  "total_elapsed_time_seconds": 258.88,
  "rounds_time_stats": {
    "round_1": 40.49,
    "round_2": 34.72,
    "round_3": 48.38,
    "round_4": 45.91,
    "round_5": 41.49,
    "round_6": 47.89
  }
}