{
  "process_start_time": 1768555831.313441,
  "process_end_time": 1768556023.5754778,
  "total_elapsed_time_seconds": 192.26,
  "rounds_time_stats": {
    "round_1": 28.95,
    "round_2": 28.01,
    "round_3": 24.73,
    "round_4": 36.2,
    "round_5": 37.68,
    "round_6": 36.69
  }
}