{
  "process_start_time": 1767976132.5868697,
  "process_end_time": 1767976310.2000694,
  "total_elapsed_time_seconds": 177.61,
  "rounds_time_stats": {
    "round_1": 23.35,
    "round_2": 31.36,
    "round_3": 31.26,
    "round_4": 31.89,
    "round_5": 29.25,
    "round_6": 30.5
  }
}