{
  "process_start_time": 1767692105.5557516,
  "process_end_time": 1767692361.9590402,
  "total_elapsed_time_seconds": 256.4,
  "rounds_time_stats": {
    "round_1": 41.73,
    "round_2": 45.09,
    "round_3": 60.05,
    "round_4": 39.33,
    "round_5": 35.85,
    "round_6": 34.35
  }
}