{
  "process_start_time": 1768556097.036364,
  "process_end_time": 1768556238.270165,
  "total_elapsed_time_seconds": 141.23,
  "rounds_time_stats": {
    "round_1": 25.26,
    "round_2": 24.03,
    "round_3": 20.21,
    "round_4": 17.34,
    "round_5": 25.77,
    "round_6": 28.61
  }
}