{
  "process_start_time": 1767888959.7950935,
  "process_end_time": 1767888998.9947305,
  "total_elapsed_time_seconds": 39.2,
  "rounds_time_stats": {
    "round_1": 17.28,
    "round_2": 21.91
  }
}