{
  "process_start_time": 1767888988.0517445,
  "process_end_time": 1767889017.7219033,
  "total_elapsed_time_seconds": 29.67,
  "rounds_time_stats": {
    "round_1": 9.74,
    "round_2": 19.93
  }
}