{
  "process_start_time": 1768108032.0120494,
  "process_end_time": 1768108284.3862422,
  "total_elapsed_time_seconds": 252.37,
  "rounds_time_stats": {
    "round_1": 31.98,
    "round_2": 37.74,
    "round_3": 48.39,
    "round_4": 46.62,
    "round_5": 43.09,
    "round_6": 44.55
  }
}