{
  "process_start_time": 1767883771.7924826,
  "process_end_time": 1767883802.402759,
  "total_elapsed_time_seconds": 30.61,
  "rounds_time_stats": {
    "round_1": 30.58
  }
}