{
  "process_start_time": 1767889464.0934455,
  "process_end_time": 1767889484.331635,
  "total_elapsed_time_seconds": 20.24,
  "rounds_time_stats": {
    "round_1": 20.23
  }
}