{
  "process_start_time": 1767886542.7558813,
  "process_end_time": 1767886678.7043688,
  "total_elapsed_time_seconds": 135.95,
  "rounds_time_stats": {
    "round_1": 13.87,
    "round_2": 27.02,
    "round_3": 26.66,
    "round_4": 33.29,
    "round_5": 35.1
  }
}