{
  "process_start_time": 1767889108.9997876,
  "process_end_time": 1767889118.2495081,
  "total_elapsed_time_seconds": 9.25,
  "rounds_time_stats": {
    "round_1": 9.25
  }
}