{
  "process_start_time": 1767884030.469231,
  "process_end_time": 1767884174.0963986,
  "total_elapsed_time_seconds": 143.63,
  "rounds_time_stats": {
    "round_1": 25.5,
    "round_2": 17.69,
    "round_3": 29.54,
    "round_4": 23.09,
    "round_5": 18.78,
    "round_6": 29.03
  }
}