{
  "process_start_time": 1767884748.4778614,
  "process_end_time": 1767884881.0165727,
  "total_elapsed_time_seconds": 132.54,
  "rounds_time_stats": {
    "round_1": 17.99,
    "round_2": 18.01,
    "round_3": 23.5,
    "round_4": 27.05,
    "round_5": 25.29,
    "round_6": 20.7
  }
}