{
  "process_start_time": 1767683269.8142905,
  "process_end_time": 1767683560.3877122,
  "total_elapsed_time_seconds": 290.57,
  "rounds_time_stats": {
    "round_1": 41.56,
    "round_2": 48.95,
    "round_3": 46.58,
    "round_4": 48.02,
    "round_5": 59.42,
    "round_6": 46.04
  }
}