{
  "process_start_time": 1767975303.7733588,
  "process_end_time": 1767975474.242876,
  "total_elapsed_time_seconds": 170.47,
  "rounds_time_stats": {
    "round_1": 28.74,
    "round_2": 29.4,
    "round_3": 27.5,
    "round_4": 29.22,
    "round_5": 26.8,
    "round_6": 28.81
  }
}