{
  "process_start_time": 1767979101.6188424,
  "process_end_time": 1767979235.432776,
  "total_elapsed_time_seconds": 133.81,
  "rounds_time_stats": {
    "round_1": 18.32,
    "round_2": 23.47,
    "round_3": 22.78,
    "round_4": 28.07,
    "round_5": 22.74,
    "round_6": 18.42
  }
}