{
  "process_start_time": 1767676828.558752,
  "process_end_time": 1767677115.7162948,
  "total_elapsed_time_seconds": 287.16,
  "rounds_time_stats": {
    "round_1": 47.69,
    "round_2": 46.53,
    "round_3": 59.36,
    "round_4": 48.77,
    "round_5": 40.47,
    "round_6": 44.34
  }
}