{
  "process_start_time": 1767885800.2258098,
  "process_end_time": 1767885820.3021002,
  "total_elapsed_time_seconds": 20.08,
  "rounds_time_stats": {
    "round_1": 20.07
  }
}