{
  "process_start_time": 1767890016.7551293,
  "process_end_time": 1767890032.5733607,
  "total_elapsed_time_seconds": 15.82,
  "rounds_time_stats": {
    "round_1": 15.81
  }
}