{
  "process_start_time": 1767883916.219788,
  "process_end_time": 1767884077.5863395,
  "total_elapsed_time_seconds": 161.37,
  "rounds_time_stats": {
    "round_1": 25.76,
    "round_2": 33.03,
    "round_3": 26.31,
    "round_4": 38.26,
    "round_5": 37.99
  }
}