{
  "process_start_time": 1768556596.2610936,
  "process_end_time": 1768556772.10126,
  "total_elapsed_time_seconds": 175.84,
  "rounds_time_stats": {
    "round_1": 29.68,
    "round_2": 29.71,
    "round_3": 30.27,
    "round_4": 29.7,
    "round_5": 27.86,
    "round_6": 28.62
  }
}