{
  "process_start_time": 1767977790.9129262,
  "process_end_time": 1767977975.790884,
  "total_elapsed_time_seconds": 184.88,
  "rounds_time_stats": {
    "round_1": 31.3,
    "round_2": 28.49,
    "round_3": 31.25,
    "round_4": 31.69,
    "round_5": 29.51,
    "round_6": 32.64
  }
}