{
  "process_start_time": 1767969222.4518375,
  "process_end_time": 1767969561.7674465,
  "total_elapsed_time_seconds": 339.32,
  "rounds_time_stats": {
    "round_1": 59.05,
    "round_2": 44.49,
    "round_3": 51.44,
    "round_4": 69.1,
    "round_5": 52.56,
    "round_6": 62.68
  }
}