{
  "process_start_time": 1767969222.4947343,
  "process_end_time": 1767969665.6621635,
  "total_elapsed_time_seconds": 443.17,
  "rounds_time_stats": {
    "round_1": 82.39,
    "round_2": 66.0,
    "round_3": 83.31,
    "round_4": 45.0,
    "round_5": 109.01,
    "round_6": 57.45
  }
}