{
  "process_start_time": 1768550211.3776321,
  "process_end_time": 1768550503.9894242,
  "total_elapsed_time_seconds": 292.61,
  "rounds_time_stats": {
    "round_1": 36.55,
    "round_2": 42.93,
    "round_3": 48.16,
    "round_4": 45.72,
    "round_5": 62.09,
    "round_6": 57.17
  }
}