{
  "process_start_time": 1767675475.9726543,
  "process_end_time": 1767675755.6269908,
  "total_elapsed_time_seconds": 279.65,
  "rounds_time_stats": {
    "round_1": 70.29,
    "round_2": 35.5,
    "round_3": 29.45,
    "round_4": 62.35,
    "round_5": 43.85,
    "round_6": 38.19
  }
}