{
  "process_start_time": 1768117982.8000064,
  "process_end_time": 1768118140.7870727,
  "total_elapsed_time_seconds": 157.99,
  "rounds_time_stats": {
    "round_1": 58.33,
    "round_2": 62.5,
    "round_3": 37.14
  }
}