{
  "process_start_time": 1767688821.9670863,
  "process_end_time": 1767689118.7338576,
  "total_elapsed_time_seconds": 296.77,
  "rounds_time_stats": {
    "round_1": 43.9,
    "round_2": 46.69,
    "round_3": 45.9,
    "round_4": 49.9,
    "round_5": 62.93,
    "round_6": 47.45
  }
}