{
  "process_start_time": 1768109009.075537,
  "process_end_time": 1768109217.1689568,
  "total_elapsed_time_seconds": 208.09,
  "rounds_time_stats": {
    "round_1": 39.15,
    "round_2": 26.68,
    "round_3": 31.35,
    "round_4": 33.41,
    "round_5": 27.81,
    "round_6": 49.69
  }
}