{
  "process_start_time": 1767884821.4672208,
  "process_end_time": 1767884865.226769,
  "total_elapsed_time_seconds": 43.76,
  "rounds_time_stats": {
    "round_1": 22.31,
    "round_2": 21.44
  }
}