{
  "process_start_time": 1767889944.7281814,
  "process_end_time": 1767889965.385639,
  "total_elapsed_time_seconds": 20.66,
  "rounds_time_stats": {
    "round_1": 20.65
  }
}