{
  "process_start_time": 1767975934.4582562,
  "process_end_time": 1767976113.8199258,
  "total_elapsed_time_seconds": 179.36,
  "rounds_time_stats": {
    "round_1": 28.49,
    "round_2": 30.17,
    "round_3": 29.63,
    "round_4": 30.05,
    "round_5": 31.93,
    "round_6": 29.1
  }
}