{
  "process_start_time": 1767889959.8896184,
  "process_end_time": 1767889974.9350975,
  "total_elapsed_time_seconds": 15.05,
  "rounds_time_stats": {
    "round_1": 15.04
  }
}