{
  "process_start_time": 1767889704.538668,
  "process_end_time": 1767889784.969834,
  "total_elapsed_time_seconds": 80.43,
  "rounds_time_stats": {
    "round_1": 9.52,
    "round_2": 8.88,
    "round_3": 21.64,
    "round_4": 11.39,
    "round_5": 18.46,
    "round_6": 10.54
  }
}