{
  "process_start_time": 1767887372.6872172,
  "process_end_time": 1767887597.537747,
  "total_elapsed_time_seconds": 224.85,
  "rounds_time_stats": {
    "round_1": 32.75,
    "round_2": 47.19,
    "round_3": 49.38,
    "round_4": 53.82,
    "round_5": 41.71
  }
}