{
  "process_start_time": 1767976695.5931783,
  "process_end_time": 1767976844.5364933,
  "total_elapsed_time_seconds": 148.94,
  "rounds_time_stats": {
    "round_1": 17.29,
    "round_2": 22.66,
    "round_3": 19.95,
    "round_4": 27.41,
    "round_5": 31.28,
    "round_6": 30.35
  }
}