{
  "process_start_time": 1768116183.7814624,
  "process_end_time": 1768116456.8442905,
  "total_elapsed_time_seconds": 273.06,
  "rounds_time_stats": {
    "round_1": 47.67,
    "round_2": 44.6,
    "round_3": 65.44,
    "round_4": 37.45,
    "round_5": 33.72,
    "round_6": 44.18
  }
}