{
  "process_start_time": 1767689462.6850913,
  "process_end_time": 1767689758.063964,
  "total_elapsed_time_seconds": 295.38,
  "rounds_time_stats": {
    "round_1": 60.54,
    "round_2": 40.33,
    "round_3": 34.61,
    "round_4": 71.6,
    "round_5": 45.67,
    "round_6": 42.63
  }
}