{
  "process_start_time": 1767889125.5925877,
  "process_end_time": 1767889244.3176668,
  "total_elapsed_time_seconds": 118.73,
  "rounds_time_stats": {
    "round_1": 20.03,
    "round_2": 15.35,
    "round_3": 21.96,
    "round_4": 19.11,
    "round_5": 23.68,
    "round_6": 18.59
  }
}