{
  "process_start_time": 1767689930.5190217,
  "process_end_time": 1767690218.8352296,
  "total_elapsed_time_seconds": 288.32,
  "rounds_time_stats": {
    "round_1": 46.4,
    "round_2": 43.13,
    "round_3": 48.3,
    "round_4": 45.56,
    "round_5": 43.75,
    "round_6": 61.18
  }
}