{
  "process_start_time": 1767889901.0783672,
  "process_end_time": 1767890108.7264132,
  "total_elapsed_time_seconds": 207.65,
  "rounds_time_stats": {
    "round_1": 29.83,
    "round_2": 23.84,
    "round_3": 30.92,
    "round_4": 27.99,
    "round_5": 38.71,
    "round_6": 56.35
  }
}