{
  "process_start_time": 1767688880.795259,
  "process_end_time": 1767689197.8266792,
  "total_elapsed_time_seconds": 317.03,
  "rounds_time_stats": {
    "round_1": 56.03,
    "round_2": 55.48,
    "round_3": 47.46,
    "round_4": 63.75,
    "round_5": 46.94,
    "round_6": 47.36
  }
}