{
  "process_start_time": 1768117884.07938,
  "process_end_time": 1768118128.2920575,
  "total_elapsed_time_seconds": 244.21,
  "rounds_time_stats": {
    "round_1": 50.13,
    "round_2": 47.68,
    "round_3": 43.3,
    "round_4": 31.65,
    "round_5": 33.01,
    "round_6": 38.44
  }
}