{
  "process_start_time": 1768551884.3319557,
  "process_end_time": 1768552034.5641172,
  "total_elapsed_time_seconds": 150.23,
  "rounds_time_stats": {
    "round_1": 15.44,
    "round_2": 24.43,
    "round_3": 29.92,
    "round_4": 28.98,
    "round_5": 27.26,
    "round_6": 24.2
  }
}