{
  "process_start_time": 1767675748.8865988,
  "process_end_time": 1767675997.1762383,
  "total_elapsed_time_seconds": 248.29,
  "rounds_time_stats": {
    "round_1": 39.25,
    "round_2": 44.39,
    "round_3": 39.83,
    "round_4": 34.84,
    "round_5": 56.87,
    "round_6": 33.1
  }
}