{
  "process_start_time": 1767969512.055209,
  "process_end_time": 1767969780.7004473,
  "total_elapsed_time_seconds": 268.65,
  "rounds_time_stats": {
    "round_1": 49.0,
    "round_2": 51.24,
    "round_3": 43.24,
    "round_4": 48.19,
    "round_5": 39.27,
    "round_6": 37.7
  }
}