{
  "process_start_time": 1767676295.9945729,
  "process_end_time": 1767676574.1426575,
  "total_elapsed_time_seconds": 278.15,
  "rounds_time_stats": {
    "round_1": 47.76,
    "round_2": 45.21,
    "round_3": 49.27,
    "round_4": 40.72,
    "round_5": 33.34,
    "round_6": 61.84
  }
}