{
  "process_start_time": 1767687073.2962685,
  "process_end_time": 1767687372.2468717,
  "total_elapsed_time_seconds": 298.95,
  "rounds_time_stats": {
    "round_1": 85.25,
    "round_2": 40.06,
    "round_3": 36.44,
    "round_4": 46.01,
    "round_5": 41.09,
    "round_6": 50.1
  }
}