{
  "process_start_time": 1768108001.9022107,
  "process_end_time": 1768108005.5552619,
  "total_elapsed_time_seconds": 3.65,
  "rounds_time_stats": {
    "round_1": 3.65
  }
}