{
  "process_start_time": 1767883482.8265772,
  "process_end_time": 1767883506.4158769,
  "total_elapsed_time_seconds": 23.59,
  "rounds_time_stats": {
    "round_1": 23.57
  }
}