{
  "process_start_time": 1768107992.2055125,
  "process_end_time": 1768108187.3611238,
  "total_elapsed_time_seconds": 195.16,
  "rounds_time_stats": {
    "round_1": 44.75,
    "round_2": 29.32,
    "round_3": 29.29,
    "round_4": 28.56,
    "round_5": 33.54,
    "round_6": 29.68
  }
}