{
  "process_start_time": 1767885043.903231,
  "process_end_time": 1767885217.1670856,
  "total_elapsed_time_seconds": 173.26,
  "rounds_time_stats": {
    "round_1": 21.34,
    "round_2": 23.86,
    "round_3": 37.25,
    "round_4": 38.56,
    "round_5": 25.81,
    "round_6": 26.44
  }
}