{
  "process_start_time": 1767678387.2217128,
  "process_end_time": 1767678652.2652643,
  "total_elapsed_time_seconds": 265.04,
  "rounds_time_stats": {
    "round_1": 42.87,
    "round_2": 43.32,
    "round_3": 44.52,
    "round_4": 46.53,
    "round_5": 46.06,
    "round_6": 41.75
  }
}