{
  "process_start_time": 1767682993.0285077,
  "process_end_time": 1767683266.8555903,
  "total_elapsed_time_seconds": 273.83,
  "rounds_time_stats": {
    "round_1": 42.88,
    "round_2": 44.44,
    "round_3": 48.46,
    "round_4": 44.63,
    "round_5": 45.49,
    "round_6": 47.93
  }
}