{
  "process_start_time": 1767884657.7147763,
  "process_end_time": 1767884682.8861964,
  "total_elapsed_time_seconds": 25.17,
  "rounds_time_stats": {
    "round_1": 25.17
  }
}