{
  "process_start_time": 1767689713.7908366,
  "process_end_time": 1767690008.0687594,
  "total_elapsed_time_seconds": 294.28,
  "rounds_time_stats": {
    "round_1": 48.46,
    "round_2": 59.13,
    "round_3": 44.49,
    "round_4": 49.04,
    "round_5": 45.63,
    "round_6": 47.52
  }
}