{
  "process_start_time": 1767975136.2599766,
  "process_end_time": 1767975270.1380374,
  "total_elapsed_time_seconds": 133.88,
  "rounds_time_stats": {
    "round_1": 24.59,
    "round_2": 12.71,
    "round_3": 27.82,
    "round_4": 24.32,
    "round_5": 25.43,
    "round_6": 19.02
  }
}