{
  "process_start_time": 1767889650.8382146,
  "process_end_time": 1767889662.8875942,
  "total_elapsed_time_seconds": 12.05,
  "rounds_time_stats": {
    "round_1": 12.05
  }
}