{
  "process_start_time": 1767683558.7682278,
  "process_end_time": 1767683823.9490645,
  "total_elapsed_time_seconds": 265.18,
  "rounds_time_stats": {
    "round_1": 37.18,
    "round_2": 43.18,
    "round_3": 46.84,
    "round_4": 46.09,
    "round_5": 46.8,
    "round_6": 45.08
  }
}