{
  "process_start_time": 1767889779.8603222,
  "process_end_time": 1767889817.299268,
  "total_elapsed_time_seconds": 37.44,
  "rounds_time_stats": {
    "round_1": 37.43
  }
}