{
  "process_start_time": 1767978777.428027,
  "process_end_time": 1767978967.2988715,
  "total_elapsed_time_seconds": 189.87,
  "rounds_time_stats": {
    "round_1": 29.58,
    "round_2": 31.27,
    "round_3": 30.62,
    "round_4": 38.02,
    "round_5": 32.8,
    "round_6": 27.58
  }
}