{
  "process_start_time": 1767975305.0357144,
  "process_end_time": 1767975463.8670316,
  "total_elapsed_time_seconds": 158.83,
  "rounds_time_stats": {
    "round_1": 33.8,
    "round_2": 23.02,
    "round_3": 27.96,
    "round_4": 19.98,
    "round_5": 27.44,
    "round_6": 26.64
  }
}