{
  "process_start_time": 1767889341.1312194,
  "process_end_time": 1767889363.0053377,
  "total_elapsed_time_seconds": 21.87,
  "rounds_time_stats": {
    "round_1": 21.86
  }
}