{
  "process_start_time": 1767888409.056034,
  "process_end_time": 1767888439.0454314,
  "total_elapsed_time_seconds": 29.99,
  "rounds_time_stats": {
    "round_1": 10.91,
    "round_2": 19.08
  }
}