{
  "process_start_time": 1767685255.2555292,
  "process_end_time": 1767685559.1067228,
  "total_elapsed_time_seconds": 303.85,
  "rounds_time_stats": {
    "round_1": 62.5,
    "round_2": 42.34,
    "round_3": 60.39,
    "round_4": 48.44,
    "round_5": 48.01,
    "round_6": 42.18
  }
}