{
  "process_start_time": 1768555751.2203236,
  "process_end_time": 1768555928.8935442,
  "total_elapsed_time_seconds": 177.67,
  "rounds_time_stats": {
    "round_1": 22.3,
    "round_2": 25.67,
    "round_3": 29.57,
    "round_4": 30.56,
    "round_5": 31.48,
    "round_6": 38.08
  }
}