{
  "process_start_time": 1767681357.0600026,
  "process_end_time": 1767681579.432107,
  "total_elapsed_time_seconds": 222.37,
  "rounds_time_stats": {
    "round_1": 41.67,
    "round_2": 38.21,
    "round_3": 59.95,
    "round_4": 26.75,
    "round_5": 26.66,
    "round_6": 29.13
  }
}