{
  "process_start_time": 1767890899.636696,
  "process_end_time": 1767890957.8798954,
  "total_elapsed_time_seconds": 58.24,
  "rounds_time_stats": {
    "round_1": 58.01,
    "round_2": 0.23
  }
}