{
  "process_start_time": 1767969222.452003,
  "process_end_time": 1767969556.5297737,
  "total_elapsed_time_seconds": 334.08,
  "rounds_time_stats": {
    "round_1": 58.16,
    "round_2": 45.53,
    "round_3": 75.98,
    "round_4": 78.75,
    "round_5": 36.76,
    "round_6": 38.89
  }
}