{
  "process_start_time": 1767888476.8111272,
  "process_end_time": 1767888489.518086,
  "total_elapsed_time_seconds": 12.71,
  "rounds_time_stats": {
    "round_1": 12.7
  }
}