{
  "process_start_time": 1767681115.7693832,
  "process_end_time": 1767681403.004528,
  "total_elapsed_time_seconds": 287.24,
  "rounds_time_stats": {
    "round_1": 43.47,
    "round_2": 48.21,
    "round_3": 57.53,
    "round_4": 46.2,
    "round_5": 44.21,
    "round_6": 47.61
  }
}