{
  "process_start_time": 1767885617.9791927,
  "process_end_time": 1767885644.794897,
  "total_elapsed_time_seconds": 26.82,
  "rounds_time_stats": {
    "round_1": 26.77
  }
}