{
  "process_start_time": 1767887847.4734466,
  "process_end_time": 1767887856.0828032,
  "total_elapsed_time_seconds": 8.61,
  "rounds_time_stats": {
    "round_1": 8.61
  }
}