{
  "process_start_time": 1768555485.963812,
  "process_end_time": 1768555525.9876966,
  "total_elapsed_time_seconds": 40.02,
  "rounds_time_stats": {
    "round_1": 39.97
  }
}