{
  "process_start_time": 1768555818.117724,
  "process_end_time": 1768555966.5994482,
  "total_elapsed_time_seconds": 148.48,
  "rounds_time_stats": {
    "round_1": 18.97,
    "round_2": 23.05,
    "round_3": 29.44,
    "round_4": 26.48,
    "round_5": 24.51,
    "round_6": 26.03
  }
}