{
  "process_start_time": 1767888528.7400565,
  "process_end_time": 1767888540.2512584,
  "total_elapsed_time_seconds": 11.51,
  "rounds_time_stats": {
    "round_1": 11.51
  }
}