{
  "process_start_time": 1767885116.904013,
  "process_end_time": 1767885183.59354,
  "total_elapsed_time_seconds": 66.69,
  "rounds_time_stats": {
    "round_1": 33.92,
    "round_2": 32.76
  }
}