{
  "process_start_time": 1768551007.8126643,
  "process_end_time": 1768551216.2199025,
  "total_elapsed_time_seconds": 208.41,
  "rounds_time_stats": {
    "round_1": 43.54,
    "round_2": 41.19,
    "round_3": 42.93,
    "round_4": 28.84,
    "round_5": 31.07,
    "round_6": 20.84
  }
}