{
  "process_start_time": 1767883390.8034322,
  "process_end_time": 1767883412.1522527,
  "total_elapsed_time_seconds": 21.35,
  "rounds_time_stats": {
    "round_1": 21.34
  }
}