{
  "process_start_time": 1768551259.6334996,
  "process_end_time": 1768551425.0354855,
  "total_elapsed_time_seconds": 165.4,
  "rounds_time_stats": {
    "round_1": 23.99,
    "round_2": 30.57,
    "round_3": 27.36,
    "round_4": 27.91,
    "round_5": 27.24,
    "round_6": 28.33
  }
}