{
  "process_start_time": 1768555505.1775973,
  "process_end_time": 1768555679.6578457,
  "total_elapsed_time_seconds": 174.48,
  "rounds_time_stats": {
    "round_1": 25.69,
    "round_2": 29.55,
    "round_3": 28.07,
    "round_4": 30.58,
    "round_5": 30.08,
    "round_6": 30.5
  }
}