{
  "process_start_time": 1767888753.6758697,
  "process_end_time": 1767888773.0021203,
  "total_elapsed_time_seconds": 19.33,
  "rounds_time_stats": {
    "round_1": 19.31
  }
}