{
  "process_start_time": 1767977616.7056928,
  "process_end_time": 1767977802.175412,
  "total_elapsed_time_seconds": 185.47,
  "rounds_time_stats": {
    "round_1": 31.1,
    "round_2": 29.65,
    "round_3": 27.91,
    "round_4": 32.8,
    "round_5": 32.12,
    "round_6": 31.89
  }
}