{
  "process_start_time": 1767969534.7679582,
  "process_end_time": 1767969809.4476714,
  "total_elapsed_time_seconds": 274.68,
  "rounds_time_stats": {
    "round_1": 64.31,
    "round_2": 40.52,
    "round_3": 51.13,
    "round_4": 40.67,
    "round_5": 38.12,
    "round_6": 39.92
  }
}