{
  "process_start_time": 1768556713.8959277,
  "process_end_time": 1768556876.9856129,
  "total_elapsed_time_seconds": 163.09,
  "rounds_time_stats": {
    "round_1": 30.1,
    "round_2": 27.5,
    "round_3": 20.48,
    "round_4": 27.12,
    "round_5": 28.78,
    "round_6": 29.11
  }
}