{
  "process_start_time": 1767678373.6107945,
  "process_end_time": 1767678638.6769931,
  "total_elapsed_time_seconds": 265.07,
  "rounds_time_stats": {
    "round_1": 30.78,
    "round_2": 37.88,
    "round_3": 59.71,
    "round_4": 46.1,
    "round_5": 43.72,
    "round_6": 46.88
  }
}