{
  "process_start_time": 1767679446.2109303,
  "process_end_time": 1767679730.929689,
  "total_elapsed_time_seconds": 284.72,
  "rounds_time_stats": {
    "round_1": 34.73,
    "round_2": 50.22,
    "round_3": 60.82,
    "round_4": 48.77,
    "round_5": 43.86,
    "round_6": 46.29
  }
}