{
  "process_start_time": 1767975316.0094643,
  "process_end_time": 1767975517.6834786,
  "total_elapsed_time_seconds": 201.67,
  "rounds_time_stats": {
    "round_1": 27.36,
    "round_2": 35.59,
    "round_3": 28.83,
    "round_4": 37.48,
    "round_5": 35.89,
    "round_6": 36.52
  }
}