{
  "process_start_time": 1767679716.5150583,
  "process_end_time": 1767679985.6464272,
  "total_elapsed_time_seconds": 269.13,
  "rounds_time_stats": {
    "round_1": 47.56,
    "round_2": 46.01,
    "round_3": 32.31,
    "round_4": 48.23,
    "round_5": 46.94,
    "round_6": 48.08
  }
}