{
  "process_start_time": 1767684397.1554353,
  "process_end_time": 1767684674.1827095,
  "total_elapsed_time_seconds": 277.03,
  "rounds_time_stats": {
    "round_1": 44.89,
    "round_2": 47.43,
    "round_3": 42.66,
    "round_4": 50.4,
    "round_5": 42.81,
    "round_6": 48.83
  }
}