{
  "process_start_time": 1768552285.4148252,
  "process_end_time": 1768552628.4630544,
  "total_elapsed_time_seconds": 343.05,
  "rounds_time_stats": {
    "round_1": 29.05,
    "round_2": 36.02,
    "round_3": 22.97,
    "round_4": 134.36,
    "round_5": 39.55,
    "round_6": 81.09
  }
}