{
  "process_start_time": 1768552628.4640908,
  "process_end_time": 1768553040.3954217,
  "total_elapsed_time_seconds": 411.93,
  "rounds_time_stats": {
    "round_1": 60.47,
    "round_2": 50.59,
    "round_3": 68.15,
    "round_4": 186.61,
    "round_5": 21.35,
    "round_6": 24.75
  }
}