{
  "process_start_time": 1767890791.334397,
  "process_end_time": 1767890939.1525815,
  "total_elapsed_time_seconds": 147.82,
  "rounds_time_stats": {
    "round_1": 22.33,
    "round_2": 26.32,
    "round_3": 23.73,
    "round_4": 24.39,
    "round_5": 25.53,
    "round_6": 25.52
  }
}