{
  "process_start_time": 1767689356.2971447,
  "process_end_time": 1767689627.8718097,
  "total_elapsed_time_seconds": 271.57,
  "rounds_time_stats": {
    "round_1": 41.99,
    "round_2": 32.82,
    "round_3": 47.51,
    "round_4": 43.82,
    "round_5": 58.37,
    "round_6": 47.07
  }
}