{
  "process_start_time": 1768549937.2149339,
  "process_end_time": 1768550252.4015517,
  "total_elapsed_time_seconds": 315.19,
  "rounds_time_stats": {
    "round_1": 47.33,
    "round_2": 43.56,
    "round_3": 45.7,
    "round_4": 72.39,
    "round_5": 49.5,
    "round_6": 56.71
  }
}