{
  "process_start_time": 1767682370.3055806,
  "process_end_time": 1767682688.2772152,
  "total_elapsed_time_seconds": 317.97,
  "rounds_time_stats": {
    "round_1": 86.01,
    "round_2": 40.24,
    "round_3": 50.8,
    "round_4": 42.95,
    "round_5": 50.16,
    "round_6": 47.8
  }
}