{
  "process_start_time": 1768555374.8097816,
  "process_end_time": 1768555540.5768752,
  "total_elapsed_time_seconds": 165.77,
  "rounds_time_stats": {
    "round_1": 27.46,
    "round_2": 26.36,
    "round_3": 23.5,
    "round_4": 24.96,
    "round_5": 28.75,
    "round_6": 34.74
  }
}