{
  "process_start_time": 1767887949.8633068,
  "process_end_time": 1767887957.6920285,
  "total_elapsed_time_seconds": 7.83,
  "rounds_time_stats": {
    "round_1": 7.83
  }
}