{
  "process_start_time": 1767890337.8844981,
  "process_end_time": 1767890366.085196,
  "total_elapsed_time_seconds": 28.2,
  "rounds_time_stats": {
    "round_1": 10.52,
    "round_2": 17.68
  }
}