{
  "process_start_time": 1767969561.7687054,
  "process_end_time": 1767969861.0409827,
  "total_elapsed_time_seconds": 299.27,
  "rounds_time_stats": {
    "round_1": 34.39,
    "round_2": 43.35,
    "round_3": 77.15,
    "round_4": 39.96,
    "round_5": 52.16,
    "round_6": 52.26
  }
}