{
  "process_start_time": 1768116151.0668209,
  "process_end_time": 1768116488.4249108,
  "total_elapsed_time_seconds": 337.36,
  "rounds_time_stats": {
    "round_1": 60.29,
    "round_2": 50.17,
    "round_3": 80.57,
    "round_4": 54.42,
    "round_5": 46.48,
    "round_6": 45.44
  }
}