{
  "process_start_time": 1767692251.1930377,
  "process_end_time": 1767692439.6208844,
  "total_elapsed_time_seconds": 188.43,
  "rounds_time_stats": {
    "round_1": 31.3,
    "round_2": 34.5,
    "round_3": 34.01,
    "round_4": 31.3,
    "round_5": 32.89,
    "round_6": 24.43
  }
}