{
  "process_start_time": 1767888541.8973155,
  "process_end_time": 1767888603.993624,
  "total_elapsed_time_seconds": 62.1,
  "rounds_time_stats": {
    "round_1": 18.06,
    "round_2": 13.74,
    "round_3": 30.29
  }
}