{
  "process_start_time": 1767888496.1018794,
  "process_end_time": 1767888506.0837626,
  "total_elapsed_time_seconds": 9.98,
  "rounds_time_stats": {
    "round_1": 9.98
  }
}