{
  "process_start_time": 1767975516.8824453,
  "process_end_time": 1767975644.2864854,
  "total_elapsed_time_seconds": 127.4,
  "rounds_time_stats": {
    "round_1": 23.53,
    "round_2": 21.52,
    "round_3": 29.8,
    "round_4": 19.1,
    "round_5": 16.03,
    "round_6": 17.43
  }
}