{
  "process_start_time": 1767683866.325741,
  "process_end_time": 1767684167.3359933,
  "total_elapsed_time_seconds": 301.01,
  "rounds_time_stats": {
    "round_1": 49.61,
    "round_2": 60.36,
    "round_3": 48.62,
    "round_4": 46.2,
    "round_5": 46.39,
    "round_6": 49.83
  }
}