{
  "process_start_time": 1767884806.8181863,
  "process_end_time": 1767884820.5836112,
  "total_elapsed_time_seconds": 13.77,
  "rounds_time_stats": {
    "round_1": 13.76
  }
}