{
  "process_start_time": 1767969222.4509983,
  "process_end_time": 1767969446.7083426,
  "total_elapsed_time_seconds": 224.26,
  "rounds_time_stats": {
    "round_1": 37.72,
    "round_2": 36.2,
    "round_3": 35.21,
    "round_4": 38.24,
    "round_5": 36.11,
    "round_6": 40.78
  }
}