{
  "process_start_time": 1768117015.720933,
  "process_end_time": 1768117271.8734548,
  "total_elapsed_time_seconds": 256.15,
  "rounds_time_stats": {
    "round_1": 49.61,
    "round_2": 48.0,
    "round_3": 47.13,
    "round_4": 35.04,
    "round_5": 43.35,
    "round_6": 33.02
  }
}