{
  "process_start_time": 1767677387.1253805,
  "process_end_time": 1767677621.6045532,
  "total_elapsed_time_seconds": 234.48,
  "rounds_time_stats": {
    "round_1": 39.87,
    "round_2": 44.28,
    "round_3": 41.4,
    "round_4": 37.92,
    "round_5": 35.75,
    "round_6": 35.25
  }
}