{
  "process_start_time": 1767888028.708641,
  "process_end_time": 1767888042.141347,
  "total_elapsed_time_seconds": 13.43,
  "rounds_time_stats": {
    "round_1": 13.43
  }
}