{
  "process_start_time": 1767885601.1170776,
  "process_end_time": 1767885647.630935,
  "total_elapsed_time_seconds": 46.51,
  "rounds_time_stats": {
    "round_1": 23.33,
    "round_2": 22.86,
    "round_3": 0.31
  }
}