{
  "process_start_time": 1768556506.7475479,
  "process_end_time": 1768556655.9723136,
  "total_elapsed_time_seconds": 149.22,
  "rounds_time_stats": {
    "round_1": 16.13,
    "round_2": 21.52,
    "round_3": 29.61,
    "round_4": 23.45,
    "round_5": 27.6,
    "round_6": 30.92
  }
}