{
  "process_start_time": 1767678911.2712226,
  "process_end_time": 1767679181.3195536,
  "total_elapsed_time_seconds": 270.05,
  "rounds_time_stats": {
    "round_1": 46.67,
    "round_2": 43.27,
    "round_3": 44.2,
    "round_4": 46.53,
    "round_5": 46.62,
    "round_6": 42.76
  }
}