{
  "process_start_time": 1767888634.1549597,
  "process_end_time": 1767888760.1841528,
  "total_elapsed_time_seconds": 126.03,
  "rounds_time_stats": {
    "round_1": 17.79,
    "round_2": 19.33,
    "round_3": 20.35,
    "round_4": 23.5,
    "round_5": 23.7,
    "round_6": 21.36
  }
}