{
  "process_start_time": 1767978777.4271665,
  "process_end_time": 1767978950.33099,
  "total_elapsed_time_seconds": 172.9,
  "rounds_time_stats": {
    "round_1": 24.13,
    "round_2": 24.98,
    "round_3": 35.07,
    "round_4": 25.48,
    "round_5": 32.25,
    "round_6": 30.99
  }
}