{
  "process_start_time": 1767889824.5076118,
  "process_end_time": 1767889833.5389228,
  "total_elapsed_time_seconds": 9.03,
  "rounds_time_stats": {
    "round_1": 9.03
  }
}