{
  "process_start_time": 1767688557.1890116,
  "process_end_time": 1767688881.6213527,
  "total_elapsed_time_seconds": 324.43,
  "rounds_time_stats": {
    "round_1": 48.32,
    "round_2": 51.1,
    "round_3": 67.27,
    "round_4": 64.01,
    "round_5": 49.31,
    "round_6": 44.42
  }
}