{
  "process_start_time": 1767886537.4378111,
  "process_end_time": 1767886626.6015422,
  "total_elapsed_time_seconds": 89.16,
  "rounds_time_stats": {
    "round_1": 16.96,
    "round_2": 28.08,
    "round_3": 44.12
  }
}