{
  "process_start_time": 1767687663.0284498,
  "process_end_time": 1767687934.6868885,
  "total_elapsed_time_seconds": 271.66,
  "rounds_time_stats": {
    "round_1": 43.97,
    "round_2": 45.97,
    "round_3": 48.0,
    "round_4": 46.07,
    "round_5": 44.54,
    "round_6": 43.11
  }
}