{
  "process_start_time": 1767890220.2940063,
  "process_end_time": 1767890230.9308395,
  "total_elapsed_time_seconds": 10.64,
  "rounds_time_stats": {
    "round_1": 10.63
  }
}