{
  "process_start_time": 1767885352.8181002,
  "process_end_time": 1767885413.5037487,
  "total_elapsed_time_seconds": 60.69,
  "rounds_time_stats": {
    "round_1": 30.25,
    "round_2": 30.42
  }
}