{
  "process_start_time": 1768108769.5969188,
  "process_end_time": 1768108993.1167512,
  "total_elapsed_time_seconds": 223.52,
  "rounds_time_stats": {
    "round_1": 28.33,
    "round_2": 29.54,
    "round_3": 34.88,
    "round_4": 37.09,
    "round_5": 44.21,
    "round_6": 49.47
  }
}