{
  "process_start_time": 1767976981.2737012,
  "process_end_time": 1767977193.8208907,
  "total_elapsed_time_seconds": 212.55,
  "rounds_time_stats": {
    "round_1": 34.1,
    "round_2": 30.52,
    "round_3": 30.88,
    "round_4": 22.66,
    "round_5": 30.17,
    "round_6": 64.23
  }
}