{
  "process_start_time": 1768549937.2296145,
  "process_end_time": 1768550211.461515,
  "total_elapsed_time_seconds": 274.23,
  "rounds_time_stats": {
    "round_1": 37.42,
    "round_2": 33.13,
    "round_3": 57.62,
    "round_4": 45.99,
    "round_5": 46.3,
    "round_6": 53.76
  }
}