{
  "process_start_time": 1767884581.9485757,
  "process_end_time": 1767884689.8986533,
  "total_elapsed_time_seconds": 107.95,
  "rounds_time_stats": {
    "round_1": 16.81,
    "round_2": 18.78,
    "round_3": 18.41,
    "round_4": 16.92,
    "round_5": 21.88,
    "round_6": 15.15
  }
}