{
  "process_start_time": 1767889556.6883593,
  "process_end_time": 1767889640.7595413,
  "total_elapsed_time_seconds": 84.07,
  "rounds_time_stats": {
    "round_1": 21.21,
    "round_2": 62.83
  }
}