{
  "process_start_time": 1767885888.5357213,
  "process_end_time": 1767885907.2393343,
  "total_elapsed_time_seconds": 18.7,
  "rounds_time_stats": {
    "round_1": 18.7
  }
}