{
  "process_start_time": 1768556723.8696916,
  "process_end_time": 1768556886.8656344,
  "total_elapsed_time_seconds": 163.0,
  "rounds_time_stats": {
    "round_1": 30.13,
    "round_2": 26.24,
    "round_3": 20.3,
    "round_4": 28.12,
    "round_5": 30.73,
    "round_6": 27.47
  }
}