{
  "process_start_time": 1767973961.5348148,
  "process_end_time": 1767974336.6565564,
  "total_elapsed_time_seconds": 375.12,
  "rounds_time_stats": {
    "round_1": 79.12,
    "round_2": 47.24,
    "round_3": 71.2,
    "round_4": 56.36,
    "round_5": 49.52,
    "round_6": 71.67
  }
}