{
  "process_start_time": 1767886986.8317986,
  "process_end_time": 1767887017.922936,
  "total_elapsed_time_seconds": 31.09,
  "rounds_time_stats": {
    "round_1": 31.09
  }
}