{
  "process_start_time": 1767883557.686973,
  "process_end_time": 1767883575.444417,
  "total_elapsed_time_seconds": 17.76,
  "rounds_time_stats": {
    "round_1": 17.75
  }
}