{
  "process_start_time": 1767888558.7889044,
  "process_end_time": 1767888653.8777494,
  "total_elapsed_time_seconds": 95.09,
  "rounds_time_stats": {
    "round_1": 17.07,
    "round_2": 29.22,
    "round_3": 26.06,
    "round_4": 22.74
  }
}