{
  "process_start_time": 1767884035.3887858,
  "process_end_time": 1767884123.8254843,
  "total_elapsed_time_seconds": 88.44,
  "rounds_time_stats": {
    "round_1": 13.52,
    "round_2": 14.9,
    "round_3": 12.59,
    "round_4": 14.3,
    "round_5": 16.44,
    "round_6": 16.68
  }
}