{
  "process_start_time": 1767890256.898758,
  "process_end_time": 1767890394.8497176,
  "total_elapsed_time_seconds": 137.95,
  "rounds_time_stats": {
    "round_1": 22.82,
    "round_2": 21.77,
    "round_3": 22.56,
    "round_4": 20.05,
    "round_5": 22.06,
    "round_6": 28.68
  }
}