{
  "process_start_time": 1767889217.5895896,
  "process_end_time": 1767889278.2588072,
  "total_elapsed_time_seconds": 60.67,
  "rounds_time_stats": {
    "round_1": 19.49,
    "round_2": 13.51,
    "round_3": 27.67
  }
}