{
  "process_start_time": 1767886944.5465422,
  "process_end_time": 1767886978.799911,
  "total_elapsed_time_seconds": 34.25,
  "rounds_time_stats": {
    "round_1": 34.2
  }
}