{
  "process_start_time": 1768555296.3334506,
  "process_end_time": 1768555451.4615736,
  "total_elapsed_time_seconds": 155.13,
  "rounds_time_stats": {
    "round_1": 21.01,
    "round_2": 29.22,
    "round_3": 28.41,
    "round_4": 27.16,
    "round_5": 27.15,
    "round_6": 22.17
  }
}