{
  "process_start_time": 1767888964.354369,
  "process_end_time": 1767888984.7324748,
  "total_elapsed_time_seconds": 20.38,
  "rounds_time_stats": {
    "round_1": 10.63,
    "round_2": 9.75
  }
}