{
  "process_start_time": 1767680338.7603269,
  "process_end_time": 1767680590.7114317,
  "total_elapsed_time_seconds": 251.95,
  "rounds_time_stats": {
    "round_1": 39.12,
    "round_2": 35.97,
    "round_3": 53.47,
    "round_4": 44.68,
    "round_5": 44.07,
    "round_6": 34.63
  }
}