{
  "process_start_time": 1767886178.4408658,
  "process_end_time": 1767886210.7581043,
  "total_elapsed_time_seconds": 32.32,
  "rounds_time_stats": {
    "round_1": 32.31
  }
}