{
  "process_start_time": 1768748393.564248,
  "process_end_time": 1768748579.4332042,
  "total_elapsed_time_seconds": 185.87,
  "rounds_time_stats": {
    "round_1": 30.44,
    "round_2": 25.37,
    "round_3": 30.64,
    "round_4": 35.0,
    "round_5": 31.38,
    "round_6": 33.04
  }
}