{
  "process_start_time": 1767889495.0537586,
  "process_end_time": 1767889506.0733385,
  "total_elapsed_time_seconds": 11.02,
  "rounds_time_stats": {
    "round_1": 11.02
  }
}