{
  "process_start_time": 1767890096.4315846,
  "process_end_time": 1767890106.2755296,
  "total_elapsed_time_seconds": 9.84,
  "rounds_time_stats": {
    "round_1": 9.84
  }
}