{
  "process_start_time": 1767680899.6269624,
  "process_end_time": 1767681193.1748168,
  "total_elapsed_time_seconds": 293.55,
  "rounds_time_stats": {
    "round_1": 60.14,
    "round_2": 44.77,
    "round_3": 47.27,
    "round_4": 48.74,
    "round_5": 42.37,
    "round_6": 50.25
  }
}