{
  "process_start_time": 1767685199.2380776,
  "process_end_time": 1767685452.253081,
  "total_elapsed_time_seconds": 253.02,
  "rounds_time_stats": {
    "round_1": 33.62,
    "round_2": 37.25,
    "round_3": 48.98,
    "round_4": 42.18,
    "round_5": 45.44,
    "round_6": 45.55
  }
}