{
  "process_start_time": 1768114753.4234324,
  "process_end_time": 1768115055.177614,
  "total_elapsed_time_seconds": 301.75,
  "rounds_time_stats": {
    "round_1": 49.77,
    "round_2": 44.02,
    "round_3": 63.94,
    "round_4": 50.21,
    "round_5": 48.73,
    "round_6": 45.08
  }
}