{
  "process_start_time": 1767976124.6775389,
  "process_end_time": 1767976310.6912827,
  "total_elapsed_time_seconds": 186.01,
  "rounds_time_stats": {
    "round_1": 29.15,
    "round_2": 32.46,
    "round_3": 30.97,
    "round_4": 33.0,
    "round_5": 29.78,
    "round_6": 30.65
  }
}