{
  "process_start_time": 1767890878.5559008,
  "process_end_time": 1767891015.0547354,
  "total_elapsed_time_seconds": 136.5,
  "rounds_time_stats": {
    "round_1": 27.86,
    "round_2": 20.93,
    "round_3": 25.24,
    "round_4": 22.94,
    "round_5": 20.54,
    "round_6": 18.99
  }
}