{
  "process_start_time": 1767976318.870785,
  "process_end_time": 1767976457.7029061,
  "total_elapsed_time_seconds": 138.83,
  "rounds_time_stats": {
    "round_1": 15.62,
    "round_2": 13.63,
    "round_3": 32.12,
    "round_4": 27.13,
    "round_5": 31.82,
    "round_6": 18.49
  }
}