{
  "process_start_time": 1767888175.9758987,
  "process_end_time": 1767888192.1659164,
  "total_elapsed_time_seconds": 16.19,
  "rounds_time_stats": {
    "round_1": 16.19
  }
}