{
  "process_start_time": 1767886684.45917,
  "process_end_time": 1767886723.9833074,
  "total_elapsed_time_seconds": 39.52,
  "rounds_time_stats": {
    "round_1": 18.17,
    "round_2": 21.34
  }
}