{
  "process_start_time": 1767684166.2304082,
  "process_end_time": 1767684428.0422204,
  "total_elapsed_time_seconds": 261.81,
  "rounds_time_stats": {
    "round_1": 48.91,
    "round_2": 45.7,
    "round_3": 42.74,
    "round_4": 34.76,
    "round_5": 40.78,
    "round_6": 48.93
  }
}