{
  "process_start_time": 1767969810.888325,
  "process_end_time": 1767970089.3568456,
  "total_elapsed_time_seconds": 278.47,
  "rounds_time_stats": {
    "round_1": 51.03,
    "round_2": 72.72,
    "round_3": 37.43,
    "round_4": 36.41,
    "round_5": 48.14,
    "round_6": 32.73
  }
}