{
  "process_start_time": 1767884142.22533,
  "process_end_time": 1767884163.1249835,
  "total_elapsed_time_seconds": 20.9,
  "rounds_time_stats": {
    "round_1": 20.9
  }
}