{
  "process_start_time": 1767887686.9329467,
  "process_end_time": 1767887703.4956055,
  "total_elapsed_time_seconds": 16.56,
  "rounds_time_stats": {
    "round_1": 16.56
  }
}