{
  "process_start_time": 1767888822.829219,
  "process_end_time": 1767888883.0185692,
  "total_elapsed_time_seconds": 60.19,
  "rounds_time_stats": {
    "round_1": 28.28,
    "round_2": 31.89
  }
}