{
  "process_start_time": 1767884881.018152,
  "process_end_time": 1767884901.309194,
  "total_elapsed_time_seconds": 20.29,
  "rounds_time_stats": {
    "round_1": 20.28
  }
}