{
  "process_start_time": 1767883576.6761317,
  "process_end_time": 1767883817.7883716,
  "total_elapsed_time_seconds": 241.11,
  "rounds_time_stats": {
    "round_1": 39.73,
    "round_2": 39.22,
    "round_3": 34.97,
    "round_4": 39.51,
    "round_5": 39.06,
    "round_6": 48.6
  }
}