{
  "process_start_time": 1767890095.700283,
  "process_end_time": 1767890108.6383128,
  "total_elapsed_time_seconds": 12.94,
  "rounds_time_stats": {
    "round_1": 12.94
  }
}