{
  "process_start_time": 1767886101.1413214,
  "process_end_time": 1767886324.8546464,
  "total_elapsed_time_seconds": 223.71,
  "rounds_time_stats": {
    "round_1": 35.44,
    "round_2": 34.73,
    "round_3": 40.18,
    "round_4": 45.6,
    "round_5": 33.96,
    "round_6": 33.8
  }
}