{
  "process_start_time": 1767888816.6988077,
  "process_end_time": 1767888833.8870478,
  "total_elapsed_time_seconds": 17.19,
  "rounds_time_stats": {
    "round_1": 17.18
  }
}