{
  "process_start_time": 1767886031.4701536,
  "process_end_time": 1767886051.8042684,
  "total_elapsed_time_seconds": 20.33,
  "rounds_time_stats": {
    "round_1": 20.33
  }
}