{
  "process_start_time": 1768117867.2697752,
  "process_end_time": 1768118140.7094533,
  "total_elapsed_time_seconds": 273.44,
  "rounds_time_stats": {
    "round_1": 43.27,
    "round_2": 37.9,
    "round_3": 49.96,
    "round_4": 60.62,
    "round_5": 44.87,
    "round_6": 36.82
  }
}