{
  "process_start_time": 1767684944.0741408,
  "process_end_time": 1767685255.1256561,
  "total_elapsed_time_seconds": 311.05,
  "rounds_time_stats": {
    "round_1": 46.59,
    "round_2": 41.88,
    "round_3": 47.91,
    "round_4": 62.77,
    "round_5": 56.69,
    "round_6": 55.21
  }
}