{
  "process_start_time": 1767885370.694831,
  "process_end_time": 1767885457.06631,
  "total_elapsed_time_seconds": 86.37,
  "rounds_time_stats": {
    "round_1": 86.31
  }
}