{
  "process_start_time": 1767969222.5066793,
  "process_end_time": 1767969677.3219907,
  "total_elapsed_time_seconds": 454.82,
  "rounds_time_stats": {
    "round_1": 82.38,
    "round_2": 78.01,
    "round_3": 59.12,
    "round_4": 131.23,
    "round_5": 45.92,
    "round_6": 58.16
  }
}