{
  "process_start_time": 1767886009.0360742,
  "process_end_time": 1767886065.143868,
  "total_elapsed_time_seconds": 56.11,
  "rounds_time_stats": {
    "round_1": 19.83,
    "round_2": 36.11,
    "round_3": 0.16
  }
}