{
  "process_start_time": 1767889435.7188087,
  "process_end_time": 1767889576.4341483,
  "total_elapsed_time_seconds": 140.72,
  "rounds_time_stats": {
    "round_1": 29.5,
    "round_2": 28.77,
    "round_3": 29.74,
    "round_4": 28.05,
    "round_5": 24.66
  }
}