{
  "process_start_time": 1767883727.2727726,
  "process_end_time": 1767883749.6072817,
  "total_elapsed_time_seconds": 22.33,
  "rounds_time_stats": {
    "round_1": 22.33
  }
}