{
  "process_start_time": 1767889545.114005,
  "process_end_time": 1767889557.9520133,
  "total_elapsed_time_seconds": 12.84,
  "rounds_time_stats": {
    "round_1": 12.83
  }
}