{
  "process_start_time": 1767884773.4412243,
  "process_end_time": 1767884847.7682822,
  "total_elapsed_time_seconds": 74.33,
  "rounds_time_stats": {
    "round_1": 23.49,
    "round_2": 28.04,
    "round_3": 22.44,
    "round_4": 0.35
  }
}