{
  "process_start_time": 1767978968.2005038,
  "process_end_time": 1767979116.1377769,
  "total_elapsed_time_seconds": 147.94,
  "rounds_time_stats": {
    "round_1": 17.66,
    "round_2": 21.75,
    "round_3": 29.58,
    "round_4": 20.39,
    "round_5": 28.89,
    "round_6": 29.67
  }
}