{
  "process_start_time": 1768555976.937412,
  "process_end_time": 1768556140.8338597,
  "total_elapsed_time_seconds": 163.9,
  "rounds_time_stats": {
    "round_1": 26.87,
    "round_2": 28.18,
    "round_3": 28.63,
    "round_4": 28.21,
    "round_5": 27.19,
    "round_6": 24.82
  }
}