{
  "process_start_time": 1767883000.9590921,
  "process_end_time": 1767883021.4355905,
  "total_elapsed_time_seconds": 20.48,
  "rounds_time_stats": {
    "round_1": 20.48
  }
}