{
  "process_start_time": 1767884231.1147869,
  "process_end_time": 1767884302.2373192,
  "total_elapsed_time_seconds": 71.12,
  "rounds_time_stats": {
    "round_1": 34.51,
    "round_2": 36.59
  }
}