{
  "process_start_time": 1768549937.231053,
  "process_end_time": 1768550224.4567888,
  "total_elapsed_time_seconds": 287.23,
  "rounds_time_stats": {
    "round_1": 42.76,
    "round_2": 49.33,
    "round_3": 43.24,
    "round_4": 44.53,
    "round_5": 46.81,
    "round_6": 60.55
  }
}