{
  "process_start_time": 1767978950.7190502,
  "process_end_time": 1767979138.3246818,
  "total_elapsed_time_seconds": 187.61,
  "rounds_time_stats": {
    "round_1": 21.41,
    "round_2": 26.08,
    "round_3": 28.29,
    "round_4": 38.8,
    "round_5": 31.45,
    "round_6": 41.57
  }
}