{
  "process_start_time": 1767678942.2459662,
  "process_end_time": 1767679169.7031152,
  "total_elapsed_time_seconds": 227.46,
  "rounds_time_stats": {
    "round_1": 20.53,
    "round_2": 37.08,
    "round_3": 27.68,
    "round_4": 47.4,
    "round_5": 46.34,
    "round_6": 48.43
  }
}