{
  "process_start_time": 1767677356.3265612,
  "process_end_time": 1767677596.131225,
  "total_elapsed_time_seconds": 239.8,
  "rounds_time_stats": {
    "round_1": 44.74,
    "round_2": 46.06,
    "round_3": 39.14,
    "round_4": 38.41,
    "round_5": 34.89,
    "round_6": 36.57
  }
}