{
  "process_start_time": 1767889966.2560763,
  "process_end_time": 1767889985.3593037,
  "total_elapsed_time_seconds": 19.1,
  "rounds_time_stats": {
    "round_1": 19.1
  }
}