{
  "process_start_time": 1768551020.8503013,
  "process_end_time": 1768551230.8007956,
  "total_elapsed_time_seconds": 209.95,
  "rounds_time_stats": {
    "round_1": 45.69,
    "round_2": 38.26,
    "round_3": 41.23,
    "round_4": 29.87,
    "round_5": 30.89,
    "round_6": 24.01
  }
}