{
  "process_start_time": 1767885343.0277236,
  "process_end_time": 1767885363.6999397,
  "total_elapsed_time_seconds": 20.67,
  "rounds_time_stats": {
    "round_1": 20.67
  }
}