{
  "process_start_time": 1767888497.9936855,
  "process_end_time": 1767888508.9768574,
  "total_elapsed_time_seconds": 10.98,
  "rounds_time_stats": {
    "round_1": 10.98
  }
}