{
  "process_start_time": 1767890667.2503748,
  "process_end_time": 1767890795.4102845,
  "total_elapsed_time_seconds": 128.16,
  "rounds_time_stats": {
    "round_1": 13.99,
    "round_2": 29.86,
    "round_3": 23.17,
    "round_4": 20.43,
    "round_5": 19.31,
    "round_6": 21.41
  }
}