{
  "process_start_time": 1767885172.0209546,
  "process_end_time": 1767885282.1617208,
  "total_elapsed_time_seconds": 110.14,
  "rounds_time_stats": {
    "round_1": 26.41,
    "round_2": 32.68,
    "round_3": 22.65,
    "round_4": 27.95,
    "round_5": 0.44
  }
}