{
  "process_start_time": 1767888819.7750916,
  "process_end_time": 1767888898.9991977,
  "total_elapsed_time_seconds": 79.22,
  "rounds_time_stats": {
    "round_1": 30.1,
    "round_2": 26.56,
    "round_3": 22.56
  }
}