{
  "process_start_time": 1767886400.626396,
  "process_end_time": 1767886470.528797,
  "total_elapsed_time_seconds": 69.9,
  "rounds_time_stats": {
    "round_1": 11.61,
    "round_2": 11.57,
    "round_3": 11.69,
    "round_4": 10.8,
    "round_5": 13.5,
    "round_6": 10.72
  }
}