{
  "process_start_time": 1767887349.8532543,
  "process_end_time": 1767887378.9010143,
  "total_elapsed_time_seconds": 29.05,
  "rounds_time_stats": {
    "round_1": 29.02
  }
}