{
  "process_start_time": 1767885733.3673563,
  "process_end_time": 1767885871.9801633,
  "total_elapsed_time_seconds": 138.61,
  "rounds_time_stats": {
    "round_1": 18.25,
    "round_2": 21.82,
    "round_3": 16.83,
    "round_4": 27.24,
    "round_5": 29.63,
    "round_6": 24.84
  }
}