{
  "process_start_time": 1768107778.4725227,
  "process_end_time": 1768108030.9611979,
  "total_elapsed_time_seconds": 252.49,
  "rounds_time_stats": {
    "round_1": 35.55,
    "round_2": 53.68,
    "round_3": 62.2,
    "round_4": 41.14,
    "round_5": 28.68,
    "round_6": 31.24
  }
}