{
  "process_start_time": 1767687760.285652,
  "process_end_time": 1767688058.3669217,
  "total_elapsed_time_seconds": 298.08,
  "rounds_time_stats": {
    "round_1": 50.93,
    "round_2": 48.35,
    "round_3": 45.21,
    "round_4": 43.25,
    "round_5": 44.02,
    "round_6": 66.32
  }
}