{
  "process_start_time": 1767678910.7194424,
  "process_end_time": 1767679169.5910215,
  "total_elapsed_time_seconds": 258.87,
  "rounds_time_stats": {
    "round_1": 56.73,
    "round_2": 36.68,
    "round_3": 41.28,
    "round_4": 41.15,
    "round_5": 34.74,
    "round_6": 48.28
  }
}