{
  "process_start_time": 1767885184.2827523,
  "process_end_time": 1767885207.2271721,
  "total_elapsed_time_seconds": 22.94,
  "rounds_time_stats": {
    "round_1": 22.94
  }
}