{
  "process_start_time": 1767888984.7334938,
  "process_end_time": 1767889012.9558334,
  "total_elapsed_time_seconds": 28.22,
  "rounds_time_stats": {
    "round_1": 9.9,
    "round_2": 18.32
  }
}