{
  "process_start_time": 1767888751.300413,
  "process_end_time": 1767888769.2105012,
  "total_elapsed_time_seconds": 17.91,
  "rounds_time_stats": {
    "round_1": 17.91
  }
}