{
  "process_start_time": 1768555354.2709916,
  "process_end_time": 1768555505.785598,
  "total_elapsed_time_seconds": 151.51,
  "rounds_time_stats": {
    "round_1": 21.45,
    "round_2": 26.62,
    "round_3": 27.89,
    "round_4": 29.52,
    "round_5": 24.47,
    "round_6": 21.56
  }
}