{
  "process_start_time": 1767883033.8718023,
  "process_end_time": 1767883070.717589,
  "total_elapsed_time_seconds": 36.85,
  "rounds_time_stats": {
    "round_1": 36.84
  }
}