{
  "process_start_time": 1767677446.69213,
  "process_end_time": 1767677494.6464863,
  "total_elapsed_time_seconds": 47.95,
  "rounds_time_stats": {
    "round_1": 47.9
  }
}