{
  "process_start_time": 1767887088.0876548,
  "process_end_time": 1767887221.5211442,
  "total_elapsed_time_seconds": 133.43,
  "rounds_time_stats": {
    "round_1": 15.34,
    "round_2": 28.54,
    "round_3": 20.09,
    "round_4": 29.26,
    "round_5": 13.24,
    "round_6": 26.96
  }
}