{
  "process_start_time": 1767885321.7883666,
  "process_end_time": 1767885396.1677558,
  "total_elapsed_time_seconds": 74.38,
  "rounds_time_stats": {
    "round_1": 74.36
  }
}