{
  "process_start_time": 1768551583.6175168,
  "process_end_time": 1768551764.478679,
  "total_elapsed_time_seconds": 180.86,
  "rounds_time_stats": {
    "round_1": 25.44,
    "round_2": 31.46,
    "round_3": 30.06,
    "round_4": 37.68,
    "round_5": 27.04,
    "round_6": 29.18
  }
}