{
  "process_start_time": 1767687278.747115,
  "process_end_time": 1767687565.1263263,
  "total_elapsed_time_seconds": 286.38,
  "rounds_time_stats": {
    "round_1": 47.3,
    "round_2": 46.2,
    "round_3": 49.0,
    "round_4": 48.52,
    "round_5": 45.54,
    "round_6": 49.83
  }
}