{
  "process_start_time": 1767691680.1435552,
  "process_end_time": 1767691954.4401054,
  "total_elapsed_time_seconds": 274.3,
  "rounds_time_stats": {
    "round_1": 48.84,
    "round_2": 41.34,
    "round_3": 43.17,
    "round_4": 45.88,
    "round_5": 46.41,
    "round_6": 48.64
  }
}