{
  "process_start_time": 1767887946.2511134,
  "process_end_time": 1767888102.2027035,
  "total_elapsed_time_seconds": 155.95,
  "rounds_time_stats": {
    "round_1": 20.71,
    "round_2": 26.36,
    "round_3": 35.74,
    "round_4": 22.88,
    "round_5": 24.83,
    "round_6": 25.44
  }
}