{
  "process_start_time": 1767884641.7757545,
  "process_end_time": 1767884680.511856,
  "total_elapsed_time_seconds": 38.74,
  "rounds_time_stats": {
    "round_1": 38.73
  }
}