{
  "process_start_time": 1767883194.4829206,
  "process_end_time": 1767883230.2124555,
  "total_elapsed_time_seconds": 35.73,
  "rounds_time_stats": {
    "round_1": 35.7
  }
}