{
  "process_start_time": 1767682638.2812355,
  "process_end_time": 1767682916.2888756,
  "total_elapsed_time_seconds": 278.01,
  "rounds_time_stats": {
    "round_1": 34.34,
    "round_2": 44.07,
    "round_3": 46.1,
    "round_4": 61.28,
    "round_5": 47.62,
    "round_6": 44.6
  }
}