{
  "process_start_time": 1768556518.1677973,
  "process_end_time": 1768556685.644488,
  "total_elapsed_time_seconds": 167.48,
  "rounds_time_stats": {
    "round_1": 29.03,
    "round_2": 27.42,
    "round_3": 29.66,
    "round_4": 21.52,
    "round_5": 31.04,
    "round_6": 28.8
  }
}