{
  "process_start_time": 1767678618.9047544,
  "process_end_time": 1767678911.1525617,
  "total_elapsed_time_seconds": 292.25,
  "rounds_time_stats": {
    "round_1": 56.05,
    "round_2": 41.07,
    "round_3": 45.74,
    "round_4": 44.75,
    "round_5": 48.89,
    "round_6": 55.75
  }
}