{
  "process_start_time": 1767888156.6566143,
  "process_end_time": 1767888197.2946477,
  "total_elapsed_time_seconds": 40.64,
  "rounds_time_stats": {
    "round_1": 17.75,
    "round_2": 22.89
  }
}