{
  "process_start_time": 1768117795.2563958,
  "process_end_time": 1768118089.7888043,
  "total_elapsed_time_seconds": 294.53,
  "rounds_time_stats": {
    "round_1": 57.15,
    "round_2": 47.0,
    "round_3": 47.76,
    "round_4": 49.78,
    "round_5": 44.89,
    "round_6": 47.94
  }
}