{
  "process_start_time": 1767888021.7445328,
  "process_end_time": 1767888032.968135,
  "total_elapsed_time_seconds": 11.22,
  "rounds_time_stats": {
    "round_1": 11.22
  }
}