{
  "process_start_time": 1767884307.585665,
  "process_end_time": 1767884455.077385,
  "total_elapsed_time_seconds": 147.49,
  "rounds_time_stats": {
    "round_1": 22.97,
    "round_2": 25.07,
    "round_3": 25.43,
    "round_4": 37.99,
    "round_5": 36.01
  }
}