{
  "process_start_time": 1767887318.483974,
  "process_end_time": 1767887350.700282,
  "total_elapsed_time_seconds": 32.22,
  "rounds_time_stats": {
    "round_1": 14.17,
    "round_2": 18.04
  }
}