{
  "process_start_time": 1767689930.1953394,
  "process_end_time": 1767690265.3684793,
  "total_elapsed_time_seconds": 335.17,
  "rounds_time_stats": {
    "round_1": 46.34,
    "round_2": 77.36,
    "round_3": 59.55,
    "round_4": 43.87,
    "round_5": 59.03,
    "round_6": 49.03
  }
}