{
  "process_start_time": 1767680265.4787436,
  "process_end_time": 1767680521.319672,
  "total_elapsed_time_seconds": 255.84,
  "rounds_time_stats": {
    "round_1": 36.87,
    "round_2": 41.81,
    "round_3": 45.59,
    "round_4": 42.61,
    "round_5": 42.08,
    "round_6": 46.89
  }
}