{
  "process_start_time": 1767685179.0454507,
  "process_end_time": 1767685483.8539908,
  "total_elapsed_time_seconds": 304.81,
  "rounds_time_stats": {
    "round_1": 47.09,
    "round_2": 76.5,
    "round_3": 45.7,
    "round_4": 40.82,
    "round_5": 43.65,
    "round_6": 51.05
  }
}