{
  "process_start_time": 1767888082.580089,
  "process_end_time": 1767888107.8374953,
  "total_elapsed_time_seconds": 25.26,
  "rounds_time_stats": {
    "round_1": 12.62,
    "round_2": 12.63
  }
}