{
  "process_start_time": 1767886508.0333302,
  "process_end_time": 1767886527.5635781,
  "total_elapsed_time_seconds": 19.53,
  "rounds_time_stats": {
    "round_1": 19.52
  }
}