{
  "process_start_time": 1767886309.6036081,
  "process_end_time": 1767886357.8766508,
  "total_elapsed_time_seconds": 48.27,
  "rounds_time_stats": {
    "round_1": 48.27
  }
}