{
  "process_start_time": 1767890651.640025,
  "process_end_time": 1767890698.3868861,
  "total_elapsed_time_seconds": 46.75,
  "rounds_time_stats": {
    "round_1": 46.71
  }
}