{
  "process_start_time": 1767684754.4968908,
  "process_end_time": 1767685019.153598,
  "total_elapsed_time_seconds": 264.66,
  "rounds_time_stats": {
    "round_1": 44.32,
    "round_2": 36.56,
    "round_3": 48.34,
    "round_4": 44.28,
    "round_5": 47.84,
    "round_6": 43.31
  }
}