{
  "process_start_time": 1768114486.9771793,
  "process_end_time": 1768114752.9963906,
  "total_elapsed_time_seconds": 266.02,
  "rounds_time_stats": {
    "round_1": 28.23,
    "round_2": 39.8,
    "round_3": 47.38,
    "round_4": 47.53,
    "round_5": 39.22,
    "round_6": 63.85
  }
}