{
  "process_start_time": 1767883356.3791597,
  "process_end_time": 1767883520.7383761,
  "total_elapsed_time_seconds": 164.36,
  "rounds_time_stats": {
    "round_1": 25.67,
    "round_2": 26.27,
    "round_3": 25.84,
    "round_4": 29.25,
    "round_5": 26.84,
    "round_6": 30.47
  }
}