{
  "process_start_time": 1768108016.310529,
  "process_end_time": 1768108268.7668412,
  "total_elapsed_time_seconds": 252.46,
  "rounds_time_stats": {
    "round_1": 35.85,
    "round_2": 35.07,
    "round_3": 46.66,
    "round_4": 45.08,
    "round_5": 46.16,
    "round_6": 43.64
  }
}