{
  "process_start_time": 1767883565.2913477,
  "process_end_time": 1767883681.8255844,
  "total_elapsed_time_seconds": 116.53,
  "rounds_time_stats": {
    "round_1": 21.05,
    "round_2": 21.22,
    "round_3": 17.91,
    "round_4": 21.07,
    "round_5": 17.52,
    "round_6": 17.76
  }
}