{
  "process_start_time": 1767969222.4746666,
  "process_end_time": 1767969529.873019,
  "total_elapsed_time_seconds": 307.4,
  "rounds_time_stats": {
    "round_1": 58.07,
    "round_2": 64.72,
    "round_3": 74.8,
    "round_4": 34.19,
    "round_5": 44.79,
    "round_6": 30.83
  }
}