{
  "process_start_time": 1767676049.4927397,
  "process_end_time": 1767676323.3264873,
  "total_elapsed_time_seconds": 273.83,
  "rounds_time_stats": {
    "round_1": 45.08,
    "round_2": 47.65,
    "round_3": 49.47,
    "round_4": 43.37,
    "round_5": 46.13,
    "round_6": 42.13
  }
}