{
  "process_start_time": 1767689099.9909608,
  "process_end_time": 1767689417.2162905,
  "total_elapsed_time_seconds": 317.23,
  "rounds_time_stats": {
    "round_1": 50.14,
    "round_2": 48.36,
    "round_3": 44.43,
    "round_4": 47.77,
    "round_5": 43.63,
    "round_6": 82.89
  }
}