{
  "process_start_time": 1767685126.8413239,
  "process_end_time": 1767685390.6266353,
  "total_elapsed_time_seconds": 263.79,
  "rounds_time_stats": {
    "round_1": 31.31,
    "round_2": 40.11,
    "round_3": 41.26,
    "round_4": 42.29,
    "round_5": 50.83,
    "round_6": 57.97
  }
}