{
  "process_start_time": 1767684460.6914675,
  "process_end_time": 1767684719.2739615,
  "total_elapsed_time_seconds": 258.58,
  "rounds_time_stats": {
    "round_1": 38.87,
    "round_2": 34.22,
    "round_3": 46.9,
    "round_4": 46.89,
    "round_5": 44.59,
    "round_6": 47.11
  }
}