{
  "process_start_time": 1767971353.328683,
  "process_end_time": 1767973173.4307444,
  "total_elapsed_time_seconds": 1820.1,
  "rounds_time_stats": {
    "round_1": 176.29,
    "round_2": 1499.11,
    "round_3": 47.81,
    "round_4": 31.67,
    "round_5": 35.37,
    "round_6": 29.85
  }
}