{
  "process_start_time": 1767973270.7912016,
  "process_end_time": 1767973453.0891569,
  "total_elapsed_time_seconds": 182.3,
  "rounds_time_stats": {
    "round_1": 24.93,
    "round_2": 26.29,
    "round_3": 34.23,
    "round_4": 33.79,
    "round_5": 29.91,
    "round_6": 33.15
  }
}