{
  "process_start_time": 1767890884.5165842,
  "process_end_time": 1767890980.340264,
  "total_elapsed_time_seconds": 95.82,
  "rounds_time_stats": {
    "round_1": 29.95,
    "round_2": 32.52,
    "round_3": 32.94,
    "round_4": 0.41
  }
}