{
  "process_start_time": 1767665185.247204,
  "process_end_time": 1767665463.2729013,
  "total_elapsed_time_seconds": 278.03,
  "rounds_time_stats": {
    "round_1": 46.3,
    "round_2": 63.0,
    "round_3": 48.3,
    "round_4": 43.41,
    "round_5": 33.69,
    "round_6": 43.32
  }
}