{
  "process_start_time": 1767889210.2410522,
  "process_end_time": 1767889262.1784835,
  "total_elapsed_time_seconds": 51.94,
  "rounds_time_stats": {
    "round_1": 17.44,
    "round_2": 17.11,
    "round_3": 17.39
  }
}