{
  "process_start_time": 1768556557.5783217,
  "process_end_time": 1768556744.4329967,
  "total_elapsed_time_seconds": 186.85,
  "rounds_time_stats": {
    "round_1": 30.24,
    "round_2": 28.88,
    "round_3": 30.24,
    "round_4": 27.79,
    "round_5": 32.25,
    "round_6": 37.46
  }
}