{
  "process_start_time": 1767889895.525939,
  "process_end_time": 1767889967.5737257,
  "total_elapsed_time_seconds": 72.05,
  "rounds_time_stats": {
    "round_1": 15.21,
    "round_2": 21.11,
    "round_3": 16.83,
    "round_4": 18.47,
    "round_5": 0.42
  }
}