{
  "process_start_time": 1767680121.762511,
  "process_end_time": 1767680380.9999201,
  "total_elapsed_time_seconds": 259.24,
  "rounds_time_stats": {
    "round_1": 48.24,
    "round_2": 49.09,
    "round_3": 44.51,
    "round_4": 47.42,
    "round_5": 38.94,
    "round_6": 31.03
  }
}