{
  "process_start_time": 1767680264.2730536,
  "process_end_time": 1767680543.4573886,
  "total_elapsed_time_seconds": 279.18,
  "rounds_time_stats": {
    "round_1": 46.57,
    "round_2": 42.88,
    "round_3": 40.24,
    "round_4": 41.55,
    "round_5": 49.76,
    "round_6": 58.18
  }
}