{
  "process_start_time": 1767889371.7176523,
  "process_end_time": 1767889423.353527,
  "total_elapsed_time_seconds": 51.64,
  "rounds_time_stats": {
    "round_1": 21.41,
    "round_2": 30.22
  }
}