{
  "process_start_time": 1767889615.1085153,
  "process_end_time": 1767889791.1145926,
  "total_elapsed_time_seconds": 176.01,
  "rounds_time_stats": {
    "round_1": 24.76,
    "round_2": 31.41,
    "round_3": 28.35,
    "round_4": 23.27,
    "round_5": 40.35,
    "round_6": 27.87
  }
}