{
  "process_start_time": 1767885402.8585627,
  "process_end_time": 1767885548.650471,
  "total_elapsed_time_seconds": 145.79,
  "rounds_time_stats": {
    "round_1": 23.66,
    "round_2": 24.9,
    "round_3": 25.26,
    "round_4": 24.67,
    "round_5": 25.67,
    "round_6": 21.63
  }
}