{
  "process_start_time": 1767883836.7916603,
  "process_end_time": 1767883869.316489,
  "total_elapsed_time_seconds": 32.52,
  "rounds_time_stats": {
    "round_1": 32.52
  }
}