{
  "process_start_time": 1767974662.799715,
  "process_end_time": 1767974955.1482637,
  "total_elapsed_time_seconds": 292.35,
  "rounds_time_stats": {
    "round_1": 40.14,
    "round_2": 54.72,
    "round_3": 55.49,
    "round_4": 51.83,
    "round_5": 41.96,
    "round_6": 48.21
  }
}