{
  "process_start_time": 1767890116.174656,
  "process_end_time": 1767890218.257178,
  "total_elapsed_time_seconds": 102.08,
  "rounds_time_stats": {
    "round_1": 18.99,
    "round_2": 16.64,
    "round_3": 14.21,
    "round_4": 23.07,
    "round_5": 14.36,
    "round_6": 14.8
  }
}