{
  "process_start_time": 1767884024.3043246,
  "process_end_time": 1767884178.5712914,
  "total_elapsed_time_seconds": 154.27,
  "rounds_time_stats": {
    "round_1": 26.49,
    "round_2": 27.59,
    "round_3": 24.48,
    "round_4": 26.19,
    "round_5": 25.93,
    "round_6": 23.58
  }
}