{
  "process_start_time": 1767882998.1848607,
  "process_end_time": 1767883051.2636344,
  "total_elapsed_time_seconds": 53.08,
  "rounds_time_stats": {
    "round_1": 24.05,
    "round_2": 29.02
  }
}