{
  "process_start_time": 1767882890.7317402,
  "process_end_time": 1767882911.479914,
  "total_elapsed_time_seconds": 20.75,
  "rounds_time_stats": {
    "round_1": 20.74
  }
}