{
  "process_start_time": 1768555842.0937247,
  "process_end_time": 1768555996.4211333,
  "total_elapsed_time_seconds": 154.33,
  "rounds_time_stats": {
    "round_1": 24.73,
    "round_2": 23.98,
    "round_3": 27.75,
    "round_4": 30.43,
    "round_5": 18.71,
    "round_6": 28.72
  }
}