{
  "process_start_time": 1767689947.4101179,
  "process_end_time": 1767690250.4952445,
  "total_elapsed_time_seconds": 303.09,
  "rounds_time_stats": {
    "round_1": 60.3,
    "round_2": 41.89,
    "round_3": 50.62,
    "round_4": 57.03,
    "round_5": 44.79,
    "round_6": 48.45
  }
}