{
  "process_start_time": 1767883461.251188,
  "process_end_time": 1767883533.5476027,
  "total_elapsed_time_seconds": 72.3,
  "rounds_time_stats": {
    "round_1": 21.85,
    "round_2": 25.14,
    "round_3": 25.3
  }
}