{
  "process_start_time": 1767975524.314818,
  "process_end_time": 1767975566.2461855,
  "total_elapsed_time_seconds": 41.93,
  "rounds_time_stats": {
    "round_1": 41.91
  }
}