{
  "process_start_time": 1767976508.4067223,
  "process_end_time": 1767976681.2815526,
  "total_elapsed_time_seconds": 172.87,
  "rounds_time_stats": {
    "round_1": 29.71,
    "round_2": 30.15,
    "round_3": 26.99,
    "round_4": 26.57,
    "round_5": 30.05,
    "round_6": 29.4
  }
}