{
  "process_start_time": 1767890181.7810073,
  "process_end_time": 1767890204.1474564,
  "total_elapsed_time_seconds": 22.37,
  "rounds_time_stats": {
    "round_1": 22.34
  }
}