{
  "process_start_time": 1767889701.4292796,
  "process_end_time": 1767889782.6188629,
  "total_elapsed_time_seconds": 81.19,
  "rounds_time_stats": {
    "round_1": 11.43,
    "round_2": 12.25,
    "round_3": 16.62,
    "round_4": 14.71,
    "round_5": 11.82,
    "round_6": 14.36
  }
}