{
  "process_start_time": 1768556362.9730496,
  "process_end_time": 1768556518.1668322,
  "total_elapsed_time_seconds": 155.19,
  "rounds_time_stats": {
    "round_1": 27.96,
    "round_2": 29.96,
    "round_3": 27.45,
    "round_4": 21.93,
    "round_5": 18.86,
    "round_6": 29.03
  }
}