{
  "process_start_time": 1767888421.3265285,
  "process_end_time": 1767888439.750182,
  "total_elapsed_time_seconds": 18.42,
  "rounds_time_stats": {
    "round_1": 18.42
  }
}