{
  "process_start_time": 1768554749.276216,
  "process_end_time": 1768554905.0967245,
  "total_elapsed_time_seconds": 155.82,
  "rounds_time_stats": {
    "round_1": 12.23,
    "round_2": 27.07,
    "round_3": 29.18,
    "round_4": 28.64,
    "round_5": 28.93,
    "round_6": 29.77
  }
}