{
  "process_start_time": 1767889744.5597641,
  "process_end_time": 1767889772.6793697,
  "total_elapsed_time_seconds": 28.12,
  "rounds_time_stats": {
    "round_1": 13.5,
    "round_2": 14.62
  }
}