{
  "process_start_time": 1767978511.6896799,
  "process_end_time": 1767978656.0446436,
  "total_elapsed_time_seconds": 144.35,
  "rounds_time_stats": {
    "round_1": 22.33,
    "round_2": 25.31,
    "round_3": 26.11,
    "round_4": 24.17,
    "round_5": 21.93,
    "round_6": 24.49
  }
}