{
  "process_start_time": 1767885360.3524466,
  "process_end_time": 1767885387.737982,
  "total_elapsed_time_seconds": 27.39,
  "rounds_time_stats": {
    "round_1": 27.38
  }
}