{
  "process_start_time": 1767885827.2275062,
  "process_end_time": 1767885916.2196221,
  "total_elapsed_time_seconds": 88.99,
  "rounds_time_stats": {
    "round_1": 14.73,
    "round_2": 18.59,
    "round_3": 13.62,
    "round_4": 16.48,
    "round_5": 14.45,
    "round_6": 11.11
  }
}