{
  "process_start_time": 1767887873.9552395,
  "process_end_time": 1767887917.9577594,
  "total_elapsed_time_seconds": 44.0,
  "rounds_time_stats": {
    "round_1": 25.97,
    "round_2": 18.03
  }
}