{
  "process_start_time": 1767684428.0431962,
  "process_end_time": 1767684690.9094837,
  "total_elapsed_time_seconds": 262.87,
  "rounds_time_stats": {
    "round_1": 46.95,
    "round_2": 44.29,
    "round_3": 46.33,
    "round_4": 46.75,
    "round_5": 42.68,
    "round_6": 35.85
  }
}