{
  "process_start_time": 1767889145.0811112,
  "process_end_time": 1767889156.2058036,
  "total_elapsed_time_seconds": 11.12,
  "rounds_time_stats": {
    "round_1": 11.12
  }
}