{
  "process_start_time": 1767676375.4523754,
  "process_end_time": 1767676646.1397765,
  "total_elapsed_time_seconds": 270.69,
  "rounds_time_stats": {
    "round_1": 42.84,
    "round_2": 35.11,
    "round_3": 43.55,
    "round_4": 61.8,
    "round_5": 43.15,
    "round_6": 44.24
  }
}