{
  "process_start_time": 1767889449.7563243,
  "process_end_time": 1767889464.0912743,
  "total_elapsed_time_seconds": 14.33,
  "rounds_time_stats": {
    "round_1": 14.33
  }
}