{
  "process_start_time": 1767887477.9789457,
  "process_end_time": 1767887494.958157,
  "total_elapsed_time_seconds": 16.98,
  "rounds_time_stats": {
    "round_1": 16.98
  }
}