{
  "process_start_time": 1768550225.561631,
  "process_end_time": 1768550487.6090996,
  "total_elapsed_time_seconds": 262.05,
  "rounds_time_stats": {
    "round_1": 41.65,
    "round_2": 42.3,
    "round_3": 43.4,
    "round_4": 45.93,
    "round_5": 46.46,
    "round_6": 42.31
  }
}