{
  "process_start_time": 1768550728.6268969,
  "process_end_time": 1768550978.0248857,
  "total_elapsed_time_seconds": 249.4,
  "rounds_time_stats": {
    "round_1": 33.39,
    "round_2": 42.37,
    "round_3": 43.11,
    "round_4": 42.5,
    "round_5": 44.83,
    "round_6": 43.19
  }
}