{
  "process_start_time": 1767888795.52254,
  "process_end_time": 1767888805.8272655,
  "total_elapsed_time_seconds": 10.3,
  "rounds_time_stats": {
    "round_1": 10.3
  }
}