{
  "process_start_time": 1767888598.7145472,
  "process_end_time": 1767888683.215104,
  "total_elapsed_time_seconds": 84.5,
  "rounds_time_stats": {
    "round_1": 23.45,
    "round_2": 25.99,
    "round_3": 35.05
  }
}