{
  "process_start_time": 1767889371.7126722,
  "process_end_time": 1767889424.708377,
  "total_elapsed_time_seconds": 53.0,
  "rounds_time_stats": {
    "round_1": 24.96,
    "round_2": 28.03
  }
}