{
  "process_start_time": 1768556566.231351,
  "process_end_time": 1768556772.8960931,
  "total_elapsed_time_seconds": 206.66,
  "rounds_time_stats": {
    "round_1": 31.67,
    "round_2": 37.17,
    "round_3": 31.62,
    "round_4": 28.55,
    "round_5": 40.47,
    "round_6": 37.18
  }
}