{
  "process_start_time": 1767890226.833747,
  "process_end_time": 1767890342.9503293,
  "total_elapsed_time_seconds": 116.12,
  "rounds_time_stats": {
    "round_1": 20.05,
    "round_2": 21.08,
    "round_3": 18.13,
    "round_4": 19.59,
    "round_5": 18.79,
    "round_6": 18.47
  }
}