{
  "process_start_time": 1767886723.9851923,
  "process_end_time": 1767886750.61392,
  "total_elapsed_time_seconds": 26.63,
  "rounds_time_stats": {
    "round_1": 26.62
  }
}