{
  "process_start_time": 1767978518.5861645,
  "process_end_time": 1767978665.8368876,
  "total_elapsed_time_seconds": 147.25,
  "rounds_time_stats": {
    "round_1": 22.41,
    "round_2": 19.92,
    "round_3": 24.59,
    "round_4": 27.13,
    "round_5": 26.51,
    "round_6": 26.68
  }
}