{
  "process_start_time": 1767890261.3968253,
  "process_end_time": 1767890425.7859821,
  "total_elapsed_time_seconds": 164.39,
  "rounds_time_stats": {
    "round_1": 18.44,
    "round_2": 27.22,
    "round_3": 23.21,
    "round_4": 21.9,
    "round_5": 35.96,
    "round_6": 37.66
  }
}