{
  "process_start_time": 1767684317.958988,
  "process_end_time": 1767684611.8708081,
  "total_elapsed_time_seconds": 293.91,
  "rounds_time_stats": {
    "round_1": 50.01,
    "round_2": 45.59,
    "round_3": 46.69,
    "round_4": 44.99,
    "round_5": 44.82,
    "round_6": 61.81
  }
}