{
  "process_start_time": 1767889981.9239142,
  "process_end_time": 1767890006.762662,
  "total_elapsed_time_seconds": 24.84,
  "rounds_time_stats": {
    "round_1": 24.82
  }
}