{
  "process_start_time": 1767688219.3317482,
  "process_end_time": 1767688523.6465938,
  "total_elapsed_time_seconds": 304.31,
  "rounds_time_stats": {
    "round_1": 47.31,
    "round_2": 57.74,
    "round_3": 60.25,
    "round_4": 44.74,
    "round_5": 48.22,
    "round_6": 46.05
  }
}