{
  "process_start_time": 1767884005.888672,
  "process_end_time": 1767884073.6053574,
  "total_elapsed_time_seconds": 67.72,
  "rounds_time_stats": {
    "round_1": 31.55,
    "round_2": 36.16
  }
}