{
  "process_start_time": 1767883447.9698143,
  "process_end_time": 1767883553.1655204,
  "total_elapsed_time_seconds": 105.2,
  "rounds_time_stats": {
    "round_1": 13.73,
    "round_2": 14.06,
    "round_3": 24.11,
    "round_4": 18.37,
    "round_5": 15.37,
    "round_6": 19.55
  }
}