{
  "process_start_time": 1767885200.1612346,
  "process_end_time": 1767885304.48546,
  "total_elapsed_time_seconds": 104.32,
  "rounds_time_stats": {
    "round_1": 18.02,
    "round_2": 15.96,
    "round_3": 15.7,
    "round_4": 16.59,
    "round_5": 16.63,
    "round_6": 21.42
  }
}