{
  "process_start_time": 1768550413.7804956,
  "process_end_time": 1768550687.9446194,
  "total_elapsed_time_seconds": 274.16,
  "rounds_time_stats": {
    "round_1": 47.49,
    "round_2": 42.64,
    "round_3": 51.38,
    "round_4": 44.92,
    "round_5": 44.49,
    "round_6": 43.24
  }
}