{
  "process_start_time": 1767688821.2422576,
  "process_end_time": 1767689134.512338,
  "total_elapsed_time_seconds": 313.27,
  "rounds_time_stats": {
    "round_1": 58.62,
    "round_2": 46.06,
    "round_3": 46.21,
    "round_4": 35.81,
    "round_5": 46.34,
    "round_6": 80.23
  }
}