{
  "process_start_time": 1767884409.6086483,
  "process_end_time": 1767884470.1956954,
  "total_elapsed_time_seconds": 60.59,
  "rounds_time_stats": {
    "round_1": 12.38,
    "round_2": 10.44,
    "round_3": 11.62,
    "round_4": 26.15
  }
}