{
  "process_start_time": 1767889769.3971722,
  "process_end_time": 1767889779.8454015,
  "total_elapsed_time_seconds": 10.45,
  "rounds_time_stats": {
    "round_1": 10.44
  }
}