{
  "process_start_time": 1767884030.236303,
  "process_end_time": 1767884231.9988506,
  "total_elapsed_time_seconds": 201.76,
  "rounds_time_stats": {
    "round_1": 19.78,
    "round_2": 29.27,
    "round_3": 27.41,
    "round_4": 42.12,
    "round_5": 28.76,
    "round_6": 54.42
  }
}