{
  "process_start_time": 1767884317.536114,
  "process_end_time": 1767884348.4390419,
  "total_elapsed_time_seconds": 30.9,
  "rounds_time_stats": {
    "round_1": 30.9
  }
}