{
  "process_start_time": 1767885187.774738,
  "process_end_time": 1767885321.777822,
  "total_elapsed_time_seconds": 134.0,
  "rounds_time_stats": {
    "round_1": 21.87,
    "round_2": 32.34,
    "round_3": 20.97,
    "round_4": 14.73,
    "round_5": 19.27,
    "round_6": 24.82
  }
}