{
  "process_start_time": 1767675775.3096783,
  "process_end_time": 1767676047.7404516,
  "total_elapsed_time_seconds": 272.43,
  "rounds_time_stats": {
    "round_1": 44.25,
    "round_2": 43.41,
    "round_3": 40.28,
    "round_4": 48.64,
    "round_5": 48.88,
    "round_6": 46.97
  }
}