{
  "process_start_time": 1767683286.0924945,
  "process_end_time": 1767683545.122623,
  "total_elapsed_time_seconds": 259.03,
  "rounds_time_stats": {
    "round_1": 38.81,
    "round_2": 35.95,
    "round_3": 47.39,
    "round_4": 48.02,
    "round_5": 54.5,
    "round_6": 34.36
  }
}