{
  "process_start_time": 1767883713.976535,
  "process_end_time": 1767883824.2089365,
  "total_elapsed_time_seconds": 110.23,
  "rounds_time_stats": {
    "round_1": 23.69,
    "round_2": 27.65,
    "round_3": 30.83,
    "round_4": 28.06
  }
}