{
  "process_start_time": 1767683236.8474011,
  "process_end_time": 1767683516.2166574,
  "total_elapsed_time_seconds": 279.37,
  "rounds_time_stats": {
    "round_1": 45.77,
    "round_2": 45.06,
    "round_3": 42.44,
    "round_4": 51.79,
    "round_5": 46.74,
    "round_6": 47.56
  }
}