{
  "process_start_time": 1767883504.1390135,
  "process_end_time": 1767883564.5442657,
  "total_elapsed_time_seconds": 60.41,
  "rounds_time_stats": {
    "round_1": 60.35
  }
}