{
  "process_start_time": 1767681340.6783714,
  "process_end_time": 1767681590.01425,
  "total_elapsed_time_seconds": 249.34,
  "rounds_time_stats": {
    "round_1": 46.24,
    "round_2": 45.63,
    "round_3": 34.51,
    "round_4": 45.61,
    "round_5": 39.54,
    "round_6": 37.8
  }
}