{
  "process_start_time": 1767970266.0834765,
  "process_end_time": 1767970634.361733,
  "total_elapsed_time_seconds": 368.28,
  "rounds_time_stats": {
    "round_1": 75.09,
    "round_2": 63.06,
    "round_3": 47.92,
    "round_4": 51.03,
    "round_5": 83.59,
    "round_6": 47.58
  }
}