{
  "process_start_time": 1767884257.2587469,
  "process_end_time": 1767884291.9647605,
  "total_elapsed_time_seconds": 34.71,
  "rounds_time_stats": {
    "round_1": 34.67
  }
}