{
  "process_start_time": 1767885303.105734,
  "process_end_time": 1767885323.016736,
  "total_elapsed_time_seconds": 19.91,
  "rounds_time_stats": {
    "round_1": 19.91
  }
}