{
  "process_start_time": 1767679486.1117957,
  "process_end_time": 1767679775.1937115,
  "total_elapsed_time_seconds": 289.08,
  "rounds_time_stats": {
    "round_1": 61.49,
    "round_2": 44.35,
    "round_3": 49.35,
    "round_4": 44.83,
    "round_5": 45.65,
    "round_6": 43.42
  }
}