{
  "process_start_time": 1767973639.6888335,
  "process_end_time": 1767973856.4044337,
  "total_elapsed_time_seconds": 216.72,
  "rounds_time_stats": {
    "round_1": 38.41,
    "round_2": 37.79,
    "round_3": 36.98,
    "round_4": 33.98,
    "round_5": 46.39,
    "round_6": 23.17
  }
}