{
  "process_start_time": 1767884358.5695367,
  "process_end_time": 1767884378.3038168,
  "total_elapsed_time_seconds": 19.73,
  "rounds_time_stats": {
    "round_1": 19.73
  }
}