{
  "process_start_time": 1767890473.8468547,
  "process_end_time": 1767890491.3867722,
  "total_elapsed_time_seconds": 17.54,
  "rounds_time_stats": {
    "round_1": 17.54
  }
}