{
  "process_start_time": 1767888832.5643697,
  "process_end_time": 1767888948.525834,
  "total_elapsed_time_seconds": 115.96,
  "rounds_time_stats": {
    "round_1": 17.49,
    "round_2": 16.59,
    "round_3": 16.46,
    "round_4": 21.43,
    "round_5": 21.94,
    "round_6": 22.05
  }
}