{
  "process_start_time": 1767683310.1909652,
  "process_end_time": 1767683584.1359036,
  "total_elapsed_time_seconds": 273.94,
  "rounds_time_stats": {
    "round_1": 51.06,
    "round_2": 47.99,
    "round_3": 43.78,
    "round_4": 58.17,
    "round_5": 33.92,
    "round_6": 39.03
  }
}