{
  "process_start_time": 1767976940.5681925,
  "process_end_time": 1767977110.5395226,
  "total_elapsed_time_seconds": 169.97,
  "rounds_time_stats": {
    "round_1": 38.93,
    "round_2": 35.23,
    "round_3": 30.06,
    "round_4": 24.68,
    "round_5": 21.72,
    "round_6": 19.36
  }
}