{
  "process_start_time": 1767978777.4282498,
  "process_end_time": 1767978960.130738,
  "total_elapsed_time_seconds": 182.7,
  "rounds_time_stats": {
    "round_1": 21.46,
    "round_2": 27.42,
    "round_3": 35.2,
    "round_4": 35.95,
    "round_5": 29.69,
    "round_6": 32.98
  }
}