{
  "process_start_time": 1767680637.6868687,
  "process_end_time": 1767680899.39756,
  "total_elapsed_time_seconds": 261.71,
  "rounds_time_stats": {
    "round_1": 61.07,
    "round_2": 48.62,
    "round_3": 41.36,
    "round_4": 31.31,
    "round_5": 43.85,
    "round_6": 35.49
  }
}