{
  "process_start_time": 1768555706.8632052,
  "process_end_time": 1768555869.3688254,
  "total_elapsed_time_seconds": 162.51,
  "rounds_time_stats": {
    "round_1": 23.91,
    "round_2": 30.24,
    "round_3": 22.06,
    "round_4": 27.46,
    "round_5": 28.51,
    "round_6": 30.31
  }
}