{
  "process_start_time": 1768556608.3230405,
  "process_end_time": 1768556765.3612528,
  "total_elapsed_time_seconds": 157.04,
  "rounds_time_stats": {
    "round_1": 25.13,
    "round_2": 23.76,
    "round_3": 29.46,
    "round_4": 29.69,
    "round_5": 26.37,
    "round_6": 22.63
  }
}