{
  "process_start_time": 1767889791.7760777,
  "process_end_time": 1767889845.9285028,
  "total_elapsed_time_seconds": 54.15,
  "rounds_time_stats": {
    "round_1": 54.13
  }
}