{
  "process_start_time": 1767688790.377692,
  "process_end_time": 1767689054.369075,
  "total_elapsed_time_seconds": 263.99,
  "rounds_time_stats": {
    "round_1": 45.59,
    "round_2": 45.91,
    "round_3": 45.32,
    "round_4": 44.3,
    "round_5": 37.29,
    "round_6": 45.58
  }
}