{
  "process_start_time": 1768551212.529732,
  "process_end_time": 1768551380.4013495,
  "total_elapsed_time_seconds": 167.87,
  "rounds_time_stats": {
    "round_1": 22.24,
    "round_2": 33.15,
    "round_3": 22.86,
    "round_4": 25.75,
    "round_5": 19.4,
    "round_6": 44.46
  }
}