{
  "process_start_time": 1767883809.5591798,
  "process_end_time": 1767883825.4013858,
  "total_elapsed_time_seconds": 15.84,
  "rounds_time_stats": {
    "round_1": 15.84
  }
}