{
  "process_start_time": 1767686727.6027505,
  "process_end_time": 1767687017.4869432,
  "total_elapsed_time_seconds": 289.88,
  "rounds_time_stats": {
    "round_1": 79.0,
    "round_2": 45.21,
    "round_3": 44.48,
    "round_4": 44.3,
    "round_5": 29.3,
    "round_6": 47.59
  }
}