{
  "process_start_time": 1767883543.7984326,
  "process_end_time": 1767883559.000091,
  "total_elapsed_time_seconds": 15.2,
  "rounds_time_stats": {
    "round_1": 15.2
  }
}