{
  "process_start_time": 1767883582.710516,
  "process_end_time": 1767883713.9746194,
  "total_elapsed_time_seconds": 131.26,
  "rounds_time_stats": {
    "round_1": 22.15,
    "round_2": 21.57,
    "round_3": 25.15,
    "round_4": 19.59,
    "round_5": 22.43,
    "round_6": 20.37
  }
}