{
  "process_start_time": 1767684597.8154469,
  "process_end_time": 1767684897.653832,
  "total_elapsed_time_seconds": 299.84,
  "rounds_time_stats": {
    "round_1": 44.82,
    "round_2": 47.47,
    "round_3": 61.81,
    "round_4": 47.89,
    "round_5": 50.0,
    "round_6": 47.86
  }
}