{
  "process_start_time": 1768115302.7684183,
  "process_end_time": 1768115610.1580918,
  "total_elapsed_time_seconds": 307.39,
  "rounds_time_stats": {
    "round_1": 70.03,
    "round_2": 44.53,
    "round_3": 47.22,
    "round_4": 45.33,
    "round_5": 52.31,
    "round_6": 47.97
  }
}