{
  "process_start_time": 1767886629.4869733,
  "process_end_time": 1767886653.874215,
  "total_elapsed_time_seconds": 24.39,
  "rounds_time_stats": {
    "round_1": 24.38
  }
}