{
  "process_start_time": 1767887737.7518694,
  "process_end_time": 1767887816.4892704,
  "total_elapsed_time_seconds": 78.74,
  "rounds_time_stats": {
    "round_1": 17.7,
    "round_2": 26.77,
    "round_3": 34.26
  }
}