{
  "process_start_time": 1767974350.5353158,
  "process_end_time": 1767974744.1888824,
  "total_elapsed_time_seconds": 393.65,
  "rounds_time_stats": {
    "round_1": 57.73,
    "round_2": 95.27,
    "round_3": 90.02,
    "round_4": 57.04,
    "round_5": 39.2,
    "round_6": 54.39
  }
}