{
  "process_start_time": 1767977458.8066585,
  "process_end_time": 1767977637.1060703,
  "total_elapsed_time_seconds": 178.3,
  "rounds_time_stats": {
    "round_1": 18.51,
    "round_2": 22.52,
    "round_3": 43.17,
    "round_4": 28.35,
    "round_5": 33.9,
    "round_6": 31.85
  }
}