{
  "process_start_time": 1767882978.5302477,
  "process_end_time": 1767883077.9172888,
  "total_elapsed_time_seconds": 99.39,
  "rounds_time_stats": {
    "round_1": 16.89,
    "round_2": 22.73,
    "round_3": 23.54,
    "round_4": 36.22
  }
}