{
  "process_start_time": 1767883448.1970398,
  "process_end_time": 1767883615.2902255,
  "total_elapsed_time_seconds": 167.09,
  "rounds_time_stats": {
    "round_1": 25.84,
    "round_2": 31.46,
    "round_3": 30.57,
    "round_4": 38.89,
    "round_5": 40.32
  }
}