{
  "process_start_time": 1767890275.3730536,
  "process_end_time": 1767890409.167491,
  "total_elapsed_time_seconds": 133.79,
  "rounds_time_stats": {
    "round_1": 19.97,
    "round_2": 22.85,
    "round_3": 24.12,
    "round_4": 20.58,
    "round_5": 20.5,
    "round_6": 25.77
  }
}