{
  "process_start_time": 1767978190.8993397,
  "process_end_time": 1767978368.995396,
  "total_elapsed_time_seconds": 178.1,
  "rounds_time_stats": {
    "round_1": 27.94,
    "round_2": 24.81,
    "round_3": 34.34,
    "round_4": 29.81,
    "round_5": 27.06,
    "round_6": 34.13
  }
}