{
  "process_start_time": 1767676845.2262297,
  "process_end_time": 1767677116.99587,
  "total_elapsed_time_seconds": 271.77,
  "rounds_time_stats": {
    "round_1": 45.14,
    "round_2": 48.14,
    "round_3": 39.54,
    "round_4": 36.08,
    "round_5": 44.51,
    "round_6": 58.36
  }
}