{
  "process_start_time": 1767888459.5004103,
  "process_end_time": 1767888483.147988,
  "total_elapsed_time_seconds": 23.65,
  "rounds_time_stats": {
    "round_1": 23.64
  }
}