{
  "process_start_time": 1768551398.241351,
  "process_end_time": 1768551573.9870439,
  "total_elapsed_time_seconds": 175.75,
  "rounds_time_stats": {
    "round_1": 25.59,
    "round_2": 30.44,
    "round_3": 21.46,
    "round_4": 29.55,
    "round_5": 39.4,
    "round_6": 29.3
  }
}