{
  "process_start_time": 1767890007.6538079,
  "process_end_time": 1767890112.6647987,
  "total_elapsed_time_seconds": 105.01,
  "rounds_time_stats": {
    "round_1": 10.89,
    "round_2": 8.91,
    "round_3": 12.05,
    "round_4": 43.55,
    "round_5": 12.87,
    "round_6": 16.75
  }
}