{
  "process_start_time": 1767889450.9825938,
  "process_end_time": 1767889465.9851987,
  "total_elapsed_time_seconds": 15.0,
  "rounds_time_stats": {
    "round_1": 15.0
  }
}