{
  "process_start_time": 1767978950.4065523,
  "process_end_time": 1767979116.2742064,
  "total_elapsed_time_seconds": 165.87,
  "rounds_time_stats": {
    "round_1": 16.79,
    "round_2": 28.93,
    "round_3": 25.51,
    "round_4": 34.53,
    "round_5": 28.73,
    "round_6": 31.38
  }
}