{
  "process_start_time": 1767978368.8212614,
  "process_end_time": 1767978527.763939,
  "total_elapsed_time_seconds": 158.94,
  "rounds_time_stats": {
    "round_1": 20.32,
    "round_2": 22.87,
    "round_3": 28.6,
    "round_4": 22.79,
    "round_5": 30.37,
    "round_6": 33.99
  }
}