{
  "process_start_time": 1768552108.4578068,
  "process_end_time": 1768552256.657483,
  "total_elapsed_time_seconds": 148.2,
  "rounds_time_stats": {
    "round_1": 17.2,
    "round_2": 30.51,
    "round_3": 19.54,
    "round_4": 26.22,
    "round_5": 27.59,
    "round_6": 27.14
  }
}