{
  "process_start_time": 1767889577.2892752,
  "process_end_time": 1767889643.6683948,
  "total_elapsed_time_seconds": 66.38,
  "rounds_time_stats": {
    "round_1": 11.92,
    "round_2": 13.52,
    "round_3": 13.97,
    "round_4": 12.53,
    "round_5": 14.23,
    "round_6": 0.22
  }
}