{
  "process_start_time": 1767884613.806814,
  "process_end_time": 1767884810.8935325,
  "total_elapsed_time_seconds": 197.09,
  "rounds_time_stats": {
    "round_1": 29.79,
    "round_2": 38.95,
    "round_3": 29.42,
    "round_4": 36.92,
    "round_5": 31.46,
    "round_6": 30.54
  }
}