{
  "process_start_time": 1767890539.805984,
  "process_end_time": 1767890672.8669868,
  "total_elapsed_time_seconds": 133.06,
  "rounds_time_stats": {
    "round_1": 23.8,
    "round_2": 22.81,
    "round_3": 21.18,
    "round_4": 25.81,
    "round_5": 20.34,
    "round_6": 19.12
  }
}