{
  "process_start_time": 1768556440.1568458,
  "process_end_time": 1768556645.5040267,
  "total_elapsed_time_seconds": 205.35,
  "rounds_time_stats": {
    "round_1": 28.35,
    "round_2": 31.88,
    "round_3": 34.36,
    "round_4": 32.2,
    "round_5": 39.18,
    "round_6": 39.38
  }
}