{
  "process_start_time": 1767665181.9667356,
  "process_end_time": 1767665464.635568,
  "total_elapsed_time_seconds": 282.67,
  "rounds_time_stats": {
    "round_1": 50.08,
    "round_2": 44.3,
    "round_3": 47.15,
    "round_4": 49.24,
    "round_5": 47.05,
    "round_6": 44.86
  }
}