{
  "process_start_time": 1767888956.456343,
  "process_end_time": 1767888981.8491218,
  "total_elapsed_time_seconds": 25.39,
  "rounds_time_stats": {
    "round_1": 25.37
  }
}