{
  "process_start_time": 1767886767.622871,
  "process_end_time": 1767886876.4860458,
  "total_elapsed_time_seconds": 108.86,
  "rounds_time_stats": {
    "round_1": 16.28,
    "round_2": 22.2,
    "round_3": 19.18,
    "round_4": 13.15,
    "round_5": 17.07,
    "round_6": 20.98
  }
}