{
  "process_start_time": 1767885947.375872,
  "process_end_time": 1767885966.9896603,
  "total_elapsed_time_seconds": 19.61,
  "rounds_time_stats": {
    "round_1": 19.61
  }
}