{
  "process_start_time": 1767888776.9215102,
  "process_end_time": 1767888791.9856112,
  "total_elapsed_time_seconds": 15.06,
  "rounds_time_stats": {
    "round_1": 15.06
  }
}