{
  "process_start_time": 1767890291.4864929,
  "process_end_time": 1767890301.8889093,
  "total_elapsed_time_seconds": 10.4,
  "rounds_time_stats": {
    "round_1": 10.4
  }
}