{
  "process_start_time": 1767887800.071687,
  "process_end_time": 1767887879.941403,
  "total_elapsed_time_seconds": 79.87,
  "rounds_time_stats": {
    "round_1": 24.76,
    "round_2": 25.67,
    "round_3": 29.43
  }
}