{
  "process_start_time": 1768116473.562158,
  "process_end_time": 1768116745.2089252,
  "total_elapsed_time_seconds": 271.65,
  "rounds_time_stats": {
    "round_1": 55.09,
    "round_2": 42.86,
    "round_3": 44.69,
    "round_4": 43.63,
    "round_5": 39.87,
    "round_6": 45.52
  }
}