{
  "process_start_time": 1767676588.9001136,
  "process_end_time": 1767676875.7858472,
  "total_elapsed_time_seconds": 286.89,
  "rounds_time_stats": {
    "round_1": 41.71,
    "round_2": 46.04,
    "round_3": 46.66,
    "round_4": 60.89,
    "round_5": 45.0,
    "round_6": 46.58
  }
}