{
  "process_start_time": 1767685483.855018,
  "process_end_time": 1767685762.8590617,
  "total_elapsed_time_seconds": 279.0,
  "rounds_time_stats": {
    "round_1": 42.66,
    "round_2": 48.41,
    "round_3": 43.23,
    "round_4": 48.46,
    "round_5": 47.43,
    "round_6": 48.81
  }
}