{
  "process_start_time": 1767978190.895046,
  "process_end_time": 1767978355.6059935,
  "total_elapsed_time_seconds": 164.71,
  "rounds_time_stats": {
    "round_1": 20.63,
    "round_2": 24.59,
    "round_3": 33.18,
    "round_4": 28.39,
    "round_5": 29.02,
    "round_6": 28.89
  }
}