{
  "process_start_time": 1767685878.0435576,
  "process_end_time": 1767685945.6276987,
  "total_elapsed_time_seconds": 67.58,
  "rounds_time_stats": {
    "round_1": 67.55
  }
}