{
  "process_start_time": 1768551565.3435864,
  "process_end_time": 1768551723.497153,
  "total_elapsed_time_seconds": 158.15,
  "rounds_time_stats": {
    "round_1": 15.31,
    "round_2": 28.84,
    "round_3": 30.34,
    "round_4": 29.13,
    "round_5": 28.0,
    "round_6": 26.53
  }
}