{
  "process_start_time": 1767685805.382521,
  "process_end_time": 1767686054.4860675,
  "total_elapsed_time_seconds": 249.1,
  "rounds_time_stats": {
    "round_1": 56.04,
    "round_2": 45.43,
    "round_3": 42.5,
    "round_4": 39.92,
    "round_5": 39.57,
    "round_6": 25.64
  }
}