{
  "process_start_time": 1767684022.2467449,
  "process_end_time": 1767684317.9581323,
  "total_elapsed_time_seconds": 295.71,
  "rounds_time_stats": {
    "round_1": 48.4,
    "round_2": 49.36,
    "round_3": 59.95,
    "round_4": 48.47,
    "round_5": 47.44,
    "round_6": 42.09
  }
}