{
  "process_start_time": 1767675475.9881303,
  "process_end_time": 1767675543.2994926,
  "total_elapsed_time_seconds": 67.31,
  "rounds_time_stats": {
    "round_1": 67.22,
    "round_2": 0.08
  }
}