{
  "process_start_time": 1767687917.513184,
  "process_end_time": 1767688219.3308651,
  "total_elapsed_time_seconds": 301.82,
  "rounds_time_stats": {
    "round_1": 46.96,
    "round_2": 43.66,
    "round_3": 48.59,
    "round_4": 64.55,
    "round_5": 49.8,
    "round_6": 48.25
  }
}