{
  "process_start_time": 1767976309.6922421,
  "process_end_time": 1767976491.7030766,
  "total_elapsed_time_seconds": 182.01,
  "rounds_time_stats": {
    "round_1": 31.64,
    "round_2": 29.62,
    "round_3": 29.39,
    "round_4": 28.98,
    "round_5": 28.26,
    "round_6": 34.12
  }
}