{
  "process_start_time": 1767887127.7271965,
  "process_end_time": 1767887157.5382388,
  "total_elapsed_time_seconds": 29.81,
  "rounds_time_stats": {
    "round_1": 29.81
  }
}