{
  "process_start_time": 1767978349.4901185,
  "process_end_time": 1767978550.6420882,
  "total_elapsed_time_seconds": 201.15,
  "rounds_time_stats": {
    "round_1": 23.9,
    "round_2": 33.78,
    "round_3": 39.45,
    "round_4": 34.09,
    "round_5": 30.79,
    "round_6": 39.15
  }
}