{
  "process_start_time": 1767969222.4948385,
  "process_end_time": 1767969535.7478628,
  "total_elapsed_time_seconds": 313.25,
  "rounds_time_stats": {
    "round_1": 34.12,
    "round_2": 52.28,
    "round_3": 55.75,
    "round_4": 42.65,
    "round_5": 86.86,
    "round_6": 41.6
  }
}