{
  "process_start_time": 1767887168.362113,
  "process_end_time": 1767887292.9734855,
  "total_elapsed_time_seconds": 124.61,
  "rounds_time_stats": {
    "round_1": 24.78,
    "round_2": 17.4,
    "round_3": 19.65,
    "round_4": 19.11,
    "round_5": 18.03,
    "round_6": 25.64
  }
}