{
  "process_start_time": 1768555706.8547418,
  "process_end_time": 1768555865.427796,
  "total_elapsed_time_seconds": 158.57,
  "rounds_time_stats": {
    "round_1": 21.44,
    "round_2": 26.48,
    "round_3": 37.31,
    "round_4": 24.65,
    "round_5": 21.49,
    "round_6": 27.2
  }
}