{
  "process_start_time": 1767890376.8615077,
  "process_end_time": 1767890444.7985497,
  "total_elapsed_time_seconds": 67.94,
  "rounds_time_stats": {
    "round_1": 31.19,
    "round_2": 36.74
  }
}