{
  "process_start_time": 1767888748.2175052,
  "process_end_time": 1767888770.4536474,
  "total_elapsed_time_seconds": 22.24,
  "rounds_time_stats": {
    "round_1": 22.23
  }
}