{
  "process_start_time": 1767682688.2782671,
  "process_end_time": 1767682976.7154617,
  "total_elapsed_time_seconds": 288.44,
  "rounds_time_stats": {
    "round_1": 44.97,
    "round_2": 42.66,
    "round_3": 49.3,
    "round_4": 61.01,
    "round_5": 49.73,
    "round_6": 40.77
  }
}