{
  "process_start_time": 1768107778.4740646,
  "process_end_time": 1768108031.9622371,
  "total_elapsed_time_seconds": 253.49,
  "rounds_time_stats": {
    "round_1": 29.64,
    "round_2": 33.47,
    "round_3": 55.44,
    "round_4": 32.29,
    "round_5": 43.2,
    "round_6": 59.45
  }
}