{
  "process_start_time": 1767971118.3807003,
  "process_end_time": 1767973116.749421,
  "total_elapsed_time_seconds": 1998.37,
  "rounds_time_stats": {
    "round_1": 294.08,
    "round_2": 125.64,
    "round_3": 1493.37,
    "round_4": 35.59,
    "round_5": 28.42,
    "round_6": 21.26
  }
}