{
  "process_start_time": 1767884236.0573735,
  "process_end_time": 1767884257.620378,
  "total_elapsed_time_seconds": 21.56,
  "rounds_time_stats": {
    "round_1": 21.56
  }
}