{
  "process_start_time": 1767977833.0959866,
  "process_end_time": 1767978007.8141549,
  "total_elapsed_time_seconds": 174.72,
  "rounds_time_stats": {
    "round_1": 28.31,
    "round_2": 29.66,
    "round_3": 34.01,
    "round_4": 32.06,
    "round_5": 29.09,
    "round_6": 21.59
  }
}