{
  "process_start_time": 1767687279.1662645,
  "process_end_time": 1767687578.2175157,
  "total_elapsed_time_seconds": 299.05,
  "rounds_time_stats": {
    "round_1": 43.33,
    "round_2": 49.77,
    "round_3": 47.04,
    "round_4": 50.06,
    "round_5": 47.25,
    "round_6": 61.59
  }
}