{
  "process_start_time": 1767690433.0207253,
  "process_end_time": 1767690646.0102975,
  "total_elapsed_time_seconds": 212.99,
  "rounds_time_stats": {
    "round_1": 34.19,
    "round_2": 45.5,
    "round_3": 47.56,
    "round_4": 33.43,
    "round_5": 26.42,
    "round_6": 25.88
  }
}