{
  "process_start_time": 1767677178.3788948,
  "process_end_time": 1767677447.7045438,
  "total_elapsed_time_seconds": 269.33,
  "rounds_time_stats": {
    "round_1": 44.22,
    "round_2": 47.37,
    "round_3": 41.09,
    "round_4": 45.83,
    "round_5": 42.53,
    "round_6": 48.3
  }
}