{
  "process_start_time": 1767676359.6133788,
  "process_end_time": 1767676631.4195626,
  "total_elapsed_time_seconds": 271.81,
  "rounds_time_stats": {
    "round_1": 46.67,
    "round_2": 45.11,
    "round_3": 46.64,
    "round_4": 42.66,
    "round_5": 44.5,
    "round_6": 46.23
  }
}