{
  "process_start_time": 1767689598.2451031,
  "process_end_time": 1767689928.5510578,
  "total_elapsed_time_seconds": 330.31,
  "rounds_time_stats": {
    "round_1": 72.26,
    "round_2": 44.9,
    "round_3": 46.75,
    "round_4": 74.01,
    "round_5": 46.83,
    "round_6": 45.55
  }
}