{
  "process_start_time": 1767890069.6639233,
  "process_end_time": 1767890080.6168559,
  "total_elapsed_time_seconds": 10.95,
  "rounds_time_stats": {
    "round_1": 10.95
  }
}