{
  "process_start_time": 1768550717.6094694,
  "process_end_time": 1768550801.5824745,
  "total_elapsed_time_seconds": 83.97,
  "rounds_time_stats": {
    "round_1": 83.92
  }
}