{
  "process_start_time": 1767885725.3169699,
  "process_end_time": 1767885917.378379,
  "total_elapsed_time_seconds": 192.06,
  "rounds_time_stats": {
    "round_1": 39.93,
    "round_2": 152.08
  }
}