{
  "process_start_time": 1768114486.9766572,
  "process_end_time": 1768114722.7925072,
  "total_elapsed_time_seconds": 235.82,
  "rounds_time_stats": {
    "round_1": 31.59,
    "round_2": 35.41,
    "round_3": 45.65,
    "round_4": 51.22,
    "round_5": 36.02,
    "round_6": 35.93
  }
}