{
  "process_start_time": 1767888502.407547,
  "process_end_time": 1767888625.1652496,
  "total_elapsed_time_seconds": 122.76,
  "rounds_time_stats": {
    "round_1": 24.51,
    "round_2": 16.68,
    "round_3": 19.57,
    "round_4": 15.69,
    "round_5": 26.77,
    "round_6": 19.53
  }
}