{
  "process_start_time": 1767680017.8669047,
  "process_end_time": 1767680294.7884154,
  "total_elapsed_time_seconds": 276.92,
  "rounds_time_stats": {
    "round_1": 35.54,
    "round_2": 45.35,
    "round_3": 56.84,
    "round_4": 47.04,
    "round_5": 49.22,
    "round_6": 42.93
  }
}