{
  "process_start_time": 1767886891.4396188,
  "process_end_time": 1767886915.9703135,
  "total_elapsed_time_seconds": 24.53,
  "rounds_time_stats": {
    "round_1": 24.52
  }
}