{
  "process_start_time": 1767681354.7538073,
  "process_end_time": 1767681598.7415218,
  "total_elapsed_time_seconds": 243.99,
  "rounds_time_stats": {
    "round_1": 45.05,
    "round_2": 35.62,
    "round_3": 63.48,
    "round_4": 39.75,
    "round_5": 38.07,
    "round_6": 22.01
  }
}