{
  "process_start_time": 1767681101.0171468,
  "process_end_time": 1767681370.8306918,
  "total_elapsed_time_seconds": 269.81,
  "rounds_time_stats": {
    "round_1": 43.57,
    "round_2": 50.03,
    "round_3": 41.61,
    "round_4": 44.54,
    "round_5": 45.69,
    "round_6": 44.38
  }
}