{
  "process_start_time": 1767885546.1199262,
  "process_end_time": 1767885695.9081597,
  "total_elapsed_time_seconds": 149.79,
  "rounds_time_stats": {
    "round_1": 22.35,
    "round_2": 32.1,
    "round_3": 30.24,
    "round_4": 25.19,
    "round_5": 20.21,
    "round_6": 19.69
  }
}