{
  "process_start_time": 1767889965.2595766,
  "process_end_time": 1767889981.8435907,
  "total_elapsed_time_seconds": 16.58,
  "rounds_time_stats": {
    "round_1": 16.58
  }
}