{
  "process_start_time": 1767885936.8594432,
  "process_end_time": 1767886033.7147772,
  "total_elapsed_time_seconds": 96.86,
  "rounds_time_stats": {
    "round_1": 20.09,
    "round_2": 23.88,
    "round_3": 26.43,
    "round_4": 26.13,
    "round_5": 0.32
  }
}