{
  "process_start_time": 1767884716.4621418,
  "process_end_time": 1767884752.2796943,
  "total_elapsed_time_seconds": 35.82,
  "rounds_time_stats": {
    "round_1": 17.98,
    "round_2": 17.83
  }
}