{
  "process_start_time": 1767887003.4625149,
  "process_end_time": 1767887028.8352401,
  "total_elapsed_time_seconds": 25.37,
  "rounds_time_stats": {
    "round_1": 25.37
  }
}