{
  "process_start_time": 1768109022.9949744,
  "process_end_time": 1768109276.7296207,
  "total_elapsed_time_seconds": 253.73,
  "rounds_time_stats": {
    "round_1": 48.99,
    "round_2": 43.69,
    "round_3": 31.44,
    "round_4": 43.4,
    "round_5": 46.04,
    "round_6": 40.17
  }
}