{
  "process_start_time": 1767683746.4480236,
  "process_end_time": 1767684023.842045,
  "total_elapsed_time_seconds": 277.39,
  "rounds_time_stats": {
    "round_1": 49.39,
    "round_2": 40.29,
    "round_3": 42.31,
    "round_4": 48.43,
    "round_5": 50.15,
    "round_6": 46.83
  }
}