{
  "process_start_time": 1767889634.8031375,
  "process_end_time": 1767889701.4274137,
  "total_elapsed_time_seconds": 66.62,
  "rounds_time_stats": {
    "round_1": 11.16,
    "round_2": 9.66,
    "round_3": 12.63,
    "round_4": 11.01,
    "round_5": 12.28,
    "round_6": 9.89
  }
}