{
  "process_start_time": 1767888065.421264,
  "process_end_time": 1767888074.2288811,
  "total_elapsed_time_seconds": 8.81,
  "rounds_time_stats": {
    "round_1": 8.8
  }
}