{
  "process_start_time": 1767978452.6034172,
  "process_end_time": 1767978490.5332658,
  "total_elapsed_time_seconds": 37.93,
  "rounds_time_stats": {
    "round_1": 37.9
  }
}