{
  "process_start_time": 1768556544.3338428,
  "process_end_time": 1768556715.8180223,
  "total_elapsed_time_seconds": 171.48,
  "rounds_time_stats": {
    "round_1": 29.76,
    "round_2": 30.5,
    "round_3": 22.69,
    "round_4": 29.25,
    "round_5": 30.58,
    "round_6": 28.7
  }
}