{
  "process_start_time": 1767890143.79417,
  "process_end_time": 1767890261.3952415,
  "total_elapsed_time_seconds": 117.6,
  "rounds_time_stats": {
    "round_1": 18.8,
    "round_2": 18.8,
    "round_3": 15.08,
    "round_4": 16.65,
    "round_5": 29.02,
    "round_6": 19.24
  }
}