{
  "process_start_time": 1767890021.8205092,
  "process_end_time": 1767890042.963525,
  "total_elapsed_time_seconds": 21.14,
  "rounds_time_stats": {
    "round_1": 21.14
  }
}