{
  "process_start_time": 1767888423.4639764,
  "process_end_time": 1767888528.7389872,
  "total_elapsed_time_seconds": 105.28,
  "rounds_time_stats": {
    "round_1": 18.8,
    "round_2": 19.45,
    "round_3": 15.71,
    "round_4": 23.41,
    "round_5": 9.91,
    "round_6": 18.0
  }
}