{
  "process_start_time": 1767978476.5585523,
  "process_end_time": 1767978518.5852444,
  "total_elapsed_time_seconds": 42.03,
  "rounds_time_stats": {
    "round_1": 42.01
  }
}