{
  "process_start_time": 1767888006.9984303,
  "process_end_time": 1767888036.2528956,
  "total_elapsed_time_seconds": 29.25,
  "rounds_time_stats": {
    "round_1": 15.52,
    "round_2": 13.73
  }
}