{
  "process_start_time": 1768108298.9615002,
  "process_end_time": 1768108567.2498574,
  "total_elapsed_time_seconds": 268.29,
  "rounds_time_stats": {
    "round_1": 57.95,
    "round_2": 42.84,
    "round_3": 47.29,
    "round_4": 41.55,
    "round_5": 33.67,
    "round_6": 44.99
  }
}