{
  "process_start_time": 1768550658.5392747,
  "process_end_time": 1768550937.1433094,
  "total_elapsed_time_seconds": 278.6,
  "rounds_time_stats": {
    "round_1": 61.89,
    "round_2": 41.26,
    "round_3": 43.27,
    "round_4": 43.02,
    "round_5": 43.99,
    "round_6": 45.17
  }
}