{
  "process_start_time": 1767680045.2420402,
  "process_end_time": 1767680322.9383407,
  "total_elapsed_time_seconds": 277.7,
  "rounds_time_stats": {
    "round_1": 44.78,
    "round_2": 64.24,
    "round_3": 49.16,
    "round_4": 47.56,
    "round_5": 40.15,
    "round_6": 31.79
  }
}