{
  "process_start_time": 1767976289.4329422,
  "process_end_time": 1767976350.8783965,
  "total_elapsed_time_seconds": 61.45,
  "rounds_time_stats": {
    "round_1": 61.43
  }
}