{
  "process_start_time": 1768117510.4428709,
  "process_end_time": 1768117795.8757343,
  "total_elapsed_time_seconds": 285.43,
  "rounds_time_stats": {
    "round_1": 47.68,
    "round_2": 32.28,
    "round_3": 46.91,
    "round_4": 47.12,
    "round_5": 61.36,
    "round_6": 50.09
  }
}