{
  "process_start_time": 1768109277.0185516,
  "process_end_time": 1768109518.7482271,
  "total_elapsed_time_seconds": 241.73,
  "rounds_time_stats": {
    "round_1": 36.28,
    "round_2": 34.94,
    "round_3": 36.87,
    "round_4": 46.62,
    "round_5": 44.72,
    "round_6": 42.3
  }
}