{
  "process_start_time": 1767887157.1327572,
  "process_end_time": 1767887192.3757463,
  "total_elapsed_time_seconds": 35.24,
  "rounds_time_stats": {
    "round_1": 35.24
  }
}