{
  "process_start_time": 1768115519.2828128,
  "process_end_time": 1768115817.2096093,
  "total_elapsed_time_seconds": 297.93,
  "rounds_time_stats": {
    "round_1": 41.04,
    "round_2": 50.65,
    "round_3": 43.91,
    "round_4": 50.9,
    "round_5": 65.33,
    "round_6": 46.09
  }
}