{
  "process_start_time": 1767890604.1684837,
  "process_end_time": 1767890644.099876,
  "total_elapsed_time_seconds": 39.93,
  "rounds_time_stats": {
    "round_1": 39.9
  }
}