{
  "process_start_time": 1768555679.8196464,
  "process_end_time": 1768555840.1965168,
  "total_elapsed_time_seconds": 160.38,
  "rounds_time_stats": {
    "round_1": 26.08,
    "round_2": 19.04,
    "round_3": 29.58,
    "round_4": 27.62,
    "round_5": 28.29,
    "round_6": 29.76
  }
}