{
  "process_start_time": 1767889353.922334,
  "process_end_time": 1767889441.6552696,
  "total_elapsed_time_seconds": 87.73,
  "rounds_time_stats": {
    "round_1": 11.09,
    "round_2": 12.56,
    "round_3": 16.32,
    "round_4": 12.96,
    "round_5": 16.67,
    "round_6": 18.13
  }
}