{
  "process_start_time": 1767886096.3354297,
  "process_end_time": 1767886133.7771378,
  "total_elapsed_time_seconds": 37.44,
  "rounds_time_stats": {
    "round_1": 37.42
  }
}