{
  "process_start_time": 1767889751.0907776,
  "process_end_time": 1767889792.891395,
  "total_elapsed_time_seconds": 41.8,
  "rounds_time_stats": {
    "round_1": 25.36,
    "round_2": 16.43
  }
}