{
  "process_start_time": 1767886760.1124778,
  "process_end_time": 1767886779.793195,
  "total_elapsed_time_seconds": 19.68,
  "rounds_time_stats": {
    "round_1": 19.35,
    "round_2": 0.32
  }
}