{
  "process_start_time": 1768554749.2810988,
  "process_end_time": 1768554893.6536796,
  "total_elapsed_time_seconds": 144.37,
  "rounds_time_stats": {
    "round_1": 25.36,
    "round_2": 25.99,
    "round_3": 25.36,
    "round_4": 22.88,
    "round_5": 19.79,
    "round_6": 25.0
  }
}