{
  "process_start_time": 1767887672.4912558,
  "process_end_time": 1767887690.1136544,
  "total_elapsed_time_seconds": 17.62,
  "rounds_time_stats": {
    "round_1": 17.58
  }
}