{
  "process_start_time": 1767889931.4368045,
  "process_end_time": 1767889938.9123316,
  "total_elapsed_time_seconds": 7.48,
  "rounds_time_stats": {
    "round_1": 7.47
  }
}