{
  "process_start_time": 1767678388.650728,
  "process_end_time": 1767678626.816449,
  "total_elapsed_time_seconds": 238.17,
  "rounds_time_stats": {
    "round_1": 41.22,
    "round_2": 43.28,
    "round_3": 42.58,
    "round_4": 29.37,
    "round_5": 33.71,
    "round_6": 48.01
  }
}