{
  "process_start_time": 1767884891.1060946,
  "process_end_time": 1767884912.7142177,
  "total_elapsed_time_seconds": 21.61,
  "rounds_time_stats": {
    "round_1": 21.6
  }
}