{
  "process_start_time": 1767883915.311954,
  "process_end_time": 1767883929.321906,
  "total_elapsed_time_seconds": 14.01,
  "rounds_time_stats": {
    "round_1": 14.01
  }
}