{
  "process_start_time": 1767976082.4326103,
  "process_end_time": 1767976260.7541091,
  "total_elapsed_time_seconds": 178.32,
  "rounds_time_stats": {
    "round_1": 21.96,
    "round_2": 31.32,
    "round_3": 31.27,
    "round_4": 32.03,
    "round_5": 30.65,
    "round_6": 31.09
  }
}