{
  "process_start_time": 1768551291.4085097,
  "process_end_time": 1768551495.2656746,
  "total_elapsed_time_seconds": 203.86,
  "rounds_time_stats": {
    "round_1": 31.24,
    "round_2": 28.93,
    "round_3": 29.1,
    "round_4": 35.79,
    "round_5": 41.27,
    "round_6": 37.52
  }
}