{
  "process_start_time": 1767886132.4200587,
  "process_end_time": 1767886156.340871,
  "total_elapsed_time_seconds": 23.92,
  "rounds_time_stats": {
    "round_1": 23.92
  }
}