{
  "process_start_time": 1767970634.362834,
  "process_end_time": 1767971415.70876,
  "total_elapsed_time_seconds": 781.35,
  "rounds_time_stats": {
    "round_1": 116.19,
    "round_2": 63.56,
    "round_3": 133.44,
    "round_4": 246.04,
    "round_5": 94.46,
    "round_6": 127.65
  }
}