{
  "process_start_time": 1767883307.8816676,
  "process_end_time": 1767883383.2545002,
  "total_elapsed_time_seconds": 75.37,
  "rounds_time_stats": {
    "round_1": 38.13,
    "round_2": 37.24
  }
}