{
  "process_start_time": 1768549937.2319455,
  "process_end_time": 1768550238.685185,
  "total_elapsed_time_seconds": 301.45,
  "rounds_time_stats": {
    "round_1": 43.29,
    "round_2": 48.62,
    "round_3": 71.29,
    "round_4": 46.7,
    "round_5": 46.94,
    "round_6": 44.6
  }
}