{
  "process_start_time": 1767887398.8049147,
  "process_end_time": 1767887447.1124852,
  "total_elapsed_time_seconds": 48.31,
  "rounds_time_stats": {
    "round_1": 25.83,
    "round_2": 21.83,
    "round_3": 0.65
  }
}