{
  "process_start_time": 1767890317.3104236,
  "process_end_time": 1767890366.497576,
  "total_elapsed_time_seconds": 49.19,
  "rounds_time_stats": {
    "round_1": 13.28,
    "round_2": 11.69,
    "round_3": 11.09,
    "round_4": 13.12
  }
}