{
  "process_start_time": 1767886830.2846732,
  "process_end_time": 1767887003.4613113,
  "total_elapsed_time_seconds": 173.18,
  "rounds_time_stats": {
    "round_1": 26.57,
    "round_2": 31.05,
    "round_3": 27.37,
    "round_4": 28.46,
    "round_5": 24.34,
    "round_6": 35.4
  }
}