{
  "process_start_time": 1768552100.1171126,
  "process_end_time": 1768552256.5563369,
  "total_elapsed_time_seconds": 156.44,
  "rounds_time_stats": {
    "round_1": 24.76,
    "round_2": 23.96,
    "round_3": 25.73,
    "round_4": 25.69,
    "round_5": 29.0,
    "round_6": 27.3
  }
}