{
  "process_start_time": 1767885404.013012,
  "process_end_time": 1767885646.3838491,
  "total_elapsed_time_seconds": 242.37,
  "rounds_time_stats": {
    "round_1": 19.95,
    "round_2": 60.05,
    "round_3": 34.29,
    "round_4": 30.46,
    "round_5": 43.74,
    "round_6": 53.88
  }
}