{
  "process_start_time": 1767889283.7473567,
  "process_end_time": 1767889333.3570569,
  "total_elapsed_time_seconds": 49.61,
  "rounds_time_stats": {
    "round_1": 16.72,
    "round_2": 15.55,
    "round_3": 17.34
  }
}