{
  "process_start_time": 1767690184.8441403,
  "process_end_time": 1767690465.6721473,
  "total_elapsed_time_seconds": 280.83,
  "rounds_time_stats": {
    "round_1": 48.13,
    "round_2": 47.21,
    "round_3": 44.06,
    "round_4": 48.81,
    "round_5": 46.82,
    "round_6": 45.79
  }
}