{
  "process_start_time": 1767684103.4274411,
  "process_end_time": 1767684381.1207547,
  "total_elapsed_time_seconds": 277.69,
  "rounds_time_stats": {
    "round_1": 47.43,
    "round_2": 63.69,
    "round_3": 45.65,
    "round_4": 41.34,
    "round_5": 34.34,
    "round_6": 45.24
  }
}