{
  "process_start_time": 1767888714.4160867,
  "process_end_time": 1767888727.6412268,
  "total_elapsed_time_seconds": 13.23,
  "rounds_time_stats": {
    "round_1": 13.22
  }
}