{
  "process_start_time": 1767889935.7047906,
  "process_end_time": 1767889945.2152233,
  "total_elapsed_time_seconds": 9.51,
  "rounds_time_stats": {
    "round_1": 9.51
  }
}