{
  "process_start_time": 1767691924.3565278,
  "process_end_time": 1767692235.8372009,
  "total_elapsed_time_seconds": 311.48,
  "rounds_time_stats": {
    "round_1": 43.86,
    "round_2": 59.57,
    "round_3": 47.29,
    "round_4": 45.01,
    "round_5": 59.24,
    "round_6": 56.51
  }
}