{
  "process_start_time": 1768552238.9085524,
  "process_end_time": 1768552401.4222949,
  "total_elapsed_time_seconds": 162.51,
  "rounds_time_stats": {
    "round_1": 21.73,
    "round_2": 22.24,
    "round_3": 26.97,
    "round_4": 27.07,
    "round_5": 27.86,
    "round_6": 36.64
  }
}