{
  "process_start_time": 1767849999.4742494,
  "process_end_time": 1767850184.4477348,
  "total_elapsed_time_seconds": 184.97,
  "rounds_time_stats": {
    "round_1": 29.0,
    "round_2": 32.32,
    "round_3": 37.74,
    "round_4": 28.0,
    "round_5": 31.21,
    "round_6": 26.69
  }
}