{
  "process_start_time": 1768108694.9005208,
  "process_end_time": 1768108956.994591,
  "total_elapsed_time_seconds": 262.09,
  "rounds_time_stats": {
    "round_1": 42.21,
    "round_2": 35.24,
    "round_3": 46.27,
    "round_4": 46.06,
    "round_5": 48.02,
    "round_6": 44.29
  }
}