{
  "process_start_time": 1767680806.2573504,
  "process_end_time": 1767681079.6313846,
  "total_elapsed_time_seconds": 273.37,
  "rounds_time_stats": {
    "round_1": 39.81,
    "round_2": 53.57,
    "round_3": 44.51,
    "round_4": 45.1,
    "round_5": 44.1,
    "round_6": 46.28
  }
}