{
  "process_start_time": 1767886724.6403642,
  "process_end_time": 1767886756.8700433,
  "total_elapsed_time_seconds": 32.23,
  "rounds_time_stats": {
    "round_1": 32.22
  }
}