{
  "process_start_time": 1767849999.478626,
  "process_end_time": 1767850159.2382536,
  "total_elapsed_time_seconds": 159.76,
  "rounds_time_stats": {
    "round_1": 24.42,
    "round_2": 37.28,
    "round_3": 30.18,
    "round_4": 24.76,
    "round_5": 22.07,
    "round_6": 21.05
  }
}