{
  "process_start_time": 1768552156.0387552,
  "process_end_time": 1768552526.3175693,
  "total_elapsed_time_seconds": 370.28,
  "rounds_time_stats": {
    "round_1": 45.64,
    "round_2": 37.39,
    "round_3": 46.18,
    "round_4": 42.75,
    "round_5": 48.73,
    "round_6": 149.6
  }
}