{
  "process_start_time": 1767688280.531505,
  "process_end_time": 1767688558.2761135,
  "total_elapsed_time_seconds": 277.74,
  "rounds_time_stats": {
    "round_1": 43.73,
    "round_2": 45.72,
    "round_3": 45.38,
    "round_4": 48.55,
    "round_5": 43.33,
    "round_6": 51.04
  }
}