{
  "process_start_time": 1768117745.620208,
  "process_end_time": 1768118028.1679375,
  "total_elapsed_time_seconds": 282.55,
  "rounds_time_stats": {
    "round_1": 44.31,
    "round_2": 33.14,
    "round_3": 76.64,
    "round_4": 46.74,
    "round_5": 36.7,
    "round_6": 45.02
  }
}