{
  "process_start_time": 1768556854.0278585,
  "process_end_time": 1768557015.1121275,
  "total_elapsed_time_seconds": 161.08,
  "rounds_time_stats": {
    "round_1": 23.0,
    "round_2": 29.47,
    "round_3": 29.71,
    "round_4": 27.67,
    "round_5": 24.67,
    "round_6": 26.56
  }
}