{
  "process_start_time": 1767884223.5641053,
  "process_end_time": 1767884307.581757,
  "total_elapsed_time_seconds": 84.02,
  "rounds_time_stats": {
    "round_1": 27.84,
    "round_2": 29.53,
    "round_3": 26.63
  }
}