{
  "process_start_time": 1767886143.4027693,
  "process_end_time": 1767886168.7659018,
  "total_elapsed_time_seconds": 25.36,
  "rounds_time_stats": {
    "round_1": 25.36
  }
}