{
  "process_start_time": 1767685712.302733,
  "process_end_time": 1767685977.9167001,
  "total_elapsed_time_seconds": 265.61,
  "rounds_time_stats": {
    "round_1": 49.7,
    "round_2": 44.95,
    "round_3": 40.11,
    "round_4": 46.76,
    "round_5": 42.56,
    "round_6": 41.52
  }
}