{
  "process_start_time": 1767887874.4895918,
  "process_end_time": 1767887921.9406314,
  "total_elapsed_time_seconds": 47.45,
  "rounds_time_stats": {
    "round_1": 24.2,
    "round_2": 23.25
  }
}