{
  "process_start_time": 1767684023.842957,
  "process_end_time": 1767684275.0489082,
  "total_elapsed_time_seconds": 251.21,
  "rounds_time_stats": {
    "round_1": 46.87,
    "round_2": 43.86,
    "round_3": 29.82,
    "round_4": 35.88,
    "round_5": 47.58,
    "round_6": 47.19
  }
}