{
  "process_start_time": 1767886182.0141008,
  "process_end_time": 1767886203.357732,
  "total_elapsed_time_seconds": 21.34,
  "rounds_time_stats": {
    "round_1": 21.34
  }
}