{
  "process_start_time": 1767883825.403414,
  "process_end_time": 1767884029.0026898,
  "total_elapsed_time_seconds": 203.6,
  "rounds_time_stats": {
    "round_1": 35.79,
    "round_2": 39.32,
    "round_3": 34.47,
    "round_4": 29.62,
    "round_5": 28.79,
    "round_6": 35.61
  }
}