{
  "process_start_time": 1768115623.912074,
  "process_end_time": 1768115912.8549392,
  "total_elapsed_time_seconds": 288.94,
  "rounds_time_stats": {
    "round_1": 39.79,
    "round_2": 24.98,
    "round_3": 82.44,
    "round_4": 44.64,
    "round_5": 47.21,
    "round_6": 49.87
  }
}