{
  "process_start_time": 1767890570.5918257,
  "process_end_time": 1767890605.7885752,
  "total_elapsed_time_seconds": 35.2,
  "rounds_time_stats": {
    "round_1": 35.19
  }
}