{
  "process_start_time": 1767888165.8587117,
  "process_end_time": 1767888172.7655165,
  "total_elapsed_time_seconds": 6.91,
  "rounds_time_stats": {
    "round_1": 6.9
  }
}