{
  "process_start_time": 1768107778.4785295,
  "process_end_time": 1768107988.286562,
  "total_elapsed_time_seconds": 209.81,
  "rounds_time_stats": {
    "round_1": 27.7,
    "round_2": 31.1,
    "round_3": 41.13,
    "round_4": 26.19,
    "round_5": 39.47,
    "round_6": 44.21
  }
}