{
  "process_start_time": 1767884281.7871542,
  "process_end_time": 1767884300.2987673,
  "total_elapsed_time_seconds": 18.51,
  "rounds_time_stats": {
    "round_1": 18.51
  }
}