{
  "process_start_time": 1767976175.3688853,
  "process_end_time": 1767976359.858098,
  "total_elapsed_time_seconds": 184.49,
  "rounds_time_stats": {
    "round_1": 32.22,
    "round_2": 32.69,
    "round_3": 30.17,
    "round_4": 28.61,
    "round_5": 32.14,
    "round_6": 28.66
  }
}