{
  "process_start_time": 1767889898.4731987,
  "process_end_time": 1767889911.4897165,
  "total_elapsed_time_seconds": 13.02,
  "rounds_time_stats": {
    "round_1": 12.69,
    "round_2": 0.32
  }
}