{
  "process_start_time": 1767885681.091263,
  "process_end_time": 1767885773.2547116,
  "total_elapsed_time_seconds": 92.16,
  "rounds_time_stats": {
    "round_1": 15.32,
    "round_2": 11.58,
    "round_3": 17.78,
    "round_4": 13.65,
    "round_5": 20.6,
    "round_6": 13.24
  }
}