{
  "process_start_time": 1767680556.9869835,
  "process_end_time": 1767680820.8799384,
  "total_elapsed_time_seconds": 263.89,
  "rounds_time_stats": {
    "round_1": 33.72,
    "round_2": 39.56,
    "round_3": 49.05,
    "round_4": 46.65,
    "round_5": 49.96,
    "round_6": 44.95
  }
}