{
  "process_start_time": 1767888113.518384,
  "process_end_time": 1767888266.0871067,
  "total_elapsed_time_seconds": 152.57,
  "rounds_time_stats": {
    "round_1": 23.14,
    "round_2": 18.24,
    "round_3": 28.33,
    "round_4": 27.05,
    "round_5": 29.02,
    "round_6": 26.79
  }
}