{
  "process_start_time": 1768556626.862249,
  "process_end_time": 1768556793.2401683,
  "total_elapsed_time_seconds": 166.38,
  "rounds_time_stats": {
    "round_1": 29.71,
    "round_2": 28.41,
    "round_3": 30.45,
    "round_4": 28.29,
    "round_5": 29.38,
    "round_6": 20.14
  }
}