{
  "process_start_time": 1767690082.750265,
  "process_end_time": 1767690137.1538267,
  "total_elapsed_time_seconds": 54.4,
  "rounds_time_stats": {
    "round_1": 54.37
  }
}