{
  "process_start_time": 1768554815.0763779,
  "process_end_time": 1768555030.1884315,
  "total_elapsed_time_seconds": 215.11,
  "rounds_time_stats": {
    "round_1": 33.75,
    "round_2": 36.76,
    "round_3": 38.36,
    "round_4": 29.15,
    "round_5": 39.87,
    "round_6": 37.2
  }
}