{
  "process_start_time": 1767690218.8361812,
  "process_end_time": 1767690524.7190592,
  "total_elapsed_time_seconds": 305.88,
  "rounds_time_stats": {
    "round_1": 45.55,
    "round_2": 58.71,
    "round_3": 47.6,
    "round_4": 64.7,
    "round_5": 47.34,
    "round_6": 41.97
  }
}