{
  "process_start_time": 1767884405.7250755,
  "process_end_time": 1767884457.300592,
  "total_elapsed_time_seconds": 51.58,
  "rounds_time_stats": {
    "round_1": 51.55
  }
}