{
  "process_start_time": 1767890237.5943367,
  "process_end_time": 1767890257.513058,
  "total_elapsed_time_seconds": 19.92,
  "rounds_time_stats": {
    "round_1": 19.92
  }
}