{
  "process_start_time": 1767886027.08964,
  "process_end_time": 1767886214.8964512,
  "total_elapsed_time_seconds": 187.81,
  "rounds_time_stats": {
    "round_1": 30.77,
    "round_2": 35.82,
    "round_3": 27.12,
    "round_4": 35.15,
    "round_5": 23.76,
    "round_6": 35.2
  }
}