{
  "process_start_time": 1767885120.3341618,
  "process_end_time": 1767885185.9964545,
  "total_elapsed_time_seconds": 65.66,
  "rounds_time_stats": {
    "round_1": 19.5,
    "round_2": 25.46,
    "round_3": 20.69
  }
}