{
  "process_start_time": 1768550949.5877628,
  "process_end_time": 1768551192.5716958,
  "total_elapsed_time_seconds": 242.98,
  "rounds_time_stats": {
    "round_1": 45.13,
    "round_2": 42.29,
    "round_3": 43.63,
    "round_4": 42.25,
    "round_5": 31.97,
    "round_6": 37.72
  }
}