{
  "process_start_time": 1767883192.1639001,
  "process_end_time": 1767883238.2463973,
  "total_elapsed_time_seconds": 46.08,
  "rounds_time_stats": {
    "round_1": 46.0
  }
}