{
  "process_start_time": 1767686727.603729,
  "process_end_time": 1767687044.8458657,
  "total_elapsed_time_seconds": 317.24,
  "rounds_time_stats": {
    "round_1": 92.33,
    "round_2": 46.4,
    "round_3": 44.15,
    "round_4": 46.35,
    "round_5": 42.4,
    "round_6": 45.61
  }
}