{
  "process_start_time": 1767888007.2917051,
  "process_end_time": 1767888043.4231873,
  "total_elapsed_time_seconds": 36.13,
  "rounds_time_stats": {
    "round_1": 16.58,
    "round_2": 19.55
  }
}