{
  "process_start_time": 1767977616.77092,
  "process_end_time": 1767977812.4281173,
  "total_elapsed_time_seconds": 195.66,
  "rounds_time_stats": {
    "round_1": 31.18,
    "round_2": 39.17,
    "round_3": 30.99,
    "round_4": 31.19,
    "round_5": 31.88,
    "round_6": 31.25
  }
}