{
  "process_start_time": 1767884006.3251572,
  "process_end_time": 1767884028.2499578,
  "total_elapsed_time_seconds": 21.92,
  "rounds_time_stats": {
    "round_1": 21.92
  }
}