{
  "process_start_time": 1768109246.7253313,
  "process_end_time": 1768109506.5875256,
  "total_elapsed_time_seconds": 259.86,
  "rounds_time_stats": {
    "round_1": 45.81,
    "round_2": 41.6,
    "round_3": 50.97,
    "round_4": 42.34,
    "round_5": 31.89,
    "round_6": 47.25
  }
}