{
  "process_start_time": 1767885773.263437,
  "process_end_time": 1767885809.6009026,
  "total_elapsed_time_seconds": 36.34,
  "rounds_time_stats": {
    "round_1": 36.31
  }
}