{
  "process_start_time": 1767884112.9069076,
  "process_end_time": 1767884123.741825,
  "total_elapsed_time_seconds": 10.83,
  "rounds_time_stats": {
    "round_1": 10.83
  }
}