{
  "process_start_time": 1767884379.214901,
  "process_end_time": 1767884520.1442852,
  "total_elapsed_time_seconds": 140.93,
  "rounds_time_stats": {
    "round_1": 19.39,
    "round_2": 30.37,
    "round_3": 21.4,
    "round_4": 27.12,
    "round_5": 21.47,
    "round_6": 21.18
  }
}