{
  "process_start_time": 1767683218.722903,
  "process_end_time": 1767683498.3346975,
  "total_elapsed_time_seconds": 279.61,
  "rounds_time_stats": {
    "round_1": 48.26,
    "round_2": 60.66,
    "round_3": 47.85,
    "round_4": 45.29,
    "round_5": 33.69,
    "round_6": 43.86
  }
}