{
  "process_start_time": 1767888006.2282338,
  "process_end_time": 1767888043.4508529,
  "total_elapsed_time_seconds": 37.22,
  "rounds_time_stats": {
    "round_1": 17.23,
    "round_2": 19.99
  }
}