{
  "process_start_time": 1767683064.9155886,
  "process_end_time": 1767683344.7544296,
  "total_elapsed_time_seconds": 279.84,
  "rounds_time_stats": {
    "round_1": 63.2,
    "round_2": 43.76,
    "round_3": 41.55,
    "round_4": 36.1,
    "round_5": 46.23,
    "round_6": 49.0
  }
}