{
  "process_start_time": 1768117272.5001316,
  "process_end_time": 1768117526.1598732,
  "total_elapsed_time_seconds": 253.66,
  "rounds_time_stats": {
    "round_1": 43.04,
    "round_2": 32.8,
    "round_3": 47.31,
    "round_4": 47.56,
    "round_5": 48.38,
    "round_6": 34.57
  }
}