{
  "process_start_time": 1767676571.9630826,
  "process_end_time": 1767676843.8218973,
  "total_elapsed_time_seconds": 271.86,
  "rounds_time_stats": {
    "round_1": 44.94,
    "round_2": 44.56,
    "round_3": 43.69,
    "round_4": 48.33,
    "round_5": 48.05,
    "round_6": 42.29
  }
}