{
  "process_start_time": 1767888672.1247802,
  "process_end_time": 1767888697.620422,
  "total_elapsed_time_seconds": 25.5,
  "rounds_time_stats": {
    "round_1": 25.49
  }
}