{
  "process_start_time": 1767687030.8598373,
  "process_end_time": 1767687309.700056,
  "total_elapsed_time_seconds": 278.84,
  "rounds_time_stats": {
    "round_1": 43.02,
    "round_2": 69.71,
    "round_3": 43.15,
    "round_4": 45.27,
    "round_5": 43.53,
    "round_6": 34.16
  }
}