{
  "process_start_time": 1767676064.9427881,
  "process_end_time": 1767676346.7444408,
  "total_elapsed_time_seconds": 281.8,
  "rounds_time_stats": {
    "round_1": 47.31,
    "round_2": 43.62,
    "round_3": 35.97,
    "round_4": 59.2,
    "round_5": 46.66,
    "round_6": 49.03
  }
}