{
  "process_start_time": 1767975342.9698246,
  "process_end_time": 1767975548.5260172,
  "total_elapsed_time_seconds": 205.56,
  "rounds_time_stats": {
    "round_1": 27.78,
    "round_2": 44.22,
    "round_3": 28.22,
    "round_4": 34.75,
    "round_5": 37.11,
    "round_6": 33.47
  }
}