{
  "process_start_time": 1767890329.53023,
  "process_end_time": 1767890444.9556499,
  "total_elapsed_time_seconds": 115.43,
  "rounds_time_stats": {
    "round_1": 17.28,
    "round_2": 33.44,
    "round_3": 28.83,
    "round_4": 35.17,
    "round_5": 0.71
  }
}