{
  "process_start_time": 1767885455.3238986,
  "process_end_time": 1767885567.5162811,
  "total_elapsed_time_seconds": 112.19,
  "rounds_time_stats": {
    "round_1": 20.06,
    "round_2": 23.95,
    "round_3": 19.42,
    "round_4": 17.37,
    "round_5": 17.29,
    "round_6": 14.1
  }
}