{
  "process_start_time": 1768556043.1503732,
  "process_end_time": 1768556248.527891,
  "total_elapsed_time_seconds": 205.38,
  "rounds_time_stats": {
    "round_1": 37.28,
    "round_2": 35.0,
    "round_3": 35.09,
    "round_4": 29.87,
    "round_5": 29.75,
    "round_6": 38.38
  }
}