{
  "process_start_time": 1767890021.9040425,
  "process_end_time": 1767890116.1737518,
  "total_elapsed_time_seconds": 94.27,
  "rounds_time_stats": {
    "round_1": 16.66,
    "round_2": 19.68,
    "round_3": 38.04,
    "round_4": 19.89
  }
}