{
  "process_start_time": 1767888309.005216,
  "process_end_time": 1767888317.6869075,
  "total_elapsed_time_seconds": 8.68,
  "rounds_time_stats": {
    "round_1": 8.68
  }
}