{
  "process_start_time": 1767884328.813051,
  "process_end_time": 1767884383.0056894,
  "total_elapsed_time_seconds": 54.19,
  "rounds_time_stats": {
    "round_1": 24.5,
    "round_2": 29.69
  }
}