{
  "process_start_time": 1768554893.6550035,
  "process_end_time": 1768555052.4737773,
  "total_elapsed_time_seconds": 158.82,
  "rounds_time_stats": {
    "round_1": 22.3,
    "round_2": 24.63,
    "round_3": 22.49,
    "round_4": 30.01,
    "round_5": 29.98,
    "round_6": 29.41
  }
}