{
  "process_start_time": 1767888266.170547,
  "process_end_time": 1767888316.3165376,
  "total_elapsed_time_seconds": 50.15,
  "rounds_time_stats": {
    "round_1": 17.79,
    "round_2": 32.35
  }
}