{
  "process_start_time": 1767882903.919953,
  "process_end_time": 1767883079.0946167,
  "total_elapsed_time_seconds": 175.17,
  "rounds_time_stats": {
    "round_1": 30.43,
    "round_2": 23.61,
    "round_3": 27.95,
    "round_4": 31.66,
    "round_5": 27.47,
    "round_6": 34.06
  }
}