{
  "process_start_time": 1767976981.0526056,
  "process_end_time": 1767977161.7245529,
  "total_elapsed_time_seconds": 180.67,
  "rounds_time_stats": {
    "round_1": 34.47,
    "round_2": 30.6,
    "round_3": 29.67,
    "round_4": 23.04,
    "round_5": 25.59,
    "round_6": 37.3
  }
}