{
  "process_start_time": 1767675981.0766273,
  "process_end_time": 1767676281.5955591,
  "total_elapsed_time_seconds": 300.52,
  "rounds_time_stats": {
    "round_1": 48.38,
    "round_2": 48.75,
    "round_3": 46.26,
    "round_4": 67.49,
    "round_5": 41.92,
    "round_6": 47.72
  }
}