{
  "process_start_time": 1767973270.7928839,
  "process_end_time": 1767973452.6475267,
  "total_elapsed_time_seconds": 181.85,
  "rounds_time_stats": {
    "round_1": 24.69,
    "round_2": 27.64,
    "round_3": 31.07,
    "round_4": 34.72,
    "round_5": 31.94,
    "round_6": 31.8
  }
}