{
  "process_start_time": 1767689447.6819158,
  "process_end_time": 1767689714.410205,
  "total_elapsed_time_seconds": 266.73,
  "rounds_time_stats": {
    "round_1": 47.99,
    "round_2": 42.09,
    "round_3": 44.64,
    "round_4": 44.32,
    "round_5": 42.65,
    "round_6": 45.03
  }
}