{
  "process_start_time": 1767890227.6500068,
  "process_end_time": 1767890325.0762866,
  "total_elapsed_time_seconds": 97.43,
  "rounds_time_stats": {
    "round_1": 20.12,
    "round_2": 17.91,
    "round_3": 17.75,
    "round_4": 19.71,
    "round_5": 21.56,
    "round_6": 0.38
  }
}