{
  "process_start_time": 1767884625.305822,
  "process_end_time": 1767884735.230026,
  "total_elapsed_time_seconds": 109.92,
  "rounds_time_stats": {
    "round_1": 27.93,
    "round_2": 14.84,
    "round_3": 17.74,
    "round_4": 18.95,
    "round_5": 15.54,
    "round_6": 14.92
  }
}