{
  "process_start_time": 1768114486.9765434,
  "process_end_time": 1768114739.5673742,
  "total_elapsed_time_seconds": 252.59,
  "rounds_time_stats": {
    "round_1": 33.24,
    "round_2": 66.92,
    "round_3": 46.78,
    "round_4": 36.38,
    "round_5": 33.79,
    "round_6": 35.47
  }
}