{
  "process_start_time": 1768556098.1698074,
  "process_end_time": 1768556248.6170292,
  "total_elapsed_time_seconds": 150.45,
  "rounds_time_stats": {
    "round_1": 26.56,
    "round_2": 24.97,
    "round_3": 22.07,
    "round_4": 28.81,
    "round_5": 25.5,
    "round_6": 22.53
  }
}