{
  "process_start_time": 1767886886.1526127,
  "process_end_time": 1767886905.8922663,
  "total_elapsed_time_seconds": 19.74,
  "rounds_time_stats": {
    "round_1": 19.73
  }
}