{
  "process_start_time": 1767978527.764866,
  "process_end_time": 1767978677.4356706,
  "total_elapsed_time_seconds": 149.67,
  "rounds_time_stats": {
    "round_1": 20.25,
    "round_2": 36.73,
    "round_3": 27.46,
    "round_4": 27.82,
    "round_5": 24.99,
    "round_6": 12.42
  }
}