{
  "process_start_time": 1767677178.7656746,
  "process_end_time": 1767677446.9093108,
  "total_elapsed_time_seconds": 268.14,
  "rounds_time_stats": {
    "round_1": 45.43,
    "round_2": 45.03,
    "round_3": 44.22,
    "round_4": 58.25,
    "round_5": 43.16,
    "round_6": 32.06
  }
}