{
  "process_start_time": 1767884908.344509,
  "process_end_time": 1767885040.5281477,
  "total_elapsed_time_seconds": 132.18,
  "rounds_time_stats": {
    "round_1": 132.18
  }
}