{
  "process_start_time": 1767884534.0740204,
  "process_end_time": 1767884620.3917718,
  "total_elapsed_time_seconds": 86.32,
  "rounds_time_stats": {
    "round_1": 20.02,
    "round_2": 11.7,
    "round_3": 13.06,
    "round_4": 12.26,
    "round_5": 12.33,
    "round_6": 16.95
  }
}