{
  "process_start_time": 1767976290.0483923,
  "process_end_time": 1767976478.135516,
  "total_elapsed_time_seconds": 188.09,
  "rounds_time_stats": {
    "round_1": 17.92,
    "round_2": 33.56,
    "round_3": 29.48,
    "round_4": 40.07,
    "round_5": 37.9,
    "round_6": 29.16
  }
}