{
  "process_start_time": 1768555821.2949657,
  "process_end_time": 1768555995.7769861,
  "total_elapsed_time_seconds": 174.48,
  "rounds_time_stats": {
    "round_1": 27.09,
    "round_2": 30.96,
    "round_3": 28.41,
    "round_4": 31.5,
    "round_5": 28.25,
    "round_6": 28.26
  }
}