{
  "process_start_time": 1768109099.5970082,
  "process_end_time": 1768109320.8655534,
  "total_elapsed_time_seconds": 221.27,
  "rounds_time_stats": {
    "round_1": 23.56,
    "round_2": 39.77,
    "round_3": 44.91,
    "round_4": 38.55,
    "round_5": 43.33,
    "round_6": 31.14
  }
}