{
  "process_start_time": 1767883913.7369716,
  "process_end_time": 1767883989.4447489,
  "total_elapsed_time_seconds": 75.71,
  "rounds_time_stats": {
    "round_1": 30.17,
    "round_2": 45.51
  }
}