{
  "process_start_time": 1768748393.5593512,
  "process_end_time": 1768748643.505116,
  "total_elapsed_time_seconds": 249.95,
  "rounds_time_stats": {
    "round_1": 41.7,
    "round_2": 46.85,
    "round_3": 44.74,
    "round_4": 43.15,
    "round_5": 45.82,
    "round_6": 27.69
  }
}