{
  "process_start_time": 1767890524.7969275,
  "process_end_time": 1767890651.638411,
  "total_elapsed_time_seconds": 126.84,
  "rounds_time_stats": {
    "round_1": 21.99,
    "round_2": 20.1,
    "round_3": 22.34,
    "round_4": 22.43,
    "round_5": 22.25,
    "round_6": 17.73
  }
}