{
  "process_start_time": 1768748579.435325,
  "process_end_time": 1768748705.5234509,
  "total_elapsed_time_seconds": 126.09,
  "rounds_time_stats": {
    "round_1": 29.18,
    "round_2": 20.7,
    "round_3": 19.58,
    "round_4": 18.71,
    "round_5": 20.22,
    "round_6": 17.69
  }
}