{
  "process_start_time": 1768115256.1216114,
  "process_end_time": 1768115519.2816036,
  "total_elapsed_time_seconds": 263.16,
  "rounds_time_stats": {
    "round_1": 35.73,
    "round_2": 77.08,
    "round_3": 25.1,
    "round_4": 32.94,
    "round_5": 45.21,
    "round_6": 47.09
  }
}