{
  "process_start_time": 1767883239.811908,
  "process_end_time": 1767883260.4384499,
  "total_elapsed_time_seconds": 20.63,
  "rounds_time_stats": {
    "round_1": 20.61
  }
}