{
  "process_start_time": 1768554749.276693,
  "process_end_time": 1768554903.0868936,
  "total_elapsed_time_seconds": 153.81,
  "rounds_time_stats": {
    "round_1": 16.43,
    "round_2": 20.53,
    "round_3": 33.01,
    "round_4": 27.59,
    "round_5": 28.01,
    "round_6": 28.24
  }
}