{
  "process_start_time": 1767680015.408135,
  "process_end_time": 1767680265.477761,
  "total_elapsed_time_seconds": 250.07,
  "rounds_time_stats": {
    "round_1": 24.48,
    "round_2": 36.86,
    "round_3": 45.42,
    "round_4": 48.93,
    "round_5": 48.35,
    "round_6": 46.03
  }
}