{
  "process_start_time": 1767889687.3994896,
  "process_end_time": 1767889755.2178802,
  "total_elapsed_time_seconds": 67.82,
  "rounds_time_stats": {
    "round_1": 42.97,
    "round_2": 24.41,
    "round_3": 0.44
  }
}