{
  "process_start_time": 1767884190.7293768,
  "process_end_time": 1767884209.7338135,
  "total_elapsed_time_seconds": 19.0,
  "rounds_time_stats": {
    "round_1": 19.0
  }
}