{
  "process_start_time": 1768555451.673906,
  "process_end_time": 1768555658.7195148,
  "total_elapsed_time_seconds": 207.05,
  "rounds_time_stats": {
    "round_1": 26.4,
    "round_2": 27.92,
    "round_3": 35.67,
    "round_4": 38.11,
    "round_5": 39.68,
    "round_6": 39.26
  }
}