{
  "process_start_time": 1767682370.3189557,
  "process_end_time": 1767682699.7025688,
  "total_elapsed_time_seconds": 329.38,
  "rounds_time_stats": {
    "round_1": 84.54,
    "round_2": 44.06,
    "round_3": 62.85,
    "round_4": 45.74,
    "round_5": 46.51,
    "round_6": 45.67
  }
}