{
  "process_start_time": 1767889540.0360126,
  "process_end_time": 1767889561.473499,
  "total_elapsed_time_seconds": 21.44,
  "rounds_time_stats": {
    "round_1": 21.22,
    "round_2": 0.22
  }
}