{
  "process_start_time": 1767976526.92412,
  "process_end_time": 1767976778.2579713,
  "total_elapsed_time_seconds": 251.33,
  "rounds_time_stats": {
    "round_1": 35.07,
    "round_2": 40.29,
    "round_3": 39.17,
    "round_4": 46.01,
    "round_5": 32.65,
    "round_6": 58.14
  }
}