{
  "process_start_time": 1768549937.2131464,
  "process_end_time": 1768550195.1721997,
  "total_elapsed_time_seconds": 257.96,
  "rounds_time_stats": {
    "round_1": 40.44,
    "round_2": 38.71,
    "round_3": 41.4,
    "round_4": 44.78,
    "round_5": 45.42,
    "round_6": 47.21
  }
}