{
  "process_start_time": 1767679234.800502,
  "process_end_time": 1767679486.1107705,
  "total_elapsed_time_seconds": 251.31,
  "rounds_time_stats": {
    "round_1": 37.53,
    "round_2": 36.13,
    "round_3": 51.59,
    "round_4": 44.04,
    "round_5": 42.5,
    "round_6": 39.53
  }
}