{
  "process_start_time": 1767681084.1212454,
  "process_end_time": 1767681355.3887434,
  "total_elapsed_time_seconds": 271.27,
  "rounds_time_stats": {
    "round_1": 44.87,
    "round_2": 47.79,
    "round_3": 43.38,
    "round_4": 46.18,
    "round_5": 44.02,
    "round_6": 45.03
  }
}