{
  "process_start_time": 1767883483.6599476,
  "process_end_time": 1767883506.340581,
  "total_elapsed_time_seconds": 22.68,
  "rounds_time_stats": {
    "round_1": 22.67
  }
}