{
  "process_start_time": 1768552228.0110028,
  "process_end_time": 1768552398.393711,
  "total_elapsed_time_seconds": 170.38,
  "rounds_time_stats": {
    "round_1": 22.72,
    "round_2": 25.1,
    "round_3": 33.56,
    "round_4": 28.97,
    "round_5": 27.89,
    "round_6": 32.14
  }
}