{
  "process_start_time": 1767675475.9724128,
  "process_end_time": 1767675742.8206804,
  "total_elapsed_time_seconds": 266.85,
  "rounds_time_stats": {
    "round_1": 69.06,
    "round_2": 42.14,
    "round_3": 38.83,
    "round_4": 39.78,
    "round_5": 42.15,
    "round_6": 34.89
  }
}