{
  "process_start_time": 1767973624.524058,
  "process_end_time": 1767973809.559351,
  "total_elapsed_time_seconds": 185.04,
  "rounds_time_stats": {
    "round_1": 28.11,
    "round_2": 32.98,
    "round_3": 29.83,
    "round_4": 28.24,
    "round_5": 24.89,
    "round_6": 40.99
  }
}