{
  "process_start_time": 1767682370.319903,
  "process_end_time": 1767682688.0026221,
  "total_elapsed_time_seconds": 317.68,
  "rounds_time_stats": {
    "round_1": 85.36,
    "round_2": 43.25,
    "round_3": 46.1,
    "round_4": 49.09,
    "round_5": 43.17,
    "round_6": 50.71
  }
}