{
  "process_start_time": 1767681080.4383368,
  "process_end_time": 1767681339.3235269,
  "total_elapsed_time_seconds": 258.89,
  "rounds_time_stats": {
    "round_1": 38.59,
    "round_2": 43.09,
    "round_3": 46.06,
    "round_4": 43.24,
    "round_5": 43.11,
    "round_6": 44.8
  }
}