{
  "process_start_time": 1768551387.1300147,
  "process_end_time": 1768551592.4976187,
  "total_elapsed_time_seconds": 205.37,
  "rounds_time_stats": {
    "round_1": 27.79,
    "round_2": 33.3,
    "round_3": 37.39,
    "round_4": 41.01,
    "round_5": 29.35,
    "round_6": 36.52
  }
}