{
  "process_start_time": 1767888319.6932976,
  "process_end_time": 1767888344.6433313,
  "total_elapsed_time_seconds": 24.95,
  "rounds_time_stats": {
    "round_1": 24.95
  }
}