{
  "process_start_time": 1767882978.7675004,
  "process_end_time": 1767882991.3706512,
  "total_elapsed_time_seconds": 12.6,
  "rounds_time_stats": {
    "round_1": 12.6
  }
}