{
  "process_start_time": 1767974296.7272198,
  "process_end_time": 1767974594.8549235,
  "total_elapsed_time_seconds": 298.13,
  "rounds_time_stats": {
    "round_1": 69.99,
    "round_2": 55.26,
    "round_3": 40.25,
    "round_4": 41.6,
    "round_5": 36.81,
    "round_6": 54.22
  }
}