{
  "process_start_time": 1767683571.1724856,
  "process_end_time": 1767683852.7959611,
  "total_elapsed_time_seconds": 281.62,
  "rounds_time_stats": {
    "round_1": 54.69,
    "round_2": 40.75,
    "round_3": 45.63,
    "round_4": 51.8,
    "round_5": 44.74,
    "round_6": 44.01
  }
}