{
  "process_start_time": 1767884491.097896,
  "process_end_time": 1767884658.6564991,
  "total_elapsed_time_seconds": 167.56,
  "rounds_time_stats": {
    "round_1": 72.99,
    "round_2": 38.7,
    "round_3": 55.85
  }
}