{
  "process_start_time": 1768555346.5080976,
  "process_end_time": 1768555378.674135,
  "total_elapsed_time_seconds": 32.17,
  "rounds_time_stats": {
    "round_1": 32.14
  }
}