{
  "process_start_time": 1768551206.6511843,
  "process_end_time": 1768551259.6318789,
  "total_elapsed_time_seconds": 52.98,
  "rounds_time_stats": {
    "round_1": 52.95
  }
}