{
  "process_start_time": 1767884297.6706192,
  "process_end_time": 1767884329.608069,
  "total_elapsed_time_seconds": 31.94,
  "rounds_time_stats": {
    "round_1": 31.92
  }
}