{
  "process_start_time": 1767883807.5910683,
  "process_end_time": 1767883830.725917,
  "total_elapsed_time_seconds": 23.13,
  "rounds_time_stats": {
    "round_1": 23.13
  }
}