{
  "process_start_time": 1767970266.0433154,
  "process_end_time": 1767970572.3628364,
  "total_elapsed_time_seconds": 306.32,
  "rounds_time_stats": {
    "round_1": 49.82,
    "round_2": 60.36,
    "round_3": 47.49,
    "round_4": 64.26,
    "round_5": 43.53,
    "round_6": 40.85
  }
}