{
  "process_start_time": 1767889266.507284,
  "process_end_time": 1767889411.755303,
  "total_elapsed_time_seconds": 145.25,
  "rounds_time_stats": {
    "round_1": 33.18,
    "round_2": 19.88,
    "round_3": 24.77,
    "round_4": 17.45,
    "round_5": 24.46,
    "round_6": 25.51
  }
}