{
  "process_start_time": 1767678870.5985243,
  "process_end_time": 1767679135.4525332,
  "total_elapsed_time_seconds": 264.85,
  "rounds_time_stats": {
    "round_1": 40.27,
    "round_2": 44.76,
    "round_3": 48.43,
    "round_4": 38.48,
    "round_5": 47.83,
    "round_6": 45.08
  }
}