{
  "process_start_time": 1767973961.5350347,
  "process_end_time": 1767974284.5849376,
  "total_elapsed_time_seconds": 323.05,
  "rounds_time_stats": {
    "round_1": 27.25,
    "round_2": 39.19,
    "round_3": 60.48,
    "round_4": 43.32,
    "round_5": 58.14,
    "round_6": 94.65
  }
}