{
  "process_start_time": 1768115948.5217042,
  "process_end_time": 1768116231.5702055,
  "total_elapsed_time_seconds": 283.05,
  "rounds_time_stats": {
    "round_1": 40.05,
    "round_2": 40.46,
    "round_3": 48.17,
    "round_4": 60.4,
    "round_5": 47.69,
    "round_6": 46.27
  }
}