{
  "process_start_time": 1768554905.0990577,
  "process_end_time": 1768555069.5972917,
  "total_elapsed_time_seconds": 164.5,
  "rounds_time_stats": {
    "round_1": 27.78,
    "round_2": 19.73,
    "round_3": 29.81,
    "round_4": 28.79,
    "round_5": 30.29,
    "round_6": 28.1
  }
}