{
  "process_start_time": 1767889896.8387828,
  "process_end_time": 1767890016.1117263,
  "total_elapsed_time_seconds": 119.27,
  "rounds_time_stats": {
    "round_1": 19.51,
    "round_2": 21.42,
    "round_3": 18.84,
    "round_4": 18.89,
    "round_5": 19.07,
    "round_6": 21.54
  }
}