{
  "process_start_time": 1767885543.4875467,
  "process_end_time": 1767885640.0023353,
  "total_elapsed_time_seconds": 96.51,
  "rounds_time_stats": {
    "round_1": 13.45,
    "round_2": 13.49,
    "round_3": 19.55,
    "round_4": 16.1,
    "round_5": 16.05,
    "round_6": 17.88
  }
}