{
  "process_start_time": 1767887266.5047488,
  "process_end_time": 1767887293.5878434,
  "total_elapsed_time_seconds": 27.08,
  "rounds_time_stats": {
    "round_1": 27.08
  }
}