{
  "process_start_time": 1767889442.9740155,
  "process_end_time": 1767889506.1927326,
  "total_elapsed_time_seconds": 63.22,
  "rounds_time_stats": {
    "round_1": 8.96,
    "round_2": 13.73,
    "round_3": 7.45,
    "round_4": 12.21,
    "round_5": 9.21,
    "round_6": 11.66
  }
}