{
  "process_start_time": 1767977657.2884328,
  "process_end_time": 1767977841.39832,
  "total_elapsed_time_seconds": 184.11,
  "rounds_time_stats": {
    "round_1": 30.03,
    "round_2": 30.62,
    "round_3": 32.11,
    "round_4": 31.07,
    "round_5": 31.38,
    "round_6": 28.9
  }
}