{
  "process_start_time": 1767691940.9366374,
  "process_end_time": 1767692221.9528618,
  "total_elapsed_time_seconds": 281.02,
  "rounds_time_stats": {
    "round_1": 42.51,
    "round_2": 48.99,
    "round_3": 55.41,
    "round_4": 46.91,
    "round_5": 44.5,
    "round_6": 42.7
  }
}