{
  "process_start_time": 1767885771.475159,
  "process_end_time": 1767885794.1805701,
  "total_elapsed_time_seconds": 22.71,
  "rounds_time_stats": {
    "round_1": 22.7
  }
}