{
  "process_start_time": 1768116745.7253885,
  "process_end_time": 1768117028.1207185,
  "total_elapsed_time_seconds": 282.4,
  "rounds_time_stats": {
    "round_1": 36.51,
    "round_2": 45.01,
    "round_3": 51.27,
    "round_4": 46.53,
    "round_5": 49.92,
    "round_6": 53.16
  }
}