{
  "process_start_time": 1767889341.882987,
  "process_end_time": 1767889364.3705406,
  "total_elapsed_time_seconds": 22.49,
  "rounds_time_stats": {
    "round_1": 22.47
  }
}