{
  "process_start_time": 1767890795.4148471,
  "process_end_time": 1767890822.8864899,
  "total_elapsed_time_seconds": 27.47,
  "rounds_time_stats": {
    "round_1": 27.47
  }
}