{
  "process_start_time": 1767681015.998017,
  "process_end_time": 1767681250.1087227,
  "total_elapsed_time_seconds": 234.11,
  "rounds_time_stats": {
    "round_1": 48.6,
    "round_2": 33.9,
    "round_3": 46.06,
    "round_4": 32.48,
    "round_5": 42.67,
    "round_6": 30.39
  }
}