{
  "process_start_time": 1767885208.1782162,
  "process_end_time": 1767885303.1045682,
  "total_elapsed_time_seconds": 94.93,
  "rounds_time_stats": {
    "round_1": 21.62,
    "round_2": 24.4,
    "round_3": 24.31,
    "round_4": 24.59
  }
}