{
  "process_start_time": 1767975762.4407914,
  "process_end_time": 1767975932.8390398,
  "total_elapsed_time_seconds": 170.4,
  "rounds_time_stats": {
    "round_1": 23.62,
    "round_2": 27.41,
    "round_3": 29.32,
    "round_4": 31.98,
    "round_5": 31.62,
    "round_6": 26.44
  }
}