{
  "process_start_time": 1767687356.678227,
  "process_end_time": 1767687636.970617,
  "total_elapsed_time_seconds": 280.29,
  "rounds_time_stats": {
    "round_1": 48.24,
    "round_2": 48.69,
    "round_3": 44.71,
    "round_4": 51.84,
    "round_5": 44.62,
    "round_6": 42.2
  }
}