{
  "process_start_time": 1767890371.415151,
  "process_end_time": 1767890386.4645793,
  "total_elapsed_time_seconds": 15.05,
  "rounds_time_stats": {
    "round_1": 15.05
  }
}