{
  "process_start_time": 1768549937.21338,
  "process_end_time": 1768550192.2661438,
  "total_elapsed_time_seconds": 255.05,
  "rounds_time_stats": {
    "round_1": 40.22,
    "round_2": 38.09,
    "round_3": 42.65,
    "round_4": 44.09,
    "round_5": 45.26,
    "round_6": 44.74
  }
}