{
  "process_start_time": 1767888579.773986,
  "process_end_time": 1767888613.8097188,
  "total_elapsed_time_seconds": 34.04,
  "rounds_time_stats": {
    "round_1": 25.1,
    "round_2": 8.94
  }
}