{
  "process_start_time": 1767887689.5611374,
  "process_end_time": 1767887703.8000166,
  "total_elapsed_time_seconds": 14.24,
  "rounds_time_stats": {
    "round_1": 14.23
  }
}