{
  "process_start_time": 1767676327.973712,
  "process_end_time": 1767676573.8674605,
  "total_elapsed_time_seconds": 245.89,
  "rounds_time_stats": {
    "round_1": 44.97,
    "round_2": 46.7,
    "round_3": 47.97,
    "round_4": 42.0,
    "round_5": 31.07,
    "round_6": 33.19
  }
}