{
  "process_start_time": 1767974551.9581125,
  "process_end_time": 1767974905.5170357,
  "total_elapsed_time_seconds": 353.56,
  "rounds_time_stats": {
    "round_1": 42.48,
    "round_2": 68.38,
    "round_3": 40.03,
    "round_4": 69.07,
    "round_5": 93.46,
    "round_6": 40.14
  }
}