{
  "process_start_time": 1767889547.2835808,
  "process_end_time": 1767889582.7951553,
  "total_elapsed_time_seconds": 35.51,
  "rounds_time_stats": {
    "round_1": 17.36,
    "round_2": 18.14
  }
}