{
  "process_start_time": 1768116231.5712886,
  "process_end_time": 1768116529.1607928,
  "total_elapsed_time_seconds": 297.59,
  "rounds_time_stats": {
    "round_1": 38.42,
    "round_2": 71.4,
    "round_3": 55.01,
    "round_4": 47.13,
    "round_5": 45.48,
    "round_6": 40.15
  }
}