{
  "process_start_time": 1767888829.9799497,
  "process_end_time": 1767888848.2114935,
  "total_elapsed_time_seconds": 18.23,
  "rounds_time_stats": {
    "round_1": 18.23
  }
}