{
  "process_start_time": 1767678073.9465451,
  "process_end_time": 1767678388.6489244,
  "total_elapsed_time_seconds": 314.7,
  "rounds_time_stats": {
    "round_1": 82.72,
    "round_2": 46.99,
    "round_3": 45.2,
    "round_4": 44.56,
    "round_5": 46.5,
    "round_6": 48.73
  }
}