{
  "process_start_time": 1767889542.1875772,
  "process_end_time": 1767889567.9848602,
  "total_elapsed_time_seconds": 25.8,
  "rounds_time_stats": {
    "round_1": 25.79
  }
}