{
  "process_start_time": 1768552211.8562038,
  "process_end_time": 1768552366.5003254,
  "total_elapsed_time_seconds": 154.64,
  "rounds_time_stats": {
    "round_1": 26.46,
    "round_2": 25.01,
    "round_3": 21.99,
    "round_4": 18.71,
    "round_5": 32.12,
    "round_6": 30.35
  }
}