{
  "process_start_time": 1767888777.644898,
  "process_end_time": 1767888790.8532908,
  "total_elapsed_time_seconds": 13.21,
  "rounds_time_stats": {
    "round_1": 13.2
  }
}