{
  "process_start_time": 1767676047.7413633,
  "process_end_time": 1767676312.0122283,
  "total_elapsed_time_seconds": 264.27,
  "rounds_time_stats": {
    "round_1": 48.67,
    "round_2": 45.97,
    "round_3": 46.23,
    "round_4": 32.01,
    "round_5": 46.26,
    "round_6": 45.12
  }
}