{
  "process_start_time": 1767681083.381067,
  "process_end_time": 1767681354.752758,
  "total_elapsed_time_seconds": 271.37,
  "rounds_time_stats": {
    "round_1": 45.3,
    "round_2": 48.94,
    "round_3": 42.81,
    "round_4": 44.83,
    "round_5": 46.6,
    "round_6": 42.88
  }
}