{
  "process_start_time": 1768116105.1151736,
  "process_end_time": 1768116380.291397,
  "total_elapsed_time_seconds": 275.18,
  "rounds_time_stats": {
    "round_1": 40.63,
    "round_2": 31.6,
    "round_3": 53.52,
    "round_4": 40.3,
    "round_5": 70.43,
    "round_6": 38.69
  }
}