{
  "process_start_time": 1768550210.3208845,
  "process_end_time": 1768550406.4110715,
  "total_elapsed_time_seconds": 196.09,
  "rounds_time_stats": {
    "round_1": 34.97,
    "round_2": 29.13,
    "round_3": 42.14,
    "round_4": 31.97,
    "round_5": 29.94,
    "round_6": 27.94
  }
}