{
  "process_start_time": 1767682442.9969912,
  "process_end_time": 1767682687.5410836,
  "total_elapsed_time_seconds": 244.54,
  "rounds_time_stats": {
    "round_1": 35.63,
    "round_2": 33.14,
    "round_3": 35.57,
    "round_4": 45.23,
    "round_5": 45.5,
    "round_6": 49.46
  }
}