{
  "process_start_time": 1767889092.5133147,
  "process_end_time": 1767889224.2247398,
  "total_elapsed_time_seconds": 131.71,
  "rounds_time_stats": {
    "round_1": 11.12,
    "round_2": 11.98,
    "round_3": 18.06,
    "round_4": 18.59,
    "round_5": 50.2,
    "round_6": 21.76
  }
}