{
  "process_start_time": 1767888316.9150043,
  "process_end_time": 1767888474.835834,
  "total_elapsed_time_seconds": 157.92,
  "rounds_time_stats": {
    "round_1": 27.26,
    "round_2": 24.17,
    "round_3": 24.24,
    "round_4": 32.25,
    "round_5": 25.68,
    "round_6": 24.32
  }
}