{
  "process_start_time": 1768115055.1785088,
  "process_end_time": 1768115386.7136414,
  "total_elapsed_time_seconds": 331.54,
  "rounds_time_stats": {
    "round_1": 38.32,
    "round_2": 41.96,
    "round_3": 45.35,
    "round_4": 41.03,
    "round_5": 47.98,
    "round_6": 116.89
  }
}