{
  "process_start_time": 1767689761.794833,
  "process_end_time": 1767690032.500177,
  "total_elapsed_time_seconds": 270.71,
  "rounds_time_stats": {
    "round_1": 43.39,
    "round_2": 47.72,
    "round_3": 47.55,
    "round_4": 47.25,
    "round_5": 41.66,
    "round_6": 43.12
  }
}