{
  "process_start_time": 1767681214.7693489,
  "process_end_time": 1767681482.4054217,
  "total_elapsed_time_seconds": 267.64,
  "rounds_time_stats": {
    "round_1": 36.52,
    "round_2": 42.64,
    "round_3": 47.85,
    "round_4": 46.06,
    "round_5": 47.41,
    "round_6": 47.15
  }
}