{
  "process_start_time": 1767969222.4672728,
  "process_end_time": 1767969458.5288901,
  "total_elapsed_time_seconds": 236.06,
  "rounds_time_stats": {
    "round_1": 37.38,
    "round_2": 36.3,
    "round_3": 36.23,
    "round_4": 36.96,
    "round_5": 48.81,
    "round_6": 40.38
  }
}