{
  "process_start_time": 1768115885.9293323,
  "process_end_time": 1768116151.5001807,
  "total_elapsed_time_seconds": 265.57,
  "rounds_time_stats": {
    "round_1": 40.81,
    "round_2": 36.89,
    "round_3": 46.08,
    "round_4": 34.81,
    "round_5": 47.21,
    "round_6": 59.77
  }
}