{
  "process_start_time": 1767890858.7599158,
  "process_end_time": 1767890979.7567892,
  "total_elapsed_time_seconds": 121.0,
  "rounds_time_stats": {
    "round_1": 15.8,
    "round_2": 13.38,
    "round_3": 25.52,
    "round_4": 26.04,
    "round_5": 22.39,
    "round_6": 17.86
  }
}