{
  "process_start_time": 1767886687.226647,
  "process_end_time": 1767886727.600439,
  "total_elapsed_time_seconds": 40.37,
  "rounds_time_stats": {
    "round_1": 16.77,
    "round_2": 23.59
  }
}