{
  "process_start_time": 1767886648.9791214,
  "process_end_time": 1767886681.5118303,
  "total_elapsed_time_seconds": 32.53,
  "rounds_time_stats": {
    "round_1": 32.53
  }
}