{
  "process_start_time": 1767977822.5515323,
  "process_end_time": 1767978063.2763474,
  "total_elapsed_time_seconds": 240.72,
  "rounds_time_stats": {
    "round_1": 32.0,
    "round_2": 41.24,
    "round_3": 48.78,
    "round_4": 42.93,
    "round_5": 40.17,
    "round_6": 35.61
  }
}