{
  "process_start_time": 1767971240.0081742,
  "process_end_time": 1767973124.2948778,
  "total_elapsed_time_seconds": 1884.29,
  "rounds_time_stats": {
    "round_1": 172.09,
    "round_2": 117.59,
    "round_3": 1502.32,
    "round_4": 36.31,
    "round_5": 25.89,
    "round_6": 30.09
  }
}