{
  "process_start_time": 1768552256.6581914,
  "process_end_time": 1768552626.2121994,
  "total_elapsed_time_seconds": 369.55,
  "rounds_time_stats": {
    "round_1": 34.86,
    "round_2": 36.75,
    "round_3": 46.89,
    "round_4": 153.64,
    "round_5": 49.0,
    "round_6": 48.42
  }
}