{
  "process_start_time": 1767886751.8174305,
  "process_end_time": 1767886904.5403836,
  "total_elapsed_time_seconds": 152.72,
  "rounds_time_stats": {
    "round_1": 21.64,
    "round_2": 26.25,
    "round_3": 26.12,
    "round_4": 19.45,
    "round_5": 23.58,
    "round_6": 35.68
  }
}