{
  "process_start_time": 1767886371.2831259,
  "process_end_time": 1767886398.6161458,
  "total_elapsed_time_seconds": 27.33,
  "rounds_time_stats": {
    "round_1": 12.33,
    "round_2": 14.99
  }
}