{
  "process_start_time": 1767885932.6092043,
  "process_end_time": 1767886098.5314295,
  "total_elapsed_time_seconds": 165.92,
  "rounds_time_stats": {
    "round_1": 21.32,
    "round_2": 22.2,
    "round_3": 23.59,
    "round_4": 28.05,
    "round_5": 40.05,
    "round_6": 30.71
  }
}