{
  "process_start_time": 1767889321.2449362,
  "process_end_time": 1767889390.9529247,
  "total_elapsed_time_seconds": 69.71,
  "rounds_time_stats": {
    "round_1": 9.52,
    "round_2": 8.34,
    "round_3": 12.49,
    "round_4": 12.67,
    "round_5": 10.1,
    "round_6": 16.58
  }
}