{
  "process_start_time": 1767888095.6349564,
  "process_end_time": 1767888107.1963975,
  "total_elapsed_time_seconds": 11.56,
  "rounds_time_stats": {
    "round_1": 11.56
  }
}