{
  "process_start_time": 1767885038.9765425,
  "process_end_time": 1767885097.4624417,
  "total_elapsed_time_seconds": 58.49,
  "rounds_time_stats": {
    "round_1": 28.56,
    "round_2": 29.92
  }
}