{
  "process_start_time": 1767675475.9737313,
  "process_end_time": 1767675760.592976,
  "total_elapsed_time_seconds": 284.62,
  "rounds_time_stats": {
    "round_1": 80.21,
    "round_2": 41.67,
    "round_3": 40.02,
    "round_4": 41.45,
    "round_5": 42.38,
    "round_6": 38.87
  }
}