{
  "process_start_time": 1767680569.8182495,
  "process_end_time": 1767680833.036084,
  "total_elapsed_time_seconds": 263.22,
  "rounds_time_stats": {
    "round_1": 39.47,
    "round_2": 45.99,
    "round_3": 56.29,
    "round_4": 33.58,
    "round_5": 56.78,
    "round_6": 31.11
  }
}