{
  "process_start_time": 1767883873.6171749,
  "process_end_time": 1767883896.41161,
  "total_elapsed_time_seconds": 22.79,
  "rounds_time_stats": {
    "round_1": 22.78
  }
}