{
  "process_start_time": 1767689524.5544813,
  "process_end_time": 1767689821.3786886,
  "total_elapsed_time_seconds": 296.82,
  "rounds_time_stats": {
    "round_1": 42.95,
    "round_2": 59.29,
    "round_3": 57.94,
    "round_4": 43.08,
    "round_5": 47.63,
    "round_6": 45.93
  }
}