{
  "process_start_time": 1768550439.6713245,
  "process_end_time": 1768550704.9270205,
  "total_elapsed_time_seconds": 265.26,
  "rounds_time_stats": {
    "round_1": 49.75,
    "round_2": 38.19,
    "round_3": 41.86,
    "round_4": 43.51,
    "round_5": 46.5,
    "round_6": 45.45
  }
}