{
  "process_start_time": 1767886389.4004605,
  "process_end_time": 1767886444.4724154,
  "total_elapsed_time_seconds": 55.07,
  "rounds_time_stats": {
    "round_1": 55.04
  }
}