{
  "process_start_time": 1767889817.301211,
  "process_end_time": 1767889930.3263714,
  "total_elapsed_time_seconds": 113.03,
  "rounds_time_stats": {
    "round_1": 20.1,
    "round_2": 23.12,
    "round_3": 19.82,
    "round_4": 19.3,
    "round_5": 14.42,
    "round_6": 16.26
  }
}