{
  "process_start_time": 1767887243.7969275,
  "process_end_time": 1767887281.6612005,
  "total_elapsed_time_seconds": 37.86,
  "rounds_time_stats": {
    "round_1": 14.42,
    "round_2": 22.42,
    "round_3": 1.02
  }
}