{
  "process_start_time": 1767691713.718085,
  "process_end_time": 1767692014.9645755,
  "total_elapsed_time_seconds": 301.25,
  "rounds_time_stats": {
    "round_1": 45.32,
    "round_2": 55.47,
    "round_3": 48.21,
    "round_4": 48.58,
    "round_5": 57.72,
    "round_6": 45.94
  }
}