{
  "process_start_time": 1767890226.0795915,
  "process_end_time": 1767890319.8919413,
  "total_elapsed_time_seconds": 93.81,
  "rounds_time_stats": {
    "round_1": 13.42,
    "round_2": 17.4,
    "round_3": 16.6,
    "round_4": 16.01,
    "round_5": 15.05,
    "round_6": 15.33
  }
}