{
  "process_start_time": 1768550445.6328704,
  "process_end_time": 1768550704.5196795,
  "total_elapsed_time_seconds": 258.89,
  "rounds_time_stats": {
    "round_1": 42.26,
    "round_2": 41.54,
    "round_3": 40.42,
    "round_4": 43.51,
    "round_5": 46.22,
    "round_6": 44.93
  }
}