{
  "process_start_time": 1767969222.5115972,
  "process_end_time": 1767969587.3007019,
  "total_elapsed_time_seconds": 364.79,
  "rounds_time_stats": {
    "round_1": 61.94,
    "round_2": 47.57,
    "round_3": 75.43,
    "round_4": 50.79,
    "round_5": 41.67,
    "round_6": 87.39
  }
}