{
  "process_start_time": 1767890007.1841888,
  "process_end_time": 1767890021.903145,
  "total_elapsed_time_seconds": 14.72,
  "rounds_time_stats": {
    "round_1": 14.72
  }
}