{
  "process_start_time": 1768552060.513982,
  "process_end_time": 1768552239.0336907,
  "total_elapsed_time_seconds": 178.52,
  "rounds_time_stats": {
    "round_1": 29.8,
    "round_2": 28.57,
    "round_3": 29.94,
    "round_4": 34.5,
    "round_5": 24.99,
    "round_6": 30.73
  }
}