{
  "process_start_time": 1767886281.4347446,
  "process_end_time": 1767886330.4540539,
  "total_elapsed_time_seconds": 49.02,
  "rounds_time_stats": {
    "round_1": 20.23,
    "round_2": 28.79
  }
}