{
  "process_start_time": 1767884294.1574485,
  "process_end_time": 1767884350.0558097,
  "total_elapsed_time_seconds": 55.9,
  "rounds_time_stats": {
    "round_1": 55.84
  }
}