{
  "process_start_time": 1768109034.3332715,
  "process_end_time": 1768109307.2402318,
  "total_elapsed_time_seconds": 272.91,
  "rounds_time_stats": {
    "round_1": 47.36,
    "round_2": 50.67,
    "round_3": 43.98,
    "round_4": 45.12,
    "round_5": 37.51,
    "round_6": 48.27
  }
}