{
  "process_start_time": 1767884810.901422,
  "process_end_time": 1767884856.8194995,
  "total_elapsed_time_seconds": 45.92,
  "rounds_time_stats": {
    "round_1": 16.2,
    "round_2": 29.71
  }
}