{
  "process_start_time": 1767889898.1475856,
  "process_end_time": 1767890023.4760191,
  "total_elapsed_time_seconds": 125.33,
  "rounds_time_stats": {
    "round_1": 16.77,
    "round_2": 18.78,
    "round_3": 18.94,
    "round_4": 31.87,
    "round_5": 20.62,
    "round_6": 18.34
  }
}