{
  "process_start_time": 1768549937.2155306,
  "process_end_time": 1768550195.2475653,
  "total_elapsed_time_seconds": 258.03,
  "rounds_time_stats": {
    "round_1": 43.42,
    "round_2": 33.89,
    "round_3": 40.6,
    "round_4": 46.29,
    "round_5": 46.54,
    "round_6": 47.29
  }
}