{
  "process_start_time": 1767679473.5010586,
  "process_end_time": 1767679731.12555,
  "total_elapsed_time_seconds": 257.62,
  "rounds_time_stats": {
    "round_1": 29.68,
    "round_2": 46.1,
    "round_3": 43.17,
    "round_4": 49.83,
    "round_5": 44.57,
    "round_6": 44.28
  }
}