{
  "process_start_time": 1767884470.91889,
  "process_end_time": 1767884489.2134173,
  "total_elapsed_time_seconds": 18.29,
  "rounds_time_stats": {
    "round_1": 18.29
  }
}