{
  "process_start_time": 1767976329.9889748,
  "process_end_time": 1767976507.5821598,
  "total_elapsed_time_seconds": 177.59,
  "rounds_time_stats": {
    "round_1": 28.48,
    "round_2": 30.46,
    "round_3": 31.54,
    "round_4": 27.61,
    "round_5": 31.4,
    "round_6": 28.1
  }
}