{
  "process_start_time": 1767884139.6081328,
  "process_end_time": 1767884160.2950063,
  "total_elapsed_time_seconds": 20.69,
  "rounds_time_stats": {
    "round_1": 20.68
  }
}