{
  "process_start_time": 1767970634.1920393,
  "process_end_time": 1767971361.5508544,
  "total_elapsed_time_seconds": 727.36,
  "rounds_time_stats": {
    "round_1": 50.3,
    "round_2": 159.65,
    "round_3": 66.61,
    "round_4": 153.51,
    "round_5": 129.8,
    "round_6": 167.48
  }
}