{
  "process_start_time": 1767889535.233565,
  "process_end_time": 1767889545.6256053,
  "total_elapsed_time_seconds": 10.39,
  "rounds_time_stats": {
    "round_1": 10.39
  }
}