{
  "process_start_time": 1767677142.5419328,
  "process_end_time": 1767677402.4198632,
  "total_elapsed_time_seconds": 259.88,
  "rounds_time_stats": {
    "round_1": 34.44,
    "round_2": 32.37,
    "round_3": 43.33,
    "round_4": 61.83,
    "round_5": 40.24,
    "round_6": 47.66
  }
}