{
  "process_start_time": 1767888664.9232445,
  "process_end_time": 1767888795.9253492,
  "total_elapsed_time_seconds": 131.0,
  "rounds_time_stats": {
    "round_1": 15.86,
    "round_2": 19.3,
    "round_3": 17.33,
    "round_4": 18.9,
    "round_5": 31.83,
    "round_6": 27.78
  }
}