{
  "process_start_time": 1767886032.966031,
  "process_end_time": 1767886061.0533473,
  "total_elapsed_time_seconds": 28.09,
  "rounds_time_stats": {
    "round_1": 28.08
  }
}