{
  "process_start_time": 1767974636.3492124,
  "process_end_time": 1767975021.1547744,
  "total_elapsed_time_seconds": 384.81,
  "rounds_time_stats": {
    "round_1": 66.74,
    "round_2": 97.11,
    "round_3": 80.39,
    "round_4": 63.82,
    "round_5": 46.39,
    "round_6": 30.36
  }
}