{
  "process_start_time": 1768555678.1190453,
  "process_end_time": 1768555839.7738972,
  "total_elapsed_time_seconds": 161.65,
  "rounds_time_stats": {
    "round_1": 25.91,
    "round_2": 27.92,
    "round_3": 20.65,
    "round_4": 29.81,
    "round_5": 26.49,
    "round_6": 30.87
  }
}