{
  "process_start_time": 1768748393.5586631,
  "process_end_time": 1768748600.78293,
  "total_elapsed_time_seconds": 207.22,
  "rounds_time_stats": {
    "round_1": 35.55,
    "round_2": 39.43,
    "round_3": 31.81,
    "round_4": 33.09,
    "round_5": 34.09,
    "round_6": 33.25
  }
}