{
  "process_start_time": 1767692244.7767847,
  "process_end_time": 1767692434.2859406,
  "total_elapsed_time_seconds": 189.51,
  "rounds_time_stats": {
    "round_1": 37.63,
    "round_2": 33.89,
    "round_3": 29.96,
    "round_4": 36.29,
    "round_5": 25.49,
    "round_6": 26.24
  }
}