{
  "process_start_time": 1767888830.8185506,
  "process_end_time": 1767888922.6303217,
  "total_elapsed_time_seconds": 91.81,
  "rounds_time_stats": {
    "round_1": 21.41,
    "round_2": 10.86,
    "round_3": 9.78,
    "round_4": 17.06,
    "round_5": 15.5,
    "round_6": 17.2
  }
}