{
  "process_start_time": 1767690265.3695493,
  "process_end_time": 1767690539.2623308,
  "total_elapsed_time_seconds": 273.89,
  "rounds_time_stats": {
    "round_1": 43.82,
    "round_2": 48.35,
    "round_3": 47.79,
    "round_4": 47.13,
    "round_5": 44.32,
    "round_6": 42.48
  }
}