{
  "process_start_time": 1767683311.8073633,
  "process_end_time": 1767683595.9245002,
  "total_elapsed_time_seconds": 284.12,
  "rounds_time_stats": {
    "round_1": 46.56,
    "round_2": 50.72,
    "round_3": 44.66,
    "round_4": 45.14,
    "round_5": 45.34,
    "round_6": 51.68
  }
}