{
  "process_start_time": 1767688925.5207705,
  "process_end_time": 1767689213.8331218,
  "total_elapsed_time_seconds": 288.31,
  "rounds_time_stats": {
    "round_1": 50.3,
    "round_2": 48.19,
    "round_3": 49.25,
    "round_4": 47.86,
    "round_5": 41.78,
    "round_6": 50.94
  }
}