{
  "process_start_time": 1767688836.4803116,
  "process_end_time": 1767689117.2226217,
  "total_elapsed_time_seconds": 280.74,
  "rounds_time_stats": {
    "round_1": 46.11,
    "round_2": 45.12,
    "round_3": 47.51,
    "round_4": 49.13,
    "round_5": 47.23,
    "round_6": 45.64
  }
}