{
  "process_start_time": 1767974228.8499746,
  "process_end_time": 1767974578.3441472,
  "total_elapsed_time_seconds": 349.49,
  "rounds_time_stats": {
    "round_1": 41.87,
    "round_2": 64.13,
    "round_3": 59.27,
    "round_4": 40.85,
    "round_5": 39.82,
    "round_6": 103.54
  }
}