{
  "process_start_time": 1767883770.9062288,
  "process_end_time": 1767883848.4333813,
  "total_elapsed_time_seconds": 77.53,
  "rounds_time_stats": {
    "round_1": 28.72,
    "round_2": 23.51,
    "round_3": 25.28
  }
}