{
  "process_start_time": 1767889958.9444873,
  "process_end_time": 1767889970.9758554,
  "total_elapsed_time_seconds": 12.03,
  "rounds_time_stats": {
    "round_1": 12.03
  }
}