{
  "process_start_time": 1767687622.0524557,
  "process_end_time": 1767687688.5606112,
  "total_elapsed_time_seconds": 66.51,
  "rounds_time_stats": {
    "round_1": 66.45
  }
}