{
  "process_start_time": 1767665216.4598477,
  "process_end_time": 1767665481.3083436,
  "total_elapsed_time_seconds": 264.85,
  "rounds_time_stats": {
    "round_1": 44.46,
    "round_2": 46.56,
    "round_3": 41.44,
    "round_4": 40.32,
    "round_5": 45.17,
    "round_6": 46.9
  }
}