{
  "process_start_time": 1767970738.4431267,
  "process_end_time": 1767973021.21697,
  "total_elapsed_time_seconds": 2282.77,
  "rounds_time_stats": {
    "round_1": 74.77,
    "round_2": 134.58,
    "round_3": 118.05,
    "round_4": 128.32,
    "round_5": 169.33,
    "round_6": 1657.72
  }
}