{
  "process_start_time": 1768551405.0360856,
  "process_end_time": 1768551583.6165044,
  "total_elapsed_time_seconds": 178.58,
  "rounds_time_stats": {
    "round_1": 31.98,
    "round_2": 28.82,
    "round_3": 29.57,
    "round_4": 30.37,
    "round_5": 28.51,
    "round_6": 29.32
  }
}