{
  "process_start_time": 1767890480.865346,
  "process_end_time": 1767890510.1665413,
  "total_elapsed_time_seconds": 29.3,
  "rounds_time_stats": {
    "round_1": 29.29
  }
}