{
  "process_start_time": 1767680295.2923234,
  "process_end_time": 1767680555.6605554,
  "total_elapsed_time_seconds": 260.37,
  "rounds_time_stats": {
    "round_1": 42.23,
    "round_2": 42.22,
    "round_3": 42.16,
    "round_4": 46.32,
    "round_5": 45.26,
    "round_6": 42.18
  }
}