{
  "process_start_time": 1767882980.8528054,
  "process_end_time": 1767882992.9403539,
  "total_elapsed_time_seconds": 12.09,
  "rounds_time_stats": {
    "round_1": 12.08
  }
}