{
  "process_start_time": 1767885706.3492892,
  "process_end_time": 1767885735.342682,
  "total_elapsed_time_seconds": 28.99,
  "rounds_time_stats": {
    "round_1": 14.11,
    "round_2": 14.85
  }
}