{
  "process_start_time": 1767687031.6867855,
  "process_end_time": 1767687295.0618348,
  "total_elapsed_time_seconds": 263.38,
  "rounds_time_stats": {
    "round_1": 41.66,
    "round_2": 32.2,
    "round_3": 46.4,
    "round_4": 49.07,
    "round_5": 46.56,
    "round_6": 47.48
  }
}