{
  "process_start_time": 1767975293.7472653,
  "process_end_time": 1767975465.1643052,
  "total_elapsed_time_seconds": 171.42,
  "rounds_time_stats": {
    "round_1": 28.95,
    "round_2": 31.1,
    "round_3": 18.94,
    "round_4": 26.08,
    "round_5": 30.4,
    "round_6": 35.94
  }
}