{
  "process_start_time": 1768115610.1590207,
  "process_end_time": 1768115863.2412622,
  "total_elapsed_time_seconds": 253.08,
  "rounds_time_stats": {
    "round_1": 45.85,
    "round_2": 41.53,
    "round_3": 31.18,
    "round_4": 42.3,
    "round_5": 44.37,
    "round_6": 47.86
  }
}