{
  "process_start_time": 1768117669.216421,
  "process_end_time": 1768117914.5664318,
  "total_elapsed_time_seconds": 245.35,
  "rounds_time_stats": {
    "round_1": 37.74,
    "round_2": 38.82,
    "round_3": 48.06,
    "round_4": 42.53,
    "round_5": 44.82,
    "round_6": 33.38
  }
}