{
  "process_start_time": 1768117342.675259,
  "process_end_time": 1768117576.6639533,
  "total_elapsed_time_seconds": 233.99,
  "rounds_time_stats": {
    "round_1": 29.61,
    "round_2": 36.21,
    "round_3": 34.97,
    "round_4": 50.68,
    "round_5": 44.47,
    "round_6": 38.04
  }
}