{
  "process_start_time": 1767664926.1105468,
  "process_end_time": 1767665216.4589388,
  "total_elapsed_time_seconds": 290.35,
  "rounds_time_stats": {
    "round_1": 42.05,
    "round_2": 44.1,
    "round_3": 44.08,
    "round_4": 48.19,
    "round_5": 48.27,
    "round_6": 63.65
  }
}