{
  "process_start_time": 1768109588.6659365,
  "process_end_time": 1768109804.334583,
  "total_elapsed_time_seconds": 215.67,
  "rounds_time_stats": {
    "round_1": 33.5,
    "round_2": 34.83,
    "round_3": 46.03,
    "round_4": 43.87,
    "round_5": 33.28,
    "round_6": 24.16
  }
}