{
  "process_start_time": 1767885735.124828,
  "process_end_time": 1767885772.8787718,
  "total_elapsed_time_seconds": 37.75,
  "rounds_time_stats": {
    "round_1": 14.05,
    "round_2": 23.7
  }
}