{
  "process_start_time": 1767885886.1501205,
  "process_end_time": 1767885947.34125,
  "total_elapsed_time_seconds": 61.19,
  "rounds_time_stats": {
    "round_1": 16.91,
    "round_2": 13.11,
    "round_3": 14.63,
    "round_4": 16.4,
    "round_5": 0.13
  }
}