{
  "process_start_time": 1768555346.0838466,
  "process_end_time": 1768555389.4753132,
  "total_elapsed_time_seconds": 43.39,
  "rounds_time_stats": {
    "round_1": 43.35
  }
}