{
  "process_start_time": 1767689900.318153,
  "process_end_time": 1767690169.0014057,
  "total_elapsed_time_seconds": 268.68,
  "rounds_time_stats": {
    "round_1": 44.76,
    "round_2": 62.53,
    "round_3": 42.69,
    "round_4": 30.54,
    "round_5": 46.75,
    "round_6": 41.42
  }
}