{
  "process_start_time": 1767889648.0705867,
  "process_end_time": 1767889762.3361526,
  "total_elapsed_time_seconds": 114.27,
  "rounds_time_stats": {
    "round_1": 15.57,
    "round_2": 17.25,
    "round_3": 19.12,
    "round_4": 25.59,
    "round_5": 18.06,
    "round_6": 18.67
  }
}