{
  "process_start_time": 1767978190.8998313,
  "process_end_time": 1767978372.130002,
  "total_elapsed_time_seconds": 181.23,
  "rounds_time_stats": {
    "round_1": 19.61,
    "round_2": 32.63,
    "round_3": 32.92,
    "round_4": 39.54,
    "round_5": 27.69,
    "round_6": 28.83
  }
}