{
  "process_start_time": 1767687324.124775,
  "process_end_time": 1767687636.9568322,
  "total_elapsed_time_seconds": 312.83,
  "rounds_time_stats": {
    "round_1": 47.73,
    "round_2": 48.18,
    "round_3": 46.87,
    "round_4": 65.57,
    "round_5": 45.01,
    "round_6": 59.46
  }
}