{
  "process_start_time": 1768550503.9903169,
  "process_end_time": 1768550774.9762025,
  "total_elapsed_time_seconds": 270.99,
  "rounds_time_stats": {
    "round_1": 44.39,
    "round_2": 49.37,
    "round_3": 46.73,
    "round_4": 45.42,
    "round_5": 44.39,
    "round_6": 40.68
  }
}