{
  "process_start_time": 1767888819.76704,
  "process_end_time": 1767888830.5806904,
  "total_elapsed_time_seconds": 10.81,
  "rounds_time_stats": {
    "round_1": 10.81
  }
}