{
  "process_start_time": 1768555715.8232615,
  "process_end_time": 1768555796.7213829,
  "total_elapsed_time_seconds": 80.9,
  "rounds_time_stats": {
    "round_1": 24.97,
    "round_2": 55.89
  }
}