{
  "process_start_time": 1767691407.045072,
  "process_end_time": 1767691708.3920007,
  "total_elapsed_time_seconds": 301.35,
  "rounds_time_stats": {
    "round_1": 73.61,
    "round_2": 46.75,
    "round_3": 39.77,
    "round_4": 53.37,
    "round_5": 45.76,
    "round_6": 42.09
  }
}