{
  "process_start_time": 1767973961.5311465,
  "process_end_time": 1767974270.8323085,
  "total_elapsed_time_seconds": 309.3,
  "rounds_time_stats": {
    "round_1": 40.49,
    "round_2": 39.2,
    "round_3": 76.5,
    "round_4": 54.05,
    "round_5": 57.34,
    "round_6": 41.72
  }
}