{
  "process_start_time": 1768551041.6031606,
  "process_end_time": 1768551230.5729947,
  "total_elapsed_time_seconds": 188.97,
  "rounds_time_stats": {
    "round_1": 33.43,
    "round_2": 40.87,
    "round_3": 29.56,
    "round_4": 27.79,
    "round_5": 30.54,
    "round_6": 26.78
  }
}