{
  "process_start_time": 1767888813.9727802,
  "process_end_time": 1767888834.293543,
  "total_elapsed_time_seconds": 20.32,
  "rounds_time_stats": {
    "round_1": 20.32
  }
}