{
  "process_start_time": 1768551230.5742104,
  "process_end_time": 1768551388.6340122,
  "total_elapsed_time_seconds": 158.06,
  "rounds_time_stats": {
    "round_1": 13.02,
    "round_2": 29.53,
    "round_3": 26.87,
    "round_4": 31.42,
    "round_5": 29.22,
    "round_6": 28.0
  }
}