{
  "process_start_time": 1768748393.561185,
  "process_end_time": 1768748599.7221375,
  "total_elapsed_time_seconds": 206.16,
  "rounds_time_stats": {
    "round_1": 31.13,
    "round_2": 34.51,
    "round_3": 33.75,
    "round_4": 34.01,
    "round_5": 42.07,
    "round_6": 30.7
  }
}