{
  "process_start_time": 1767888703.7627048,
  "process_end_time": 1767888730.8593671,
  "total_elapsed_time_seconds": 27.1,
  "rounds_time_stats": {
    "round_1": 13.87,
    "round_2": 13.22
  }
}