{
  "process_start_time": 1767691955.907695,
  "process_end_time": 1767692205.918358,
  "total_elapsed_time_seconds": 250.01,
  "rounds_time_stats": {
    "round_1": 39.77,
    "round_2": 37.54,
    "round_3": 40.23,
    "round_4": 45.17,
    "round_5": 43.26,
    "round_6": 44.03
  }
}