{
  "process_start_time": 1767887026.1364422,
  "process_end_time": 1767887079.7545652,
  "total_elapsed_time_seconds": 53.62,
  "rounds_time_stats": {
    "round_1": 53.58
  }
}