{
  "process_start_time": 1767691407.0429134,
  "process_end_time": 1767691681.7240322,
  "total_elapsed_time_seconds": 274.68,
  "rounds_time_stats": {
    "round_1": 75.29,
    "round_2": 37.99,
    "round_3": 34.74,
    "round_4": 44.19,
    "round_5": 43.42,
    "round_6": 39.06
  }
}