{
  "process_start_time": 1767978190.8893123,
  "process_end_time": 1767978341.770026,
  "total_elapsed_time_seconds": 150.88,
  "rounds_time_stats": {
    "round_1": 16.84,
    "round_2": 27.91,
    "round_3": 24.63,
    "round_4": 26.66,
    "round_5": 28.91,
    "round_6": 25.93
  }
}