{
  "process_start_time": 1767676065.5627658,
  "process_end_time": 1767676326.992328,
  "total_elapsed_time_seconds": 261.43,
  "rounds_time_stats": {
    "round_1": 35.91,
    "round_2": 40.39,
    "round_3": 49.01,
    "round_4": 41.39,
    "round_5": 50.49,
    "round_6": 44.25
  }
}