{
  "process_start_time": 1768115024.7962666,
  "process_end_time": 1768115284.2390635,
  "total_elapsed_time_seconds": 259.44,
  "rounds_time_stats": {
    "round_1": 39.89,
    "round_2": 35.56,
    "round_3": 50.67,
    "round_4": 43.35,
    "round_5": 45.61,
    "round_6": 44.36
  }
}