{
  "process_start_time": 1768556058.9992158,
  "process_end_time": 1768556228.7412877,
  "total_elapsed_time_seconds": 169.74,
  "rounds_time_stats": {
    "round_1": 26.1,
    "round_2": 28.51,
    "round_3": 30.25,
    "round_4": 24.28,
    "round_5": 24.87,
    "round_6": 35.73
  }
}