{
  "process_start_time": 1768115040.1891818,
  "process_end_time": 1768115246.1930823,
  "total_elapsed_time_seconds": 206.0,
  "rounds_time_stats": {
    "round_1": 40.76,
    "round_2": 31.79,
    "round_3": 32.16,
    "round_4": 42.07,
    "round_5": 26.55,
    "round_6": 32.67
  }
}