{
  "process_start_time": 1767689612.9725654,
  "process_end_time": 1767689914.334382,
  "total_elapsed_time_seconds": 301.36,
  "rounds_time_stats": {
    "round_1": 40.84,
    "round_2": 60.41,
    "round_3": 46.96,
    "round_4": 44.09,
    "round_5": 55.53,
    "round_6": 53.53
  }
}