{
  "process_start_time": 1767890302.1931593,
  "process_end_time": 1767890320.8274026,
  "total_elapsed_time_seconds": 18.63,
  "rounds_time_stats": {
    "round_1": 18.63
  }
}