{
  "process_start_time": 1767885386.522255,
  "process_end_time": 1767885404.0116863,
  "total_elapsed_time_seconds": 17.49,
  "rounds_time_stats": {
    "round_1": 17.49
  }
}