{
  "process_start_time": 1767688382.891562,
  "process_end_time": 1767688657.3639157,
  "total_elapsed_time_seconds": 274.47,
  "rounds_time_stats": {
    "round_1": 40.27,
    "round_2": 42.6,
    "round_3": 39.52,
    "round_4": 52.0,
    "round_5": 51.18,
    "round_6": 48.9
  }
}