{
  "process_start_time": 1768556695.432021,
  "process_end_time": 1768556923.891739,
  "total_elapsed_time_seconds": 228.46,
  "rounds_time_stats": {
    "round_1": 28.05,
    "round_2": 41.9,
    "round_3": 35.49,
    "round_4": 37.36,
    "round_5": 48.55,
    "round_6": 37.12
  }
}