{
  "process_start_time": 1768551723.6719952,
  "process_end_time": 1768551935.9582322,
  "total_elapsed_time_seconds": 212.29,
  "rounds_time_stats": {
    "round_1": 38.88,
    "round_2": 40.5,
    "round_3": 33.52,
    "round_4": 31.27,
    "round_5": 35.22,
    "round_6": 32.89
  }
}