{
  "process_start_time": 1767969535.748795,
  "process_end_time": 1767969822.9197097,
  "total_elapsed_time_seconds": 287.17,
  "rounds_time_stats": {
    "round_1": 52.2,
    "round_2": 38.19,
    "round_3": 64.63,
    "round_4": 39.99,
    "round_5": 38.15,
    "round_6": 54.02
  }
}