{
  "process_start_time": 1767888508.8764534,
  "process_end_time": 1767888525.1897428,
  "total_elapsed_time_seconds": 16.31,
  "rounds_time_stats": {
    "round_1": 16.31
  }
}