{
  "process_start_time": 1767886616.6478012,
  "process_end_time": 1767886657.9995356,
  "total_elapsed_time_seconds": 41.35,
  "rounds_time_stats": {
    "round_1": 18.95,
    "round_2": 22.39
  }
}