{
  "process_start_time": 1767883565.7923703,
  "process_end_time": 1767883678.6772125,
  "total_elapsed_time_seconds": 112.88,
  "rounds_time_stats": {
    "round_1": 16.44,
    "round_2": 21.8,
    "round_3": 19.85,
    "round_4": 20.05,
    "round_5": 17.71,
    "round_6": 17.02
  }
}