{
  "process_start_time": 1768107778.475343,
  "process_end_time": 1768108001.1501756,
  "total_elapsed_time_seconds": 222.67,
  "rounds_time_stats": {
    "round_1": 26.55,
    "round_2": 36.22,
    "round_3": 40.41,
    "round_4": 32.65,
    "round_5": 43.09,
    "round_6": 43.74
  }
}