{
  "process_start_time": 1768551240.8296845,
  "process_end_time": 1768551398.2396498,
  "total_elapsed_time_seconds": 157.41,
  "rounds_time_stats": {
    "round_1": 24.29,
    "round_2": 28.64,
    "round_3": 27.02,
    "round_4": 21.52,
    "round_5": 28.33,
    "round_6": 27.61
  }
}