{
  "process_start_time": 1767889300.3101006,
  "process_end_time": 1767889350.979425,
  "total_elapsed_time_seconds": 50.67,
  "rounds_time_stats": {
    "round_1": 14.82,
    "round_2": 18.59,
    "round_3": 17.26
  }
}