{
  "process_start_time": 1767888662.7676075,
  "process_end_time": 1767888678.7691033,
  "total_elapsed_time_seconds": 16.0,
  "rounds_time_stats": {
    "round_1": 16.0
  }
}