{
  "process_start_time": 1768115010.3859377,
  "process_end_time": 1768115270.3491008,
  "total_elapsed_time_seconds": 259.96,
  "rounds_time_stats": {
    "round_1": 36.72,
    "round_2": 38.8,
    "round_3": 48.19,
    "round_4": 47.05,
    "round_5": 42.07,
    "round_6": 47.13
  }
}