{
  "process_start_time": 1767977656.9151292,
  "process_end_time": 1767977839.9702451,
  "total_elapsed_time_seconds": 183.06,
  "rounds_time_stats": {
    "round_1": 30.53,
    "round_2": 28.4,
    "round_3": 34.24,
    "round_4": 28.43,
    "round_5": 32.71,
    "round_6": 28.74
  }
}