{
  "process_start_time": 1767675475.9879205,
  "process_end_time": 1767675751.2936232,
  "total_elapsed_time_seconds": 275.31,
  "rounds_time_stats": {
    "round_1": 52.23,
    "round_2": 37.44,
    "round_3": 46.23,
    "round_4": 49.51,
    "round_5": 44.63,
    "round_6": 45.27
  }
}