{
  "process_start_time": 1767884912.0452256,
  "process_end_time": 1767885043.9028847,
  "total_elapsed_time_seconds": 131.86,
  "rounds_time_stats": {
    "round_1": 131.86
  }
}