{
  "process_start_time": 1767687606.3819308,
  "process_end_time": 1767687890.3643577,
  "total_elapsed_time_seconds": 283.98,
  "rounds_time_stats": {
    "round_1": 58.37,
    "round_2": 44.74,
    "round_3": 44.83,
    "round_4": 48.24,
    "round_5": 44.88,
    "round_6": 42.92
  }
}