{
  "process_start_time": 1767974336.6578088,
  "process_end_time": 1767974690.23063,
  "total_elapsed_time_seconds": 353.57,
  "rounds_time_stats": {
    "round_1": 56.54,
    "round_2": 42.88,
    "round_3": 54.97,
    "round_4": 38.28,
    "round_5": 106.84,
    "round_6": 54.07
  }
}