{
  "process_start_time": 1767979137.501437,
  "process_end_time": 1767979324.3387282,
  "total_elapsed_time_seconds": 186.84,
  "rounds_time_stats": {
    "round_1": 31.38,
    "round_2": 41.36,
    "round_3": 32.8,
    "round_4": 29.11,
    "round_5": 25.68,
    "round_6": 26.51
  }
}