{
  "process_start_time": 1768748576.7592432,
  "process_end_time": 1768748703.289513,
  "total_elapsed_time_seconds": 126.53,
  "rounds_time_stats": {
    "round_1": 32.03,
    "round_2": 22.84,
    "round_3": 18.77,
    "round_4": 17.19,
    "round_5": 17.86,
    "round_6": 17.84
  }
}