{
  "process_start_time": 1767886633.5396397,
  "process_end_time": 1767886656.1477304,
  "total_elapsed_time_seconds": 22.61,
  "rounds_time_stats": {
    "round_1": 22.6
  }
}