{
  "process_start_time": 1768552344.957367,
  "process_end_time": 1768552698.6534193,
  "total_elapsed_time_seconds": 353.7,
  "rounds_time_stats": {
    "round_1": 27.85,
    "round_2": 139.96,
    "round_3": 37.33,
    "round_4": 75.41,
    "round_5": 35.81,
    "round_6": 37.33
  }
}