{
  "process_start_time": 1767888190.025266,
  "process_end_time": 1767888265.213233,
  "total_elapsed_time_seconds": 75.19,
  "rounds_time_stats": {
    "round_1": 12.14,
    "round_2": 21.65,
    "round_3": 19.38,
    "round_4": 22.01
  }
}