{
  "process_start_time": 1767685252.4793925,
  "process_end_time": 1767685529.3924603,
  "total_elapsed_time_seconds": 276.91,
  "rounds_time_stats": {
    "round_1": 46.79,
    "round_2": 49.97,
    "round_3": 40.73,
    "round_4": 45.94,
    "round_5": 48.31,
    "round_6": 45.16
  }
}