{
  "process_start_time": 1768551911.496932,
  "process_end_time": 1768552127.9592197,
  "total_elapsed_time_seconds": 216.46,
  "rounds_time_stats": {
    "round_1": 30.21,
    "round_2": 27.97,
    "round_3": 33.28,
    "round_4": 49.45,
    "round_5": 32.56,
    "round_6": 42.98
  }
}