{
  "process_start_time": 1767975136.2536814,
  "process_end_time": 1767975353.5295134,
  "total_elapsed_time_seconds": 217.28,
  "rounds_time_stats": {
    "round_1": 33.84,
    "round_2": 32.54,
    "round_3": 36.27,
    "round_4": 35.49,
    "round_5": 38.41,
    "round_6": 40.73
  }
}