{
  "process_start_time": 1767890796.6520135,
  "process_end_time": 1767890840.1165657,
  "total_elapsed_time_seconds": 43.46,
  "rounds_time_stats": {
    "round_1": 14.72,
    "round_2": 28.74
  }
}