{
  "process_start_time": 1767978777.4277978,
  "process_end_time": 1767978970.225714,
  "total_elapsed_time_seconds": 192.8,
  "rounds_time_stats": {
    "round_1": 30.0,
    "round_2": 30.76,
    "round_3": 36.61,
    "round_4": 32.5,
    "round_5": 32.41,
    "round_6": 30.52
  }
}