{
  "process_start_time": 1767887243.923929,
  "process_end_time": 1767887369.0766764,
  "total_elapsed_time_seconds": 125.15,
  "rounds_time_stats": {
    "round_1": 17.23,
    "round_2": 19.84,
    "round_3": 21.9,
    "round_4": 21.37,
    "round_5": 21.96,
    "round_6": 22.86
  }
}