{
  "process_start_time": 1767686727.6379712,
  "process_end_time": 1767687062.390955,
  "total_elapsed_time_seconds": 334.75,
  "rounds_time_stats": {
    "round_1": 88.62,
    "round_2": 51.27,
    "round_3": 45.4,
    "round_4": 59.55,
    "round_5": 42.68,
    "round_6": 47.23
  }
}