{
  "process_start_time": 1767678902.7493088,
  "process_end_time": 1767679283.3643088,
  "total_elapsed_time_seconds": 380.62,
  "rounds_time_stats": {
    "round_1": 40.77,
    "round_2": 67.61,
    "round_3": 65.37,
    "round_4": 60.92,
    "round_5": 70.81,
    "round_6": 75.13
  }
}