{
  "process_start_time": 1767680817.8244214,
  "process_end_time": 1767681097.0423825,
  "total_elapsed_time_seconds": 279.22,
  "rounds_time_stats": {
    "round_1": 47.47,
    "round_2": 46.74,
    "round_3": 47.13,
    "round_4": 44.01,
    "round_5": 45.44,
    "round_6": 48.42
  }
}