{
  "process_start_time": 1767849999.474477,
  "process_end_time": 1767850138.8176997,
  "total_elapsed_time_seconds": 139.34,
  "rounds_time_stats": {
    "round_1": 35.36,
    "round_2": 31.88,
    "round_3": 26.26,
    "round_4": 45.82
  }
}