{
  "process_start_time": 1767975136.2539444,
  "process_end_time": 1767975311.8539693,
  "total_elapsed_time_seconds": 175.6,
  "rounds_time_stats": {
    "round_1": 23.35,
    "round_2": 22.57,
    "round_3": 28.96,
    "round_4": 33.72,
    "round_5": 30.85,
    "round_6": 36.14
  }
}