{
  "process_start_time": 1767888887.858716,
  "process_end_time": 1767889016.7620428,
  "total_elapsed_time_seconds": 128.9,
  "rounds_time_stats": {
    "round_1": 9.35,
    "round_2": 11.38,
    "round_3": 26.33,
    "round_4": 19.37,
    "round_5": 23.0,
    "round_6": 39.46
  }
}