{
  "process_start_time": 1767888525.1916175,
  "process_end_time": 1767888537.3932865,
  "total_elapsed_time_seconds": 12.2,
  "rounds_time_stats": {
    "round_1": 12.2
  }
}