{
  "process_start_time": 1767679732.6978621,
  "process_end_time": 1767680019.0525784,
  "total_elapsed_time_seconds": 286.35,
  "rounds_time_stats": {
    "round_1": 45.41,
    "round_2": 47.45,
    "round_3": 50.67,
    "round_4": 46.2,
    "round_5": 47.77,
    "round_6": 48.85
  }
}