{
  "process_start_time": 1768554783.4658737,
  "process_end_time": 1768554982.507991,
  "total_elapsed_time_seconds": 199.04,
  "rounds_time_stats": {
    "round_1": 36.47,
    "round_2": 36.93,
    "round_3": 28.65,
    "round_4": 30.04,
    "round_5": 33.95,
    "round_6": 33.0
  }
}