{
  "process_start_time": 1768556964.0523047,
  "process_end_time": 1768557116.003953,
  "total_elapsed_time_seconds": 151.95,
  "rounds_time_stats": {
    "round_1": 33.45,
    "round_2": 27.38,
    "round_3": 21.01,
    "round_4": 24.55,
    "round_5": 23.67,
    "round_6": 21.9
  }
}