{
  "process_start_time": 1767969850.2773862,
  "process_end_time": 1767970117.559374,
  "total_elapsed_time_seconds": 267.28,
  "rounds_time_stats": {
    "round_1": 36.89,
    "round_2": 64.1,
    "round_3": 65.66,
    "round_4": 38.81,
    "round_5": 33.59,
    "round_6": 28.23
  }
}