{
  "process_start_time": 1767978477.8479433,
  "process_end_time": 1767978621.292272,
  "total_elapsed_time_seconds": 143.44,
  "rounds_time_stats": {
    "round_1": 14.34,
    "round_2": 28.01,
    "round_3": 23.8,
    "round_4": 24.31,
    "round_5": 25.45,
    "round_6": 27.53
  }
}