{
  "process_start_time": 1768117834.8358295,
  "process_end_time": 1768118074.8312333,
  "total_elapsed_time_seconds": 240.0,
  "rounds_time_stats": {
    "round_1": 41.71,
    "round_2": 29.58,
    "round_3": 33.42,
    "round_4": 43.07,
    "round_5": 46.08,
    "round_6": 46.13
  }
}