{
  "process_start_time": 1767885331.1560721,
  "process_end_time": 1767885460.0775416,
  "total_elapsed_time_seconds": 128.92,
  "rounds_time_stats": {
    "round_1": 24.97,
    "round_2": 29.15,
    "round_3": 31.51,
    "round_4": 42.86,
    "round_5": 0.42
  }
}