{
  "process_start_time": 1767888474.8375058,
  "process_end_time": 1767888560.5690708,
  "total_elapsed_time_seconds": 85.73,
  "rounds_time_stats": {
    "round_1": 25.26,
    "round_2": 21.61,
    "round_3": 20.21,
    "round_4": 18.65
  }
}