{
  "process_start_time": 1767679458.292136,
  "process_end_time": 1767679701.8021839,
  "total_elapsed_time_seconds": 243.51,
  "rounds_time_stats": {
    "round_1": 30.97,
    "round_2": 43.8,
    "round_3": 47.46,
    "round_4": 39.99,
    "round_5": 35.92,
    "round_6": 45.36
  }
}