{
  "process_start_time": 1767884805.59091,
  "process_end_time": 1767884818.2259336,
  "total_elapsed_time_seconds": 12.64,
  "rounds_time_stats": {
    "round_1": 12.63
  }
}