{
  "process_start_time": 1767888439.0576897,
  "process_end_time": 1767888667.700151,
  "total_elapsed_time_seconds": 228.64,
  "rounds_time_stats": {
    "round_1": 29.68,
    "round_2": 33.32,
    "round_3": 41.65,
    "round_4": 37.04,
    "round_5": 42.79,
    "round_6": 44.16
  }
}