{
  "process_start_time": 1767688008.685521,
  "process_end_time": 1767688292.9295893,
  "total_elapsed_time_seconds": 284.24,
  "rounds_time_stats": {
    "round_1": 48.4,
    "round_2": 47.97,
    "round_3": 49.48,
    "round_4": 48.89,
    "round_5": 44.98,
    "round_6": 44.51
  }
}