{
  "process_start_time": 1767886439.1361148,
  "process_end_time": 1767886459.4348874,
  "total_elapsed_time_seconds": 20.3,
  "rounds_time_stats": {
    "round_1": 20.28
  }
}