{
  "process_start_time": 1767688262.901073,
  "process_end_time": 1767688570.5709786,
  "total_elapsed_time_seconds": 307.67,
  "rounds_time_stats": {
    "round_1": 74.6,
    "round_2": 47.02,
    "round_3": 45.89,
    "round_4": 46.32,
    "round_5": 45.42,
    "round_6": 48.43
  }
}