{
  "process_start_time": 1767975934.3339741,
  "process_end_time": 1767976134.7210379,
  "total_elapsed_time_seconds": 200.39,
  "rounds_time_stats": {
    "round_1": 28.89,
    "round_2": 37.96,
    "round_3": 31.31,
    "round_4": 31.48,
    "round_5": 29.38,
    "round_6": 41.37
  }
}