{
  "process_start_time": 1767887480.404132,
  "process_end_time": 1767887521.5637646,
  "total_elapsed_time_seconds": 41.16,
  "rounds_time_stats": {
    "round_1": 15.39,
    "round_2": 25.76
  }
}