{
  "process_start_time": 1767685530.0379715,
  "process_end_time": 1767685815.2062595,
  "total_elapsed_time_seconds": 285.17,
  "rounds_time_stats": {
    "round_1": 40.61,
    "round_2": 49.54,
    "round_3": 60.58,
    "round_4": 44.6,
    "round_5": 47.09,
    "round_6": 42.76
  }
}