{
  "process_start_time": 1767689761.8564935,
  "process_end_time": 1767690068.3561056,
  "total_elapsed_time_seconds": 306.5,
  "rounds_time_stats": {
    "round_1": 71.89,
    "round_2": 49.48,
    "round_3": 47.37,
    "round_4": 45.77,
    "round_5": 44.24,
    "round_6": 47.76
  }
}