{
  "process_start_time": 1767887917.9589586,
  "process_end_time": 1767887939.43318,
  "total_elapsed_time_seconds": 21.47,
  "rounds_time_stats": {
    "round_1": 21.47
  }
}