{
  "process_start_time": 1767978777.4439933,
  "process_end_time": 1767978960.597045,
  "total_elapsed_time_seconds": 183.15,
  "rounds_time_stats": {
    "round_1": 28.84,
    "round_2": 30.78,
    "round_3": 30.23,
    "round_4": 29.67,
    "round_5": 32.84,
    "round_6": 30.79
  }
}