{
  "process_start_time": 1767683527.9105794,
  "process_end_time": 1767683806.9476557,
  "total_elapsed_time_seconds": 279.04,
  "rounds_time_stats": {
    "round_1": 41.72,
    "round_2": 41.62,
    "round_3": 41.61,
    "round_4": 62.41,
    "round_5": 45.94,
    "round_6": 45.73
  }
}