{
  "process_start_time": 1767680293.167194,
  "process_end_time": 1767680557.9537096,
  "total_elapsed_time_seconds": 264.79,
  "rounds_time_stats": {
    "round_1": 45.53,
    "round_2": 37.63,
    "round_3": 47.93,
    "round_4": 45.15,
    "round_5": 44.95,
    "round_6": 43.59
  }
}