{
  "process_start_time": 1767685227.8942878,
  "process_end_time": 1767685502.0569565,
  "total_elapsed_time_seconds": 274.16,
  "rounds_time_stats": {
    "round_1": 41.34,
    "round_2": 48.79,
    "round_3": 42.15,
    "round_4": 46.58,
    "round_5": 45.92,
    "round_6": 49.37
  }
}