{
  "process_start_time": 1767885646.3875685,
  "process_end_time": 1767885732.277994,
  "total_elapsed_time_seconds": 85.89,
  "rounds_time_stats": {
    "round_1": 14.72,
    "round_2": 24.98,
    "round_3": 18.5,
    "round_4": 27.69
  }
}