{
  "process_start_time": 1767680277.479446,
  "process_end_time": 1767680539.0871289,
  "total_elapsed_time_seconds": 261.61,
  "rounds_time_stats": {
    "round_1": 43.0,
    "round_2": 46.66,
    "round_3": 42.27,
    "round_4": 44.38,
    "round_5": 46.09,
    "round_6": 39.21
  }
}