{
  "process_start_time": 1767889945.9755323,
  "process_end_time": 1767889954.816939,
  "total_elapsed_time_seconds": 8.84,
  "rounds_time_stats": {
    "round_1": 8.84
  }
}