{
  "process_start_time": 1767885823.0618503,
  "process_end_time": 1767886005.0970387,
  "total_elapsed_time_seconds": 182.04,
  "rounds_time_stats": {
    "round_1": 32.26,
    "round_2": 29.22,
    "round_3": 29.38,
    "round_4": 28.27,
    "round_5": 32.08,
    "round_6": 30.82
  }
}