{
  "process_start_time": 1767680506.5579946,
  "process_end_time": 1767680759.4717968,
  "total_elapsed_time_seconds": 252.91,
  "rounds_time_stats": {
    "round_1": 31.47,
    "round_2": 38.01,
    "round_3": 48.29,
    "round_4": 45.04,
    "round_5": 44.5,
    "round_6": 45.6
  }
}