{
  "process_start_time": 1767976680.8403797,
  "process_end_time": 1767976849.0186481,
  "total_elapsed_time_seconds": 168.18,
  "rounds_time_stats": {
    "round_1": 28.78,
    "round_2": 24.77,
    "round_3": 25.49,
    "round_4": 28.06,
    "round_5": 30.79,
    "round_6": 30.28
  }
}