{
  "process_start_time": 1768117735.3698592,
  "process_end_time": 1768118012.0707664,
  "total_elapsed_time_seconds": 276.7,
  "rounds_time_stats": {
    "round_1": 36.49,
    "round_2": 37.62,
    "round_3": 42.57,
    "round_4": 77.34,
    "round_5": 35.91,
    "round_6": 46.78
  }
}