{
  "process_start_time": 1767978777.4277873,
  "process_end_time": 1767979006.3718007,
  "total_elapsed_time_seconds": 228.94,
  "rounds_time_stats": {
    "round_1": 29.74,
    "round_2": 39.19,
    "round_3": 42.28,
    "round_4": 41.12,
    "round_5": 38.23,
    "round_6": 38.38
  }
}