{
  "process_start_time": 1767888812.6234426,
  "process_end_time": 1767888830.6270096,
  "total_elapsed_time_seconds": 18.0,
  "rounds_time_stats": {
    "round_1": 18.0
  }
}