{
  "process_start_time": 1768116473.6664984,
  "process_end_time": 1768116738.6876884,
  "total_elapsed_time_seconds": 265.02,
  "rounds_time_stats": {
    "round_1": 39.55,
    "round_2": 40.05,
    "round_3": 40.62,
    "round_4": 31.83,
    "round_5": 39.11,
    "round_6": 73.86
  }
}