{
  "process_start_time": 1767973270.7921712,
  "process_end_time": 1767973496.1720176,
  "total_elapsed_time_seconds": 225.38,
  "rounds_time_stats": {
    "round_1": 33.14,
    "round_2": 40.51,
    "round_3": 33.92,
    "round_4": 43.32,
    "round_5": 39.83,
    "round_6": 34.66
  }
}