{
  "process_start_time": 1768551246.6326032,
  "process_end_time": 1768551417.562745,
  "total_elapsed_time_seconds": 170.93,
  "rounds_time_stats": {
    "round_1": 25.4,
    "round_2": 31.31,
    "round_3": 27.35,
    "round_4": 29.08,
    "round_5": 29.54,
    "round_6": 28.25
  }
}