{
  "process_start_time": 1767884114.9955285,
  "process_end_time": 1767884127.7073424,
  "total_elapsed_time_seconds": 12.71,
  "rounds_time_stats": {
    "round_1": 9.99,
    "round_2": 2.72
  }
}