{
  "process_start_time": 1767889309.8320708,
  "process_end_time": 1767889345.9395802,
  "total_elapsed_time_seconds": 36.11,
  "rounds_time_stats": {
    "round_1": 10.87,
    "round_2": 10.66,
    "round_3": 14.57
  }
}