{
  "process_start_time": 1767889179.488859,
  "process_end_time": 1767889358.716685,
  "total_elapsed_time_seconds": 179.23,
  "rounds_time_stats": {
    "round_1": 28.0,
    "round_2": 28.06,
    "round_3": 25.17,
    "round_4": 31.34,
    "round_5": 36.08,
    "round_6": 30.57
  }
}