{
  "process_start_time": 1768555505.786577,
  "process_end_time": 1768555677.484649,
  "total_elapsed_time_seconds": 171.7,
  "rounds_time_stats": {
    "round_1": 24.41,
    "round_2": 29.58,
    "round_3": 28.06,
    "round_4": 30.14,
    "round_5": 29.69,
    "round_6": 29.81
  }
}