{
  "process_start_time": 1767888274.681314,
  "process_end_time": 1767888390.9966753,
  "total_elapsed_time_seconds": 116.32,
  "rounds_time_stats": {
    "round_1": 28.26,
    "round_2": 18.78,
    "round_3": 17.49,
    "round_4": 17.98,
    "round_5": 21.59,
    "round_6": 12.22
  }
}