{
  "process_start_time": 1767886907.7185483,
  "process_end_time": 1767886996.386794,
  "total_elapsed_time_seconds": 88.67,
  "rounds_time_stats": {
    "round_1": 19.17,
    "round_2": 17.75,
    "round_3": 15.43,
    "round_4": 21.52,
    "round_5": 14.8
  }
}