{
  "process_start_time": 1767883596.4865515,
  "process_end_time": 1767883725.303253,
  "total_elapsed_time_seconds": 128.82,
  "rounds_time_stats": {
    "round_1": 20.75,
    "round_2": 21.88,
    "round_3": 23.03,
    "round_4": 19.11,
    "round_5": 19.01,
    "round_6": 25.05
  }
}