{
  "process_start_time": 1767975378.2443717,
  "process_end_time": 1767975536.2659426,
  "total_elapsed_time_seconds": 158.02,
  "rounds_time_stats": {
    "round_1": 26.73,
    "round_2": 27.58,
    "round_3": 24.11,
    "round_4": 22.01,
    "round_5": 30.63,
    "round_6": 26.96
  }
}