{
  "process_start_time": 1768551792.863591,
  "process_end_time": 1768551944.44991,
  "total_elapsed_time_seconds": 151.59,
  "rounds_time_stats": {
    "round_1": 26.72,
    "round_2": 23.65,
    "round_3": 24.63,
    "round_4": 25.65,
    "round_5": 25.43,
    "round_6": 25.5
  }
}