{
  "process_start_time": 1767889890.3156548,
  "process_end_time": 1767890007.1829603,
  "total_elapsed_time_seconds": 116.87,
  "rounds_time_stats": {
    "round_1": 18.31,
    "round_2": 23.37,
    "round_3": 19.25,
    "round_4": 16.95,
    "round_5": 18.45,
    "round_6": 20.52
  }
}