{
  "process_start_time": 1767886889.3502982,
  "process_end_time": 1767886907.6949694,
  "total_elapsed_time_seconds": 18.34,
  "rounds_time_stats": {
    "round_1": 18.33
  }
}