{
  "process_start_time": 1767885523.8016388,
  "process_end_time": 1767885573.250339,
  "total_elapsed_time_seconds": 49.45,
  "rounds_time_stats": {
    "round_1": 29.79,
    "round_2": 19.64
  }
}