{
  "process_start_time": 1767883322.9717314,
  "process_end_time": 1767883346.9552243,
  "total_elapsed_time_seconds": 23.98,
  "rounds_time_stats": {
    "round_1": 23.98
  }
}