{
  "process_start_time": 1767685727.383256,
  "process_end_time": 1767685986.705909,
  "total_elapsed_time_seconds": 259.32,
  "rounds_time_stats": {
    "round_1": 47.22,
    "round_2": 43.23,
    "round_3": 43.02,
    "round_4": 44.03,
    "round_5": 44.55,
    "round_6": 37.27
  }
}