{
  "process_start_time": 1767888813.1247463,
  "process_end_time": 1767888908.0739722,
  "total_elapsed_time_seconds": 94.95,
  "rounds_time_stats": {
    "round_1": 17.99,
    "round_2": 21.25,
    "round_3": 17.34,
    "round_4": 21.18,
    "round_5": 16.99,
    "round_6": 0.19
  }
}