{
  "process_start_time": 1767978352.0372772,
  "process_end_time": 1767978528.2557979,
  "total_elapsed_time_seconds": 176.22,
  "rounds_time_stats": {
    "round_1": 23.85,
    "round_2": 26.49,
    "round_3": 35.17,
    "round_4": 33.83,
    "round_5": 30.14,
    "round_6": 26.73
  }
}