{
  "process_start_time": 1767691711.4299893,
  "process_end_time": 1767692004.5198038,
  "total_elapsed_time_seconds": 293.09,
  "rounds_time_stats": {
    "round_1": 47.89,
    "round_2": 55.41,
    "round_3": 48.72,
    "round_4": 46.9,
    "round_5": 47.17,
    "round_6": 46.99
  }
}