{
  "process_start_time": 1767887001.4456809,
  "process_end_time": 1767887121.2761643,
  "total_elapsed_time_seconds": 119.83,
  "rounds_time_stats": {
    "round_1": 20.72,
    "round_2": 19.13,
    "round_3": 16.54,
    "round_4": 21.2,
    "round_5": 17.1,
    "round_6": 25.14
  }
}