{
  "process_start_time": 1767884141.3138576,
  "process_end_time": 1767884160.2999797,
  "total_elapsed_time_seconds": 18.99,
  "rounds_time_stats": {
    "round_1": 18.98
  }
}