{
  "process_start_time": 1767977644.1202738,
  "process_end_time": 1767977832.9381595,
  "total_elapsed_time_seconds": 188.82,
  "rounds_time_stats": {
    "round_1": 24.18,
    "round_2": 37.84,
    "round_3": 33.2,
    "round_4": 30.54,
    "round_5": 31.32,
    "round_6": 31.74
  }
}