{
  "process_start_time": 1767890214.4697316,
  "process_end_time": 1767890225.83029,
  "total_elapsed_time_seconds": 11.36,
  "rounds_time_stats": {
    "round_1": 11.36
  }
}