{
  "process_start_time": 1768108976.399227,
  "process_end_time": 1768109236.064851,
  "total_elapsed_time_seconds": 259.67,
  "rounds_time_stats": {
    "round_1": 39.34,
    "round_2": 39.88,
    "round_3": 45.64,
    "round_4": 46.57,
    "round_5": 43.28,
    "round_6": 44.95
  }
}