{
  "process_start_time": 1767890433.4431927,
  "process_end_time": 1767890489.4846144,
  "total_elapsed_time_seconds": 56.04,
  "rounds_time_stats": {
    "round_1": 15.49,
    "round_2": 18.27,
    "round_3": 22.25
  }
}