{
  "process_start_time": 1768550195.2704504,
  "process_end_time": 1768550445.6937382,
  "total_elapsed_time_seconds": 250.42,
  "rounds_time_stats": {
    "round_1": 36.54,
    "round_2": 35.78,
    "round_3": 42.37,
    "round_4": 44.24,
    "round_5": 47.09,
    "round_6": 44.4
  }
}