{
  "process_start_time": 1767889631.4351861,
  "process_end_time": 1767889646.171589,
  "total_elapsed_time_seconds": 14.74,
  "rounds_time_stats": {
    "round_1": 14.73
  }
}