{
  "process_start_time": 1767888705.58493,
  "process_end_time": 1767888800.984783,
  "total_elapsed_time_seconds": 95.4,
  "rounds_time_stats": {
    "round_1": 12.64,
    "round_2": 14.22,
    "round_3": 17.66,
    "round_4": 19.45,
    "round_5": 16.24,
    "round_6": 15.19
  }
}