{
  "process_start_time": 1767883568.6710582,
  "process_end_time": 1767883640.2723424,
  "total_elapsed_time_seconds": 71.6,
  "rounds_time_stats": {
    "round_1": 15.15,
    "round_2": 28.49,
    "round_3": 27.96
  }
}