{
  "process_start_time": 1767888036.5118132,
  "process_end_time": 1767888107.5923188,
  "total_elapsed_time_seconds": 71.08,
  "rounds_time_stats": {
    "round_1": 13.52,
    "round_2": 21.04,
    "round_3": 18.38,
    "round_4": 18.13
  }
}