{
  "process_start_time": 1768107778.4773877,
  "process_end_time": 1768108001.7250695,
  "total_elapsed_time_seconds": 223.25,
  "rounds_time_stats": {
    "round_1": 25.97,
    "round_2": 33.07,
    "round_3": 35.32,
    "round_4": 36.12,
    "round_5": 43.98,
    "round_6": 48.78
  }
}