{
  "process_start_time": 1767888912.948325,
  "process_end_time": 1767888928.4856582,
  "total_elapsed_time_seconds": 15.54,
  "rounds_time_stats": {
    "round_1": 15.53
  }
}