{
  "process_start_time": 1767682969.892114,
  "process_end_time": 1767683021.877631,
  "total_elapsed_time_seconds": 51.99,
  "rounds_time_stats": {
    "round_1": 51.97
  }
}