{
  "process_start_time": 1767888016.0919576,
  "process_end_time": 1767888029.3391232,
  "total_elapsed_time_seconds": 13.25,
  "rounds_time_stats": {
    "round_1": 13.24
  }
}