{
  "process_start_time": 1767687636.971343,
  "process_end_time": 1767687904.2727115,
  "total_elapsed_time_seconds": 267.3,
  "rounds_time_stats": {
    "round_1": 42.56,
    "round_2": 41.99,
    "round_3": 46.17,
    "round_4": 50.54,
    "round_5": 42.19,
    "round_6": 43.86
  }
}