{
  "process_start_time": 1768109240.9431882,
  "process_end_time": 1768109491.0570009,
  "total_elapsed_time_seconds": 250.11,
  "rounds_time_stats": {
    "round_1": 27.53,
    "round_2": 38.73,
    "round_3": 44.24,
    "round_4": 48.27,
    "round_5": 47.7,
    "round_6": 43.64
  }
}