{
  "process_start_time": 1767889546.6137886,
  "process_end_time": 1767889577.2880683,
  "total_elapsed_time_seconds": 30.67,
  "rounds_time_stats": {
    "round_1": 15.81,
    "round_2": 14.86
  }
}