{
  "process_start_time": 1767975951.1176805,
  "process_end_time": 1767976082.4313092,
  "total_elapsed_time_seconds": 131.31,
  "rounds_time_stats": {
    "round_1": 20.14,
    "round_2": 28.88,
    "round_3": 20.9,
    "round_4": 18.63,
    "round_5": 23.95,
    "round_6": 18.81
  }
}