{
  "process_start_time": 1767882930.5214496,
  "process_end_time": 1767882951.3515208,
  "total_elapsed_time_seconds": 20.83,
  "rounds_time_stats": {
    "round_1": 20.83
  }
}