{
  "process_start_time": 1767679733.3739915,
  "process_end_time": 1767680016.3476152,
  "total_elapsed_time_seconds": 282.97,
  "rounds_time_stats": {
    "round_1": 44.29,
    "round_2": 51.52,
    "round_3": 48.31,
    "round_4": 46.39,
    "round_5": 46.81,
    "round_6": 45.65
  }
}