{
  "process_start_time": 1767887747.506897,
  "process_end_time": 1767887816.3899508,
  "total_elapsed_time_seconds": 68.88,
  "rounds_time_stats": {
    "round_1": 22.75,
    "round_2": 19.08,
    "round_3": 27.04
  }
}