{
  "process_start_time": 1767684719.2747395,
  "process_end_time": 1767685019.8680747,
  "total_elapsed_time_seconds": 300.59,
  "rounds_time_stats": {
    "round_1": 49.13,
    "round_2": 46.13,
    "round_3": 66.98,
    "round_4": 49.43,
    "round_5": 43.08,
    "round_6": 45.85
  }
}