{
  "process_start_time": 1768552229.9479554,
  "process_end_time": 1768552388.2188609,
  "total_elapsed_time_seconds": 158.27,
  "rounds_time_stats": {
    "round_1": 19.91,
    "round_2": 25.82,
    "round_3": 32.54,
    "round_4": 27.09,
    "round_5": 19.33,
    "round_6": 33.58
  }
}