{
  "process_start_time": 1767883281.0602767,
  "process_end_time": 1767883322.969901,
  "total_elapsed_time_seconds": 41.91,
  "rounds_time_stats": {
    "round_1": 41.9
  }
}