{
  "process_start_time": 1767889928.247669,
  "process_end_time": 1767889948.5789583,
  "total_elapsed_time_seconds": 20.33,
  "rounds_time_stats": {
    "round_1": 20.33
  }
}