{
  "process_start_time": 1767887718.2442868,
  "process_end_time": 1767887744.9305887,
  "total_elapsed_time_seconds": 26.69,
  "rounds_time_stats": {
    "round_1": 26.68
  }
}