{
  "process_start_time": 1767976134.2990167,
  "process_end_time": 1767976320.5459228,
  "total_elapsed_time_seconds": 186.25,
  "rounds_time_stats": {
    "round_1": 31.83,
    "round_2": 31.28,
    "round_3": 32.76,
    "round_4": 31.04,
    "round_5": 32.96,
    "round_6": 26.38
  }
}