{
  "process_start_time": 1767883640.305582,
  "process_end_time": 1767883922.061826,
  "total_elapsed_time_seconds": 281.76,
  "rounds_time_stats": {
    "round_1": 47.18,
    "round_2": 56.94,
    "round_3": 45.68,
    "round_4": 47.23,
    "round_5": 47.74,
    "round_6": 36.98
  }
}