{
  "process_start_time": 1768555143.874037,
  "process_end_time": 1768555318.6071093,
  "total_elapsed_time_seconds": 174.73,
  "rounds_time_stats": {
    "round_1": 30.06,
    "round_2": 31.59,
    "round_3": 26.46,
    "round_4": 30.62,
    "round_5": 26.83,
    "round_6": 29.17
  }
}