{
  "process_start_time": 1768116012.6023047,
  "process_end_time": 1768116262.8652573,
  "total_elapsed_time_seconds": 250.26,
  "rounds_time_stats": {
    "round_1": 44.31,
    "round_2": 32.85,
    "round_3": 29.99,
    "round_4": 50.5,
    "round_5": 44.42,
    "round_6": 48.19
  }
}