{
  "process_start_time": 1767685019.154614,
  "process_end_time": 1767685283.2967541,
  "total_elapsed_time_seconds": 264.14,
  "rounds_time_stats": {
    "round_1": 47.63,
    "round_2": 48.93,
    "round_3": 45.88,
    "round_4": 36.45,
    "round_5": 40.82,
    "round_6": 44.43
  }
}