{
  "process_start_time": 1767890488.0742075,
  "process_end_time": 1767890510.7260122,
  "total_elapsed_time_seconds": 22.65,
  "rounds_time_stats": {
    "round_1": 22.65
  }
}