{
  "process_start_time": 1767978512.0176013,
  "process_end_time": 1767978658.610116,
  "total_elapsed_time_seconds": 146.59,
  "rounds_time_stats": {
    "round_1": 20.92,
    "round_2": 25.35,
    "round_3": 26.47,
    "round_4": 28.06,
    "round_5": 25.94,
    "round_6": 19.84
  }
}