{
  "process_start_time": 1768116487.9053934,
  "process_end_time": 1768116743.1805277,
  "total_elapsed_time_seconds": 255.28,
  "rounds_time_stats": {
    "round_1": 41.92,
    "round_2": 41.24,
    "round_3": 43.84,
    "round_4": 44.96,
    "round_5": 40.21,
    "round_6": 43.1
  }
}