{
  "process_start_time": 1767890438.1688216,
  "process_end_time": 1767890461.431817,
  "total_elapsed_time_seconds": 23.26,
  "rounds_time_stats": {
    "round_1": 23.26
  }
}