{
  "process_start_time": 1767889585.4398606,
  "process_end_time": 1767889631.432904,
  "total_elapsed_time_seconds": 45.99,
  "rounds_time_stats": {
    "round_1": 6.63,
    "round_2": 9.09,
    "round_3": 5.41,
    "round_4": 11.76,
    "round_5": 5.85,
    "round_6": 7.25
  }
}