{
  "process_start_time": 1767889528.1622574,
  "process_end_time": 1767889547.1716568,
  "total_elapsed_time_seconds": 19.01,
  "rounds_time_stats": {
    "round_1": 19.0
  }
}