{
  "process_start_time": 1767887844.462373,
  "process_end_time": 1767887874.0356712,
  "total_elapsed_time_seconds": 29.57,
  "rounds_time_stats": {
    "round_1": 14.03,
    "round_2": 15.54
  }
}