{
  "process_start_time": 1767886726.7093334,
  "process_end_time": 1767886751.81526,
  "total_elapsed_time_seconds": 25.11,
  "rounds_time_stats": {
    "round_1": 25.1
  }
}