{
  "process_start_time": 1767977647.856688,
  "process_end_time": 1767977833.0951414,
  "total_elapsed_time_seconds": 185.24,
  "rounds_time_stats": {
    "round_1": 29.48,
    "round_2": 29.48,
    "round_3": 31.11,
    "round_4": 31.96,
    "round_5": 30.58,
    "round_6": 32.62
  }
}