{
  "process_start_time": 1768555840.1980338,
  "process_end_time": 1768556043.149385,
  "total_elapsed_time_seconds": 202.95,
  "rounds_time_stats": {
    "round_1": 37.72,
    "round_2": 29.0,
    "round_3": 32.37,
    "round_4": 29.14,
    "round_5": 36.2,
    "round_6": 38.54
  }
}