{
  "process_start_time": 1768556448.8697987,
  "process_end_time": 1768556584.9835532,
  "total_elapsed_time_seconds": 136.11,
  "rounds_time_stats": {
    "round_1": 18.24,
    "round_2": 16.03,
    "round_3": 25.99,
    "round_4": 27.78,
    "round_5": 27.73,
    "round_6": 20.34
  }
}