{
  "process_start_time": 1767687057.962639,
  "process_end_time": 1767687304.7461634,
  "total_elapsed_time_seconds": 246.78,
  "rounds_time_stats": {
    "round_1": 42.06,
    "round_2": 43.96,
    "round_3": 43.82,
    "round_4": 39.53,
    "round_5": 44.26,
    "round_6": 33.14
  }
}