{
  "process_start_time": 1767680557.9546766,
  "process_end_time": 1767680805.753142,
  "total_elapsed_time_seconds": 247.8,
  "rounds_time_stats": {
    "round_1": 29.75,
    "round_2": 50.86,
    "round_3": 45.35,
    "round_4": 46.91,
    "round_5": 34.41,
    "round_6": 40.52
  }
}