{
  "process_start_time": 1767883430.1165268,
  "process_end_time": 1767883448.7102573,
  "total_elapsed_time_seconds": 18.59,
  "rounds_time_stats": {
    "round_1": 18.59
  }
}