{
  "process_start_time": 1767691971.8537288,
  "process_end_time": 1767692290.6207018,
  "total_elapsed_time_seconds": 318.77,
  "rounds_time_stats": {
    "round_1": 54.22,
    "round_2": 48.62,
    "round_3": 60.79,
    "round_4": 57.12,
    "round_5": 41.74,
    "round_6": 56.26
  }
}