{
  "process_start_time": 1767677190.7621598,
  "process_end_time": 1767677448.3053584,
  "total_elapsed_time_seconds": 257.54,
  "rounds_time_stats": {
    "round_1": 31.67,
    "round_2": 47.51,
    "round_3": 43.33,
    "round_4": 44.36,
    "round_5": 45.21,
    "round_6": 45.46
  }
}