{
  "process_start_time": 1767976280.2544074,
  "process_end_time": 1767976527.3240273,
  "total_elapsed_time_seconds": 247.07,
  "rounds_time_stats": {
    "round_1": 40.48,
    "round_2": 37.22,
    "round_3": 42.6,
    "round_4": 38.77,
    "round_5": 52.45,
    "round_6": 35.54
  }
}