{
  "process_start_time": 1767685255.4003046,
  "process_end_time": 1767685542.3905003,
  "total_elapsed_time_seconds": 286.99,
  "rounds_time_stats": {
    "round_1": 46.92,
    "round_2": 46.86,
    "round_3": 57.9,
    "round_4": 46.38,
    "round_5": 48.09,
    "round_6": 40.83
  }
}