{
  "process_start_time": 1767887870.9916973,
  "process_end_time": 1767887945.730192,
  "total_elapsed_time_seconds": 74.74,
  "rounds_time_stats": {
    "round_1": 28.53,
    "round_2": 25.76,
    "round_3": 20.44
  }
}