{
  "process_start_time": 1767969222.4675407,
  "process_end_time": 1767969599.142646,
  "total_elapsed_time_seconds": 376.68,
  "rounds_time_stats": {
    "round_1": 82.32,
    "round_2": 65.57,
    "round_3": 64.66,
    "round_4": 50.3,
    "round_5": 61.59,
    "round_6": 52.23
  }
}