{
  "process_start_time": 1767884229.5103776,
  "process_end_time": 1767884276.9782944,
  "total_elapsed_time_seconds": 47.47,
  "rounds_time_stats": {
    "round_1": 25.31,
    "round_2": 22.15
  }
}