{
  "process_start_time": 1768115594.2485244,
  "process_end_time": 1768115799.4889617,
  "total_elapsed_time_seconds": 205.24,
  "rounds_time_stats": {
    "round_1": 38.61,
    "round_2": 29.94,
    "round_3": 29.46,
    "round_4": 31.71,
    "round_5": 44.83,
    "round_6": 30.68
  }
}