{
  "process_start_time": 1767885183.5961635,
  "process_end_time": 1767885206.2701716,
  "total_elapsed_time_seconds": 22.67,
  "rounds_time_stats": {
    "round_1": 22.67
  }
}