{
  "process_start_time": 1767665217.5214012,
  "process_end_time": 1767665490.80881,
  "total_elapsed_time_seconds": 273.29,
  "rounds_time_stats": {
    "round_1": 43.6,
    "round_2": 46.69,
    "round_3": 47.72,
    "round_4": 44.46,
    "round_5": 49.26,
    "round_6": 41.55
  }
}