{
  "process_start_time": 1767888068.4027567,
  "process_end_time": 1767888076.4583774,
  "total_elapsed_time_seconds": 8.06,
  "rounds_time_stats": {
    "round_1": 8.05
  }
}