{
  "process_start_time": 1767884561.871645,
  "process_end_time": 1767884580.3987617,
  "total_elapsed_time_seconds": 18.53,
  "rounds_time_stats": {
    "round_1": 18.52
  }
}