{
  "process_start_time": 1767890923.8904037,
  "process_end_time": 1767890961.8942745,
  "total_elapsed_time_seconds": 38.0,
  "rounds_time_stats": {
    "round_1": 37.98
  }
}