{
  "process_start_time": 1767665215.3929198,
  "process_end_time": 1767665479.4460092,
  "total_elapsed_time_seconds": 264.05,
  "rounds_time_stats": {
    "round_1": 40.24,
    "round_2": 38.96,
    "round_3": 47.3,
    "round_4": 45.51,
    "round_5": 47.54,
    "round_6": 44.51
  }
}