{
  "process_start_time": 1767978492.234294,
  "process_end_time": 1767978649.0980864,
  "total_elapsed_time_seconds": 156.86,
  "rounds_time_stats": {
    "round_1": 24.59,
    "round_2": 23.88,
    "round_3": 27.15,
    "round_4": 34.23,
    "round_5": 22.3,
    "round_6": 24.72
  }
}