{
  "process_start_time": 1767883968.2581208,
  "process_end_time": 1767883991.1690133,
  "total_elapsed_time_seconds": 22.91,
  "rounds_time_stats": {
    "round_1": 22.91
  }
}