{
  "process_start_time": 1767677129.1099524,
  "process_end_time": 1767677399.0836194,
  "total_elapsed_time_seconds": 269.97,
  "rounds_time_stats": {
    "round_1": 49.92,
    "round_2": 43.45,
    "round_3": 45.81,
    "round_4": 44.97,
    "round_5": 43.7,
    "round_6": 42.12
  }
}