{
  "process_start_time": 1767976387.7841527,
  "process_end_time": 1767976576.2350092,
  "total_elapsed_time_seconds": 188.45,
  "rounds_time_stats": {
    "round_1": 32.37,
    "round_2": 38.45,
    "round_3": 32.89,
    "round_4": 25.41,
    "round_5": 27.9,
    "round_6": 31.43
  }
}