{
  "process_start_time": 1767977656.8473527,
  "process_end_time": 1767977833.3994665,
  "total_elapsed_time_seconds": 176.55,
  "rounds_time_stats": {
    "round_1": 30.66,
    "round_2": 30.55,
    "round_3": 26.9,
    "round_4": 34.91,
    "round_5": 19.57,
    "round_6": 33.97
  }
}