{
  "process_start_time": 1767975270.1393855,
  "process_end_time": 1767975454.363018,
  "total_elapsed_time_seconds": 184.22,
  "rounds_time_stats": {
    "round_1": 34.82,
    "round_2": 20.69,
    "round_3": 28.73,
    "round_4": 32.85,
    "round_5": 31.26,
    "round_6": 35.87
  }
}