{
  "process_start_time": 1767976350.878951,
  "process_end_time": 1767976518.5659015,
  "total_elapsed_time_seconds": 167.69,
  "rounds_time_stats": {
    "round_1": 28.86,
    "round_2": 31.2,
    "round_3": 27.79,
    "round_4": 29.7,
    "round_5": 29.32,
    "round_6": 20.81
  }
}