{
  "process_start_time": 1767888789.2548995,
  "process_end_time": 1767888816.6934667,
  "total_elapsed_time_seconds": 27.44,
  "rounds_time_stats": {
    "round_1": 27.43
  }
}