{
  "process_start_time": 1767680323.633448,
  "process_end_time": 1767680582.0541983,
  "total_elapsed_time_seconds": 258.42,
  "rounds_time_stats": {
    "round_1": 38.45,
    "round_2": 40.66,
    "round_3": 48.58,
    "round_4": 41.27,
    "round_5": 45.14,
    "round_6": 44.32
  }
}