{
  "process_start_time": 1767687643.6894822,
  "process_end_time": 1767687918.561208,
  "total_elapsed_time_seconds": 274.87,
  "rounds_time_stats": {
    "round_1": 50.31,
    "round_2": 46.46,
    "round_3": 43.15,
    "round_4": 50.2,
    "round_5": 44.62,
    "round_6": 40.14
  }
}