{
  "process_start_time": 1767884411.0987344,
  "process_end_time": 1767884428.371149,
  "total_elapsed_time_seconds": 17.27,
  "rounds_time_stats": {
    "round_1": 17.27
  }
}