{
  "process_start_time": 1768554749.2784386,
  "process_end_time": 1768554903.457973,
  "total_elapsed_time_seconds": 154.18,
  "rounds_time_stats": {
    "round_1": 26.23,
    "round_2": 25.29,
    "round_3": 25.77,
    "round_4": 22.01,
    "round_5": 26.97,
    "round_6": 27.91
  }
}