{
  "process_start_time": 1767975924.1601896,
  "process_end_time": 1767976167.051341,
  "total_elapsed_time_seconds": 242.89,
  "rounds_time_stats": {
    "round_1": 38.61,
    "round_2": 38.04,
    "round_3": 45.93,
    "round_4": 37.39,
    "round_5": 39.03,
    "round_6": 43.9
  }
}