{
  "process_start_time": 1767889984.155344,
  "process_end_time": 1767890002.0578253,
  "total_elapsed_time_seconds": 17.9,
  "rounds_time_stats": {
    "round_1": 17.9
  }
}