{
  "process_start_time": 1767888769.213699,
  "process_end_time": 1767888887.8533835,
  "total_elapsed_time_seconds": 118.64,
  "rounds_time_stats": {
    "round_1": 22.66,
    "round_2": 16.54,
    "round_3": 22.19,
    "round_4": 21.27,
    "round_5": 16.38,
    "round_6": 19.59
  }
}