{
  "process_start_time": 1767975136.2548623,
  "process_end_time": 1767975343.4075868,
  "total_elapsed_time_seconds": 207.15,
  "rounds_time_stats": {
    "round_1": 25.82,
    "round_2": 40.62,
    "round_3": 26.67,
    "round_4": 36.58,
    "round_5": 37.82,
    "round_6": 39.65
  }
}