{
  "process_start_time": 1768115269.3098621,
  "process_end_time": 1768115483.7691672,
  "total_elapsed_time_seconds": 214.46,
  "rounds_time_stats": {
    "round_1": 37.37,
    "round_2": 61.07,
    "round_3": 29.16,
    "round_4": 28.07,
    "round_5": 27.42,
    "round_6": 31.36
  }
}