{
  "process_start_time": 1768116644.7608037,
  "process_end_time": 1768116695.1209805,
  "total_elapsed_time_seconds": 50.36,
  "rounds_time_stats": {
    "round_1": 38.02,
    "round_2": 12.34
  }
}