{
  "process_start_time": 1767684654.4196193,
  "process_end_time": 1767684957.8480582,
  "total_elapsed_time_seconds": 303.43,
  "rounds_time_stats": {
    "round_1": 48.81,
    "round_2": 49.19,
    "round_3": 62.4,
    "round_4": 47.98,
    "round_5": 49.63,
    "round_6": 45.41
  }
}