{
  "process_start_time": 1767978332.8883774,
  "process_end_time": 1767978512.016949,
  "total_elapsed_time_seconds": 179.13,
  "rounds_time_stats": {
    "round_1": 25.51,
    "round_2": 28.11,
    "round_3": 31.47,
    "round_4": 28.03,
    "round_5": 33.8,
    "round_6": 32.21
  }
}