{
  "process_start_time": 1767883431.137582,
  "process_end_time": 1767883451.9058657,
  "total_elapsed_time_seconds": 20.77,
  "rounds_time_stats": {
    "round_1": 20.77
  }
}