{
  "process_start_time": 1768114486.983336,
  "process_end_time": 1768114491.7868643,
  "total_elapsed_time_seconds": 4.8,
  "rounds_time_stats": {
    "round_1": 4.8
  }
}