{
  "process_start_time": 1767888655.6648066,
  "process_end_time": 1767888673.7340798,
  "total_elapsed_time_seconds": 18.07,
  "rounds_time_stats": {
    "round_1": 18.07
  }
}