{
  "process_start_time": 1767678669.8035295,
  "process_end_time": 1767678942.325824,
  "total_elapsed_time_seconds": 272.52,
  "rounds_time_stats": {
    "round_1": 38.63,
    "round_2": 39.1,
    "round_3": 46.52,
    "round_4": 48.66,
    "round_5": 55.47,
    "round_6": 44.13
  }
}