{
  "process_start_time": 1767889411.7626207,
  "process_end_time": 1767889435.8857374,
  "total_elapsed_time_seconds": 24.12,
  "rounds_time_stats": {
    "round_1": 24.12
  }
}