{
  "process_start_time": 1767889218.6690528,
  "process_end_time": 1767889248.8502672,
  "total_elapsed_time_seconds": 30.18,
  "rounds_time_stats": {
    "round_1": 30.17
  }
}