{
  "process_start_time": 1767691953.720446,
  "process_end_time": 1767692234.4139295,
  "total_elapsed_time_seconds": 280.69,
  "rounds_time_stats": {
    "round_1": 49.67,
    "round_2": 41.1,
    "round_3": 43.82,
    "round_4": 46.23,
    "round_5": 44.2,
    "round_6": 55.67
  }
}