{
  "process_start_time": 1767886979.347951,
  "process_end_time": 1767887029.8113375,
  "total_elapsed_time_seconds": 50.46,
  "rounds_time_stats": {
    "round_1": 24.26,
    "round_2": 26.19
  }
}