{
  "process_start_time": 1767889121.5435197,
  "process_end_time": 1767889135.507404,
  "total_elapsed_time_seconds": 13.96,
  "rounds_time_stats": {
    "round_1": 13.96
  }
}