{
  "process_start_time": 1767685759.661429,
  "process_end_time": 1767685985.3199706,
  "total_elapsed_time_seconds": 225.66,
  "rounds_time_stats": {
    "round_1": 42.55,
    "round_2": 43.88,
    "round_3": 39.7,
    "round_4": 46.08,
    "round_5": 53.39
  }
}