{
  "process_start_time": 1767882952.3728397,
  "process_end_time": 1767883135.8132317,
  "total_elapsed_time_seconds": 183.44,
  "rounds_time_stats": {
    "round_1": 33.12,
    "round_2": 27.33,
    "round_3": 23.59,
    "round_4": 31.33,
    "round_5": 34.91,
    "round_6": 33.16
  }
}