{
  "process_start_time": 1767689087.4116902,
  "process_end_time": 1767689447.680977,
  "total_elapsed_time_seconds": 360.27,
  "rounds_time_stats": {
    "round_1": 47.2,
    "round_2": 45.48,
    "round_3": 94.54,
    "round_4": 80.29,
    "round_5": 46.63,
    "round_6": 46.13
  }
}