{
  "process_start_time": 1767976557.1200116,
  "process_end_time": 1767976778.3356547,
  "total_elapsed_time_seconds": 221.22,
  "rounds_time_stats": {
    "round_1": 25.33,
    "round_2": 44.2,
    "round_3": 45.17,
    "round_4": 38.07,
    "round_5": 33.85,
    "round_6": 34.59
  }
}