{
  "process_start_time": 1767882928.1028454,
  "process_end_time": 1767882955.4207847,
  "total_elapsed_time_seconds": 27.32,
  "rounds_time_stats": {
    "round_1": 27.31
  }
}