{
  "process_start_time": 1768555344.7142725,
  "process_end_time": 1768555531.7601202,
  "total_elapsed_time_seconds": 187.05,
  "rounds_time_stats": {
    "round_1": 25.08,
    "round_2": 42.23,
    "round_3": 28.83,
    "round_4": 28.33,
    "round_5": 33.72,
    "round_6": 28.85
  }
}