{
  "process_start_time": 1767676078.5581486,
  "process_end_time": 1767676359.612493,
  "total_elapsed_time_seconds": 281.05,
  "rounds_time_stats": {
    "round_1": 48.78,
    "round_2": 48.17,
    "round_3": 46.35,
    "round_4": 44.85,
    "round_5": 45.02,
    "round_6": 47.86
  }
}