{
  "process_start_time": 1767890490.8691182,
  "process_end_time": 1767890511.3132987,
  "total_elapsed_time_seconds": 20.44,
  "rounds_time_stats": {
    "round_1": 20.44
  }
}