{
  "process_start_time": 1767979129.0367858,
  "process_end_time": 1767979309.4774826,
  "total_elapsed_time_seconds": 180.44,
  "rounds_time_stats": {
    "round_1": 34.89,
    "round_2": 35.99,
    "round_3": 28.79,
    "round_4": 34.63,
    "round_5": 25.8,
    "round_6": 20.34
  }
}