{
  "process_start_time": 1767888830.0507932,
  "process_end_time": 1767888848.7484746,
  "total_elapsed_time_seconds": 18.7,
  "rounds_time_stats": {
    "round_1": 18.69
  }
}