{
  "process_start_time": 1768555619.431392,
  "process_end_time": 1768555771.3295677,
  "total_elapsed_time_seconds": 151.9,
  "rounds_time_stats": {
    "round_1": 20.31,
    "round_2": 28.13,
    "round_3": 29.04,
    "round_4": 21.21,
    "round_5": 26.02,
    "round_6": 27.18
  }
}