{
  "process_start_time": 1768748579.405769,
  "process_end_time": 1768748705.004906,
  "total_elapsed_time_seconds": 125.6,
  "rounds_time_stats": {
    "round_1": 33.43,
    "round_2": 18.51,
    "round_3": 20.06,
    "round_4": 14.95,
    "round_5": 19.12,
    "round_6": 19.52
  }
}