{
  "process_start_time": 1767884389.0468974,
  "process_end_time": 1767884411.390554,
  "total_elapsed_time_seconds": 22.34,
  "rounds_time_stats": {
    "round_1": 22.34
  }
}