{
  "process_start_time": 1767883615.3115103,
  "process_end_time": 1767883630.5853152,
  "total_elapsed_time_seconds": 15.27,
  "rounds_time_stats": {
    "round_1": 15.27
  }
}