{
  "process_start_time": 1767678073.966396,
  "process_end_time": 1767678369.1616385,
  "total_elapsed_time_seconds": 295.2,
  "rounds_time_stats": {
    "round_1": 56.37,
    "round_2": 54.12,
    "round_3": 53.03,
    "round_4": 42.35,
    "round_5": 44.44,
    "round_6": 44.88
  }
}