{
  "process_start_time": 1767975136.2559931,
  "process_end_time": 1767975260.7327664,
  "total_elapsed_time_seconds": 124.48,
  "rounds_time_stats": {
    "round_1": 26.41,
    "round_2": 14.01,
    "round_3": 28.71,
    "round_4": 17.78,
    "round_5": 19.36,
    "round_6": 18.2
  }
}