{
  "process_start_time": 1767886517.9544828,
  "process_end_time": 1767886585.4416904,
  "total_elapsed_time_seconds": 67.49,
  "rounds_time_stats": {
    "round_1": 15.04,
    "round_2": 15.05,
    "round_3": 17.1,
    "round_4": 19.8,
    "round_5": 0.5
  }
}