{
  "process_start_time": 1768556258.4732738,
  "process_end_time": 1768556440.1560566,
  "total_elapsed_time_seconds": 181.68,
  "rounds_time_stats": {
    "round_1": 27.66,
    "round_2": 26.68,
    "round_3": 31.62,
    "round_4": 38.84,
    "round_5": 28.96,
    "round_6": 27.91
  }
}