{
  "process_start_time": 1767688837.59217,
  "process_end_time": 1767689119.9827318,
  "total_elapsed_time_seconds": 282.39,
  "rounds_time_stats": {
    "round_1": 45.01,
    "round_2": 43.14,
    "round_3": 49.88,
    "round_4": 49.49,
    "round_5": 45.06,
    "round_6": 49.81
  }
}