{
  "process_start_time": 1768551978.9247148,
  "process_end_time": 1768552156.0378811,
  "total_elapsed_time_seconds": 177.11,
  "rounds_time_stats": {
    "round_1": 33.33,
    "round_2": 30.99,
    "round_3": 28.71,
    "round_4": 27.98,
    "round_5": 26.63,
    "round_6": 29.46
  }
}