{
  "process_start_time": 1767888941.835735,
  "process_end_time": 1767888956.4942966,
  "total_elapsed_time_seconds": 14.66,
  "rounds_time_stats": {
    "round_1": 14.65
  }
}