{
  "process_start_time": 1767687919.153994,
  "process_end_time": 1767687979.9698708,
  "total_elapsed_time_seconds": 60.82,
  "rounds_time_stats": {
    "round_1": 60.8
  }
}