{
  "process_start_time": 1767884160.2983916,
  "process_end_time": 1767884376.3348708,
  "total_elapsed_time_seconds": 216.04,
  "rounds_time_stats": {
    "round_1": 31.5,
    "round_2": 26.51,
    "round_3": 38.5,
    "round_4": 51.29,
    "round_5": 30.1,
    "round_6": 38.12
  }
}