{
  "process_start_time": 1767887666.9629583,
  "process_end_time": 1767887706.0976295,
  "total_elapsed_time_seconds": 39.13,
  "rounds_time_stats": {
    "round_1": 39.13
  }
}