{
  "process_start_time": 1767883168.5563831,
  "process_end_time": 1767883320.7134979,
  "total_elapsed_time_seconds": 152.16,
  "rounds_time_stats": {
    "round_1": 24.63,
    "round_2": 19.79,
    "round_3": 25.07,
    "round_4": 29.24,
    "round_5": 28.33,
    "round_6": 25.09
  }
}