{
  "process_start_time": 1768552398.3945339,
  "process_end_time": 1768552758.637826,
  "total_elapsed_time_seconds": 360.24,
  "rounds_time_stats": {
    "round_1": 140.65,
    "round_2": 38.07,
    "round_3": 58.11,
    "round_4": 50.54,
    "round_5": 54.06,
    "round_6": 18.82
  }
}