{
  "process_start_time": 1767973437.8700695,
  "process_end_time": 1767973576.007964,
  "total_elapsed_time_seconds": 138.14,
  "rounds_time_stats": {
    "round_1": 37.4,
    "round_2": 50.55,
    "round_3": 50.17
  }
}