{
  "process_start_time": 1768555658.7214022,
  "process_end_time": 1768555828.309984,
  "total_elapsed_time_seconds": 169.59,
  "rounds_time_stats": {
    "round_1": 27.85,
    "round_2": 29.38,
    "round_3": 26.58,
    "round_4": 30.53,
    "round_5": 27.1,
    "round_6": 28.15
  }
}