{
  "process_start_time": 1767677429.991206,
  "process_end_time": 1767677526.7780297,
  "total_elapsed_time_seconds": 96.79,
  "rounds_time_stats": {
    "round_1": 96.75
  }
}