{
  "process_start_time": 1767889020.7947414,
  "process_end_time": 1767889042.5078714,
  "total_elapsed_time_seconds": 21.71,
  "rounds_time_stats": {
    "round_1": 21.28,
    "round_2": 0.43
  }
}