{
  "process_start_time": 1768551973.441475,
  "process_end_time": 1768552125.9010866,
  "total_elapsed_time_seconds": 152.46,
  "rounds_time_stats": {
    "round_1": 20.53,
    "round_2": 24.37,
    "round_3": 24.83,
    "round_4": 29.57,
    "round_5": 26.47,
    "round_6": 26.69
  }
}