{
  "process_start_time": 1768555383.5869827,
  "process_end_time": 1768555587.2764528,
  "total_elapsed_time_seconds": 203.69,
  "rounds_time_stats": {
    "round_1": 37.85,
    "round_2": 30.02,
    "round_3": 34.58,
    "round_4": 29.15,
    "round_5": 35.01,
    "round_6": 37.08
  }
}