{
  "process_start_time": 1767888821.7186077,
  "process_end_time": 1767889008.131184,
  "total_elapsed_time_seconds": 186.41,
  "rounds_time_stats": {
    "round_1": 28.82,
    "round_2": 25.76,
    "round_3": 31.3,
    "round_4": 38.31,
    "round_5": 32.71,
    "round_6": 29.51
  }
}