{
  "process_start_time": 1767889402.2889416,
  "process_end_time": 1767889419.7702372,
  "total_elapsed_time_seconds": 17.48,
  "rounds_time_stats": {
    "round_1": 17.48
  }
}