{
  "process_start_time": 1768556041.7225292,
  "process_end_time": 1768556218.6454477,
  "total_elapsed_time_seconds": 176.92,
  "rounds_time_stats": {
    "round_1": 28.03,
    "round_2": 28.99,
    "round_3": 32.29,
    "round_4": 28.18,
    "round_5": 24.53,
    "round_6": 34.89
  }
}