{
  "process_start_time": 1768550211.4637399,
  "process_end_time": 1768550474.3673058,
  "total_elapsed_time_seconds": 262.9,
  "rounds_time_stats": {
    "round_1": 40.34,
    "round_2": 41.76,
    "round_3": 45.57,
    "round_4": 45.69,
    "round_5": 45.11,
    "round_6": 44.44
  }
}