{
  "process_start_time": 1767885553.1771426,
  "process_end_time": 1767885676.4424446,
  "total_elapsed_time_seconds": 123.27,
  "rounds_time_stats": {
    "round_1": 18.1,
    "round_2": 24.0,
    "round_3": 16.38,
    "round_4": 21.45,
    "round_5": 19.28,
    "round_6": 24.05
  }
}