{
  "process_start_time": 1767976339.6973615,
  "process_end_time": 1767976517.792447,
  "total_elapsed_time_seconds": 178.1,
  "rounds_time_stats": {
    "round_1": 30.76,
    "round_2": 30.12,
    "round_3": 27.63,
    "round_4": 32.3,
    "round_5": 31.29,
    "round_6": 26.0
  }
}