{
  "process_start_time": 1767688026.7537296,
  "process_end_time": 1767688310.5458467,
  "total_elapsed_time_seconds": 283.79,
  "rounds_time_stats": {
    "round_1": 45.46,
    "round_2": 46.76,
    "round_3": 51.35,
    "round_4": 49.39,
    "round_5": 46.82,
    "round_6": 44.01
  }
}