{
  "process_start_time": 1767890311.400383,
  "process_end_time": 1767890325.3872654,
  "total_elapsed_time_seconds": 13.99,
  "rounds_time_stats": {
    "round_1": 13.98
  }
}