{
  "process_start_time": 1767887945.951618,
  "process_end_time": 1767888109.2246833,
  "total_elapsed_time_seconds": 163.27,
  "rounds_time_stats": {
    "round_1": 18.18,
    "round_2": 19.92,
    "round_3": 31.6,
    "round_4": 37.64,
    "round_5": 28.08,
    "round_6": 27.85
  }
}