{
  "process_start_time": 1768555522.5648983,
  "process_end_time": 1768555687.2046862,
  "total_elapsed_time_seconds": 164.64,
  "rounds_time_stats": {
    "round_1": 20.6,
    "round_2": 26.03,
    "round_3": 29.2,
    "round_4": 30.1,
    "round_5": 28.31,
    "round_6": 30.41
  }
}