{
  "process_start_time": 1767849999.475372,
  "process_end_time": 1767850808.6384988,
  "total_elapsed_time_seconds": 809.16,
  "rounds_time_stats": {
    "round_1": 36.23,
    "round_2": 35.72,
    "round_3": 36.6,
    "round_4": 37.67,
    "round_5": 631.58,
    "round_6": 31.36
  }
}