{
  "process_start_time": 1767976972.273123,
  "process_end_time": 1767977128.7131436,
  "total_elapsed_time_seconds": 156.44,
  "rounds_time_stats": {
    "round_1": 27.21,
    "round_2": 30.38,
    "round_3": 22.96,
    "round_4": 22.47,
    "round_5": 31.73,
    "round_6": 21.69
  }
}