{
  "process_start_time": 1768556809.7258272,
  "process_end_time": 1768556964.0516577,
  "total_elapsed_time_seconds": 154.33,
  "rounds_time_stats": {
    "round_1": 20.76,
    "round_2": 18.93,
    "round_3": 26.99,
    "round_4": 30.89,
    "round_5": 29.43,
    "round_6": 27.33
  }
}