{
  "process_start_time": 1767885960.0974705,
  "process_end_time": 1767885998.875267,
  "total_elapsed_time_seconds": 38.78,
  "rounds_time_stats": {
    "round_1": 38.75
  }
}