{
  "process_start_time": 1767688853.3463871,
  "process_end_time": 1767689150.297816,
  "total_elapsed_time_seconds": 296.95,
  "rounds_time_stats": {
    "round_1": 42.51,
    "round_2": 46.01,
    "round_3": 51.1,
    "round_4": 46.8,
    "round_5": 46.81,
    "round_6": 63.73
  }
}