{
  "process_start_time": 1767884586.4176278,
  "process_end_time": 1767884731.9091613,
  "total_elapsed_time_seconds": 145.49,
  "rounds_time_stats": {
    "round_1": 38.75,
    "round_2": 21.97,
    "round_3": 19.87,
    "round_4": 22.76,
    "round_5": 21.0,
    "round_6": 21.13
  }
}