{
  "process_start_time": 1767884470.883663,
  "process_end_time": 1767884491.0966883,
  "total_elapsed_time_seconds": 20.21,
  "rounds_time_stats": {
    "round_1": 20.2
  }
}