{
  "process_start_time": 1767886333.1815183,
  "process_end_time": 1767886363.330397,
  "total_elapsed_time_seconds": 30.15,
  "rounds_time_stats": {
    "round_1": 30.12
  }
}