{
  "process_start_time": 1767890516.6530883,
  "process_end_time": 1767890556.8676262,
  "total_elapsed_time_seconds": 40.21,
  "rounds_time_stats": {
    "round_1": 20.45,
    "round_2": 19.76
  }
}