{
  "process_start_time": 1767888230.3869064,
  "process_end_time": 1767888256.027422,
  "total_elapsed_time_seconds": 25.64,
  "rounds_time_stats": {
    "round_1": 25.64
  }
}