{
  "process_start_time": 1767975466.2572489,
  "process_end_time": 1767975601.190509,
  "total_elapsed_time_seconds": 134.93,
  "rounds_time_stats": {
    "round_1": 17.34,
    "round_2": 25.49,
    "round_3": 26.53,
    "round_4": 24.18,
    "round_5": 22.07,
    "round_6": 19.33
  }
}