{
  "process_start_time": 1767886683.1893537,
  "process_end_time": 1767886760.1107178,
  "total_elapsed_time_seconds": 76.92,
  "rounds_time_stats": {
    "round_1": 12.2,
    "round_2": 9.93,
    "round_3": 15.59,
    "round_4": 9.1,
    "round_5": 16.91,
    "round_6": 13.19
  }
}