{
  "process_start_time": 1768556646.7071397,
  "process_end_time": 1768556836.4532034,
  "total_elapsed_time_seconds": 189.75,
  "rounds_time_stats": {
    "round_1": 21.64,
    "round_2": 34.9,
    "round_3": 31.54,
    "round_4": 30.24,
    "round_5": 33.81,
    "round_6": 37.62
  }
}