{
  "process_start_time": 1768551195.6432369,
  "process_end_time": 1768551240.9273968,
  "total_elapsed_time_seconds": 45.28,
  "rounds_time_stats": {
    "round_1": 45.26
  }
}