{
  "process_start_time": 1767680897.1087294,
  "process_end_time": 1767681178.4875512,
  "total_elapsed_time_seconds": 281.38,
  "rounds_time_stats": {
    "round_1": 44.71,
    "round_2": 46.51,
    "round_3": 47.5,
    "round_4": 48.41,
    "round_5": 45.87,
    "round_6": 48.38
  }
}