{
  "process_start_time": 1767889017.7071247,
  "process_end_time": 1767889115.4060674,
  "total_elapsed_time_seconds": 97.7,
  "rounds_time_stats": {
    "round_1": 14.45,
    "round_2": 13.93,
    "round_3": 15.24,
    "round_4": 18.07,
    "round_5": 19.24,
    "round_6": 16.76
  }
}