{
  "process_start_time": 1767889556.158494,
  "process_end_time": 1767889585.4383545,
  "total_elapsed_time_seconds": 29.28,
  "rounds_time_stats": {
    "round_1": 29.26
  }
}