{
  "process_start_time": 1767888128.3641603,
  "process_end_time": 1767888255.1215491,
  "total_elapsed_time_seconds": 126.76,
  "rounds_time_stats": {
    "round_1": 18.42,
    "round_2": 18.8,
    "round_3": 22.96,
    "round_4": 18.65,
    "round_5": 27.91,
    "round_6": 20.02
  }
}