{
  "process_start_time": 1768108992.3944597,
  "process_end_time": 1768109246.6693835,
  "total_elapsed_time_seconds": 254.27,
  "rounds_time_stats": {
    "round_1": 39.63,
    "round_2": 40.22,
    "round_3": 46.46,
    "round_4": 42.16,
    "round_5": 43.3,
    "round_6": 42.5
  }
}