{
  "process_start_time": 1767885167.1555858,
  "process_end_time": 1767885184.2651608,
  "total_elapsed_time_seconds": 17.11,
  "rounds_time_stats": {
    "round_1": 17.1
  }
}