{
  "process_start_time": 1767884108.4755957,
  "process_end_time": 1767884118.5639522,
  "total_elapsed_time_seconds": 10.09,
  "rounds_time_stats": {
    "round_1": 10.08
  }
}