{
  "process_start_time": 1767884198.5388823,
  "process_end_time": 1767884213.9998229,
  "total_elapsed_time_seconds": 15.46,
  "rounds_time_stats": {
    "round_1": 15.45
  }
}