{
  "process_start_time": 1767886862.8942196,
  "process_end_time": 1767886882.4267116,
  "total_elapsed_time_seconds": 19.53,
  "rounds_time_stats": {
    "round_1": 19.51
  }
}