{
  "process_start_time": 1767886315.7894952,
  "process_end_time": 1767886376.162087,
  "total_elapsed_time_seconds": 60.37,
  "rounds_time_stats": {
    "round_1": 34.65,
    "round_2": 25.71
  }
}