{
  "process_start_time": 1767888408.7604845,
  "process_end_time": 1767888432.1481895,
  "total_elapsed_time_seconds": 23.39,
  "rounds_time_stats": {
    "round_1": 8.35,
    "round_2": 15.04
  }
}