{
  "process_start_time": 1767887734.9709334,
  "process_end_time": 1767887832.8992531,
  "total_elapsed_time_seconds": 97.93,
  "rounds_time_stats": {
    "round_1": 18.85,
    "round_2": 21.43,
    "round_3": 23.44,
    "round_4": 34.2
  }
}