{
  "process_start_time": 1767882949.435978,
  "process_end_time": 1767882978.7595136,
  "total_elapsed_time_seconds": 29.32,
  "rounds_time_stats": {
    "round_1": 29.32
  }
}