{
  "process_start_time": 1767889501.2524967,
  "process_end_time": 1767889517.6512666,
  "total_elapsed_time_seconds": 16.4,
  "rounds_time_stats": {
    "round_1": 16.39
  }
}