{
  "process_start_time": 1767681340.5699773,
  "process_end_time": 1767681588.944298,
  "total_elapsed_time_seconds": 248.37,
  "rounds_time_stats": {
    "round_1": 44.72,
    "round_2": 66.87,
    "round_3": 44.03,
    "round_4": 27.04,
    "round_5": 28.25,
    "round_6": 37.47
  }
}