{
  "process_start_time": 1767974363.245095,
  "process_end_time": 1767974784.8235643,
  "total_elapsed_time_seconds": 421.58,
  "rounds_time_stats": {
    "round_1": 54.75,
    "round_2": 85.72,
    "round_3": 91.55,
    "round_4": 53.66,
    "round_5": 83.63,
    "round_6": 52.27
  }
}