{
  "process_start_time": 1767890108.6394677,
  "process_end_time": 1767890141.3689864,
  "total_elapsed_time_seconds": 32.73,
  "rounds_time_stats": {
    "round_1": 32.73
  }
}