{
  "process_start_time": 1767886728.5890834,
  "process_end_time": 1767886772.02791,
  "total_elapsed_time_seconds": 43.44,
  "rounds_time_stats": {
    "round_1": 24.8,
    "round_2": 18.63
  }
}