{
  "process_start_time": 1767883021.3415563,
  "process_end_time": 1767883044.4225547,
  "total_elapsed_time_seconds": 23.08,
  "rounds_time_stats": {
    "round_1": 23.08
  }
}