{
  "process_start_time": 1767680816.8588223,
  "process_end_time": 1767681101.0165138,
  "total_elapsed_time_seconds": 284.16,
  "rounds_time_stats": {
    "round_1": 51.37,
    "round_2": 42.57,
    "round_3": 45.48,
    "round_4": 50.2,
    "round_5": 44.63,
    "round_6": 49.9
  }
}