{
  "process_start_time": 1768555135.2469625,
  "process_end_time": 1768555308.1045086,
  "total_elapsed_time_seconds": 172.86,
  "rounds_time_stats": {
    "round_1": 32.34,
    "round_2": 27.15,
    "round_3": 29.0,
    "round_4": 30.22,
    "round_5": 27.12,
    "round_6": 27.03
  }
}