{
  "process_start_time": 1767849999.4766805,
  "process_end_time": 1767850157.619412,
  "total_elapsed_time_seconds": 158.14,
  "rounds_time_stats": {
    "round_1": 28.23,
    "round_2": 22.96,
    "round_3": 16.79,
    "round_4": 24.49,
    "round_5": 27.84,
    "round_6": 37.84
  }
}