{
  "process_start_time": 1767682732.951884,
  "process_end_time": 1767682992.0422423,
  "total_elapsed_time_seconds": 259.09,
  "rounds_time_stats": {
    "round_1": 41.16,
    "round_2": 34.23,
    "round_3": 46.61,
    "round_4": 47.46,
    "round_5": 49.19,
    "round_6": 40.43
  }
}