{
  "process_start_time": 1767977812.0341268,
  "process_end_time": 1767977996.8030987,
  "total_elapsed_time_seconds": 184.77,
  "rounds_time_stats": {
    "round_1": 29.53,
    "round_2": 30.86,
    "round_3": 27.81,
    "round_4": 34.56,
    "round_5": 32.28,
    "round_6": 29.73
  }
}