{
  "process_start_time": 1767684055.7460964,
  "process_end_time": 1767684339.2415867,
  "total_elapsed_time_seconds": 283.5,
  "rounds_time_stats": {
    "round_1": 46.4,
    "round_2": 49.61,
    "round_3": 46.33,
    "round_4": 42.29,
    "round_5": 51.99,
    "round_6": 46.87
  }
}