{
  "process_start_time": 1767888411.5258136,
  "process_end_time": 1767888442.9297764,
  "total_elapsed_time_seconds": 31.4,
  "rounds_time_stats": {
    "round_1": 14.39,
    "round_2": 17.01
  }
}