{
  "process_start_time": 1768552219.1095579,
  "process_end_time": 1768552399.8500578,
  "total_elapsed_time_seconds": 180.74,
  "rounds_time_stats": {
    "round_1": 27.99,
    "round_2": 28.65,
    "round_3": 34.2,
    "round_4": 28.53,
    "round_5": 25.43,
    "round_6": 35.94
  }
}