{
  "process_start_time": 1768556115.7640126,
  "process_end_time": 1768556296.6064556,
  "total_elapsed_time_seconds": 180.84,
  "rounds_time_stats": {
    "round_1": 34.48,
    "round_2": 23.64,
    "round_3": 33.68,
    "round_4": 31.12,
    "round_5": 31.46,
    "round_6": 26.46
  }
}