{
  "process_start_time": 1768556765.0301437,
  "process_end_time": 1768556815.509718,
  "total_elapsed_time_seconds": 50.48,
  "rounds_time_stats": {
    "round_1": 50.44
  }
}