{
  "process_start_time": 1767890401.7947323,
  "process_end_time": 1767890444.9738863,
  "total_elapsed_time_seconds": 43.18,
  "rounds_time_stats": {
    "round_1": 11.97,
    "round_2": 31.2
  }
}