{
  "process_start_time": 1767884325.9647343,
  "process_end_time": 1767884470.996043,
  "total_elapsed_time_seconds": 145.03,
  "rounds_time_stats": {
    "round_1": 13.49,
    "round_2": 19.42,
    "round_3": 38.98,
    "round_4": 26.99,
    "round_5": 26.8,
    "round_6": 19.34
  }
}