{
  "process_start_time": 1767888242.938124,
  "process_end_time": 1767888257.311053,
  "total_elapsed_time_seconds": 14.37,
  "rounds_time_stats": {
    "round_1": 14.37
  }
}