{
  "process_start_time": 1767887716.90808,
  "process_end_time": 1767887736.5197082,
  "total_elapsed_time_seconds": 19.61,
  "rounds_time_stats": {
    "round_1": 19.61
  }
}