{
  "process_start_time": 1767680899.398477,
  "process_end_time": 1767680983.6763706,
  "total_elapsed_time_seconds": 84.28,
  "rounds_time_stats": {
    "round_1": 34.27,
    "round_2": 49.98
  }
}