{
  "process_start_time": 1767883832.842852,
  "process_end_time": 1767883864.3626375,
  "total_elapsed_time_seconds": 31.52,
  "rounds_time_stats": {
    "round_1": 31.5
  }
}