{
  "process_start_time": 1768549937.2297525,
  "process_end_time": 1768550157.4916286,
  "total_elapsed_time_seconds": 220.26,
  "rounds_time_stats": {
    "round_1": 37.25,
    "round_2": 29.0,
    "round_3": 33.88,
    "round_4": 29.47,
    "round_5": 44.63,
    "round_6": 46.03
  }
}