{
  "process_start_time": 1767977892.0151477,
  "process_end_time": 1767978041.8250275,
  "total_elapsed_time_seconds": 149.81,
  "rounds_time_stats": {
    "round_1": 28.75,
    "round_2": 36.67,
    "round_3": 29.98,
    "round_4": 26.51,
    "round_5": 15.67,
    "round_6": 12.24
  }
}