{
  "process_start_time": 1767889123.2808967,
  "process_end_time": 1767889237.248933,
  "total_elapsed_time_seconds": 113.97,
  "rounds_time_stats": {
    "round_1": 17.42,
    "round_2": 18.21,
    "round_3": 17.22,
    "round_4": 22.38,
    "round_5": 18.13,
    "round_6": 20.6
  }
}