{
  "process_start_time": 1767890424.8675597,
  "process_end_time": 1767890455.5761003,
  "total_elapsed_time_seconds": 30.71,
  "rounds_time_stats": {
    "round_1": 30.7
  }
}