{
  "process_start_time": 1767978395.4455385,
  "process_end_time": 1767978593.0513668,
  "total_elapsed_time_seconds": 197.61,
  "rounds_time_stats": {
    "round_1": 21.93,
    "round_2": 34.92,
    "round_3": 33.0,
    "round_4": 34.97,
    "round_5": 37.2,
    "round_6": 35.59
  }
}