{
  "process_start_time": 1767887325.2775428,
  "process_end_time": 1767887342.9248574,
  "total_elapsed_time_seconds": 17.65,
  "rounds_time_stats": {
    "round_1": 17.64
  }
}