{
  "process_start_time": 1767664926.1274054,
  "process_end_time": 1767665197.7781177,
  "total_elapsed_time_seconds": 271.65,
  "rounds_time_stats": {
    "round_1": 42.39,
    "round_2": 46.41,
    "round_3": 41.72,
    "round_4": 50.87,
    "round_5": 46.6,
    "round_6": 43.66
  }
}