{
  "process_start_time": 1767889724.5037506,
  "process_end_time": 1767889813.657752,
  "total_elapsed_time_seconds": 89.15,
  "rounds_time_stats": {
    "round_1": 10.03,
    "round_2": 20.18,
    "round_3": 21.56,
    "round_4": 14.01,
    "round_5": 11.1,
    "round_6": 12.27
  }
}