{
  "process_start_time": 1767978326.7912192,
  "process_end_time": 1767978478.6246052,
  "total_elapsed_time_seconds": 151.83,
  "rounds_time_stats": {
    "round_1": 23.18,
    "round_2": 20.29,
    "round_3": 24.49,
    "round_4": 24.16,
    "round_5": 26.37,
    "round_6": 33.34
  }
}