{
  "process_start_time": 1767888307.297963,
  "process_end_time": 1767888362.0164874,
  "total_elapsed_time_seconds": 54.72,
  "rounds_time_stats": {
    "round_1": 14.58,
    "round_2": 12.31,
    "round_3": 12.96,
    "round_4": 14.86
  }
}