{
  "process_start_time": 1767884215.467906,
  "process_end_time": 1767884234.5289757,
  "total_elapsed_time_seconds": 19.06,
  "rounds_time_stats": {
    "round_1": 19.05
  }
}