{
  "process_start_time": 1768108221.3719137,
  "process_end_time": 1768108460.5285077,
  "total_elapsed_time_seconds": 239.16,
  "rounds_time_stats": {
    "round_1": 27.28,
    "round_2": 36.99,
    "round_3": 40.61,
    "round_4": 45.01,
    "round_5": 46.17,
    "round_6": 43.08
  }
}