{
  "process_start_time": 1767887007.9947817,
  "process_end_time": 1767887228.3482583,
  "total_elapsed_time_seconds": 220.35,
  "rounds_time_stats": {
    "round_1": 33.09,
    "round_2": 38.86,
    "round_3": 41.49,
    "round_4": 45.62,
    "round_5": 32.07,
    "round_6": 29.22
  }
}