{
  "process_start_time": 1767883746.4478283,
  "process_end_time": 1767883924.1522954,
  "total_elapsed_time_seconds": 177.7,
  "rounds_time_stats": {
    "round_1": 29.64,
    "round_2": 34.36,
    "round_3": 28.29,
    "round_4": 32.34,
    "round_5": 33.16,
    "round_6": 19.91
  }
}