{
  "process_start_time": 1767971537.3298929,
  "process_end_time": 1767973141.9547827,
  "total_elapsed_time_seconds": 1604.62,
  "rounds_time_stats": {
    "round_1": 1494.41,
    "round_2": 24.67,
    "round_3": 27.67,
    "round_4": 19.92,
    "round_5": 20.62,
    "round_6": 17.33
  }
}