{
  "process_start_time": 1767688325.0924954,
  "process_end_time": 1767688605.1316373,
  "total_elapsed_time_seconds": 280.04,
  "rounds_time_stats": {
    "round_1": 46.46,
    "round_2": 43.5,
    "round_3": 47.32,
    "round_4": 45.86,
    "round_5": 47.0,
    "round_6": 49.89
  }
}