{
  "process_start_time": 1767885486.8196657,
  "process_end_time": 1767885512.667442,
  "total_elapsed_time_seconds": 25.85,
  "rounds_time_stats": {
    "round_1": 25.84
  }
}