{
  "process_start_time": 1767685542.3914587,
  "process_end_time": 1767685804.301173,
  "total_elapsed_time_seconds": 261.91,
  "rounds_time_stats": {
    "round_1": 45.07,
    "round_2": 48.4,
    "round_3": 40.51,
    "round_4": 35.52,
    "round_5": 50.02,
    "round_6": 42.39
  }
}