{
  "process_start_time": 1767977831.217443,
  "process_end_time": 1767978048.3148532,
  "total_elapsed_time_seconds": 217.1,
  "rounds_time_stats": {
    "round_1": 38.05,
    "round_2": 44.85,
    "round_3": 42.82,
    "round_4": 40.26,
    "round_5": 27.95,
    "round_6": 23.15
  }
}