{
  "process_start_time": 1767886611.134571,
  "process_end_time": 1767886633.5385065,
  "total_elapsed_time_seconds": 22.4,
  "rounds_time_stats": {
    "round_1": 22.4
  }
}