{
  "process_start_time": 1767976457.7038932,
  "process_end_time": 1767976634.8481612,
  "total_elapsed_time_seconds": 177.14,
  "rounds_time_stats": {
    "round_1": 34.02,
    "round_2": 24.46,
    "round_3": 29.38,
    "round_4": 30.08,
    "round_5": 27.52,
    "round_6": 31.68
  }
}