{
  "process_start_time": 1767890830.3466873,
  "process_end_time": 1767890867.3633845,
  "total_elapsed_time_seconds": 37.02,
  "rounds_time_stats": {
    "round_1": 36.93
  }
}