{
  "process_start_time": 1768109086.0176702,
  "process_end_time": 1768109270.739195,
  "total_elapsed_time_seconds": 184.72,
  "rounds_time_stats": {
    "round_1": 41.94,
    "round_2": 27.2,
    "round_3": 25.52,
    "round_4": 36.3,
    "round_5": 25.65,
    "round_6": 28.12
  }
}