{
  "process_start_time": 1767678942.3308566,
  "process_end_time": 1767679281.68629,
  "total_elapsed_time_seconds": 339.36,
  "rounds_time_stats": {
    "round_1": 53.8,
    "round_2": 58.36,
    "round_3": 53.55,
    "round_4": 60.09,
    "round_5": 47.46,
    "round_6": 66.09
  }
}