{
  "process_start_time": 1767885062.4185462,
  "process_end_time": 1767885212.8547726,
  "total_elapsed_time_seconds": 150.44,
  "rounds_time_stats": {
    "round_1": 24.68,
    "round_2": 20.72,
    "round_3": 28.07,
    "round_4": 35.12,
    "round_5": 21.25,
    "round_6": 20.6
  }
}