{
  "process_start_time": 1767682672.165768,
  "process_end_time": 1767682947.750417,
  "total_elapsed_time_seconds": 275.58,
  "rounds_time_stats": {
    "round_1": 56.77,
    "round_2": 33.94,
    "round_3": 47.87,
    "round_4": 43.58,
    "round_5": 49.75,
    "round_6": 43.67
  }
}