{
  "process_start_time": 1767974271.4845424,
  "process_end_time": 1767974676.8114254,
  "total_elapsed_time_seconds": 405.33,
  "rounds_time_stats": {
    "round_1": 79.31,
    "round_2": 55.68,
    "round_3": 67.77,
    "round_4": 91.2,
    "round_5": 54.13,
    "round_6": 57.24
  }
}