{
  "process_start_time": 1767977789.3126364,
  "process_end_time": 1767977967.0803876,
  "total_elapsed_time_seconds": 177.77,
  "rounds_time_stats": {
    "round_1": 32.85,
    "round_2": 28.72,
    "round_3": 31.43,
    "round_4": 31.17,
    "round_5": 24.24,
    "round_6": 29.36
  }
}