{
  "process_start_time": 1767884649.760624,
  "process_end_time": 1767884685.197466,
  "total_elapsed_time_seconds": 35.44,
  "rounds_time_stats": {
    "round_1": 35.43
  }
}