{
  "process_start_time": 1767689178.2872884,
  "process_end_time": 1767689494.9628713,
  "total_elapsed_time_seconds": 316.68,
  "rounds_time_stats": {
    "round_1": 50.12,
    "round_2": 46.58,
    "round_3": 46.05,
    "round_4": 46.43,
    "round_5": 63.56,
    "round_6": 63.94
  }
}