{
  "process_start_time": 1767890404.1334057,
  "process_end_time": 1767890437.2102432,
  "total_elapsed_time_seconds": 33.08,
  "rounds_time_stats": {
    "round_1": 33.07
  }
}