{
  "process_start_time": 1768116341.7386355,
  "process_end_time": 1768116595.996649,
  "total_elapsed_time_seconds": 254.26,
  "rounds_time_stats": {
    "round_1": 33.15,
    "round_2": 53.78,
    "round_3": 43.14,
    "round_4": 44.91,
    "round_5": 39.52,
    "round_6": 39.75
  }
}