{
  "process_start_time": 1767691407.0446732,
  "process_end_time": 1767691711.428264,
  "total_elapsed_time_seconds": 304.38,
  "rounds_time_stats": {
    "round_1": 73.58,
    "round_2": 46.45,
    "round_3": 45.15,
    "round_4": 47.9,
    "round_5": 43.84,
    "round_6": 47.44
  }
}