{
  "process_start_time": 1767885986.6586266,
  "process_end_time": 1767886096.3344736,
  "total_elapsed_time_seconds": 109.68,
  "rounds_time_stats": {
    "round_1": 19.8,
    "round_2": 25.42,
    "round_3": 43.01,
    "round_4": 21.3,
    "round_5": 0.15
  }
}