{
  "process_start_time": 1767977647.7149541,
  "process_end_time": 1767977833.1319294,
  "total_elapsed_time_seconds": 185.42,
  "rounds_time_stats": {
    "round_1": 29.13,
    "round_2": 30.27,
    "round_3": 31.47,
    "round_4": 29.72,
    "round_5": 33.63,
    "round_6": 31.19
  }
}