{
  "process_start_time": 1767688772.42173,
  "process_end_time": 1767689056.0530398,
  "total_elapsed_time_seconds": 283.63,
  "rounds_time_stats": {
    "round_1": 45.81,
    "round_2": 46.4,
    "round_3": 48.33,
    "round_4": 43.95,
    "round_5": 50.75,
    "round_6": 48.39
  }
}