{
  "process_start_time": 1767890310.8499057,
  "process_end_time": 1767890477.510137,
  "total_elapsed_time_seconds": 166.66,
  "rounds_time_stats": {
    "round_1": 21.45,
    "round_2": 29.1,
    "round_3": 32.79,
    "round_4": 41.29,
    "round_5": 42.02
  }
}