{
  "process_start_time": 1767890240.6095605,
  "process_end_time": 1767890257.7840521,
  "total_elapsed_time_seconds": 17.17,
  "rounds_time_stats": {
    "round_1": 17.17
  }
}