{
  "process_start_time": 1767678073.94632,
  "process_end_time": 1767678373.0114322,
  "total_elapsed_time_seconds": 299.07,
  "rounds_time_stats": {
    "round_1": 82.88,
    "round_2": 32.17,
    "round_3": 48.47,
    "round_4": 41.82,
    "round_5": 44.8,
    "round_6": 48.92
  }
}