{
  "process_start_time": 1767890041.333709,
  "process_end_time": 1767890086.3841877,
  "total_elapsed_time_seconds": 45.05,
  "rounds_time_stats": {
    "round_1": 45.05
  }
}