{
  "process_start_time": 1767886380.1274407,
  "process_end_time": 1767886400.6208973,
  "total_elapsed_time_seconds": 20.49,
  "rounds_time_stats": {
    "round_1": 20.48
  }
}