{
  "process_start_time": 1767884214.7377958,
  "process_end_time": 1767884231.1123796,
  "total_elapsed_time_seconds": 16.37,
  "rounds_time_stats": {
    "round_1": 16.37
  }
}