{
  "process_start_time": 1767887707.1334374,
  "process_end_time": 1767887718.9724953,
  "total_elapsed_time_seconds": 11.84,
  "rounds_time_stats": {
    "round_1": 11.84
  }
}