{
  "process_start_time": 1767884100.636766,
  "process_end_time": 1767884139.596505,
  "total_elapsed_time_seconds": 38.96,
  "rounds_time_stats": {
    "round_1": 17.86,
    "round_2": 20.65,
    "round_3": 0.45
  }
}