{
  "process_start_time": 1767888753.2077782,
  "process_end_time": 1767888819.7543645,
  "total_elapsed_time_seconds": 66.55,
  "rounds_time_stats": {
    "round_1": 10.29,
    "round_2": 12.57,
    "round_3": 10.31,
    "round_4": 10.75,
    "round_5": 11.0,
    "round_6": 11.63
  }
}