{
  "process_start_time": 1767887877.3752558,
  "process_end_time": 1767887948.4776294,
  "total_elapsed_time_seconds": 71.1,
  "rounds_time_stats": {
    "round_1": 19.54,
    "round_2": 23.14,
    "round_3": 28.41
  }
}