{
  "process_start_time": 1767975463.929791,
  "process_end_time": 1767975633.7597542,
  "total_elapsed_time_seconds": 169.83,
  "rounds_time_stats": {
    "round_1": 24.72,
    "round_2": 35.32,
    "round_3": 36.64,
    "round_4": 21.87,
    "round_5": 27.66,
    "round_6": 23.61
  }
}