{
  "process_start_time": 1767888345.4166086,
  "process_end_time": 1767888422.7812088,
  "total_elapsed_time_seconds": 77.36,
  "rounds_time_stats": {
    "round_1": 7.7,
    "round_2": 17.12,
    "round_3": 15.13,
    "round_4": 15.46,
    "round_5": 8.92,
    "round_6": 13.03
  }
}