{
  "process_start_time": 1767885582.3058093,
  "process_end_time": 1767885622.6228046,
  "total_elapsed_time_seconds": 40.32,
  "rounds_time_stats": {
    "round_1": 23.86,
    "round_2": 16.13,
    "round_3": 0.32
  }
}