{
  "process_start_time": 1767977654.679729,
  "process_end_time": 1767977840.1431682,
  "total_elapsed_time_seconds": 185.46,
  "rounds_time_stats": {
    "round_1": 31.12,
    "round_2": 32.1,
    "round_3": 30.54,
    "round_4": 32.27,
    "round_5": 30.16,
    "round_6": 29.28
  }
}