{
  "process_start_time": 1767885712.6048472,
  "process_end_time": 1767886283.5017421,
  "total_elapsed_time_seconds": 570.9,
  "rounds_time_stats": {
    "round_1": 28.82,
    "round_2": 541.76
  }
}