{
  "process_start_time": 1768109182.0431685,
  "process_end_time": 1768109446.248492,
  "total_elapsed_time_seconds": 264.21,
  "rounds_time_stats": {
    "round_1": 38.81,
    "round_2": 40.79,
    "round_3": 59.26,
    "round_4": 46.72,
    "round_5": 32.85,
    "round_6": 45.77
  }
}