{
  "process_start_time": 1767888175.2709987,
  "process_end_time": 1767888190.7474577,
  "total_elapsed_time_seconds": 15.48,
  "rounds_time_stats": {
    "round_1": 15.47
  }
}