{
  "process_start_time": 1768117605.663053,
  "process_end_time": 1768117845.6727977,
  "total_elapsed_time_seconds": 240.01,
  "rounds_time_stats": {
    "round_1": 37.58,
    "round_2": 30.61,
    "round_3": 45.24,
    "round_4": 52.94,
    "round_5": 44.9,
    "round_6": 28.74
  }
}