{
  "process_start_time": 1767884877.4556923,
  "process_end_time": 1767884921.3606126,
  "total_elapsed_time_seconds": 43.9,
  "rounds_time_stats": {
    "round_1": 43.9
  }
}