{
  "process_start_time": 1768550210.8693676,
  "process_end_time": 1768550439.6703975,
  "total_elapsed_time_seconds": 228.8,
  "rounds_time_stats": {
    "round_1": 46.0,
    "round_2": 31.15,
    "round_3": 44.51,
    "round_4": 42.19,
    "round_5": 31.63,
    "round_6": 33.32
  }
}