{
  "process_start_time": 1767889364.3716311,
  "process_end_time": 1767889449.7516723,
  "total_elapsed_time_seconds": 85.38,
  "rounds_time_stats": {
    "round_1": 13.42,
    "round_2": 11.73,
    "round_3": 22.69,
    "round_4": 16.35,
    "round_5": 21.19
  }
}