{
  "process_start_time": 1767975360.1067157,
  "process_end_time": 1767975559.812755,
  "total_elapsed_time_seconds": 199.71,
  "rounds_time_stats": {
    "round_1": 24.22,
    "round_2": 32.64,
    "round_3": 39.26,
    "round_4": 29.32,
    "round_5": 41.84,
    "round_6": 32.43
  }
}