{
  "process_start_time": 1767885323.9394863,
  "process_end_time": 1767885343.0130157,
  "total_elapsed_time_seconds": 19.07,
  "rounds_time_stats": {
    "round_1": 19.07
  }
}