{
  "process_start_time": 1768556383.9047723,
  "process_end_time": 1768556566.2302644,
  "total_elapsed_time_seconds": 182.33,
  "rounds_time_stats": {
    "round_1": 27.74,
    "round_2": 29.43,
    "round_3": 26.94,
    "round_4": 22.34,
    "round_5": 35.25,
    "round_6": 40.61
  }
}