{
  "process_start_time": 1767850147.5070653,
  "process_end_time": 1767850253.9565818,
  "total_elapsed_time_seconds": 106.45,
  "rounds_time_stats": {
    "round_1": 22.31,
    "round_2": 20.84,
    "round_3": 15.23,
    "round_4": 17.11,
    "round_5": 14.78,
    "round_6": 16.17
  }
}