{
  "process_start_time": 1767885104.8486247,
  "process_end_time": 1767885138.5330362,
  "total_elapsed_time_seconds": 33.68,
  "rounds_time_stats": {
    "round_1": 33.68
  }
}