{
  "process_start_time": 1767978190.8938196,
  "process_end_time": 1767978394.6984084,
  "total_elapsed_time_seconds": 203.8,
  "rounds_time_stats": {
    "round_1": 41.6,
    "round_2": 37.52,
    "round_3": 37.89,
    "round_4": 34.83,
    "round_5": 22.49,
    "round_6": 29.46
  }
}