{
  "process_start_time": 1768115026.8895428,
  "process_end_time": 1768115239.8871503,
  "total_elapsed_time_seconds": 213.0,
  "rounds_time_stats": {
    "round_1": 40.05,
    "round_2": 27.18,
    "round_3": 31.04,
    "round_4": 29.94,
    "round_5": 37.08,
    "round_6": 47.71
  }
}