{
  "process_start_time": 1767684152.323742,
  "process_end_time": 1767684472.59699,
  "total_elapsed_time_seconds": 320.27,
  "rounds_time_stats": {
    "round_1": 46.8,
    "round_2": 58.28,
    "round_3": 31.22,
    "round_4": 51.86,
    "round_5": 56.04,
    "round_6": 76.08
  }
}