{
  "process_start_time": 1767684737.9096136,
  "process_end_time": 1767685033.345415,
  "total_elapsed_time_seconds": 295.44,
  "rounds_time_stats": {
    "round_1": 47.74,
    "round_2": 48.87,
    "round_3": 47.73,
    "round_4": 47.46,
    "round_5": 43.2,
    "round_6": 60.43
  }
}