{
  "process_start_time": 1767885913.7564251,
  "process_end_time": 1767886026.2678907,
  "total_elapsed_time_seconds": 112.51,
  "rounds_time_stats": {
    "round_1": 13.16,
    "round_2": 21.01,
    "round_3": 20.78,
    "round_4": 16.96,
    "round_5": 18.91,
    "round_6": 21.7
  }
}