{
  "process_start_time": 1767890173.0669436,
  "process_end_time": 1767890184.155794,
  "total_elapsed_time_seconds": 11.09,
  "rounds_time_stats": {
    "round_1": 11.09
  }
}