{
  "process_start_time": 1768555146.9364161,
  "process_end_time": 1768555306.719641,
  "total_elapsed_time_seconds": 159.78,
  "rounds_time_stats": {
    "round_1": 28.69,
    "round_2": 29.77,
    "round_3": 28.92,
    "round_4": 27.15,
    "round_5": 18.44,
    "round_6": 26.81
  }
}