{
  "process_start_time": 1767684071.8827357,
  "process_end_time": 1767684351.4383695,
  "total_elapsed_time_seconds": 279.56,
  "rounds_time_stats": {
    "round_1": 46.74,
    "round_2": 48.26,
    "round_3": 45.86,
    "round_4": 46.05,
    "round_5": 46.93,
    "round_6": 45.73
  }
}