{
  "process_start_time": 1768555830.66613,
  "process_end_time": 1768556004.168688,
  "total_elapsed_time_seconds": 173.5,
  "rounds_time_stats": {
    "round_1": 27.8,
    "round_2": 32.76,
    "round_3": 27.6,
    "round_4": 30.89,
    "round_5": 27.63,
    "round_6": 26.82
  }
}