{
  "process_start_time": 1767889008.132808,
  "process_end_time": 1767889024.6370137,
  "total_elapsed_time_seconds": 16.5,
  "rounds_time_stats": {
    "round_1": 16.5
  }
}