{
  "process_start_time": 1767886978.5363212,
  "process_end_time": 1767887278.854221,
  "total_elapsed_time_seconds": 300.32,
  "rounds_time_stats": {
    "round_1": 53.28,
    "round_2": 46.04,
    "round_3": 54.86,
    "round_4": 54.29,
    "round_5": 46.75,
    "round_6": 45.09
  }
}