{
  "process_start_time": 1768116667.833074,
  "process_end_time": 1768116884.0286624,
  "total_elapsed_time_seconds": 216.2,
  "rounds_time_stats": {
    "round_1": 26.56,
    "round_2": 43.87,
    "round_3": 16.25,
    "round_4": 57.27,
    "round_5": 27.18,
    "round_6": 45.06
  }
}