{
  "process_start_time": 1767889970.0171502,
  "process_end_time": 1767890030.8927948,
  "total_elapsed_time_seconds": 60.88,
  "rounds_time_stats": {
    "round_1": 9.54,
    "round_2": 17.23,
    "round_3": 14.61,
    "round_4": 19.49
  }
}