{
  "process_start_time": 1767886169.6580071,
  "process_end_time": 1767886210.6739292,
  "total_elapsed_time_seconds": 41.02,
  "rounds_time_stats": {
    "round_1": 16.11,
    "round_2": 24.9
  }
}