{
  "process_start_time": 1767888635.524446,
  "process_end_time": 1767888676.5498283,
  "total_elapsed_time_seconds": 41.03,
  "rounds_time_stats": {
    "round_1": 18.44,
    "round_2": 22.31,
    "round_3": 0.27
  }
}