{
  "process_start_time": 1767973961.5307465,
  "process_end_time": 1767974216.8088684,
  "total_elapsed_time_seconds": 255.28,
  "rounds_time_stats": {
    "round_1": 25.73,
    "round_2": 39.59,
    "round_3": 46.29,
    "round_4": 57.75,
    "round_5": 55.21,
    "round_6": 30.71
  }
}