{
  "process_start_time": 1767887047.439058,
  "process_end_time": 1767887109.220694,
  "total_elapsed_time_seconds": 61.78,
  "rounds_time_stats": {
    "round_1": 21.05,
    "round_2": 18.25,
    "round_3": 22.48
  }
}