{
  "process_start_time": 1767974744.1896389,
  "process_end_time": 1767975029.5931923,
  "total_elapsed_time_seconds": 285.4,
  "rounds_time_stats": {
    "round_1": 42.3,
    "round_2": 54.05,
    "round_3": 50.02,
    "round_4": 40.68,
    "round_5": 47.86,
    "round_6": 50.49
  }
}