{
  "process_start_time": 1768748393.557964,
  "process_end_time": 1768748600.65866,
  "total_elapsed_time_seconds": 207.1,
  "rounds_time_stats": {
    "round_1": 30.61,
    "round_2": 37.16,
    "round_3": 41.09,
    "round_4": 32.46,
    "round_5": 32.27,
    "round_6": 33.5
  }
}