{
  "process_start_time": 1767884877.957665,
  "process_end_time": 1767885042.5928376,
  "total_elapsed_time_seconds": 164.64,
  "rounds_time_stats": {
    "round_1": 32.77,
    "round_2": 131.86
  }
}