{
  "process_start_time": 1767882890.7346525,
  "process_end_time": 1767882899.768847,
  "total_elapsed_time_seconds": 9.03,
  "rounds_time_stats": {
    "round_1": 9.03
  }
}