{
  "process_start_time": 1767974650.3624606,
  "process_end_time": 1767974954.6639981,
  "total_elapsed_time_seconds": 304.3,
  "rounds_time_stats": {
    "round_1": 44.09,
    "round_2": 48.28,
    "round_3": 41.81,
    "round_4": 53.87,
    "round_5": 67.84,
    "round_6": 48.41
  }
}