{
  "process_start_time": 1767977458.803953,
  "process_end_time": 1767977677.0579379,
  "total_elapsed_time_seconds": 218.25,
  "rounds_time_stats": {
    "round_1": 38.13,
    "round_2": 33.22,
    "round_3": 32.76,
    "round_4": 32.48,
    "round_5": 38.34,
    "round_6": 43.31
  }
}