{
  "process_start_time": 1767885640.7832146,
  "process_end_time": 1767885806.763991,
  "total_elapsed_time_seconds": 165.98,
  "rounds_time_stats": {
    "round_1": 26.25,
    "round_2": 30.0,
    "round_3": 28.53,
    "round_4": 26.43,
    "round_5": 26.93,
    "round_6": 27.85
  }
}