{
  "process_start_time": 1767682949.614197,
  "process_end_time": 1767683236.9729795,
  "total_elapsed_time_seconds": 287.36,
  "rounds_time_stats": {
    "round_1": 42.11,
    "round_2": 43.12,
    "round_3": 44.53,
    "round_4": 65.13,
    "round_5": 43.84,
    "round_6": 48.63
  }
}