{
  "process_start_time": 1767970266.0980508,
  "process_end_time": 1767970645.1207962,
  "total_elapsed_time_seconds": 379.02,
  "rounds_time_stats": {
    "round_1": 74.83,
    "round_2": 73.48,
    "round_3": 38.05,
    "round_4": 63.22,
    "round_5": 93.78,
    "round_6": 35.67
  }
}