{
  "process_start_time": 1768556467.2816925,
  "process_end_time": 1768556655.8114665,
  "total_elapsed_time_seconds": 188.53,
  "rounds_time_stats": {
    "round_1": 32.12,
    "round_2": 28.88,
    "round_3": 29.62,
    "round_4": 29.19,
    "round_5": 29.58,
    "round_6": 39.14
  }
}