{
  "process_start_time": 1767691407.0397954,
  "process_end_time": 1767691740.84413,
  "total_elapsed_time_seconds": 333.8,
  "rounds_time_stats": {
    "round_1": 74.42,
    "round_2": 57.5,
    "round_3": 44.63,
    "round_4": 48.9,
    "round_5": 63.94,
    "round_6": 44.41
  }
}