{
  "process_start_time": 1767888019.7150702,
  "process_end_time": 1767888045.0071146,
  "total_elapsed_time_seconds": 25.29,
  "rounds_time_stats": {
    "round_1": 12.46,
    "round_2": 12.83
  }
}