{
  "process_start_time": 1767885210.4711547,
  "process_end_time": 1767885277.4527647,
  "total_elapsed_time_seconds": 66.98,
  "rounds_time_stats": {
    "round_1": 19.64,
    "round_2": 20.48,
    "round_3": 26.86
  }
}