{
  "process_start_time": 1768556886.8664477,
  "process_end_time": 1768557031.2316797,
  "total_elapsed_time_seconds": 144.37,
  "rounds_time_stats": {
    "round_1": 26.47,
    "round_2": 23.51,
    "round_3": 24.96,
    "round_4": 26.58,
    "round_5": 25.0,
    "round_6": 17.84
  }
}