{
  "process_start_time": 1767890474.604637,
  "process_end_time": 1767890492.9453218,
  "total_elapsed_time_seconds": 18.34,
  "rounds_time_stats": {
    "round_1": 18.34
  }
}