{
  "process_start_time": 1767887716.7777631,
  "process_end_time": 1767887748.6225252,
  "total_elapsed_time_seconds": 31.84,
  "rounds_time_stats": {
    "round_1": 31.84
  }
}