{
  "process_start_time": 1767690452.1898303,
  "process_end_time": 1767690467.8699403,
  "total_elapsed_time_seconds": 15.68,
  "rounds_time_stats": {
    "round_1": 15.68
  }
}