{
  "process_start_time": 1767888010.366303,
  "process_end_time": 1767888029.5649645,
  "total_elapsed_time_seconds": 19.2,
  "rounds_time_stats": {
    "round_1": 19.2
  }
}