{
  "process_start_time": 1767890257.5139952,
  "process_end_time": 1767890383.816345,
  "total_elapsed_time_seconds": 126.3,
  "rounds_time_stats": {
    "round_1": 19.45,
    "round_2": 19.27,
    "round_3": 21.89,
    "round_4": 26.5,
    "round_5": 17.61,
    "round_6": 21.57
  }
}