{
  "process_start_time": 1768554749.2627258,
  "process_end_time": 1768554904.744321,
  "total_elapsed_time_seconds": 155.48,
  "rounds_time_stats": {
    "round_1": 19.25,
    "round_2": 21.54,
    "round_3": 29.77,
    "round_4": 27.57,
    "round_5": 28.48,
    "round_6": 28.86
  }
}