{
  "process_start_time": 1768109610.410833,
  "process_end_time": 1768109815.8270788,
  "total_elapsed_time_seconds": 205.42,
  "rounds_time_stats": {
    "round_1": 45.56,
    "round_2": 47.81,
    "round_3": 42.8,
    "round_4": 32.06,
    "round_5": 25.51,
    "round_6": 11.67
  }
}