{
  "process_start_time": 1767884150.8341246,
  "process_end_time": 1767884176.0624096,
  "total_elapsed_time_seconds": 25.23,
  "rounds_time_stats": {
    "round_1": 25.21
  }
}