{
  "process_start_time": 1767883421.98022,
  "process_end_time": 1767883507.6062138,
  "total_elapsed_time_seconds": 85.63,
  "rounds_time_stats": {
    "round_1": 24.72,
    "round_2": 30.14,
    "round_3": 30.76
  }
}