{
  "process_start_time": 1767885631.9688504,
  "process_end_time": 1767885648.2527578,
  "total_elapsed_time_seconds": 16.28,
  "rounds_time_stats": {
    "round_1": 16.28
  }
}