{
  "process_start_time": 1768115303.414085,
  "process_end_time": 1768115595.3001697,
  "total_elapsed_time_seconds": 291.89,
  "rounds_time_stats": {
    "round_1": 69.97,
    "round_2": 45.25,
    "round_3": 45.46,
    "round_4": 46.26,
    "round_5": 47.43,
    "round_6": 37.51
  }
}