{
  "process_start_time": 1767885706.8941221,
  "process_end_time": 1767885737.2559428,
  "total_elapsed_time_seconds": 30.36,
  "rounds_time_stats": {
    "round_1": 15.82,
    "round_2": 14.52
  }
}