{
  "process_start_time": 1767684331.169344,
  "process_end_time": 1767684626.6359613,
  "total_elapsed_time_seconds": 295.47,
  "rounds_time_stats": {
    "round_1": 36.77,
    "round_2": 61.97,
    "round_3": 44.05,
    "round_4": 44.68,
    "round_5": 48.11,
    "round_6": 59.89
  }
}