{
  "process_start_time": 1767882890.7305782,
  "process_end_time": 1767882929.7044792,
  "total_elapsed_time_seconds": 38.97,
  "rounds_time_stats": {
    "round_1": 18.61,
    "round_2": 20.36
  }
}