{
  "process_start_time": 1767887358.9229252,
  "process_end_time": 1767887501.7419398,
  "total_elapsed_time_seconds": 142.82,
  "rounds_time_stats": {
    "round_1": 16.65,
    "round_2": 24.68,
    "round_3": 30.13,
    "round_4": 25.21,
    "round_5": 22.46,
    "round_6": 23.67
  }
}