{
  "process_start_time": 1767970660.2667775,
  "process_end_time": 1767971588.8884673,
  "total_elapsed_time_seconds": 928.62,
  "rounds_time_stats": {
    "round_1": 183.69,
    "round_2": 147.07,
    "round_3": 124.51,
    "round_4": 77.6,
    "round_5": 169.28,
    "round_6": 226.47
  }
}