{
  "process_start_time": 1767973961.5387928,
  "process_end_time": 1767974269.8840127,
  "total_elapsed_time_seconds": 308.35,
  "rounds_time_stats": {
    "round_1": 40.92,
    "round_2": 46.76,
    "round_3": 94.88,
    "round_4": 45.82,
    "round_5": 37.79,
    "round_6": 42.16
  }
}