{
  "process_start_time": 1767885435.2474682,
  "process_end_time": 1767885548.3026664,
  "total_elapsed_time_seconds": 113.06,
  "rounds_time_stats": {
    "round_1": 16.96,
    "round_2": 19.39,
    "round_3": 17.32,
    "round_4": 21.16,
    "round_5": 17.35,
    "round_6": 20.87
  }
}