{
  "process_start_time": 1767969588.097016,
  "process_end_time": 1767969849.4271238,
  "total_elapsed_time_seconds": 261.33,
  "rounds_time_stats": {
    "round_1": 36.98,
    "round_2": 40.19,
    "round_3": 64.96,
    "round_4": 39.26,
    "round_5": 41.11,
    "round_6": 38.83
  }
}