{
  "process_start_time": 1767886380.739589,
  "process_end_time": 1767886402.7990432,
  "total_elapsed_time_seconds": 22.06,
  "rounds_time_stats": {
    "round_1": 22.05
  }
}