{
  "process_start_time": 1767886065.4683833,
  "process_end_time": 1767886090.6379533,
  "total_elapsed_time_seconds": 25.17,
  "rounds_time_stats": {
    "round_1": 25.17
  }
}