{
  "process_start_time": 1767885509.973628,
  "process_end_time": 1767885607.2629182,
  "total_elapsed_time_seconds": 97.29,
  "rounds_time_stats": {
    "round_1": 17.38,
    "round_2": 31.32,
    "round_3": 23.44,
    "round_4": 24.86,
    "round_5": 0.28
  }
}