{
  "process_start_time": 1767689464.1770227,
  "process_end_time": 1767689761.8533993,
  "total_elapsed_time_seconds": 297.68,
  "rounds_time_stats": {
    "round_1": 45.81,
    "round_2": 56.12,
    "round_3": 48.34,
    "round_4": 39.6,
    "round_5": 61.33,
    "round_6": 46.48
  }
}