{
  "process_start_time": 1768555716.029732,
  "process_end_time": 1768555940.5734227,
  "total_elapsed_time_seconds": 224.54,
  "rounds_time_stats": {
    "round_1": 38.68,
    "round_2": 35.1,
    "round_3": 41.42,
    "round_4": 38.21,
    "round_5": 32.64,
    "round_6": 38.48
  }
}