{
  "process_start_time": 1767887907.842607,
  "process_end_time": 1767887927.3747091,
  "total_elapsed_time_seconds": 19.53,
  "rounds_time_stats": {
    "round_1": 19.53
  }
}