{
  "process_start_time": 1767680528.6603434,
  "process_end_time": 1767680759.4456186,
  "total_elapsed_time_seconds": 230.79,
  "rounds_time_stats": {
    "round_1": 35.32,
    "round_2": 24.37,
    "round_3": 49.36,
    "round_4": 43.81,
    "round_5": 43.59,
    "round_6": 34.33
  }
}