{
  "process_start_time": 1768115418.8304548,
  "process_end_time": 1768115652.8941288,
  "total_elapsed_time_seconds": 234.06,
  "rounds_time_stats": {
    "round_1": 39.25,
    "round_2": 27.28,
    "round_3": 41.02,
    "round_4": 34.61,
    "round_5": 50.49,
    "round_6": 41.41
  }
}