{
  "process_start_time": 1768555280.68277,
  "process_end_time": 1768555430.684135,
  "total_elapsed_time_seconds": 150.0,
  "rounds_time_stats": {
    "round_1": 25.72,
    "round_2": 22.27,
    "round_3": 26.62,
    "round_4": 20.5,
    "round_5": 26.38,
    "round_6": 28.53
  }
}