{
  "process_start_time": 1767888859.9172099,
  "process_end_time": 1767888954.1902342,
  "total_elapsed_time_seconds": 94.27,
  "rounds_time_stats": {
    "round_1": 12.79,
    "round_2": 16.24,
    "round_3": 15.68,
    "round_4": 16.08,
    "round_5": 17.61,
    "round_6": 15.87
  }
}