{
  "process_start_time": 1767890321.271542,
  "process_end_time": 1767890471.108751,
  "total_elapsed_time_seconds": 149.84,
  "rounds_time_stats": {
    "round_1": 15.34,
    "round_2": 16.08,
    "round_3": 22.58,
    "round_4": 31.5,
    "round_5": 30.26,
    "round_6": 34.08
  }
}