{
  "process_start_time": 1767888404.0046198,
  "process_end_time": 1767888468.137672,
  "total_elapsed_time_seconds": 64.13,
  "rounds_time_stats": {
    "round_1": 33.2,
    "round_2": 30.6,
    "round_3": 0.33
  }
}