{
  "process_start_time": 1767684882.977494,
  "process_end_time": 1767685141.307518,
  "total_elapsed_time_seconds": 258.33,
  "rounds_time_stats": {
    "round_1": 47.49,
    "round_2": 42.15,
    "round_3": 29.75,
    "round_4": 49.48,
    "round_5": 46.83,
    "round_6": 42.63
  }
}