{
  "process_start_time": 1768107778.4767938,
  "process_end_time": 1768107964.6587365,
  "total_elapsed_time_seconds": 186.18,
  "rounds_time_stats": {
    "round_1": 28.18,
    "round_2": 29.33,
    "round_3": 26.65,
    "round_4": 27.07,
    "round_5": 32.81,
    "round_6": 42.14
  }
}