{
  "process_start_time": 1767887959.12984,
  "process_end_time": 1767888109.7360363,
  "total_elapsed_time_seconds": 150.61,
  "rounds_time_stats": {
    "round_1": 27.07,
    "round_2": 26.01,
    "round_3": 27.95,
    "round_4": 27.57,
    "round_5": 21.03,
    "round_6": 20.97
  }
}