{
  "process_start_time": 1767885260.9950411,
  "process_end_time": 1767885331.7072837,
  "total_elapsed_time_seconds": 70.71,
  "rounds_time_stats": {
    "round_1": 17.65,
    "round_2": 24.7,
    "round_3": 28.36
  }
}