{
  "process_start_time": 1767888456.3815243,
  "process_end_time": 1767888503.9233444,
  "total_elapsed_time_seconds": 47.54,
  "rounds_time_stats": {
    "round_1": 24.25,
    "round_2": 23.29
  }
}