{
  "process_start_time": 1767888851.522809,
  "process_end_time": 1767888871.782219,
  "total_elapsed_time_seconds": 20.26,
  "rounds_time_stats": {
    "round_1": 9.06,
    "round_2": 11.2
  }
}