{
  "process_start_time": 1767976480.1808405,
  "process_end_time": 1767976635.1386333,
  "total_elapsed_time_seconds": 154.96,
  "rounds_time_stats": {
    "round_1": 29.35,
    "round_2": 28.51,
    "round_3": 29.65,
    "round_4": 18.04,
    "round_5": 26.04,
    "round_6": 23.37
  }
}