{
  "process_start_time": 1767686727.6031814,
  "process_end_time": 1767687015.9693053,
  "total_elapsed_time_seconds": 288.37,
  "rounds_time_stats": {
    "round_1": 52.65,
    "round_2": 39.2,
    "round_3": 47.92,
    "round_4": 41.69,
    "round_5": 49.26,
    "round_6": 57.64
  }
}