{
  "process_start_time": 1767887878.256527,
  "process_end_time": 1767887895.3622856,
  "total_elapsed_time_seconds": 17.11,
  "rounds_time_stats": {
    "round_1": 17.1
  }
}