{
  "process_start_time": 1767885855.7556276,
  "process_end_time": 1767885908.9118626,
  "total_elapsed_time_seconds": 53.16,
  "rounds_time_stats": {
    "round_1": 53.13
  }
}