{
  "process_start_time": 1767887278.8745677,
  "process_end_time": 1767887461.8521168,
  "total_elapsed_time_seconds": 182.98,
  "rounds_time_stats": {
    "round_1": 32.35,
    "round_2": 27.86,
    "round_3": 32.6,
    "round_4": 32.39,
    "round_5": 30.58,
    "round_6": 27.19
  }
}