{
  "process_start_time": 1767888850.9681194,
  "process_end_time": 1767888860.2725196,
  "total_elapsed_time_seconds": 9.3,
  "rounds_time_stats": {
    "round_1": 9.3
  }
}