{
  "process_start_time": 1767889482.5957396,
  "process_end_time": 1767889498.1827312,
  "total_elapsed_time_seconds": 15.59,
  "rounds_time_stats": {
    "round_1": 15.58
  }
}