{
  "process_start_time": 1768555949.5707843,
  "process_end_time": 1768556115.4017372,
  "total_elapsed_time_seconds": 165.83,
  "rounds_time_stats": {
    "round_1": 26.27,
    "round_2": 26.69,
    "round_3": 29.69,
    "round_4": 29.05,
    "round_5": 29.2,
    "round_6": 24.93
  }
}