{
  "process_start_time": 1767890684.3262613,
  "process_end_time": 1767890718.2253184,
  "total_elapsed_time_seconds": 33.9,
  "rounds_time_stats": {
    "round_1": 33.88
  }
}