{
  "process_start_time": 1768107967.1536057,
  "process_end_time": 1768108226.950912,
  "total_elapsed_time_seconds": 259.8,
  "rounds_time_stats": {
    "round_1": 30.12,
    "round_2": 43.63,
    "round_3": 45.77,
    "round_4": 47.36,
    "round_5": 47.91,
    "round_6": 45.01
  }
}