{
  "process_start_time": 1767890491.322323,
  "process_end_time": 1767890510.1677222,
  "total_elapsed_time_seconds": 18.85,
  "rounds_time_stats": {
    "round_1": 18.8
  }
}