{
  "process_start_time": 1767676921.225661,
  "process_end_time": 1767677163.954897,
  "total_elapsed_time_seconds": 242.73,
  "rounds_time_stats": {
    "round_1": 42.98,
    "round_2": 46.47,
    "round_3": 31.56,
    "round_4": 39.67,
    "round_5": 34.91,
    "round_6": 47.14
  }
}