{
  "process_start_time": 1767889781.1600013,
  "process_end_time": 1767889992.2753556,
  "total_elapsed_time_seconds": 211.12,
  "rounds_time_stats": {
    "round_1": 23.91,
    "round_2": 50.92,
    "round_3": 35.8,
    "round_4": 40.9,
    "round_5": 30.41,
    "round_6": 29.18
  }
}