{
  "process_start_time": 1767886155.897744,
  "process_end_time": 1767886241.1040742,
  "total_elapsed_time_seconds": 85.21,
  "rounds_time_stats": {
    "round_1": 18.63,
    "round_2": 24.09,
    "round_3": 20.32,
    "round_4": 22.16
  }
}