{
  "process_start_time": 1767978368.9964507,
  "process_end_time": 1767978528.2374413,
  "total_elapsed_time_seconds": 159.24,
  "rounds_time_stats": {
    "round_1": 19.99,
    "round_2": 20.96,
    "round_3": 27.9,
    "round_4": 23.78,
    "round_5": 31.65,
    "round_6": 34.95
  }
}