{
  "process_start_time": 1767973961.5448053,
  "process_end_time": 1767974240.179117,
  "total_elapsed_time_seconds": 278.63,
  "rounds_time_stats": {
    "round_1": 52.97,
    "round_2": 44.79,
    "round_3": 40.71,
    "round_4": 59.2,
    "round_5": 41.29,
    "round_6": 39.68
  }
}