{
  "process_start_time": 1767885135.7078774,
  "process_end_time": 1767885328.5346963,
  "total_elapsed_time_seconds": 192.83,
  "rounds_time_stats": {
    "round_1": 27.98,
    "round_2": 41.76,
    "round_3": 27.17,
    "round_4": 34.77,
    "round_5": 28.64,
    "round_6": 32.5
  }
}