{
  "process_start_time": 1767885559.3637266,
  "process_end_time": 1767885599.4496107,
  "total_elapsed_time_seconds": 40.09,
  "rounds_time_stats": {
    "round_1": 40.08
  }
}