{
  "process_start_time": 1767882956.7872734,
  "process_end_time": 1767883080.7454283,
  "total_elapsed_time_seconds": 123.96,
  "rounds_time_stats": {
    "round_1": 19.86,
    "round_2": 16.48,
    "round_3": 18.12,
    "round_4": 20.52,
    "round_5": 23.23,
    "round_6": 25.74
  }
}