{
  "process_start_time": 1767977833.4002795,
  "process_end_time": 1767978014.461053,
  "total_elapsed_time_seconds": 181.06,
  "rounds_time_stats": {
    "round_1": 29.48,
    "round_2": 30.07,
    "round_3": 31.49,
    "round_4": 32.65,
    "round_5": 28.66,
    "round_6": 28.71
  }
}