{
  "process_start_time": 1767970266.0875695,
  "process_end_time": 1767970757.0196471,
  "total_elapsed_time_seconds": 490.93,
  "rounds_time_stats": {
    "round_1": 131.29,
    "round_2": 48.98,
    "round_3": 98.16,
    "round_4": 90.23,
    "round_5": 58.78,
    "round_6": 63.49
  }
}