{
  "process_start_time": 1767888419.8614416,
  "process_end_time": 1767888542.8028252,
  "total_elapsed_time_seconds": 122.94,
  "rounds_time_stats": {
    "round_1": 21.58,
    "round_2": 15.68,
    "round_3": 18.63,
    "round_4": 24.18,
    "round_5": 14.98,
    "round_6": 27.89
  }
}