{
  "process_start_time": 1768115677.4943857,
  "process_end_time": 1768115946.877342,
  "total_elapsed_time_seconds": 269.38,
  "rounds_time_stats": {
    "round_1": 88.65,
    "round_2": 24.31,
    "round_3": 36.99,
    "round_4": 27.15,
    "round_5": 42.68,
    "round_6": 49.6
  }
}