{
  "process_start_time": 1768108461.6903248,
  "process_end_time": 1768108727.3412173,
  "total_elapsed_time_seconds": 265.65,
  "rounds_time_stats": {
    "round_1": 46.04,
    "round_2": 46.68,
    "round_3": 44.09,
    "round_4": 48.26,
    "round_5": 44.41,
    "round_6": 36.17
  }
}