{
  "process_start_time": 1767890762.4955614,
  "process_end_time": 1767890785.9418192,
  "total_elapsed_time_seconds": 23.45,
  "rounds_time_stats": {
    "round_1": 23.44
  }
}