{
  "process_start_time": 1767889224.2257435,
  "process_end_time": 1767889251.406668,
  "total_elapsed_time_seconds": 27.18,
  "rounds_time_stats": {
    "round_1": 27.16
  }
}