{
  "process_start_time": 1767888614.622644,
  "process_end_time": 1767888705.5800455,
  "total_elapsed_time_seconds": 90.96,
  "rounds_time_stats": {
    "round_1": 18.2,
    "round_2": 11.21,
    "round_3": 19.39,
    "round_4": 17.58,
    "round_5": 14.17,
    "round_6": 10.39
  }
}