{
  "process_start_time": 1767889135.1368022,
  "process_end_time": 1767889149.676144,
  "total_elapsed_time_seconds": 14.54,
  "rounds_time_stats": {
    "round_1": 14.54
  }
}