{
  "process_start_time": 1767886165.1389127,
  "process_end_time": 1767886193.8641863,
  "total_elapsed_time_seconds": 28.73,
  "rounds_time_stats": {
    "round_1": 28.72
  }
}