{
  "process_start_time": 1767883364.514542,
  "process_end_time": 1767883483.5417182,
  "total_elapsed_time_seconds": 119.03,
  "rounds_time_stats": {
    "round_1": 18.14,
    "round_2": 24.25,
    "round_3": 18.25,
    "round_4": 21.9,
    "round_5": 19.21,
    "round_6": 17.28
  }
}