{
  "process_start_time": 1767687876.3625584,
  "process_end_time": 1767688152.8942158,
  "total_elapsed_time_seconds": 276.53,
  "rounds_time_stats": {
    "round_1": 40.97,
    "round_2": 44.4,
    "round_3": 47.07,
    "round_4": 49.79,
    "round_5": 44.9,
    "round_6": 49.41
  }
}