{
  "process_start_time": 1767975331.52981,
  "process_end_time": 1767975536.1837783,
  "total_elapsed_time_seconds": 204.65,
  "rounds_time_stats": {
    "round_1": 30.07,
    "round_2": 35.8,
    "round_3": 32.18,
    "round_4": 34.73,
    "round_5": 35.51,
    "round_6": 36.36
  }
}