{
  "process_start_time": 1768551406.8085182,
  "process_end_time": 1768551573.4108288,
  "total_elapsed_time_seconds": 166.6,
  "rounds_time_stats": {
    "round_1": 30.15,
    "round_2": 29.73,
    "round_3": 21.09,
    "round_4": 27.01,
    "round_5": 29.16,
    "round_6": 29.46
  }
}