{
  "process_start_time": 1767889940.683812,
  "process_end_time": 1767889956.5283394,
  "total_elapsed_time_seconds": 15.84,
  "rounds_time_stats": {
    "round_1": 15.84
  }
}