{
  "process_start_time": 1767883219.2803688,
  "process_end_time": 1767883344.3636727,
  "total_elapsed_time_seconds": 125.08,
  "rounds_time_stats": {
    "round_1": 16.04,
    "round_2": 19.95,
    "round_3": 21.99,
    "round_4": 16.71,
    "round_5": 32.2,
    "round_6": 18.19
  }
}