{
  "process_start_time": 1767680311.6274323,
  "process_end_time": 1767680570.7333882,
  "total_elapsed_time_seconds": 259.11,
  "rounds_time_stats": {
    "round_1": 47.67,
    "round_2": 43.58,
    "round_3": 31.05,
    "round_4": 51.38,
    "round_5": 42.73,
    "round_6": 42.69
  }
}