{
  "process_start_time": 1768748589.8567631,
  "process_end_time": 1768748701.07455,
  "total_elapsed_time_seconds": 111.22,
  "rounds_time_stats": {
    "round_1": 32.84,
    "round_2": 16.13,
    "round_3": 14.73,
    "round_4": 15.21,
    "round_5": 17.65,
    "round_6": 14.65
  }
}