{
  "process_start_time": 1768117128.5993676,
  "process_end_time": 1768117342.673861,
  "total_elapsed_time_seconds": 214.07,
  "rounds_time_stats": {
    "round_1": 41.94,
    "round_2": 34.59,
    "round_3": 25.98,
    "round_4": 35.12,
    "round_5": 44.16,
    "round_6": 32.28
  }
}