{
  "process_start_time": 1767886534.134063,
  "process_end_time": 1767886629.30213,
  "total_elapsed_time_seconds": 95.17,
  "rounds_time_stats": {
    "round_1": 14.21,
    "round_2": 16.37,
    "round_3": 15.22,
    "round_4": 13.05,
    "round_5": 14.07,
    "round_6": 22.26
  }
}