{
  "process_start_time": 1768556394.5541751,
  "process_end_time": 1768556557.5776637,
  "total_elapsed_time_seconds": 163.02,
  "rounds_time_stats": {
    "round_1": 25.99,
    "round_2": 19.69,
    "round_3": 29.62,
    "round_4": 28.62,
    "round_5": 29.41,
    "round_6": 29.69
  }
}