{
  "process_start_time": 1767887907.7930522,
  "process_end_time": 1767887929.053741,
  "total_elapsed_time_seconds": 21.26,
  "rounds_time_stats": {
    "round_1": 21.26
  }
}