{
  "process_start_time": 1767679826.6231034,
  "process_end_time": 1767680104.9061766,
  "total_elapsed_time_seconds": 278.28,
  "rounds_time_stats": {
    "round_1": 50.75,
    "round_2": 45.16,
    "round_3": 48.76,
    "round_4": 46.97,
    "round_5": 43.51,
    "round_6": 43.12
  }
}