{
  "process_start_time": 1767689073.3208742,
  "process_end_time": 1767689354.5914762,
  "total_elapsed_time_seconds": 281.27,
  "rounds_time_stats": {
    "round_1": 46.95,
    "round_2": 47.0,
    "round_3": 45.92,
    "round_4": 46.55,
    "round_5": 45.52,
    "round_6": 49.32
  }
}