{
  "process_start_time": 1768555525.9890678,
  "process_end_time": 1768555679.8189673,
  "total_elapsed_time_seconds": 153.83,
  "rounds_time_stats": {
    "round_1": 22.29,
    "round_2": 21.17,
    "round_3": 28.96,
    "round_4": 28.53,
    "round_5": 28.92,
    "round_6": 23.96
  }
}