{
  "process_start_time": 1768550422.9424953,
  "process_end_time": 1768550688.5321434,
  "total_elapsed_time_seconds": 265.59,
  "rounds_time_stats": {
    "round_1": 36.33,
    "round_2": 44.48,
    "round_3": 37.44,
    "round_4": 43.58,
    "round_5": 58.72,
    "round_6": 45.04
  }
}