{
  "process_start_time": 1767890870.857294,
  "process_end_time": 1767890911.690732,
  "total_elapsed_time_seconds": 40.83,
  "rounds_time_stats": {
    "round_1": 22.57,
    "round_2": 18.16,
    "round_3": 0.11
  }
}