{
  "process_start_time": 1767690280.415696,
  "process_end_time": 1767690538.1129656,
  "total_elapsed_time_seconds": 257.7,
  "rounds_time_stats": {
    "round_1": 41.8,
    "round_2": 47.34,
    "round_3": 36.25,
    "round_4": 46.79,
    "round_5": 46.25,
    "round_6": 39.27
  }
}