{
  "process_start_time": 1767976556.878908,
  "process_end_time": 1767976717.8207495,
  "total_elapsed_time_seconds": 160.94,
  "rounds_time_stats": {
    "round_1": 22.56,
    "round_2": 25.71,
    "round_3": 29.12,
    "round_4": 25.92,
    "round_5": 30.43,
    "round_6": 27.21
  }
}