{
  "process_start_time": 1767977458.8037171,
  "process_end_time": 1767977656.8456392,
  "total_elapsed_time_seconds": 198.04,
  "rounds_time_stats": {
    "round_1": 23.88,
    "round_2": 48.39,
    "round_3": 32.29,
    "round_4": 31.71,
    "round_5": 30.36,
    "round_6": 31.41
  }
}