{
  "process_start_time": 1767664926.1108706,
  "process_end_time": 1767665184.763278,
  "total_elapsed_time_seconds": 258.65,
  "rounds_time_stats": {
    "round_1": 39.24,
    "round_2": 47.39,
    "round_3": 38.4,
    "round_4": 39.86,
    "round_5": 46.0,
    "round_6": 47.74
  }
}