{
  "process_start_time": 1768551192.5727398,
  "process_end_time": 1768551235.386336,
  "total_elapsed_time_seconds": 42.81,
  "rounds_time_stats": {
    "round_1": 42.78
  }
}