{
  "process_start_time": 1768115739.182972,
  "process_end_time": 1768115979.5136123,
  "total_elapsed_time_seconds": 240.33,
  "rounds_time_stats": {
    "round_1": 41.13,
    "round_2": 34.56,
    "round_3": 33.65,
    "round_4": 49.03,
    "round_5": 46.15,
    "round_6": 35.8
  }
}