{
  "process_start_time": 1767883559.0014465,
  "process_end_time": 1767883663.223204,
  "total_elapsed_time_seconds": 104.22,
  "rounds_time_stats": {
    "round_1": 17.08,
    "round_2": 17.77,
    "round_3": 18.64,
    "round_4": 17.61,
    "round_5": 18.33,
    "round_6": 14.8
  }
}