{
  "process_start_time": 1767885409.9593713,
  "process_end_time": 1767885435.2456045,
  "total_elapsed_time_seconds": 25.29,
  "rounds_time_stats": {
    "round_1": 25.28
  }
}