{
  "process_start_time": 1767678956.658615,
  "process_end_time": 1767679234.7995727,
  "total_elapsed_time_seconds": 278.14,
  "rounds_time_stats": {
    "round_1": 47.22,
    "round_2": 36.91,
    "round_3": 51.81,
    "round_4": 45.0,
    "round_5": 44.18,
    "round_6": 53.02
  }
}