{
  "process_start_time": 1768556335.00541,
  "process_end_time": 1768556480.606522,
  "total_elapsed_time_seconds": 145.6,
  "rounds_time_stats": {
    "round_1": 25.45,
    "round_2": 23.71,
    "round_3": 27.61,
    "round_4": 27.16,
    "round_5": 20.49,
    "round_6": 21.18
  }
}