{
  "process_start_time": 1767889156.2139933,
  "process_end_time": 1767889200.406188,
  "total_elapsed_time_seconds": 44.19,
  "rounds_time_stats": {
    "round_1": 44.18
  }
}