{
  "process_start_time": 1767883749.6193037,
  "process_end_time": 1767883918.0706892,
  "total_elapsed_time_seconds": 168.45,
  "rounds_time_stats": {
    "round_1": 28.41,
    "round_2": 32.34,
    "round_3": 25.29,
    "round_4": 26.07,
    "round_5": 27.63,
    "round_6": 28.7
  }
}