{
  "process_start_time": 1768552526.3184743,
  "process_end_time": 1768552806.2486663,
  "total_elapsed_time_seconds": 279.93,
  "rounds_time_stats": {
    "round_1": 87.49,
    "round_2": 31.71,
    "round_3": 41.38,
    "round_4": 46.78,
    "round_5": 17.32,
    "round_6": 55.24
  }
}