{
  "process_start_time": 1767687031.8841884,
  "process_end_time": 1767687228.4382572,
  "total_elapsed_time_seconds": 196.55,
  "rounds_time_stats": {
    "round_1": 36.77,
    "round_2": 65.32,
    "round_3": 31.05,
    "round_4": 63.34
  }
}