{
  "process_start_time": 1768108679.5828345,
  "process_end_time": 1768108959.418488,
  "total_elapsed_time_seconds": 279.84,
  "rounds_time_stats": {
    "round_1": 47.11,
    "round_2": 48.1,
    "round_3": 43.0,
    "round_4": 43.94,
    "round_5": 37.33,
    "round_6": 60.35
  }
}