{
  "process_start_time": 1767887701.6210237,
  "process_end_time": 1767887716.776321,
  "total_elapsed_time_seconds": 15.16,
  "rounds_time_stats": {
    "round_1": 15.15
  }
}