{
  "process_start_time": 1767680882.0836027,
  "process_end_time": 1767681161.1599343,
  "total_elapsed_time_seconds": 279.08,
  "rounds_time_stats": {
    "round_1": 42.19,
    "round_2": 35.56,
    "round_3": 46.34,
    "round_4": 45.69,
    "round_5": 62.94,
    "round_6": 46.34
  }
}