{
  "process_start_time": 1767973613.915728,
  "process_end_time": 1767973809.0390477,
  "total_elapsed_time_seconds": 195.12,
  "rounds_time_stats": {
    "round_1": 28.37,
    "round_2": 31.85,
    "round_3": 30.99,
    "round_4": 31.92,
    "round_5": 25.39,
    "round_6": 46.6
  }
}