{
  "process_start_time": 1767883149.404866,
  "process_end_time": 1767883330.4965103,
  "total_elapsed_time_seconds": 181.09,
  "rounds_time_stats": {
    "round_1": 26.48,
    "round_2": 29.59,
    "round_3": 40.12,
    "round_4": 39.38,
    "round_5": 45.51
  }
}