{
  "process_start_time": 1767973270.7924664,
  "process_end_time": 1767973452.130681,
  "total_elapsed_time_seconds": 181.34,
  "rounds_time_stats": {
    "round_1": 24.37,
    "round_2": 27.97,
    "round_3": 32.98,
    "round_4": 33.45,
    "round_5": 32.25,
    "round_6": 30.32
  }
}