{
  "process_start_time": 1767887499.2396264,
  "process_end_time": 1767887537.8135045,
  "total_elapsed_time_seconds": 38.57,
  "rounds_time_stats": {
    "round_1": 16.26,
    "round_2": 22.31
  }
}