{
  "process_start_time": 1767889812.7092156,
  "process_end_time": 1767889854.7105122,
  "total_elapsed_time_seconds": 42.0,
  "rounds_time_stats": {
    "round_1": 21.83,
    "round_2": 20.17
  }
}