{
  "process_start_time": 1767885968.971439,
  "process_end_time": 1767886007.5694752,
  "total_elapsed_time_seconds": 38.6,
  "rounds_time_stats": {
    "round_1": 38.57
  }
}