{
  "process_start_time": 1767890811.1771128,
  "process_end_time": 1767890956.1267793,
  "total_elapsed_time_seconds": 144.95,
  "rounds_time_stats": {
    "round_1": 17.56,
    "round_2": 14.73,
    "round_3": 17.13,
    "round_4": 34.42,
    "round_5": 25.28,
    "round_6": 35.83
  }
}