{
  "process_start_time": 1767888367.6537085,
  "process_end_time": 1767888436.7584486,
  "total_elapsed_time_seconds": 69.1,
  "rounds_time_stats": {
    "round_1": 17.95,
    "round_2": 14.0,
    "round_3": 18.62,
    "round_4": 18.07,
    "round_5": 0.45
  }
}