{
  "process_start_time": 1767888274.9844747,
  "process_end_time": 1767888307.0630178,
  "total_elapsed_time_seconds": 32.08,
  "rounds_time_stats": {
    "round_1": 13.32,
    "round_2": 18.75
  }
}