{
  "process_start_time": 1767886459.4368153,
  "process_end_time": 1767886474.2754905,
  "total_elapsed_time_seconds": 14.84,
  "rounds_time_stats": {
    "round_1": 14.83
  }
}