{
  "process_start_time": 1767676631.71114,
  "process_end_time": 1767676904.7020426,
  "total_elapsed_time_seconds": 272.99,
  "rounds_time_stats": {
    "round_1": 45.24,
    "round_2": 46.87,
    "round_3": 43.35,
    "round_4": 46.64,
    "round_5": 47.17,
    "round_6": 43.72
  }
}