{
  "process_start_time": 1767973331.226292,
  "process_end_time": 1767973567.9423769,
  "total_elapsed_time_seconds": 236.72,
  "rounds_time_stats": {
    "round_1": 31.58,
    "round_2": 34.09,
    "round_3": 44.66,
    "round_4": 42.94,
    "round_5": 39.41,
    "round_6": 44.04
  }
}