{
  "process_start_time": 1767687294.9181151,
  "process_end_time": 1767687577.007322,
  "total_elapsed_time_seconds": 282.09,
  "rounds_time_stats": {
    "round_1": 43.3,
    "round_2": 49.26,
    "round_3": 50.44,
    "round_4": 46.81,
    "round_5": 49.56,
    "round_6": 42.71
  }
}