{
  "process_start_time": 1768117525.8202674,
  "process_end_time": 1768117735.3686442,
  "total_elapsed_time_seconds": 209.55,
  "rounds_time_stats": {
    "round_1": 44.13,
    "round_2": 45.44,
    "round_3": 27.43,
    "round_4": 35.89,
    "round_5": 27.5,
    "round_6": 29.15
  }
}