{
  "process_start_time": 1767683493.7161865,
  "process_end_time": 1767683537.5611823,
  "total_elapsed_time_seconds": 43.84,
  "rounds_time_stats": {
    "round_1": 43.69,
    "round_2": 0.15
  }
}