{
  "process_start_time": 1767882951.3602004,
  "process_end_time": 1767883019.730897,
  "total_elapsed_time_seconds": 68.37,
  "rounds_time_stats": {
    "round_1": 31.72,
    "round_2": 36.64
  }
}