{
  "process_start_time": 1767888773.8370492,
  "process_end_time": 1767888819.1853971,
  "total_elapsed_time_seconds": 45.35,
  "rounds_time_stats": {
    "round_1": 20.05,
    "round_2": 24.95,
    "round_3": 0.35
  }
}