{
  "process_start_time": 1767677402.4211836,
  "process_end_time": 1767677622.03304,
  "total_elapsed_time_seconds": 219.61,
  "rounds_time_stats": {
    "round_1": 38.84,
    "round_2": 29.79,
    "round_3": 42.47,
    "round_4": 36.99,
    "round_5": 36.46,
    "round_6": 35.07
  }
}