{
  "process_start_time": 1767973302.98141,
  "process_end_time": 1767973504.150569,
  "total_elapsed_time_seconds": 201.17,
  "rounds_time_stats": {
    "round_1": 27.0,
    "round_2": 36.52,
    "round_3": 33.97,
    "round_4": 39.56,
    "round_5": 32.2,
    "round_6": 31.91
  }
}