{
  "process_start_time": 1767689308.2149043,
  "process_end_time": 1767689626.006649,
  "total_elapsed_time_seconds": 317.79,
  "rounds_time_stats": {
    "round_1": 60.37,
    "round_2": 46.43,
    "round_3": 47.94,
    "round_4": 45.39,
    "round_5": 58.81,
    "round_6": 58.84
  }
}