{
  "process_start_time": 1768116044.3310328,
  "process_end_time": 1768116395.256691,
  "total_elapsed_time_seconds": 350.93,
  "rounds_time_stats": {
    "round_1": 60.4,
    "round_2": 44.84,
    "round_3": 52.84,
    "round_4": 43.54,
    "round_5": 94.18,
    "round_6": 55.12
  }
}