{
  "process_start_time": 1767887173.0914903,
  "process_end_time": 1767887197.3308995,
  "total_elapsed_time_seconds": 24.24,
  "rounds_time_stats": {
    "round_1": 24.22
  }
}