{
  "process_start_time": 1767681067.6974587,
  "process_end_time": 1767681341.0093243,
  "total_elapsed_time_seconds": 273.31,
  "rounds_time_stats": {
    "round_1": 48.66,
    "round_2": 45.67,
    "round_3": 46.1,
    "round_4": 39.4,
    "round_5": 45.0,
    "round_6": 48.48
  }
}