{
  "process_start_time": 1768555687.2058198,
  "process_end_time": 1768555821.2936373,
  "total_elapsed_time_seconds": 134.09,
  "rounds_time_stats": {
    "round_1": 23.03,
    "round_2": 9.77,
    "round_3": 22.24,
    "round_4": 31.06,
    "round_5": 16.63,
    "round_6": 31.35
  }
}