{
  "process_start_time": 1767887625.5487256,
  "process_end_time": 1767887770.7025206,
  "total_elapsed_time_seconds": 145.15,
  "rounds_time_stats": {
    "round_1": 43.36,
    "round_2": 36.81,
    "round_3": 35.47,
    "round_4": 29.5
  }
}