{
  "process_start_time": 1768551750.3136601,
  "process_end_time": 1768551902.5895286,
  "total_elapsed_time_seconds": 152.28,
  "rounds_time_stats": {
    "round_1": 32.24,
    "round_2": 20.65,
    "round_3": 24.77,
    "round_4": 23.23,
    "round_5": 26.01,
    "round_6": 25.37
  }
}