{
  "process_start_time": 1767884907.4862146,
  "process_end_time": 1767885038.9761837,
  "total_elapsed_time_seconds": 131.49,
  "rounds_time_stats": {
    "round_1": 131.49
  }
}