{
  "process_start_time": 1768108178.7985501,
  "process_end_time": 1768108433.3761735,
  "total_elapsed_time_seconds": 254.58,
  "rounds_time_stats": {
    "round_1": 33.75,
    "round_2": 40.81,
    "round_3": 44.87,
    "round_4": 42.76,
    "round_5": 46.46,
    "round_6": 45.91
  }
}