{
  "process_start_time": 1768551764.1282678,
  "process_end_time": 1768551973.439682,
  "total_elapsed_time_seconds": 209.31,
  "rounds_time_stats": {
    "round_1": 25.14,
    "round_2": 28.98,
    "round_3": 41.95,
    "round_4": 42.86,
    "round_5": 33.25,
    "round_6": 37.12
  }
}