{
  "process_start_time": 1767688654.4708383,
  "process_end_time": 1767688958.7639587,
  "total_elapsed_time_seconds": 304.29,
  "rounds_time_stats": {
    "round_1": 38.22,
    "round_2": 47.1,
    "round_3": 51.05,
    "round_4": 75.56,
    "round_5": 46.0,
    "round_6": 46.36
  }
}