{
  "process_start_time": 1768551926.3112216,
  "process_end_time": 1768552090.3679287,
  "total_elapsed_time_seconds": 164.06,
  "rounds_time_stats": {
    "round_1": 27.17,
    "round_2": 29.89,
    "round_3": 28.36,
    "round_4": 21.03,
    "round_5": 28.63,
    "round_6": 28.98
  }
}