{
  "process_start_time": 1768116341.3542602,
  "process_end_time": 1768116628.9563909,
  "total_elapsed_time_seconds": 287.6,
  "rounds_time_stats": {
    "round_1": 54.86,
    "round_2": 47.76,
    "round_3": 59.79,
    "round_4": 39.94,
    "round_5": 40.13,
    "round_6": 45.11
  }
}