{
  "process_start_time": 1767683745.6155949,
  "process_end_time": 1767684022.2458928,
  "total_elapsed_time_seconds": 276.63,
  "rounds_time_stats": {
    "round_1": 49.52,
    "round_2": 44.22,
    "round_3": 42.19,
    "round_4": 46.8,
    "round_5": 46.72,
    "round_6": 47.18
  }
}