{
  "process_start_time": 1767683808.6264799,
  "process_end_time": 1767684104.1850216,
  "total_elapsed_time_seconds": 295.56,
  "rounds_time_stats": {
    "round_1": 38.52,
    "round_2": 45.49,
    "round_3": 53.17,
    "round_4": 47.3,
    "round_5": 63.99,
    "round_6": 47.08
  }
}