{
  "process_start_time": 1767884592.2836435,
  "process_end_time": 1767884640.839041,
  "total_elapsed_time_seconds": 48.56,
  "rounds_time_stats": {
    "round_1": 19.64,
    "round_2": 28.91
  }
}