{
  "process_start_time": 1768552163.712325,
  "process_end_time": 1768552317.198188,
  "total_elapsed_time_seconds": 153.49,
  "rounds_time_stats": {
    "round_1": 27.14,
    "round_2": 25.78,
    "round_3": 30.28,
    "round_4": 25.9,
    "round_5": 20.69,
    "round_6": 23.7
  }
}