{
  "process_start_time": 1768550687.9137912,
  "process_end_time": 1768550950.1217587,
  "total_elapsed_time_seconds": 262.21,
  "rounds_time_stats": {
    "round_1": 45.82,
    "round_2": 43.56,
    "round_3": 42.48,
    "round_4": 42.22,
    "round_5": 44.34,
    "round_6": 43.79
  }
}