{
  "process_start_time": 1768556106.094756,
  "process_end_time": 1768556246.6627378,
  "total_elapsed_time_seconds": 140.57,
  "rounds_time_stats": {
    "round_1": 22.51,
    "round_2": 26.69,
    "round_3": 21.3,
    "round_4": 24.18,
    "round_5": 20.73,
    "round_6": 25.15
  }
}