{
  "process_start_time": 1767884208.0787494,
  "process_end_time": 1767884226.9428992,
  "total_elapsed_time_seconds": 18.86,
  "rounds_time_stats": {
    "round_1": 18.86
  }
}