{
  "process_start_time": 1768107778.4731636,
  "process_end_time": 1768107949.062866,
  "total_elapsed_time_seconds": 170.59,
  "rounds_time_stats": {
    "round_1": 26.62,
    "round_2": 31.57,
    "round_3": 21.34,
    "round_4": 32.26,
    "round_5": 34.58,
    "round_6": 24.22
  }
}