{
  "process_start_time": 1767676921.0015476,
  "process_end_time": 1767677177.9477682,
  "total_elapsed_time_seconds": 256.95,
  "rounds_time_stats": {
    "round_1": 42.79,
    "round_2": 33.15,
    "round_3": 45.93,
    "round_4": 41.09,
    "round_5": 43.79,
    "round_6": 50.2
  }
}