{
  "process_start_time": 1767973961.5313063,
  "process_end_time": 1767974335.1687717,
  "total_elapsed_time_seconds": 373.64,
  "rounds_time_stats": {
    "round_1": 64.79,
    "round_2": 75.04,
    "round_3": 42.5,
    "round_4": 43.19,
    "round_5": 68.94,
    "round_6": 79.17
  }
}