{
  "process_start_time": 1767684941.96412,
  "process_end_time": 1767685255.3996997,
  "total_elapsed_time_seconds": 313.44,
  "rounds_time_stats": {
    "round_1": 62.22,
    "round_2": 60.8,
    "round_3": 49.97,
    "round_4": 50.08,
    "round_5": 48.2,
    "round_6": 42.17
  }
}