{
  "process_start_time": 1768554749.2804027,
  "process_end_time": 1768554914.295293,
  "total_elapsed_time_seconds": 165.01,
  "rounds_time_stats": {
    "round_1": 24.32,
    "round_2": 26.41,
    "round_3": 28.13,
    "round_4": 27.81,
    "round_5": 29.56,
    "round_6": 28.79
  }
}