{
  "process_start_time": 1767889577.985693,
  "process_end_time": 1767889643.3945649,
  "total_elapsed_time_seconds": 65.41,
  "rounds_time_stats": {
    "round_1": 16.9,
    "round_2": 15.85,
    "round_3": 14.27,
    "round_4": 18.39
  }
}