{
  "process_start_time": 1768116182.0541377,
  "process_end_time": 1768116473.8310483,
  "total_elapsed_time_seconds": 291.78,
  "rounds_time_stats": {
    "round_1": 49.27,
    "round_2": 48.61,
    "round_3": 62.46,
    "round_4": 39.52,
    "round_5": 46.22,
    "round_6": 45.69
  }
}