{
  "process_start_time": 1767973441.4978697,
  "process_end_time": 1767973613.7307696,
  "total_elapsed_time_seconds": 172.23,
  "rounds_time_stats": {
    "round_1": 27.48,
    "round_2": 34.03,
    "round_3": 26.79,
    "round_4": 27.43,
    "round_5": 26.65,
    "round_6": 29.86
  }
}