{
  "process_start_time": 1767889425.6110094,
  "process_end_time": 1767889498.9080288,
  "total_elapsed_time_seconds": 73.3,
  "rounds_time_stats": {
    "round_1": 7.91,
    "round_2": 13.58,
    "round_3": 16.11,
    "round_4": 10.56,
    "round_5": 12.56,
    "round_6": 12.57
  }
}