{
  "process_start_time": 1767887889.8790846,
  "process_end_time": 1767887907.289405,
  "total_elapsed_time_seconds": 17.41,
  "rounds_time_stats": {
    "round_1": 17.41
  }
}