{
  "process_start_time": 1767684303.0850484,
  "process_end_time": 1767684628.2081656,
  "total_elapsed_time_seconds": 325.12,
  "rounds_time_stats": {
    "round_1": 49.25,
    "round_2": 75.64,
    "round_3": 61.13,
    "round_4": 44.18,
    "round_5": 46.76,
    "round_6": 48.16
  }
}