{
  "process_start_time": 1767684957.8568425,
  "process_end_time": 1767685237.872252,
  "total_elapsed_time_seconds": 280.02,
  "rounds_time_stats": {
    "round_1": 46.89,
    "round_2": 44.29,
    "round_3": 31.64,
    "round_4": 66.19,
    "round_5": 51.49,
    "round_6": 39.52
  }
}