{
  "process_start_time": 1767888683.2163496,
  "process_end_time": 1767888773.8357685,
  "total_elapsed_time_seconds": 90.62,
  "rounds_time_stats": {
    "round_1": 12.86,
    "round_2": 15.61,
    "round_3": 14.78,
    "round_4": 15.27,
    "round_5": 13.36,
    "round_6": 18.74
  }
}