{
  "process_start_time": 1768550747.7601862,
  "process_end_time": 1768551007.8752418,
  "total_elapsed_time_seconds": 260.12,
  "rounds_time_stats": {
    "round_1": 44.44,
    "round_2": 42.73,
    "round_3": 42.2,
    "round_4": 44.58,
    "round_5": 42.84,
    "round_6": 43.33
  }
}