{
  "process_start_time": 1768549937.215652,
  "process_end_time": 1768550237.0176313,
  "total_elapsed_time_seconds": 299.8,
  "rounds_time_stats": {
    "round_1": 43.67,
    "round_2": 48.79,
    "round_3": 72.91,
    "round_4": 45.73,
    "round_5": 46.21,
    "round_6": 42.5
  }
}