{
  "process_start_time": 1767890437.670496,
  "process_end_time": 1767890457.260085,
  "total_elapsed_time_seconds": 19.59,
  "rounds_time_stats": {
    "round_1": 19.59
  }
}