{
  "process_start_time": 1767691625.6067402,
  "process_end_time": 1767691879.5105486,
  "total_elapsed_time_seconds": 253.9,
  "rounds_time_stats": {
    "round_1": 28.23,
    "round_2": 41.91,
    "round_3": 41.58,
    "round_4": 46.99,
    "round_5": 37.57,
    "round_6": 57.63
  }
}