{
  "process_start_time": 1767884028.2508755,
  "process_end_time": 1767884158.8528707,
  "total_elapsed_time_seconds": 130.6,
  "rounds_time_stats": {
    "round_1": 23.08,
    "round_2": 19.7,
    "round_3": 18.94,
    "round_4": 20.61,
    "round_5": 23.32,
    "round_6": 24.95
  }
}