{
  "process_start_time": 1767685227.1399667,
  "process_end_time": 1767685464.828967,
  "total_elapsed_time_seconds": 237.69,
  "rounds_time_stats": {
    "round_1": 34.4,
    "round_2": 38.09,
    "round_3": 38.02,
    "round_4": 31.95,
    "round_5": 47.0,
    "round_6": 48.22
  }
}