{
  "process_start_time": 1767883742.2731261,
  "process_end_time": 1767883768.2734442,
  "total_elapsed_time_seconds": 26.0,
  "rounds_time_stats": {
    "round_1": 26.0
  }
}