{
  "process_start_time": 1767882946.6595235,
  "process_end_time": 1767882980.329347,
  "total_elapsed_time_seconds": 33.67,
  "rounds_time_stats": {
    "round_1": 33.67
  }
}