{
  "process_start_time": 1767886604.6715581,
  "process_end_time": 1767886728.2780843,
  "total_elapsed_time_seconds": 123.61,
  "rounds_time_stats": {
    "round_1": 16.17,
    "round_2": 23.03,
    "round_3": 21.71,
    "round_4": 22.74,
    "round_5": 17.77,
    "round_6": 22.18
  }
}