{
  "process_start_time": 1767683560.388569,
  "process_end_time": 1767683863.3452017,
  "total_elapsed_time_seconds": 302.96,
  "rounds_time_stats": {
    "round_1": 48.66,
    "round_2": 75.41,
    "round_3": 49.3,
    "round_4": 45.59,
    "round_5": 46.36,
    "round_6": 37.63
  }
}