{
  "process_start_time": 1767974337.1666412,
  "process_end_time": 1767974605.8117657,
  "total_elapsed_time_seconds": 268.65,
  "rounds_time_stats": {
    "round_1": 58.04,
    "round_2": 38.88,
    "round_3": 56.18,
    "round_4": 37.84,
    "round_5": 37.47,
    "round_6": 40.24
  }
}