{
  "process_start_time": 1767970265.9548025,
  "process_end_time": 1767970596.4230144,
  "total_elapsed_time_seconds": 330.47,
  "rounds_time_stats": {
    "round_1": 37.33,
    "round_2": 58.39,
    "round_3": 41.71,
    "round_4": 84.28,
    "round_5": 56.79,
    "round_6": 51.96
  }
}