{
  "process_start_time": 1767885755.8005154,
  "process_end_time": 1767885786.015114,
  "total_elapsed_time_seconds": 30.21,
  "rounds_time_stats": {
    "round_1": 13.85,
    "round_2": 16.36
  }
}