{
  "process_start_time": 1767889367.7755215,
  "process_end_time": 1767889450.9591959,
  "total_elapsed_time_seconds": 83.18,
  "rounds_time_stats": {
    "round_1": 18.58,
    "round_2": 14.49,
    "round_3": 17.53,
    "round_4": 14.64,
    "round_5": 17.94
  }
}