{
  "process_start_time": 1767680896.9323876,
  "process_end_time": 1767681163.1353042,
  "total_elapsed_time_seconds": 266.2,
  "rounds_time_stats": {
    "round_1": 46.39,
    "round_2": 47.11,
    "round_3": 46.79,
    "round_4": 43.4,
    "round_5": 33.86,
    "round_6": 48.64
  }
}