{
  "process_start_time": 1767890106.1059008,
  "process_end_time": 1767890141.6730063,
  "total_elapsed_time_seconds": 35.57,
  "rounds_time_stats": {
    "round_1": 35.55
  }
}