{
  "process_start_time": 1767888876.6641777,
  "process_end_time": 1767888936.7565565,
  "total_elapsed_time_seconds": 60.09,
  "rounds_time_stats": {
    "round_1": 11.97,
    "round_2": 8.5,
    "round_3": 12.02,
    "round_4": 7.88,
    "round_5": 10.19,
    "round_6": 9.53
  }
}