{
  "process_start_time": 1768117621.377267,
  "process_end_time": 1768117931.152623,
  "total_elapsed_time_seconds": 309.78,
  "rounds_time_stats": {
    "round_1": 47.82,
    "round_2": 44.68,
    "round_3": 66.05,
    "round_4": 43.03,
    "round_5": 43.57,
    "round_6": 64.62
  }
}