{
  "process_start_time": 1767890320.8300488,
  "process_end_time": 1767890337.883181,
  "total_elapsed_time_seconds": 17.05,
  "rounds_time_stats": {
    "round_1": 17.05
  }
}