{
  "process_start_time": 1767885674.90247,
  "process_end_time": 1767885706.8920658,
  "total_elapsed_time_seconds": 31.99,
  "rounds_time_stats": {
    "round_1": 31.98
  }
}