{
  "process_start_time": 1767887292.980326,
  "process_end_time": 1767887345.0357845,
  "total_elapsed_time_seconds": 52.06,
  "rounds_time_stats": {
    "round_1": 17.24,
    "round_2": 34.81
  }
}