{
  "process_start_time": 1767889095.7528722,
  "process_end_time": 1767889156.8659928,
  "total_elapsed_time_seconds": 61.11,
  "rounds_time_stats": {
    "round_1": 19.49,
    "round_2": 18.71,
    "round_3": 22.6,
    "round_4": 0.31
  }
}