{
  "process_start_time": 1767974732.5497956,
  "process_end_time": 1767975029.0382316,
  "total_elapsed_time_seconds": 296.49,
  "rounds_time_stats": {
    "round_1": 53.31,
    "round_2": 67.94,
    "round_3": 66.08,
    "round_4": 47.58,
    "round_5": 32.17,
    "round_6": 29.4
  }
}