{
  "process_start_time": 1767888179.5162468,
  "process_end_time": 1767888193.950006,
  "total_elapsed_time_seconds": 14.43,
  "rounds_time_stats": {
    "round_1": 14.43
  }
}