{
  "process_start_time": 1768555477.9285262,
  "process_end_time": 1768555521.8666391,
  "total_elapsed_time_seconds": 43.94,
  "rounds_time_stats": {
    "round_1": 43.92
  }
}