{
  "process_start_time": 1768551238.650563,
  "process_end_time": 1768551405.0351913,
  "total_elapsed_time_seconds": 166.38,
  "rounds_time_stats": {
    "round_1": 25.1,
    "round_2": 28.45,
    "round_3": 29.74,
    "round_4": 27.0,
    "round_5": 22.3,
    "round_6": 33.79
  }
}