{
  "process_start_time": 1767676845.0576625,
  "process_end_time": 1767677128.8094192,
  "total_elapsed_time_seconds": 283.75,
  "rounds_time_stats": {
    "round_1": 46.23,
    "round_2": 47.08,
    "round_3": 58.68,
    "round_4": 44.14,
    "round_5": 43.03,
    "round_6": 44.6
  }
}