{
  "process_start_time": 1767890579.337975,
  "process_end_time": 1767890604.1668794,
  "total_elapsed_time_seconds": 24.83,
  "rounds_time_stats": {
    "round_1": 24.83
  }
}