{
  "process_start_time": 1767979003.4199362,
  "process_end_time": 1767979196.8756142,
  "total_elapsed_time_seconds": 193.46,
  "rounds_time_stats": {
    "round_1": 34.15,
    "round_2": 35.54,
    "round_3": 32.64,
    "round_4": 32.49,
    "round_5": 30.25,
    "round_6": 28.39
  }
}