{
  "process_start_time": 1767683779.448801,
  "process_end_time": 1767684053.2542663,
  "total_elapsed_time_seconds": 273.81,
  "rounds_time_stats": {
    "round_1": 46.31,
    "round_2": 39.11,
    "round_3": 48.56,
    "round_4": 45.32,
    "round_5": 50.39,
    "round_6": 44.11
  }
}