{
  "process_start_time": 1767889036.8177147,
  "process_end_time": 1767889210.239482,
  "total_elapsed_time_seconds": 173.42,
  "rounds_time_stats": {
    "round_1": 24.61,
    "round_2": 28.44,
    "round_3": 32.48,
    "round_4": 33.71,
    "round_5": 25.98,
    "round_6": 28.2
  }
}