{
  "process_start_time": 1768551912.6063108,
  "process_end_time": 1768552070.3932498,
  "total_elapsed_time_seconds": 157.79,
  "rounds_time_stats": {
    "round_1": 16.61,
    "round_2": 24.83,
    "round_3": 27.07,
    "round_4": 29.95,
    "round_5": 32.84,
    "round_6": 26.49
  }
}