{
  "process_start_time": 1768109320.866471,
  "process_end_time": 1768109610.2813337,
  "total_elapsed_time_seconds": 289.41,
  "rounds_time_stats": {
    "round_1": 47.85,
    "round_2": 46.83,
    "round_3": 58.08,
    "round_4": 45.94,
    "round_5": 41.72,
    "round_6": 49.01
  }
}