{
  "process_start_time": 1767978777.4286482,
  "process_end_time": 1767978950.8770635,
  "total_elapsed_time_seconds": 173.45,
  "rounds_time_stats": {
    "round_1": 19.5,
    "round_2": 32.65,
    "round_3": 31.99,
    "round_4": 27.31,
    "round_5": 28.27,
    "round_6": 33.73
  }
}