{
  "process_start_time": 1767883655.9660833,
  "process_end_time": 1767883845.9586177,
  "total_elapsed_time_seconds": 189.99,
  "rounds_time_stats": {
    "round_1": 13.45,
    "round_2": 14.07,
    "round_3": 51.17,
    "round_4": 40.31,
    "round_5": 42.51,
    "round_6": 28.48
  }
}