{
  "process_start_time": 1767978950.2696414,
  "process_end_time": 1767979114.6003022,
  "total_elapsed_time_seconds": 164.33,
  "rounds_time_stats": {
    "round_1": 22.42,
    "round_2": 24.04,
    "round_3": 30.62,
    "round_4": 28.24,
    "round_5": 30.32,
    "round_6": 28.69
  }
}