{
  "process_start_time": 1767887153.131125,
  "process_end_time": 1767887348.1746469,
  "total_elapsed_time_seconds": 195.04,
  "rounds_time_stats": {
    "round_1": 27.21,
    "round_2": 39.02,
    "round_3": 30.06,
    "round_4": 26.29,
    "round_5": 31.25,
    "round_6": 41.21
  }
}