{
  "process_start_time": 1767886231.2865386,
  "process_end_time": 1767886252.9622214,
  "total_elapsed_time_seconds": 21.68,
  "rounds_time_stats": {
    "round_1": 21.67
  }
}