{
  "process_start_time": 1767890131.3609204,
  "process_end_time": 1767890188.0220008,
  "total_elapsed_time_seconds": 56.66,
  "rounds_time_stats": {
    "round_1": 28.99,
    "round_2": 27.66
  }
}