{
  "process_start_time": 1767882953.2674248,
  "process_end_time": 1767883074.899383,
  "total_elapsed_time_seconds": 121.63,
  "rounds_time_stats": {
    "round_1": 20.13,
    "round_2": 17.16,
    "round_3": 21.6,
    "round_4": 16.19,
    "round_5": 20.88,
    "round_6": 25.67
  }
}