{
  "process_start_time": 1768117160.8933856,
  "process_end_time": 1768117443.3620605,
  "total_elapsed_time_seconds": 282.47,
  "rounds_time_stats": {
    "round_1": 39.98,
    "round_2": 38.87,
    "round_3": 42.51,
    "round_4": 49.25,
    "round_5": 45.74,
    "round_6": 66.11
  }
}