{
  "process_start_time": 1767886522.2576325,
  "process_end_time": 1767886645.7789326,
  "total_elapsed_time_seconds": 123.52,
  "rounds_time_stats": {
    "round_1": 14.02,
    "round_2": 13.3,
    "round_3": 19.91,
    "round_4": 21.32,
    "round_5": 22.24,
    "round_6": 32.73
  }
}