{
  "process_start_time": 1767887900.0468628,
  "process_end_time": 1767887945.9338834,
  "total_elapsed_time_seconds": 45.89,
  "rounds_time_stats": {
    "round_1": 45.87
  }
}