{
  "process_start_time": 1768108187.3621588,
  "process_end_time": 1768108431.3054543,
  "total_elapsed_time_seconds": 243.94,
  "rounds_time_stats": {
    "round_1": 32.94,
    "round_2": 31.64,
    "round_3": 46.46,
    "round_4": 41.91,
    "round_5": 46.78,
    "round_6": 44.2
  }
}