{
  "process_start_time": 1767890520.0822449,
  "process_end_time": 1767890549.7363892,
  "total_elapsed_time_seconds": 29.65,
  "rounds_time_stats": {
    "round_1": 29.65
  }
}