{
  "process_start_time": 1767885038.0403316,
  "process_end_time": 1767885062.3998578,
  "total_elapsed_time_seconds": 24.36,
  "rounds_time_stats": {
    "round_1": 24.36
  }
}