{
  "process_start_time": 1767679745.8588073,
  "process_end_time": 1767680060.7151482,
  "total_elapsed_time_seconds": 314.86,
  "rounds_time_stats": {
    "round_1": 50.74,
    "round_2": 63.52,
    "round_3": 46.98,
    "round_4": 45.94,
    "round_5": 64.95,
    "round_6": 42.73
  }
}