{
  "process_start_time": 1768114993.720942,
  "process_end_time": 1768115236.865143,
  "total_elapsed_time_seconds": 243.14,
  "rounds_time_stats": {
    "round_1": 41.8,
    "round_2": 34.14,
    "round_3": 33.17,
    "round_4": 45.63,
    "round_5": 44.99,
    "round_6": 43.41
  }
}