{
  "process_start_time": 1767883499.4825208,
  "process_end_time": 1767883518.5639675,
  "total_elapsed_time_seconds": 19.08,
  "rounds_time_stats": {
    "round_1": 19.08
  }
}