{
  "process_start_time": 1767883061.1429226,
  "process_end_time": 1767883140.724901,
  "total_elapsed_time_seconds": 79.58,
  "rounds_time_stats": {
    "round_1": 12.01,
    "round_2": 14.71,
    "round_3": 12.41,
    "round_4": 14.82,
    "round_5": 10.97,
    "round_6": 14.66
  }
}