{
  "process_start_time": 1767849999.4820592,
  "process_end_time": 1767850138.7408173,
  "total_elapsed_time_seconds": 139.26,
  "rounds_time_stats": {
    "round_1": 11.66,
    "round_2": 25.43,
    "round_3": 24.01,
    "round_4": 30.22,
    "round_5": 25.56,
    "round_6": 22.38
  }
}