{
  "process_start_time": 1767665200.2425148,
  "process_end_time": 1767665436.0227458,
  "total_elapsed_time_seconds": 235.78,
  "rounds_time_stats": {
    "round_1": 33.65,
    "round_2": 42.79,
    "round_3": 32.02,
    "round_4": 46.8,
    "round_5": 44.28,
    "round_6": 36.24
  }
}