{
  "process_start_time": 1767885828.8401937,
  "process_end_time": 1767885855.75856,
  "total_elapsed_time_seconds": 26.92,
  "rounds_time_stats": {
    "round_1": 26.92
  }
}