{
  "process_start_time": 1767885112.417671,
  "process_end_time": 1767885143.5122516,
  "total_elapsed_time_seconds": 31.09,
  "rounds_time_stats": {
    "round_1": 31.09
  }
}