{
  "process_start_time": 1767887418.4513068,
  "process_end_time": 1767887437.094416,
  "total_elapsed_time_seconds": 18.64,
  "rounds_time_stats": {
    "round_1": 18.64
  }
}