{
  "process_start_time": 1768551620.3514194,
  "process_end_time": 1768551791.9832447,
  "total_elapsed_time_seconds": 171.63,
  "rounds_time_stats": {
    "round_1": 29.38,
    "round_2": 28.38,
    "round_3": 29.96,
    "round_4": 26.47,
    "round_5": 29.02,
    "round_6": 28.42
  }
}