{
  "process_start_time": 1768551213.2937052,
  "process_end_time": 1768551282.5607588,
  "total_elapsed_time_seconds": 69.27,
  "rounds_time_stats": {
    "round_1": 28.97,
    "round_2": 40.27
  }
}