{
  "process_start_time": 1767888653.8797333,
  "process_end_time": 1767888667.185454,
  "total_elapsed_time_seconds": 13.31,
  "rounds_time_stats": {
    "round_1": 13.3
  }
}