{
  "process_start_time": 1767689684.8002558,
  "process_end_time": 1767689977.6719825,
  "total_elapsed_time_seconds": 292.87,
  "rounds_time_stats": {
    "round_1": 42.84,
    "round_2": 49.31,
    "round_3": 59.03,
    "round_4": 47.89,
    "round_5": 45.84,
    "round_6": 47.95
  }
}