{
  "process_start_time": 1767679285.07124,
  "process_end_time": 1767679562.8280709,
  "total_elapsed_time_seconds": 277.76,
  "rounds_time_stats": {
    "round_1": 42.72,
    "round_2": 48.24,
    "round_3": 45.92,
    "round_4": 41.23,
    "round_5": 54.8,
    "round_6": 44.84
  }
}