{
  "process_start_time": 1768552366.5010216,
  "process_end_time": 1768552733.1500585,
  "total_elapsed_time_seconds": 366.65,
  "rounds_time_stats": {
    "round_1": 32.82,
    "round_2": 141.1,
    "round_3": 35.69,
    "round_4": 57.57,
    "round_5": 39.75,
    "round_6": 59.72
  }
}