{
  "process_start_time": 1767884718.4706345,
  "process_end_time": 1767884840.689607,
  "total_elapsed_time_seconds": 122.22,
  "rounds_time_stats": {
    "round_1": 18.53,
    "round_2": 20.14,
    "round_3": 18.06,
    "round_4": 21.05,
    "round_5": 16.17,
    "round_6": 28.26
  }
}