{
  "process_start_time": 1767885796.874471,
  "process_end_time": 1767885818.5280252,
  "total_elapsed_time_seconds": 21.65,
  "rounds_time_stats": {
    "round_1": 21.64
  }
}