{
  "process_start_time": 1767685773.7573278,
  "process_end_time": 1767686027.261212,
  "total_elapsed_time_seconds": 253.5,
  "rounds_time_stats": {
    "round_1": 39.57,
    "round_2": 43.9,
    "round_3": 44.06,
    "round_4": 43.91,
    "round_5": 39.71,
    "round_6": 42.34
  }
}