{
  "process_start_time": 1767886502.731963,
  "process_end_time": 1767886524.877796,
  "total_elapsed_time_seconds": 22.15,
  "rounds_time_stats": {
    "round_1": 22.14
  }
}