{
  "process_start_time": 1767885843.2282999,
  "process_end_time": 1767885861.5759685,
  "total_elapsed_time_seconds": 18.35,
  "rounds_time_stats": {
    "round_1": 18.34
  }
}