{
  "process_start_time": 1768748393.561554,
  "process_end_time": 1768748600.9779606,
  "total_elapsed_time_seconds": 207.42,
  "rounds_time_stats": {
    "round_1": 36.83,
    "round_2": 41.28,
    "round_3": 31.87,
    "round_4": 30.44,
    "round_5": 34.12,
    "round_6": 32.88
  }
}