{
  "process_start_time": 1767890031.1251116,
  "process_end_time": 1767890106.8186028,
  "total_elapsed_time_seconds": 75.69,
  "rounds_time_stats": {
    "round_1": 16.15,
    "round_2": 41.95,
    "round_3": 17.35,
    "round_4": 0.24
  }
}