{
  "process_start_time": 1767688121.2680428,
  "process_end_time": 1767688383.953557,
  "total_elapsed_time_seconds": 262.69,
  "rounds_time_stats": {
    "round_1": 50.05,
    "round_2": 36.74,
    "round_3": 58.05,
    "round_4": 41.6,
    "round_5": 38.91,
    "round_6": 37.33
  }
}