{
  "process_start_time": 1767976113.7834325,
  "process_end_time": 1767976280.935164,
  "total_elapsed_time_seconds": 167.15,
  "rounds_time_stats": {
    "round_1": 30.92,
    "round_2": 29.91,
    "round_3": 24.69,
    "round_4": 30.36,
    "round_5": 28.52,
    "round_6": 22.75
  }
}