{
  "process_start_time": 1767688114.408981,
  "process_end_time": 1767688428.6146274,
  "total_elapsed_time_seconds": 314.21,
  "rounds_time_stats": {
    "round_1": 56.9,
    "round_2": 41.95,
    "round_3": 52.47,
    "round_4": 57.14,
    "round_5": 60.99,
    "round_6": 44.76
  }
}