{
  "process_start_time": 1767884219.6995585,
  "process_end_time": 1767884235.5896025,
  "total_elapsed_time_seconds": 15.89,
  "rounds_time_stats": {
    "round_1": 15.89
  }
}