{
  "process_start_time": 1767689820.3336816,
  "process_end_time": 1767690100.358496,
  "total_elapsed_time_seconds": 280.02,
  "rounds_time_stats": {
    "round_1": 43.98,
    "round_2": 49.55,
    "round_3": 48.46,
    "round_4": 45.44,
    "round_5": 42.84,
    "round_6": 49.75
  }
}