{
  "process_start_time": 1767890507.6152027,
  "process_end_time": 1767890532.0541537,
  "total_elapsed_time_seconds": 24.44,
  "rounds_time_stats": {
    "round_1": 24.44
  }
}