{
  "process_start_time": 1767976114.6589782,
  "process_end_time": 1767976280.3473969,
  "total_elapsed_time_seconds": 165.69,
  "rounds_time_stats": {
    "round_1": 28.14,
    "round_2": 23.57,
    "round_3": 29.43,
    "round_4": 23.25,
    "round_5": 31.54,
    "round_6": 29.76
  }
}