{
  "process_start_time": 1767678657.227185,
  "process_end_time": 1767678926.1867325,
  "total_elapsed_time_seconds": 268.96,
  "rounds_time_stats": {
    "round_1": 45.37,
    "round_2": 42.84,
    "round_3": 46.37,
    "round_4": 50.77,
    "round_5": 40.39,
    "round_6": 43.22
  }
}