{
  "process_start_time": 1767887378.9331353,
  "process_end_time": 1767887640.807197,
  "total_elapsed_time_seconds": 261.87,
  "rounds_time_stats": {
    "round_1": 44.66,
    "round_2": 54.37,
    "round_3": 45.16,
    "round_4": 40.0,
    "round_5": 41.46,
    "round_6": 36.2
  }
}