{
  "process_start_time": 1767889482.155956,
  "process_end_time": 1767889539.2986217,
  "total_elapsed_time_seconds": 57.14,
  "rounds_time_stats": {
    "round_1": 11.02,
    "round_2": 12.95,
    "round_3": 16.17,
    "round_4": 16.99
  }
}