{
  "process_start_time": 1767684330.1946223,
  "process_end_time": 1767684594.8565497,
  "total_elapsed_time_seconds": 264.66,
  "rounds_time_stats": {
    "round_1": 37.7,
    "round_2": 46.38,
    "round_3": 45.13,
    "round_4": 45.67,
    "round_5": 45.8,
    "round_6": 43.98
  }
}