{
  "process_start_time": 1768556131.5954041,
  "process_end_time": 1768556163.4395561,
  "total_elapsed_time_seconds": 31.84,
  "rounds_time_stats": {
    "round_1": 31.82
  }
}