{
  "process_start_time": 1767884577.1710038,
  "process_end_time": 1767884699.6787555,
  "total_elapsed_time_seconds": 122.51,
  "rounds_time_stats": {
    "round_1": 31.13,
    "round_2": 16.33,
    "round_3": 20.66,
    "round_4": 15.92,
    "round_5": 18.45,
    "round_6": 20.01
  }
}