{
  "process_start_time": 1767887863.6967201,
  "process_end_time": 1767887885.3278422,
  "total_elapsed_time_seconds": 21.63,
  "rounds_time_stats": {
    "round_1": 21.63
  }
}