{
  "process_start_time": 1767973450.8434646,
  "process_end_time": 1767973635.195342,
  "total_elapsed_time_seconds": 184.35,
  "rounds_time_stats": {
    "round_1": 23.93,
    "round_2": 30.91,
    "round_3": 21.6,
    "round_4": 39.71,
    "round_5": 35.59,
    "round_6": 32.6
  }
}