{
  "process_start_time": 1768556657.2671337,
  "process_end_time": 1768556827.9459608,
  "total_elapsed_time_seconds": 170.68,
  "rounds_time_stats": {
    "round_1": 29.43,
    "round_2": 30.01,
    "round_3": 37.69,
    "round_4": 26.18,
    "round_5": 20.16,
    "round_6": 27.21
  }
}