{
  "process_start_time": 1767888122.450525,
  "process_end_time": 1767888262.7388883,
  "total_elapsed_time_seconds": 140.29,
  "rounds_time_stats": {
    "round_1": 14.95,
    "round_2": 21.85,
    "round_3": 26.45,
    "round_4": 25.81,
    "round_5": 23.88,
    "round_6": 27.35
  }
}