{
  "process_start_time": 1767974270.2482917,
  "process_end_time": 1767974594.1024046,
  "total_elapsed_time_seconds": 323.85,
  "rounds_time_stats": {
    "round_1": 37.17,
    "round_2": 43.97,
    "round_3": 43.55,
    "round_4": 54.65,
    "round_5": 54.1,
    "round_6": 90.42
  }
}