{
  "process_start_time": 1767675750.799068,
  "process_end_time": 1767676026.973844,
  "total_elapsed_time_seconds": 276.17,
  "rounds_time_stats": {
    "round_1": 33.57,
    "round_2": 47.92,
    "round_3": 43.17,
    "round_4": 62.53,
    "round_5": 44.59,
    "round_6": 44.4
  }
}