{
  "process_start_time": 1767680019.0532212,
  "process_end_time": 1767680293.1659548,
  "total_elapsed_time_seconds": 274.11,
  "rounds_time_stats": {
    "round_1": 39.01,
    "round_2": 48.55,
    "round_3": 47.69,
    "round_4": 48.29,
    "round_5": 48.53,
    "round_6": 42.03
  }
}