{
  "process_start_time": 1767678399.7737226,
  "process_end_time": 1767678656.5251434,
  "total_elapsed_time_seconds": 256.75,
  "rounds_time_stats": {
    "round_1": 39.28,
    "round_2": 41.9,
    "round_3": 38.65,
    "round_4": 45.54,
    "round_5": 43.65,
    "round_6": 47.74
  }
}