{
  "process_start_time": 1767676891.4363482,
  "process_end_time": 1767677140.3662026,
  "total_elapsed_time_seconds": 248.93,
  "rounds_time_stats": {
    "round_1": 46.14,
    "round_2": 44.83,
    "round_3": 47.72,
    "round_4": 42.47,
    "round_5": 40.94,
    "round_6": 26.83
  }
}