{
  "process_start_time": 1767889157.6803179,
  "process_end_time": 1767889231.487295,
  "total_elapsed_time_seconds": 73.81,
  "rounds_time_stats": {
    "round_1": 9.2,
    "round_2": 12.67,
    "round_3": 11.15,
    "round_4": 13.17,
    "round_5": 12.97,
    "round_6": 14.65
  }
}