{
  "process_start_time": 1768552285.1039655,
  "process_end_time": 1768552647.2730238,
  "total_elapsed_time_seconds": 362.17,
  "rounds_time_stats": {
    "round_1": 19.65,
    "round_2": 32.77,
    "round_3": 36.4,
    "round_4": 139.86,
    "round_5": 99.8,
    "round_6": 33.68
  }
}