{
  "process_start_time": 1767975544.896301,
  "process_end_time": 1767975595.5682144,
  "total_elapsed_time_seconds": 50.67,
  "rounds_time_stats": {
    "round_1": 50.66
  }
}