{
  "process_start_time": 1767883135.8148196,
  "process_end_time": 1767883153.8620424,
  "total_elapsed_time_seconds": 18.05,
  "rounds_time_stats": {
    "round_1": 18.04
  }
}