{
  "process_start_time": 1767882890.734256,
  "process_end_time": 1767882903.9136732,
  "total_elapsed_time_seconds": 13.18,
  "rounds_time_stats": {
    "round_1": 13.17
  }
}