{
  "process_start_time": 1767890257.785232,
  "process_end_time": 1767890390.6806014,
  "total_elapsed_time_seconds": 132.9,
  "rounds_time_stats": {
    "round_1": 21.52,
    "round_2": 23.8,
    "round_3": 30.18,
    "round_4": 24.73,
    "round_5": 32.62
  }
}