{
  "process_start_time": 1767885907.2408538,
  "process_end_time": 1767885960.0406547,
  "total_elapsed_time_seconds": 52.8,
  "rounds_time_stats": {
    "round_1": 52.77
  }
}