{
  "process_start_time": 1767890335.2613246,
  "process_end_time": 1767890431.936817,
  "total_elapsed_time_seconds": 96.68,
  "rounds_time_stats": {
    "round_1": 16.97,
    "round_2": 21.8,
    "round_3": 28.22,
    "round_4": 29.67
  }
}