{
  "process_start_time": 1767887877.8192854,
  "process_end_time": 1767887948.913814,
  "total_elapsed_time_seconds": 71.09,
  "rounds_time_stats": {
    "round_1": 20.92,
    "round_2": 22.11,
    "round_3": 28.06
  }
}