{
  "process_start_time": 1768117332.577183,
  "process_end_time": 1768117637.8750062,
  "total_elapsed_time_seconds": 305.3,
  "rounds_time_stats": {
    "round_1": 37.61,
    "round_2": 55.41,
    "round_3": 49.02,
    "round_4": 50.27,
    "round_5": 50.35,
    "round_6": 62.63
  }
}