{
  "process_start_time": 1767676902.441661,
  "process_end_time": 1767677206.6717644,
  "total_elapsed_time_seconds": 304.23,
  "rounds_time_stats": {
    "round_1": 63.18,
    "round_2": 64.08,
    "round_3": 42.0,
    "round_4": 44.38,
    "round_5": 48.29,
    "round_6": 42.3
  }
}