{
  "process_start_time": 1767886185.7391922,
  "process_end_time": 1767886211.9804878,
  "total_elapsed_time_seconds": 26.24,
  "rounds_time_stats": {
    "round_1": 26.23
  }
}