{
  "process_start_time": 1767684053.2552876,
  "process_end_time": 1767684380.196099,
  "total_elapsed_time_seconds": 326.94,
  "rounds_time_stats": {
    "round_1": 50.01,
    "round_2": 45.75,
    "round_3": 50.17,
    "round_4": 59.59,
    "round_5": 47.66,
    "round_6": 73.76
  }
}