{
  "process_start_time": 1767886479.7928662,
  "process_end_time": 1767886502.7139523,
  "total_elapsed_time_seconds": 22.92,
  "rounds_time_stats": {
    "round_1": 22.91
  }
}