{
  "process_start_time": 1767886168.7677932,
  "process_end_time": 1767886186.7655606,
  "total_elapsed_time_seconds": 18.0,
  "rounds_time_stats": {
    "round_1": 17.99
  }
}