{
  "process_start_time": 1767973270.79362,
  "process_end_time": 1767973441.6028225,
  "total_elapsed_time_seconds": 170.81,
  "rounds_time_stats": {
    "round_1": 15.67,
    "round_2": 24.76,
    "round_3": 33.09,
    "round_4": 33.44,
    "round_5": 30.78,
    "round_6": 33.07
  }
}