{
  "process_start_time": 1767885037.3862097,
  "process_end_time": 1767885276.8217294,
  "total_elapsed_time_seconds": 239.44,
  "rounds_time_stats": {
    "round_1": 51.59,
    "round_2": 34.13,
    "round_3": 29.73,
    "round_4": 54.36,
    "round_5": 34.6,
    "round_6": 35.02
  }
}