{
  "process_start_time": 1768117966.893377,
  "process_end_time": 1768118197.1192958,
  "total_elapsed_time_seconds": 230.23,
  "rounds_time_stats": {
    "round_1": 60.7,
    "round_2": 47.64,
    "round_3": 42.33,
    "round_4": 33.88,
    "round_5": 21.71,
    "round_6": 23.97
  }
}