{
  "process_start_time": 1767685237.7670288,
  "process_end_time": 1767685514.3840098,
  "total_elapsed_time_seconds": 276.62,
  "rounds_time_stats": {
    "round_1": 40.59,
    "round_2": 53.52,
    "round_3": 44.07,
    "round_4": 44.5,
    "round_5": 48.87,
    "round_6": 45.06
  }
}