{
  "process_start_time": 1768115799.490151,
  "process_end_time": 1768116105.7516205,
  "total_elapsed_time_seconds": 306.26,
  "rounds_time_stats": {
    "round_1": 48.3,
    "round_2": 49.01,
    "round_3": 83.19,
    "round_4": 45.55,
    "round_5": 34.55,
    "round_6": 45.66
  }
}