{
  "process_start_time": 1767688152.8950906,
  "process_end_time": 1767688463.3645673,
  "total_elapsed_time_seconds": 310.47,
  "rounds_time_stats": {
    "round_1": 49.47,
    "round_2": 47.06,
    "round_3": 74.35,
    "round_4": 47.65,
    "round_5": 45.39,
    "round_6": 46.56
  }
}