{
  "process_start_time": 1768552200.8704922,
  "process_end_time": 1768552353.704363,
  "total_elapsed_time_seconds": 152.83,
  "rounds_time_stats": {
    "round_1": 28.92,
    "round_2": 25.73,
    "round_3": 29.49,
    "round_4": 25.04,
    "round_5": 24.6,
    "round_6": 19.06
  }
}