{
  "process_start_time": 1767978951.3058977,
  "process_end_time": 1767979189.8435006,
  "total_elapsed_time_seconds": 238.54,
  "rounds_time_stats": {
    "round_1": 34.76,
    "round_2": 28.86,
    "round_3": 40.82,
    "round_4": 49.27,
    "round_5": 43.21,
    "round_6": 41.61
  }
}