{
  "process_start_time": 1768109005.931488,
  "process_end_time": 1768109276.1631877,
  "total_elapsed_time_seconds": 270.23,
  "rounds_time_stats": {
    "round_1": 48.8,
    "round_2": 47.71,
    "round_3": 44.73,
    "round_4": 43.17,
    "round_5": 45.45,
    "round_6": 40.37
  }
}