{
  "process_start_time": 1767675750.5276337,
  "process_end_time": 1767675999.7926571,
  "total_elapsed_time_seconds": 249.27,
  "rounds_time_stats": {
    "round_1": 37.17,
    "round_2": 43.48,
    "round_3": 44.25,
    "round_4": 43.88,
    "round_5": 44.42,
    "round_6": 36.07
  }
}