{
  "process_start_time": 1767884721.1208973,
  "process_end_time": 1767884853.9752421,
  "total_elapsed_time_seconds": 132.85,
  "rounds_time_stats": {
    "round_1": 20.22,
    "round_2": 39.69,
    "round_3": 72.88,
    "round_4": 0.07
  }
}