{
  "process_start_time": 1768551935.9588912,
  "process_end_time": 1768552087.9538338,
  "total_elapsed_time_seconds": 151.99,
  "rounds_time_stats": {
    "round_1": 18.65,
    "round_2": 27.84,
    "round_3": 29.63,
    "round_4": 29.34,
    "round_5": 21.14,
    "round_6": 25.4
  }
}