{
  "process_start_time": 1767888543.3566053,
  "process_end_time": 1767888564.5228317,
  "total_elapsed_time_seconds": 21.17,
  "rounds_time_stats": {
    "round_1": 11.15,
    "round_2": 10.01
  }
}