{
  "process_start_time": 1767687030.3488035,
  "process_end_time": 1767687310.332959,
  "total_elapsed_time_seconds": 279.98,
  "rounds_time_stats": {
    "round_1": 56.91,
    "round_2": 36.71,
    "round_3": 34.19,
    "round_4": 57.14,
    "round_5": 47.88,
    "round_6": 47.14
  }
}