{
  "process_start_time": 1767889842.2881403,
  "process_end_time": 1767889968.1355298,
  "total_elapsed_time_seconds": 125.85,
  "rounds_time_stats": {
    "round_1": 14.56,
    "round_2": 25.45,
    "round_3": 20.71,
    "round_4": 24.84,
    "round_5": 18.86,
    "round_6": 21.44
  }
}