{
  "process_start_time": 1767884282.1347454,
  "process_end_time": 1767884300.3211892,
  "total_elapsed_time_seconds": 18.19,
  "rounds_time_stats": {
    "round_1": 18.18
  }
}