{
  "process_start_time": 1767689150.2234902,
  "process_end_time": 1767689449.2113478,
  "total_elapsed_time_seconds": 298.99,
  "rounds_time_stats": {
    "round_1": 44.25,
    "round_2": 65.86,
    "round_3": 45.62,
    "round_4": 49.39,
    "round_5": 45.37,
    "round_6": 48.49
  }
}