{
  "process_start_time": 1767883205.890281,
  "process_end_time": 1767883390.7974648,
  "total_elapsed_time_seconds": 184.91,
  "rounds_time_stats": {
    "round_1": 19.65,
    "round_2": 20.74,
    "round_3": 35.28,
    "round_4": 34.44,
    "round_5": 38.12,
    "round_6": 36.67
  }
}