{
  "process_start_time": 1767888405.3066823,
  "process_end_time": 1767888443.3482327,
  "total_elapsed_time_seconds": 38.04,
  "rounds_time_stats": {
    "round_1": 38.02
  }
}