{
  "process_start_time": 1767884119.378775,
  "process_end_time": 1767884141.824218,
  "total_elapsed_time_seconds": 22.45,
  "rounds_time_stats": {
    "round_1": 22.44
  }
}