{
  "process_start_time": 1767978190.8953226,
  "process_end_time": 1767978334.7291687,
  "total_elapsed_time_seconds": 143.83,
  "rounds_time_stats": {
    "round_1": 19.93,
    "round_2": 22.47,
    "round_3": 25.91,
    "round_4": 21.35,
    "round_5": 26.96,
    "round_6": 27.21
  }
}