{
  "process_start_time": 1767665163.7954187,
  "process_end_time": 1767665434.4818413,
  "total_elapsed_time_seconds": 270.69,
  "rounds_time_stats": {
    "round_1": 37.38,
    "round_2": 47.06,
    "round_3": 45.45,
    "round_4": 47.6,
    "round_5": 46.23,
    "round_6": 46.95
  }
}