{
  "process_start_time": 1767883662.158964,
  "process_end_time": 1767883770.9048672,
  "total_elapsed_time_seconds": 108.75,
  "rounds_time_stats": {
    "round_1": 17.71,
    "round_2": 14.46,
    "round_3": 15.91,
    "round_4": 21.08,
    "round_5": 17.75,
    "round_6": 21.84
  }
}