{
  "process_start_time": 1767884374.563428,
  "process_end_time": 1767884396.143781,
  "total_elapsed_time_seconds": 21.58,
  "rounds_time_stats": {
    "round_1": 21.31,
    "round_2": 0.27
  }
}