{
  "process_start_time": 1767885331.7237353,
  "process_end_time": 1767885399.2203827,
  "total_elapsed_time_seconds": 67.5,
  "rounds_time_stats": {
    "round_1": 35.4,
    "round_2": 32.09
  }
}