{
  "process_start_time": 1767884470.9979901,
  "process_end_time": 1767884487.0354471,
  "total_elapsed_time_seconds": 16.04,
  "rounds_time_stats": {
    "round_1": 16.03
  }
}