{
  "process_start_time": 1767889149.6790707,
  "process_end_time": 1767889167.8593068,
  "total_elapsed_time_seconds": 18.18,
  "rounds_time_stats": {
    "round_1": 18.17
  }
}