{
  "process_start_time": 1767882890.730267,
  "process_end_time": 1767882932.9661868,
  "total_elapsed_time_seconds": 42.24,
  "rounds_time_stats": {
    "round_1": 20.82,
    "round_2": 21.41
  }
}