{
  "process_start_time": 1767887956.395105,
  "process_end_time": 1767888046.6637866,
  "total_elapsed_time_seconds": 90.27,
  "rounds_time_stats": {
    "round_1": 9.91,
    "round_2": 9.64,
    "round_3": 10.9,
    "round_4": 35.08,
    "round_5": 24.73
  }
}