{
  "process_start_time": 1767884697.9322376,
  "process_end_time": 1767884713.1275725,
  "total_elapsed_time_seconds": 15.2,
  "rounds_time_stats": {
    "round_1": 15.19
  }
}