{
  "process_start_time": 1767664926.1102288,
  "process_end_time": 1767665185.8381002,
  "total_elapsed_time_seconds": 259.73,
  "rounds_time_stats": {
    "round_1": 42.26,
    "round_2": 46.38,
    "round_3": 38.18,
    "round_4": 35.64,
    "round_5": 48.17,
    "round_6": 49.09
  }
}