{
  "process_start_time": 1767884214.0023956,
  "process_end_time": 1767884236.0558033,
  "total_elapsed_time_seconds": 22.05,
  "rounds_time_stats": {
    "round_1": 21.8,
    "round_2": 0.25
  }
}