{
  "process_start_time": 1767683130.3592587,
  "process_end_time": 1767683409.9129226,
  "total_elapsed_time_seconds": 279.55,
  "rounds_time_stats": {
    "round_1": 57.43,
    "round_2": 49.45,
    "round_3": 45.57,
    "round_4": 43.27,
    "round_5": 34.16,
    "round_6": 49.66
  }
}