{
  "process_start_time": 1767973961.5680993,
  "process_end_time": 1767974296.7253962,
  "total_elapsed_time_seconds": 335.16,
  "rounds_time_stats": {
    "round_1": 78.96,
    "round_2": 90.1,
    "round_3": 41.24,
    "round_4": 44.69,
    "round_5": 41.71,
    "round_6": 38.46
  }
}