{
  "process_start_time": 1767887358.993719,
  "process_end_time": 1767887480.3885944,
  "total_elapsed_time_seconds": 121.39,
  "rounds_time_stats": {
    "round_1": 15.72,
    "round_2": 16.4,
    "round_3": 14.89,
    "round_4": 25.68,
    "round_5": 28.97,
    "round_6": 19.74
  }
}