{
  "process_start_time": 1767678626.1960835,
  "process_end_time": 1767678898.5285816,
  "total_elapsed_time_seconds": 272.33,
  "rounds_time_stats": {
    "round_1": 48.14,
    "round_2": 41.02,
    "round_3": 46.66,
    "round_4": 47.76,
    "round_5": 45.55,
    "round_6": 43.2
  }
}