{
  "process_start_time": 1767885970.0687015,
  "process_end_time": 1767886002.7493117,
  "total_elapsed_time_seconds": 32.68,
  "rounds_time_stats": {
    "round_1": 32.66
  }
}