{
  "process_start_time": 1768552366.4426677,
  "process_end_time": 1768552700.1968555,
  "total_elapsed_time_seconds": 333.75,
  "rounds_time_stats": {
    "round_1": 32.65,
    "round_2": 127.65,
    "round_3": 35.34,
    "round_4": 63.9,
    "round_5": 34.56,
    "round_6": 39.66
  }
}