{
  "process_start_time": 1768109118.712714,
  "process_end_time": 1768109398.022491,
  "total_elapsed_time_seconds": 279.31,
  "rounds_time_stats": {
    "round_1": 37.14,
    "round_2": 51.64,
    "round_3": 52.65,
    "round_4": 47.59,
    "round_5": 43.47,
    "round_6": 46.8
  }
}