{
  "process_start_time": 1767889100.186983,
  "process_end_time": 1767889108.9987597,
  "total_elapsed_time_seconds": 8.81,
  "rounds_time_stats": {
    "round_1": 8.81
  }
}