{
  "process_start_time": 1767887119.7904775,
  "process_end_time": 1767887147.7975335,
  "total_elapsed_time_seconds": 28.01,
  "rounds_time_stats": {
    "round_1": 28.0
  }
}