{
  "process_start_time": 1768556947.8466718,
  "process_end_time": 1768557046.0782225,
  "total_elapsed_time_seconds": 98.23,
  "rounds_time_stats": {
    "round_1": 21.72,
    "round_2": 18.71,
    "round_3": 19.16,
    "round_4": 16.03,
    "round_5": 11.88,
    "round_6": 10.72
  }
}