{
  "process_start_time": 1767890141.6739316,
  "process_end_time": 1767890277.0571449,
  "total_elapsed_time_seconds": 135.38,
  "rounds_time_stats": {
    "round_1": 20.04,
    "round_2": 29.05,
    "round_3": 27.52,
    "round_4": 35.77,
    "round_5": 23.01
  }
}