{
  "process_start_time": 1767884033.7099564,
  "process_end_time": 1767884126.1785834,
  "total_elapsed_time_seconds": 92.47,
  "rounds_time_stats": {
    "round_1": 16.91,
    "round_2": 16.11,
    "round_3": 13.67,
    "round_4": 17.93,
    "round_5": 13.74,
    "round_6": 14.1
  }
}