{
  "process_start_time": 1767890573.5314662,
  "process_end_time": 1767890620.977025,
  "total_elapsed_time_seconds": 47.45,
  "rounds_time_stats": {
    "round_1": 17.42,
    "round_2": 30.02
  }
}