{
  "process_start_time": 1767888426.2232628,
  "process_end_time": 1767888490.8491373,
  "total_elapsed_time_seconds": 64.63,
  "rounds_time_stats": {
    "round_1": 32.15,
    "round_2": 32.44,
    "round_3": 0.03
  }
}