{
  "process_start_time": 1767979127.860384,
  "process_end_time": 1767979291.6409717,
  "total_elapsed_time_seconds": 163.78,
  "rounds_time_stats": {
    "round_1": 29.13,
    "round_2": 32.73,
    "round_3": 30.33,
    "round_4": 23.48,
    "round_5": 28.46,
    "round_6": 19.64
  }
}