{
  "process_start_time": 1767887188.8478117,
  "process_end_time": 1767887280.5304928,
  "total_elapsed_time_seconds": 91.68,
  "rounds_time_stats": {
    "round_1": 9.25,
    "round_2": 21.72,
    "round_3": 10.27,
    "round_4": 21.73,
    "round_5": 18.77,
    "round_6": 9.94
  }
}