{
  "process_start_time": 1767675475.9722955,
  "process_end_time": 1767675748.885779,
  "total_elapsed_time_seconds": 272.91,
  "rounds_time_stats": {
    "round_1": 53.29,
    "round_2": 35.15,
    "round_3": 38.49,
    "round_4": 40.24,
    "round_5": 59.46,
    "round_6": 46.28
  }
}