{
  "process_start_time": 1767885732.2818742,
  "process_end_time": 1767885828.8392606,
  "total_elapsed_time_seconds": 96.56,
  "rounds_time_stats": {
    "round_1": 27.56,
    "round_2": 12.62,
    "round_3": 14.98,
    "round_4": 14.1,
    "round_5": 12.63,
    "round_6": 14.65
  }
}