{
  "process_start_time": 1767974595.2277017,
  "process_end_time": 1767974944.3369102,
  "total_elapsed_time_seconds": 349.11,
  "rounds_time_stats": {
    "round_1": 39.94,
    "round_2": 41.45,
    "round_3": 95.53,
    "round_4": 52.56,
    "round_5": 82.58,
    "round_6": 37.05
  }
}