{
  "process_start_time": 1767970674.6209183,
  "process_end_time": 1767971353.3277361,
  "total_elapsed_time_seconds": 678.71,
  "rounds_time_stats": {
    "round_1": 56.45,
    "round_2": 179.06,
    "round_3": 75.29,
    "round_4": 124.14,
    "round_5": 74.2,
    "round_6": 169.56
  }
}