{
  "process_start_time": 1767689119.9834847,
  "process_end_time": 1767689178.2847924,
  "total_elapsed_time_seconds": 58.3,
  "rounds_time_stats": {
    "round_1": 58.25
  }
}