{
  "process_start_time": 1767970266.0878487,
  "process_end_time": 1767970815.4011352,
  "total_elapsed_time_seconds": 549.31,
  "rounds_time_stats": {
    "round_1": 131.82,
    "round_2": 74.93,
    "round_3": 45.24,
    "round_4": 106.44,
    "round_5": 69.05,
    "round_6": 121.83
  }
}