{
  "process_start_time": 1767887585.559368,
  "process_end_time": 1767887604.2170148,
  "total_elapsed_time_seconds": 18.66,
  "rounds_time_stats": {
    "round_1": 18.65
  }
}