{
  "process_start_time": 1767974565.8215554,
  "process_end_time": 1767974980.5222328,
  "total_elapsed_time_seconds": 414.7,
  "rounds_time_stats": {
    "round_1": 83.89,
    "round_2": 66.88,
    "round_3": 56.32,
    "round_4": 68.69,
    "round_5": 96.78,
    "round_6": 42.13
  }
}