{
  "process_start_time": 1767886082.499102,
  "process_end_time": 1767886117.3006697,
  "total_elapsed_time_seconds": 34.8,
  "rounds_time_stats": {
    "round_1": 34.8
  }
}