{
  "process_start_time": 1767887640.7447894,
  "process_end_time": 1767887669.0542731,
  "total_elapsed_time_seconds": 28.31,
  "rounds_time_stats": {
    "round_1": 28.3
  }
}