{
  "process_start_time": 1767884478.154076,
  "process_end_time": 1767884572.6392725,
  "total_elapsed_time_seconds": 94.49,
  "rounds_time_stats": {
    "round_1": 16.62,
    "round_2": 28.01,
    "round_3": 49.84
  }
}