{
  "process_start_time": 1767690152.3695693,
  "process_end_time": 1767690452.1888957,
  "total_elapsed_time_seconds": 299.82,
  "rounds_time_stats": {
    "round_1": 47.02,
    "round_2": 49.83,
    "round_3": 45.58,
    "round_4": 45.61,
    "round_5": 49.8,
    "round_6": 61.97
  }
}