{
  "process_start_time": 1768748393.5590124,
  "process_end_time": 1768748623.598265,
  "total_elapsed_time_seconds": 230.04,
  "rounds_time_stats": {
    "round_1": 36.04,
    "round_2": 39.74,
    "round_3": 45.08,
    "round_4": 40.76,
    "round_5": 36.11,
    "round_6": 32.3
  }
}