{
  "process_start_time": 1767691407.0448208,
  "process_end_time": 1767691728.6093261,
  "total_elapsed_time_seconds": 321.56,
  "rounds_time_stats": {
    "round_1": 74.28,
    "round_2": 52.4,
    "round_3": 44.71,
    "round_4": 48.56,
    "round_5": 47.86,
    "round_6": 53.75
  }
}