{
  "process_start_time": 1767884077.6007032,
  "process_end_time": 1767884199.240798,
  "total_elapsed_time_seconds": 121.64,
  "rounds_time_stats": {
    "round_1": 19.8,
    "round_2": 16.49,
    "round_3": 20.15,
    "round_4": 25.37,
    "round_5": 19.3,
    "round_6": 20.52
  }
}