{
  "process_start_time": 1767978509.3781428,
  "process_end_time": 1767978657.325451,
  "total_elapsed_time_seconds": 147.95,
  "rounds_time_stats": {
    "round_1": 23.66,
    "round_2": 26.47,
    "round_3": 25.91,
    "round_4": 26.56,
    "round_5": 27.37,
    "round_6": 17.98
  }
}