{
  "process_start_time": 1767886731.7797096,
  "process_end_time": 1767886779.2712665,
  "total_elapsed_time_seconds": 47.49,
  "rounds_time_stats": {
    "round_1": 23.53,
    "round_2": 23.96
  }
}