{
  "process_start_time": 1767885064.972145,
  "process_end_time": 1767885235.8039508,
  "total_elapsed_time_seconds": 170.83,
  "rounds_time_stats": {
    "round_1": 33.4,
    "round_2": 21.16,
    "round_3": 19.07,
    "round_4": 40.15,
    "round_5": 29.67,
    "round_6": 27.37
  }
}