{
  "process_start_time": 1767970659.4571397,
  "process_end_time": 1767971589.0423336,
  "total_elapsed_time_seconds": 929.59,
  "rounds_time_stats": {
    "round_1": 72.14,
    "round_2": 136.89,
    "round_3": 196.76,
    "round_4": 120.72,
    "round_5": 109.36,
    "round_6": 293.72
  }
}