{
  "process_start_time": 1767976648.6653364,
  "process_end_time": 1767976797.3140132,
  "total_elapsed_time_seconds": 148.65,
  "rounds_time_stats": {
    "round_1": 23.06,
    "round_2": 27.24,
    "round_3": 22.16,
    "round_4": 22.09,
    "round_5": 23.02,
    "round_6": 31.09
  }
}