{
  "process_start_time": 1767888014.3150218,
  "process_end_time": 1767888031.5781832,
  "total_elapsed_time_seconds": 17.26,
  "rounds_time_stats": {
    "round_1": 17.26
  }
}