{
  "process_start_time": 1767678927.208798,
  "process_end_time": 1767679209.3670905,
  "total_elapsed_time_seconds": 282.16,
  "rounds_time_stats": {
    "round_1": 42.35,
    "round_2": 47.6,
    "round_3": 44.02,
    "round_4": 44.86,
    "round_5": 45.22,
    "round_6": 58.11
  }
}