{
  "process_start_time": 1767676343.4024806,
  "process_end_time": 1767676631.2009206,
  "total_elapsed_time_seconds": 287.8,
  "rounds_time_stats": {
    "round_1": 48.04,
    "round_2": 44.39,
    "round_3": 46.36,
    "round_4": 61.08,
    "round_5": 45.51,
    "round_6": 42.42
  }
}