{
  "process_start_time": 1767683530.5762942,
  "process_end_time": 1767683601.7870114,
  "total_elapsed_time_seconds": 71.21,
  "rounds_time_stats": {
    "round_1": 71.03
  }
}