{
  "process_start_time": 1767882908.9981246,
  "process_end_time": 1767882951.6145558,
  "total_elapsed_time_seconds": 42.62,
  "rounds_time_stats": {
    "round_1": 23.0,
    "round_2": 19.61
  }
}