{
  "process_start_time": 1767977626.4468715,
  "process_end_time": 1767977812.0326462,
  "total_elapsed_time_seconds": 185.59,
  "rounds_time_stats": {
    "round_1": 30.73,
    "round_2": 29.09,
    "round_3": 31.37,
    "round_4": 30.73,
    "round_5": 31.65,
    "round_6": 32.02
  }
}