{
  "process_start_time": 1767678927.044394,
  "process_end_time": 1767679181.3566365,
  "total_elapsed_time_seconds": 254.31,
  "rounds_time_stats": {
    "round_1": 37.11,
    "round_2": 35.86,
    "round_3": 42.25,
    "round_4": 48.97,
    "round_5": 47.16,
    "round_6": 42.96
  }
}