{
  "process_start_time": 1767883516.0773475,
  "process_end_time": 1767883577.4182203,
  "total_elapsed_time_seconds": 61.34,
  "rounds_time_stats": {
    "round_1": 21.99,
    "round_2": 38.91,
    "round_3": 0.44
  }
}