{
  "process_start_time": 1767890218.9262686,
  "process_end_time": 1767890229.8068411,
  "total_elapsed_time_seconds": 10.88,
  "rounds_time_stats": {
    "round_1": 10.88
  }
}