{
  "process_start_time": 1767883456.4241645,
  "process_end_time": 1767883575.895871,
  "total_elapsed_time_seconds": 119.47,
  "rounds_time_stats": {
    "round_1": 16.31,
    "round_2": 19.05,
    "round_3": 17.53,
    "round_4": 23.82,
    "round_5": 20.61,
    "round_6": 22.15
  }
}