{
  "process_start_time": 1767665167.1459792,
  "process_end_time": 1767665446.0598629,
  "total_elapsed_time_seconds": 278.91,
  "rounds_time_stats": {
    "round_1": 48.29,
    "round_2": 48.93,
    "round_3": 46.48,
    "round_4": 45.49,
    "round_5": 44.5,
    "round_6": 45.21
  }
}