{
  "process_start_time": 1767688153.1335683,
  "process_end_time": 1767688463.6285198,
  "total_elapsed_time_seconds": 310.49,
  "rounds_time_stats": {
    "round_1": 49.42,
    "round_2": 46.36,
    "round_3": 60.16,
    "round_4": 44.92,
    "round_5": 63.88,
    "round_6": 45.75
  }
}