{
  "process_start_time": 1767889513.6365676,
  "process_end_time": 1767889665.2380638,
  "total_elapsed_time_seconds": 151.6,
  "rounds_time_stats": {
    "round_1": 27.09,
    "round_2": 23.25,
    "round_3": 27.04,
    "round_4": 27.05,
    "round_5": 22.78,
    "round_6": 24.4
  }
}