{
  "process_start_time": 1767679181.6324844,
  "process_end_time": 1767679448.8995736,
  "total_elapsed_time_seconds": 267.27,
  "rounds_time_stats": {
    "round_1": 40.12,
    "round_2": 42.6,
    "round_3": 48.56,
    "round_4": 45.28,
    "round_5": 48.99,
    "round_6": 41.72
  }
}