{
  "process_start_time": 1767885143.5138423,
  "process_end_time": 1767885167.142613,
  "total_elapsed_time_seconds": 23.63,
  "rounds_time_stats": {
    "round_1": 23.61
  }
}