{
  "process_start_time": 1767887232.343719,
  "process_end_time": 1767887260.2220113,
  "total_elapsed_time_seconds": 27.88,
  "rounds_time_stats": {
    "round_1": 27.87
  }
}