{
  "process_start_time": 1767976491.9368918,
  "process_end_time": 1767976718.332602,
  "total_elapsed_time_seconds": 226.4,
  "rounds_time_stats": {
    "round_1": 41.57,
    "round_2": 40.47,
    "round_3": 39.1,
    "round_4": 31.03,
    "round_5": 36.94,
    "round_6": 37.29
  }
}