{
  "process_start_time": 1767889094.3711388,
  "process_end_time": 1767889119.7463763,
  "total_elapsed_time_seconds": 25.38,
  "rounds_time_stats": {
    "round_1": 12.17,
    "round_2": 13.2
  }
}