{
  "process_start_time": 1767689987.9696262,
  "process_end_time": 1767690264.7290936,
  "total_elapsed_time_seconds": 276.76,
  "rounds_time_stats": {
    "round_1": 47.24,
    "round_2": 45.89,
    "round_3": 45.6,
    "round_4": 43.62,
    "round_5": 44.75,
    "round_6": 49.65
  }
}