{
  "process_start_time": 1767973463.3216577,
  "process_end_time": 1767973727.9616168,
  "total_elapsed_time_seconds": 264.64,
  "rounds_time_stats": {
    "round_1": 40.42,
    "round_2": 42.39,
    "round_3": 44.77,
    "round_4": 44.14,
    "round_5": 50.34,
    "round_6": 42.58
  }
}