{
  "process_start_time": 1767681279.3272233,
  "process_end_time": 1767681577.2354565,
  "total_elapsed_time_seconds": 297.91,
  "rounds_time_stats": {
    "round_1": 46.47,
    "round_2": 44.37,
    "round_3": 65.6,
    "round_4": 62.79,
    "round_5": 41.46,
    "round_6": 37.22
  }
}