{
  "process_start_time": 1767978190.891162,
  "process_end_time": 1767978355.5494902,
  "total_elapsed_time_seconds": 164.66,
  "rounds_time_stats": {
    "round_1": 21.15,
    "round_2": 22.53,
    "round_3": 34.98,
    "round_4": 27.34,
    "round_5": 29.69,
    "round_6": 28.97
  }
}