{
  "process_start_time": 1767689582.714063,
  "process_end_time": 1767689867.7741537,
  "total_elapsed_time_seconds": 285.06,
  "rounds_time_stats": {
    "round_1": 44.41,
    "round_2": 39.61,
    "round_3": 59.1,
    "round_4": 50.95,
    "round_5": 43.87,
    "round_6": 47.12
  }
}