{
  "process_start_time": 1767677371.2796297,
  "process_end_time": 1767677598.322998,
  "total_elapsed_time_seconds": 227.04,
  "rounds_time_stats": {
    "round_1": 46.82,
    "round_2": 39.26,
    "round_3": 42.96,
    "round_4": 35.33,
    "round_5": 26.86,
    "round_6": 35.81
  }
}