{
  "process_start_time": 1767976868.22874,
  "process_end_time": 1767977025.9326618,
  "total_elapsed_time_seconds": 157.7,
  "rounds_time_stats": {
    "round_1": 22.67,
    "round_2": 27.58,
    "round_3": 22.69,
    "round_4": 28.06,
    "round_5": 26.5,
    "round_6": 30.22
  }
}