{
  "process_start_time": 1768552648.3215334,
  "process_end_time": 1768552993.9806967,
  "total_elapsed_time_seconds": 345.66,
  "rounds_time_stats": {
    "round_1": 36.84,
    "round_2": 28.51,
    "round_3": 27.08,
    "round_4": 57.22,
    "round_5": 14.75,
    "round_6": 181.26
  }
}