{
  "process_start_time": 1767682949.992975,
  "process_end_time": 1767682969.8909907,
  "total_elapsed_time_seconds": 19.9,
  "rounds_time_stats": {
    "round_1": 19.9
  }
}