{
  "process_start_time": 1767884300.3263652,
  "process_end_time": 1767884444.290248,
  "total_elapsed_time_seconds": 143.96,
  "rounds_time_stats": {
    "round_1": 32.79,
    "round_2": 29.97,
    "round_3": 26.13,
    "round_4": 25.54,
    "round_5": 29.53
  }
}