{
  "process_start_time": 1767689181.804067,
  "process_end_time": 1767689510.206564,
  "total_elapsed_time_seconds": 328.4,
  "rounds_time_stats": {
    "round_1": 45.06,
    "round_2": 62.42,
    "round_3": 78.45,
    "round_4": 49.84,
    "round_5": 46.03,
    "round_6": 46.61
  }
}