{
  "process_start_time": 1768551495.266724,
  "process_end_time": 1768551669.2677495,
  "total_elapsed_time_seconds": 174.0,
  "rounds_time_stats": {
    "round_1": 31.09,
    "round_2": 26.57,
    "round_3": 29.6,
    "round_4": 27.77,
    "round_5": 30.48,
    "round_6": 28.48
  }
}