{
  "process_start_time": 1767680060.1772301,
  "process_end_time": 1767680323.632578,
  "total_elapsed_time_seconds": 263.46,
  "rounds_time_stats": {
    "round_1": 39.06,
    "round_2": 38.42,
    "round_3": 50.81,
    "round_4": 46.18,
    "round_5": 42.91,
    "round_6": 46.07
  }
}