{
  "process_start_time": 1768552385.6979096,
  "process_end_time": 1768552760.599293,
  "total_elapsed_time_seconds": 374.9,
  "rounds_time_stats": {
    "round_1": 164.23,
    "round_2": 75.18,
    "round_3": 35.54,
    "round_4": 51.5,
    "round_5": 26.68,
    "round_6": 21.77
  }
}