{
  "process_start_time": 1767887033.1096087,
  "process_end_time": 1767887059.1553934,
  "total_elapsed_time_seconds": 26.05,
  "rounds_time_stats": {
    "round_1": 26.04
  }
}