{
  "process_start_time": 1767676558.348848,
  "process_end_time": 1767676800.502357,
  "total_elapsed_time_seconds": 242.15,
  "rounds_time_stats": {
    "round_1": 45.21,
    "round_2": 43.38,
    "round_3": 40.07,
    "round_4": 36.8,
    "round_5": 40.73,
    "round_6": 35.96
  }
}