{
  "process_start_time": 1767888197.2954574,
  "process_end_time": 1767888261.2593043,
  "total_elapsed_time_seconds": 63.96,
  "rounds_time_stats": {
    "round_1": 15.1,
    "round_2": 22.24,
    "round_3": 26.61
  }
}