{
  "process_start_time": 1767675776.794524,
  "process_end_time": 1767676064.6053128,
  "total_elapsed_time_seconds": 287.81,
  "rounds_time_stats": {
    "round_1": 38.96,
    "round_2": 61.48,
    "round_3": 44.7,
    "round_4": 44.56,
    "round_5": 49.53,
    "round_6": 48.58
  }
}