{
  "process_start_time": 1767887377.9953253,
  "process_end_time": 1767887406.2616618,
  "total_elapsed_time_seconds": 28.27,
  "rounds_time_stats": {
    "round_1": 28.26
  }
}