{
  "process_start_time": 1767884735.238229,
  "process_end_time": 1767884849.8146076,
  "total_elapsed_time_seconds": 114.58,
  "rounds_time_stats": {
    "round_1": 15.76,
    "round_2": 17.57,
    "round_3": 25.03,
    "round_4": 15.98,
    "round_5": 17.96,
    "round_6": 22.27
  }
}