{
  "process_start_time": 1767976338.5762064,
  "process_end_time": 1767976518.1088498,
  "total_elapsed_time_seconds": 179.53,
  "rounds_time_stats": {
    "round_1": 28.48,
    "round_2": 33.42,
    "round_3": 29.27,
    "round_4": 30.42,
    "round_5": 29.74,
    "round_6": 28.19
  }
}