{
  "process_start_time": 1767688417.3175154,
  "process_end_time": 1767688707.3015318,
  "total_elapsed_time_seconds": 289.98,
  "rounds_time_stats": {
    "round_1": 55.34,
    "round_2": 42.45,
    "round_3": 43.94,
    "round_4": 45.79,
    "round_5": 54.1,
    "round_6": 48.37
  }
}