{
  "process_start_time": 1767883323.0437746,
  "process_end_time": 1767883356.3667033,
  "total_elapsed_time_seconds": 33.32,
  "rounds_time_stats": {
    "round_1": 33.32
  }
}