{
  "process_start_time": 1767885773.7055044,
  "process_end_time": 1767885820.4662821,
  "total_elapsed_time_seconds": 46.76,
  "rounds_time_stats": {
    "round_1": 46.74
  }
}