{
  "process_start_time": 1767664926.109131,
  "process_end_time": 1767665183.7116022,
  "total_elapsed_time_seconds": 257.6,
  "rounds_time_stats": {
    "round_1": 39.59,
    "round_2": 45.74,
    "round_3": 43.59,
    "round_4": 35.27,
    "round_5": 47.24,
    "round_6": 46.18
  }
}