{
  "process_start_time": 1767975762.4391456,
  "process_end_time": 1767975933.667427,
  "total_elapsed_time_seconds": 171.23,
  "rounds_time_stats": {
    "round_1": 27.4,
    "round_2": 31.87,
    "round_3": 27.7,
    "round_4": 25.46,
    "round_5": 31.74,
    "round_6": 27.05
  }
}