{
  "process_start_time": 1767886403.7989967,
  "process_end_time": 1767886561.4414725,
  "total_elapsed_time_seconds": 157.64,
  "rounds_time_stats": {
    "round_1": 29.34,
    "round_2": 30.14,
    "round_3": 26.61,
    "round_4": 26.11,
    "round_5": 22.03,
    "round_6": 23.4
  }
}