{
  "process_start_time": 1767684025.1314259,
  "process_end_time": 1767684303.0841641,
  "total_elapsed_time_seconds": 277.95,
  "rounds_time_stats": {
    "round_1": 40.55,
    "round_2": 54.53,
    "round_3": 45.12,
    "round_4": 43.04,
    "round_5": 53.26,
    "round_6": 41.45
  }
}