{
  "process_start_time": 1767678942.4679782,
  "process_end_time": 1767679284.9885101,
  "total_elapsed_time_seconds": 342.52,
  "rounds_time_stats": {
    "round_1": 74.41,
    "round_2": 59.81,
    "round_3": 44.4,
    "round_4": 47.54,
    "round_5": 54.26,
    "round_6": 62.09
  }
}