{
  "process_start_time": 1767687703.461287,
  "process_end_time": 1767687818.257036,
  "total_elapsed_time_seconds": 114.8,
  "rounds_time_stats": {
    "round_1": 51.36,
    "round_2": 63.4
  }
}