{
  "process_start_time": 1767883414.7392766,
  "process_end_time": 1767883647.1203535,
  "total_elapsed_time_seconds": 232.38,
  "rounds_time_stats": {
    "round_1": 38.11,
    "round_2": 39.03,
    "round_3": 33.32,
    "round_4": 37.76,
    "round_5": 40.24,
    "round_6": 43.91
  }
}