{
  "process_start_time": 1767890281.684638,
  "process_end_time": 1767890297.4749706,
  "total_elapsed_time_seconds": 15.79,
  "rounds_time_stats": {
    "round_1": 15.79
  }
}