{
  "process_start_time": 1767849999.484155,
  "process_end_time": 1767850194.4220772,
  "total_elapsed_time_seconds": 194.94,
  "rounds_time_stats": {
    "round_1": 29.16,
    "round_2": 32.07,
    "round_3": 39.4,
    "round_4": 37.85,
    "round_5": 35.28,
    "round_6": 21.18
  }
}