{
  "process_start_time": 1767889018.6001925,
  "process_end_time": 1767889152.3678732,
  "total_elapsed_time_seconds": 133.77,
  "rounds_time_stats": {
    "round_1": 21.75,
    "round_2": 22.8,
    "round_3": 28.63,
    "round_4": 33.01,
    "round_5": 27.1,
    "round_6": 0.48
  }
}