{
  "process_start_time": 1767885864.7869802,
  "process_end_time": 1767885911.8296752,
  "total_elapsed_time_seconds": 47.04,
  "rounds_time_stats": {
    "round_1": 22.54,
    "round_2": 24.22,
    "round_3": 0.28
  }
}