{
  "process_start_time": 1767888680.8700387,
  "process_end_time": 1767888714.414139,
  "total_elapsed_time_seconds": 33.54,
  "rounds_time_stats": {
    "round_1": 13.42,
    "round_2": 20.12
  }
}