{
  "process_start_time": 1768116041.0600874,
  "process_end_time": 1768116350.6404836,
  "total_elapsed_time_seconds": 309.58,
  "rounds_time_stats": {
    "round_1": 37.04,
    "round_2": 41.71,
    "round_3": 49.39,
    "round_4": 46.95,
    "round_5": 43.49,
    "round_6": 91.01
  }
}