{
  "process_start_time": 1767888170.92836,
  "process_end_time": 1767888183.4204175,
  "total_elapsed_time_seconds": 12.49,
  "rounds_time_stats": {
    "round_1": 12.49
  }
}