{
  "process_start_time": 1767887074.3180761,
  "process_end_time": 1767887093.184285,
  "total_elapsed_time_seconds": 18.87,
  "rounds_time_stats": {
    "round_1": 18.85
  }
}