{
  "process_start_time": 1767978355.2579577,
  "process_end_time": 1767978511.9372008,
  "total_elapsed_time_seconds": 156.68,
  "rounds_time_stats": {
    "round_1": 20.18,
    "round_2": 26.51,
    "round_3": 27.65,
    "round_4": 25.12,
    "round_5": 26.16,
    "round_6": 31.06
  }
}