{
  "process_start_time": 1767886572.4073513,
  "process_end_time": 1767886661.4630632,
  "total_elapsed_time_seconds": 89.06,
  "rounds_time_stats": {
    "round_1": 11.02,
    "round_2": 14.36,
    "round_3": 11.8,
    "round_4": 19.68,
    "round_5": 14.26,
    "round_6": 17.93
  }
}