{
  "process_start_time": 1767682370.3191893,
  "process_end_time": 1767682687.3522513,
  "total_elapsed_time_seconds": 317.03,
  "rounds_time_stats": {
    "round_1": 85.99,
    "round_2": 44.7,
    "round_3": 46.7,
    "round_4": 46.37,
    "round_5": 44.13,
    "round_6": 49.14
  }
}