{
  "process_start_time": 1767684318.2696843,
  "process_end_time": 1767684597.8145177,
  "total_elapsed_time_seconds": 279.54,
  "rounds_time_stats": {
    "round_1": 49.63,
    "round_2": 45.89,
    "round_3": 45.21,
    "round_4": 47.97,
    "round_5": 41.01,
    "round_6": 49.83
  }
}