{
  "process_start_time": 1767888109.2316983,
  "process_end_time": 1767888264.7660818,
  "total_elapsed_time_seconds": 155.53,
  "rounds_time_stats": {
    "round_1": 24.42,
    "round_2": 26.16,
    "round_3": 29.08,
    "round_4": 26.11,
    "round_5": 22.8,
    "round_6": 26.97
  }
}