{
  "process_start_time": 1767889965.407738,
  "process_end_time": 1767889981.605088,
  "total_elapsed_time_seconds": 16.2,
  "rounds_time_stats": {
    "round_1": 16.19
  }
}