{
  "process_start_time": 1767685407.3755414,
  "process_end_time": 1767685681.4959047,
  "total_elapsed_time_seconds": 274.12,
  "rounds_time_stats": {
    "round_1": 46.76,
    "round_2": 48.39,
    "round_3": 40.67,
    "round_4": 44.06,
    "round_5": 48.61,
    "round_6": 45.63
  }
}