{
  "process_start_time": 1767887691.4727266,
  "process_end_time": 1767887819.4518244,
  "total_elapsed_time_seconds": 127.98,
  "rounds_time_stats": {
    "round_1": 25.73,
    "round_2": 32.58,
    "round_3": 31.68,
    "round_4": 37.99
  }
}