{
  "process_start_time": 1767973463.1285942,
  "process_end_time": 1767973737.1439743,
  "total_elapsed_time_seconds": 274.02,
  "rounds_time_stats": {
    "round_1": 48.97,
    "round_2": 45.49,
    "round_3": 56.09,
    "round_4": 38.42,
    "round_5": 45.25,
    "round_6": 39.78
  }
}