{
  "process_start_time": 1767970624.7796462,
  "process_end_time": 1767973031.5547662,
  "total_elapsed_time_seconds": 2406.78,
  "rounds_time_stats": {
    "round_1": 45.09,
    "round_2": 174.57,
    "round_3": 103.0,
    "round_4": 246.08,
    "round_5": 167.7,
    "round_6": 1670.33
  }
}