{
  "process_start_time": 1767684399.2865374,
  "process_end_time": 1767684704.9363232,
  "total_elapsed_time_seconds": 305.65,
  "rounds_time_stats": {
    "round_1": 62.6,
    "round_2": 43.1,
    "round_3": 45.74,
    "round_4": 45.59,
    "round_5": 46.89,
    "round_6": 61.73
  }
}