{
  "process_start_time": 1767973961.5339282,
  "process_end_time": 1767974337.1653411,
  "total_elapsed_time_seconds": 375.63,
  "rounds_time_stats": {
    "round_1": 41.51,
    "round_2": 37.36,
    "round_3": 74.44,
    "round_4": 73.45,
    "round_5": 67.71,
    "round_6": 81.15
  }
}