{
  "process_start_time": 1767976837.6946619,
  "process_end_time": 1767977025.9195142,
  "total_elapsed_time_seconds": 188.22,
  "rounds_time_stats": {
    "round_1": 32.15,
    "round_2": 30.35,
    "round_3": 30.89,
    "round_4": 29.75,
    "round_5": 26.49,
    "round_6": 38.58
  }
}