{
  "process_start_time": 1767884305.2673187,
  "process_end_time": 1767884526.4496942,
  "total_elapsed_time_seconds": 221.18,
  "rounds_time_stats": {
    "round_1": 25.58,
    "round_2": 25.89,
    "round_3": 37.48,
    "round_4": 49.09,
    "round_5": 42.53,
    "round_6": 40.63
  }
}