{
  "process_start_time": 1767890518.3129103,
  "process_end_time": 1767890546.5936186,
  "total_elapsed_time_seconds": 28.28,
  "rounds_time_stats": {
    "round_1": 28.28
  }
}