{
  "process_start_time": 1768117318.214523,
  "process_end_time": 1768117606.7500331,
  "total_elapsed_time_seconds": 288.54,
  "rounds_time_stats": {
    "round_1": 45.99,
    "round_2": 45.36,
    "round_3": 50.16,
    "round_4": 48.61,
    "round_5": 50.04,
    "round_6": 48.38
  }
}