{
  "process_start_time": 1768117510.1299608,
  "process_end_time": 1768117723.7844338,
  "total_elapsed_time_seconds": 213.65,
  "rounds_time_stats": {
    "round_1": 43.07,
    "round_2": 33.84,
    "round_3": 28.93,
    "round_4": 28.86,
    "round_5": 48.13,
    "round_6": 30.83
  }
}