{
  "process_start_time": 1767687844.8987353,
  "process_end_time": 1767688120.745615,
  "total_elapsed_time_seconds": 275.85,
  "rounds_time_stats": {
    "round_1": 38.71,
    "round_2": 46.43,
    "round_3": 47.83,
    "round_4": 49.83,
    "round_5": 45.01,
    "round_6": 48.04
  }
}