{
  "process_start_time": 1767690100.359104,
  "process_end_time": 1767690164.315236,
  "total_elapsed_time_seconds": 63.96,
  "rounds_time_stats": {
    "round_1": 63.92
  }
}