{
  "process_start_time": 1767888703.198651,
  "process_end_time": 1767888715.0927312,
  "total_elapsed_time_seconds": 11.89,
  "rounds_time_stats": {
    "round_1": 11.89
  }
}