{
  "process_start_time": 1767974271.0957332,
  "process_end_time": 1767974689.1559503,
  "total_elapsed_time_seconds": 418.06,
  "rounds_time_stats": {
    "round_1": 94.64,
    "round_2": 69.61,
    "round_3": 39.41,
    "round_4": 90.58,
    "round_5": 71.34,
    "round_6": 52.49
  }
}