{
  "process_start_time": 1768555563.919464,
  "process_end_time": 1768555733.700523,
  "total_elapsed_time_seconds": 169.78,
  "rounds_time_stats": {
    "round_1": 24.02,
    "round_2": 31.32,
    "round_3": 30.1,
    "round_4": 30.29,
    "round_5": 26.83,
    "round_6": 27.22
  }
}