{
  "process_start_time": 1767680570.7745366,
  "process_end_time": 1767680816.8579504,
  "total_elapsed_time_seconds": 246.08,
  "rounds_time_stats": {
    "round_1": 31.44,
    "round_2": 35.07,
    "round_3": 47.27,
    "round_4": 46.22,
    "round_5": 42.94,
    "round_6": 43.14
  }
}