{
  "process_start_time": 1767889777.06807,
  "process_end_time": 1767889825.4871993,
  "total_elapsed_time_seconds": 48.42,
  "rounds_time_stats": {
    "round_1": 26.47,
    "round_2": 21.94
  }
}