{
  "process_start_time": 1768748393.5591395,
  "process_end_time": 1768748631.7078295,
  "total_elapsed_time_seconds": 238.15,
  "rounds_time_stats": {
    "round_1": 44.26,
    "round_2": 44.33,
    "round_3": 44.62,
    "round_4": 42.91,
    "round_5": 38.66,
    "round_6": 23.36
  }
}