{
  "process_start_time": 1767883380.0557766,
  "process_end_time": 1767883417.7315664,
  "total_elapsed_time_seconds": 37.68,
  "rounds_time_stats": {
    "round_1": 19.45,
    "round_2": 18.22
  }
}