{
  "process_start_time": 1767883678.6819546,
  "process_end_time": 1767883717.9368057,
  "total_elapsed_time_seconds": 39.25,
  "rounds_time_stats": {
    "round_1": 14.72,
    "round_2": 24.53
  }
}