{
  "process_start_time": 1767888257.3188827,
  "process_end_time": 1767888364.4195352,
  "total_elapsed_time_seconds": 107.1,
  "rounds_time_stats": {
    "round_1": 21.66,
    "round_2": 19.34,
    "round_3": 44.63,
    "round_4": 21.47
  }
}