{
  "process_start_time": 1767975992.6052504,
  "process_end_time": 1767976175.368622,
  "total_elapsed_time_seconds": 182.76,
  "rounds_time_stats": {
    "round_1": 30.03,
    "round_2": 29.85,
    "round_3": 32.52,
    "round_4": 28.16,
    "round_5": 32.55,
    "round_6": 29.65
  }
}