{
  "process_start_time": 1767885820.2462652,
  "process_end_time": 1767885970.0673032,
  "total_elapsed_time_seconds": 149.82,
  "rounds_time_stats": {
    "round_1": 24.43,
    "round_2": 22.51,
    "round_3": 33.27,
    "round_4": 21.82,
    "round_5": 22.61,
    "round_6": 25.17
  }
}