{
  "process_start_time": 1767883577.4249332,
  "process_end_time": 1767883605.106111,
  "total_elapsed_time_seconds": 27.68,
  "rounds_time_stats": {
    "round_1": 27.68
  }
}