{
  "process_start_time": 1767884620.399092,
  "process_end_time": 1767884733.8574467,
  "total_elapsed_time_seconds": 113.46,
  "rounds_time_stats": {
    "round_1": 11.79,
    "round_2": 19.86,
    "round_3": 24.54,
    "round_4": 15.56,
    "round_5": 16.92,
    "round_6": 24.79
  }
}