{
  "process_start_time": 1767978959.2111237,
  "process_end_time": 1767979003.4184434,
  "total_elapsed_time_seconds": 44.21,
  "rounds_time_stats": {
    "round_1": 44.18
  }
}