{
  "process_start_time": 1767884733.8686328,
  "process_end_time": 1767884760.8160946,
  "total_elapsed_time_seconds": 26.95,
  "rounds_time_stats": {
    "round_1": 26.94
  }
}