{
  "process_start_time": 1767683298.0495415,
  "process_end_time": 1767683568.4884508,
  "total_elapsed_time_seconds": 270.44,
  "rounds_time_stats": {
    "round_1": 46.18,
    "round_2": 46.74,
    "round_3": 59.85,
    "round_4": 33.01,
    "round_5": 46.08,
    "round_6": 38.59
  }
}