{
  "process_start_time": 1767890692.2578752,
  "process_end_time": 1767890727.3056426,
  "total_elapsed_time_seconds": 35.05,
  "rounds_time_stats": {
    "round_1": 34.98
  }
}