{
  "process_start_time": 1767978777.4296029,
  "process_end_time": 1767978950.4055238,
  "total_elapsed_time_seconds": 172.98,
  "rounds_time_stats": {
    "round_1": 24.1,
    "round_2": 26.17,
    "round_3": 32.29,
    "round_4": 26.82,
    "round_5": 32.88,
    "round_6": 30.72
  }
}