{
  "process_start_time": 1767886629.308657,
  "process_end_time": 1767886655.1416166,
  "total_elapsed_time_seconds": 25.83,
  "rounds_time_stats": {
    "round_1": 25.83
  }
}