{
  "process_start_time": 1767680135.3401961,
  "process_end_time": 1767680351.0340793,
  "total_elapsed_time_seconds": 215.69,
  "rounds_time_stats": {
    "round_1": 32.45,
    "round_2": 32.18,
    "round_3": 31.61,
    "round_4": 32.11,
    "round_5": 45.53,
    "round_6": 41.82
  }
}