{
  "process_start_time": 1768555841.5911767,
  "process_end_time": 1768556058.997853,
  "total_elapsed_time_seconds": 217.41,
  "rounds_time_stats": {
    "round_1": 38.84,
    "round_2": 38.7,
    "round_3": 39.38,
    "round_4": 36.06,
    "round_5": 37.12,
    "round_6": 27.29
  }
}