{
  "process_start_time": 1767882917.9680097,
  "process_end_time": 1767883119.4040895,
  "total_elapsed_time_seconds": 201.44,
  "rounds_time_stats": {
    "round_1": 25.0,
    "round_2": 37.47,
    "round_3": 30.3,
    "round_4": 36.5,
    "round_5": 39.66,
    "round_6": 32.51
  }
}