{
  "process_start_time": 1767974258.3479016,
  "process_end_time": 1767974552.1562173,
  "total_elapsed_time_seconds": 293.81,
  "rounds_time_stats": {
    "round_1": 36.79,
    "round_2": 41.08,
    "round_3": 42.17,
    "round_4": 56.82,
    "round_5": 39.22,
    "round_6": 77.72
  }
}