{
  "process_start_time": 1767884237.129926,
  "process_end_time": 1767884282.1121256,
  "total_elapsed_time_seconds": 44.98,
  "rounds_time_stats": {
    "round_1": 21.95,
    "round_2": 23.03
  }
}