{
  "process_start_time": 1767664926.1116643,
  "process_end_time": 1767665181.965951,
  "total_elapsed_time_seconds": 255.85,
  "rounds_time_stats": {
    "round_1": 37.44,
    "round_2": 31.47,
    "round_3": 47.33,
    "round_4": 47.7,
    "round_5": 49.31,
    "round_6": 42.6
  }
}