{
  "process_start_time": 1767688591.6348867,
  "process_end_time": 1767688896.9033136,
  "total_elapsed_time_seconds": 305.27,
  "rounds_time_stats": {
    "round_1": 48.08,
    "round_2": 68.79,
    "round_3": 50.26,
    "round_4": 46.59,
    "round_5": 46.2,
    "round_6": 45.35
  }
}