{
  "process_start_time": 1767886814.226377,
  "process_end_time": 1767886883.6631236,
  "total_elapsed_time_seconds": 69.44,
  "rounds_time_stats": {
    "round_1": 69.29
  }
}