{
  "process_start_time": 1767973270.80273,
  "process_end_time": 1767973434.994847,
  "total_elapsed_time_seconds": 164.19,
  "rounds_time_stats": {
    "round_1": 19.21,
    "round_2": 18.63,
    "round_3": 31.98,
    "round_4": 31.89,
    "round_5": 29.67,
    "round_6": 32.82
  }
}