{
  "process_start_time": 1767887957.6931195,
  "process_end_time": 1767888008.119492,
  "total_elapsed_time_seconds": 50.43,
  "rounds_time_stats": {
    "round_1": 12.7,
    "round_2": 11.7,
    "round_3": 8.88,
    "round_4": 17.15
  }
}