{
  "process_start_time": 1767887685.7937899,
  "process_end_time": 1767887699.3702586,
  "total_elapsed_time_seconds": 13.58,
  "rounds_time_stats": {
    "round_1": 13.57
  }
}