{
  "process_start_time": 1768555052.4586246,
  "process_end_time": 1768555243.514587,
  "total_elapsed_time_seconds": 191.06,
  "rounds_time_stats": {
    "round_1": 37.06,
    "round_2": 28.49,
    "round_3": 37.46,
    "round_4": 30.18,
    "round_5": 29.29,
    "round_6": 28.58
  }
}