{
  "process_start_time": 1767886205.466578,
  "process_end_time": 1767886249.1119852,
  "total_elapsed_time_seconds": 43.65,
  "rounds_time_stats": {
    "round_1": 20.87,
    "round_2": 22.76
  }
}