{
  "process_start_time": 1767888818.5269842,
  "process_end_time": 1767888829.9784977,
  "total_elapsed_time_seconds": 11.45,
  "rounds_time_stats": {
    "round_1": 11.45
  }
}