{
  "process_start_time": 1767888364.4212222,
  "process_end_time": 1767888421.3255775,
  "total_elapsed_time_seconds": 56.9,
  "rounds_time_stats": {
    "round_1": 15.97,
    "round_2": 21.5,
    "round_3": 19.11,
    "round_4": 0.32
  }
}