{
  "process_start_time": 1767685804.3020396,
  "process_end_time": 1767686040.3801563,
  "total_elapsed_time_seconds": 236.08,
  "rounds_time_stats": {
    "round_1": 43.35,
    "round_2": 45.83,
    "round_3": 43.91,
    "round_4": 36.81,
    "round_5": 35.63,
    "round_6": 30.54
  }
}