{
  "process_start_time": 1768555031.3165836,
  "process_end_time": 1768555192.3571956,
  "total_elapsed_time_seconds": 161.04,
  "rounds_time_stats": {
    "round_1": 23.66,
    "round_2": 25.77,
    "round_3": 28.25,
    "round_4": 28.26,
    "round_5": 30.34,
    "round_6": 24.76
  }
}