{
  "process_start_time": 1767890758.7214537,
  "process_end_time": 1767890996.396851,
  "total_elapsed_time_seconds": 237.68,
  "rounds_time_stats": {
    "round_1": 41.35,
    "round_2": 39.07,
    "round_3": 46.6,
    "round_4": 37.71,
    "round_5": 46.45,
    "round_6": 26.49
  }
}