{
  "process_start_time": 1767683808.5030751,
  "process_end_time": 1767684104.4521973,
  "total_elapsed_time_seconds": 295.95,
  "rounds_time_stats": {
    "round_1": 59.97,
    "round_2": 44.63,
    "round_3": 46.25,
    "round_4": 49.87,
    "round_5": 46.55,
    "round_6": 48.68
  }
}