{
  "process_start_time": 1767688616.593233,
  "process_end_time": 1767688880.794477,
  "total_elapsed_time_seconds": 264.2,
  "rounds_time_stats": {
    "round_1": 39.86,
    "round_2": 35.65,
    "round_3": 46.06,
    "round_4": 50.87,
    "round_5": 48.04,
    "round_6": 43.72
  }
}