{
  "process_start_time": 1767889135.5087972,
  "process_end_time": 1767889157.0824008,
  "total_elapsed_time_seconds": 21.57,
  "rounds_time_stats": {
    "round_1": 21.57
  }
}