{
  "process_start_time": 1767885043.8905096,
  "process_end_time": 1767885101.8494346,
  "total_elapsed_time_seconds": 57.96,
  "rounds_time_stats": {
    "round_1": 17.48,
    "round_2": 40.48
  }
}