{
  "process_start_time": 1767883096.4592228,
  "process_end_time": 1767883163.8569102,
  "total_elapsed_time_seconds": 67.4,
  "rounds_time_stats": {
    "round_1": 34.18,
    "round_2": 33.21
  }
}