{
  "process_start_time": 1767886661.9056633,
  "process_end_time": 1767886832.488702,
  "total_elapsed_time_seconds": 170.58,
  "rounds_time_stats": {
    "round_1": 34.55,
    "round_2": 27.24,
    "round_3": 33.19,
    "round_4": 23.33,
    "round_5": 29.1,
    "round_6": 23.17
  }
}