{
  "process_start_time": 1767676326.9932234,
  "process_end_time": 1767676574.3799508,
  "total_elapsed_time_seconds": 247.39,
  "rounds_time_stats": {
    "round_1": 34.58,
    "round_2": 58.01,
    "round_3": 33.79,
    "round_4": 42.3,
    "round_5": 32.32,
    "round_6": 46.38
  }
}