{
  "process_start_time": 1768551584.0475461,
  "process_end_time": 1768551802.9694126,
  "total_elapsed_time_seconds": 218.92,
  "rounds_time_stats": {
    "round_1": 32.99,
    "round_2": 44.41,
    "round_3": 37.32,
    "round_4": 36.5,
    "round_5": 38.01,
    "round_6": 29.68
  }
}