{
  "process_start_time": 1767884353.2701488,
  "process_end_time": 1767884373.4307895,
  "total_elapsed_time_seconds": 20.16,
  "rounds_time_stats": {
    "round_1": 20.16
  }
}