{
  "process_start_time": 1767887085.0320182,
  "process_end_time": 1767887190.5510807,
  "total_elapsed_time_seconds": 105.52,
  "rounds_time_stats": {
    "round_1": 11.35,
    "round_2": 12.43,
    "round_3": 21.08,
    "round_4": 21.92,
    "round_5": 24.32,
    "round_6": 14.4
  }
}