{
  "process_start_time": 1767887659.4854357,
  "process_end_time": 1767887672.482747,
  "total_elapsed_time_seconds": 13.0,
  "rounds_time_stats": {
    "round_1": 13.0
  }
}