{
  "process_start_time": 1768116869.509751,
  "process_end_time": 1768117160.892663,
  "total_elapsed_time_seconds": 291.38,
  "rounds_time_stats": {
    "round_1": 48.59,
    "round_2": 42.39,
    "round_3": 59.0,
    "round_4": 45.98,
    "round_5": 49.22,
    "round_6": 46.2
  }
}