{
  "process_start_time": 1767887597.223267,
  "process_end_time": 1767887635.8703713,
  "total_elapsed_time_seconds": 38.65,
  "rounds_time_stats": {
    "round_1": 38.61
  }
}