{
  "process_start_time": 1767888107.8387494,
  "process_end_time": 1767888219.4023876,
  "total_elapsed_time_seconds": 111.56,
  "rounds_time_stats": {
    "round_1": 16.13,
    "round_2": 16.2,
    "round_3": 16.97,
    "round_4": 17.86,
    "round_5": 23.48,
    "round_6": 20.93
  }
}