{
  "process_start_time": 1768116651.019877,
  "process_end_time": 1768116869.399191,
  "total_elapsed_time_seconds": 218.38,
  "rounds_time_stats": {
    "round_1": 31.18,
    "round_2": 38.04,
    "round_3": 30.2,
    "round_4": 30.26,
    "round_5": 45.52,
    "round_6": 43.18
  }
}