{
  "process_start_time": 1767889560.9778848,
  "process_end_time": 1767889641.186475,
  "total_elapsed_time_seconds": 80.21,
  "rounds_time_stats": {
    "round_1": 21.77,
    "round_2": 35.02,
    "round_3": 23.42
  }
}