{
  "process_start_time": 1767889662.8887851,
  "process_end_time": 1767889696.6454065,
  "total_elapsed_time_seconds": 33.76,
  "rounds_time_stats": {
    "round_1": 33.74
  }
}