{
  "process_start_time": 1767691407.0436003,
  "process_end_time": 1767691714.1252506,
  "total_elapsed_time_seconds": 307.08,
  "rounds_time_stats": {
    "round_1": 70.1,
    "round_2": 48.89,
    "round_3": 44.7,
    "round_4": 47.5,
    "round_5": 48.21,
    "round_6": 47.68
  }
}