{
  "process_start_time": 1767973961.530928,
  "process_end_time": 1767974271.0946643,
  "total_elapsed_time_seconds": 309.56,
  "rounds_time_stats": {
    "round_1": 42.33,
    "round_2": 46.69,
    "round_3": 80.49,
    "round_4": 59.07,
    "round_5": 49.06,
    "round_6": 31.93
  }
}