{
  "process_start_time": 1767889476.8037796,
  "process_end_time": 1767889552.0735183,
  "total_elapsed_time_seconds": 75.27,
  "rounds_time_stats": {
    "round_1": 13.2,
    "round_2": 11.2,
    "round_3": 15.98,
    "round_4": 12.9,
    "round_5": 13.31,
    "round_6": 8.67
  }
}