{
  "process_start_time": 1768550251.5610316,
  "process_end_time": 1768550516.054463,
  "total_elapsed_time_seconds": 264.49,
  "rounds_time_stats": {
    "round_1": 36.51,
    "round_2": 50.29,
    "round_3": 46.08,
    "round_4": 45.5,
    "round_5": 43.11,
    "round_6": 43.01
  }
}