{
  "process_start_time": 1767970266.0986135,
  "process_end_time": 1767970755.777034,
  "total_elapsed_time_seconds": 489.68,
  "rounds_time_stats": {
    "round_1": 58.67,
    "round_2": 193.36,
    "round_3": 40.04,
    "round_4": 51.01,
    "round_5": 66.69,
    "round_6": 79.91
  }
}