{
  "process_start_time": 1768551282.5619793,
  "process_end_time": 1768551448.1837847,
  "total_elapsed_time_seconds": 165.62,
  "rounds_time_stats": {
    "round_1": 30.37,
    "round_2": 28.9,
    "round_3": 28.54,
    "round_4": 26.67,
    "round_5": 27.74,
    "round_6": 23.4
  }
}