{
  "process_start_time": 1767677143.536181,
  "process_end_time": 1767677416.993218,
  "total_elapsed_time_seconds": 273.46,
  "rounds_time_stats": {
    "round_1": 47.81,
    "round_2": 42.45,
    "round_3": 47.85,
    "round_4": 46.33,
    "round_5": 43.72,
    "round_6": 45.31
  }
}