{
  "process_start_time": 1767889693.9193985,
  "process_end_time": 1767889812.7077472,
  "total_elapsed_time_seconds": 118.79,
  "rounds_time_stats": {
    "round_1": 19.32,
    "round_2": 18.88,
    "round_3": 20.52,
    "round_4": 21.99,
    "round_5": 17.57,
    "round_6": 20.5
  }
}