{
  "process_start_time": 1767886904.4195187,
  "process_end_time": 1767887026.1245606,
  "total_elapsed_time_seconds": 121.71,
  "rounds_time_stats": {
    "round_1": 16.63,
    "round_2": 24.17,
    "round_3": 13.57,
    "round_4": 21.35,
    "round_5": 22.75,
    "round_6": 23.22
  }
}