{
  "process_start_time": 1767884206.0227463,
  "process_end_time": 1767884220.3612444,
  "total_elapsed_time_seconds": 14.34,
  "rounds_time_stats": {
    "round_1": 14.33
  }
}