{
  "process_start_time": 1767886915.9760125,
  "process_end_time": 1767887079.318841,
  "total_elapsed_time_seconds": 163.34,
  "rounds_time_stats": {
    "round_1": 20.67,
    "round_2": 20.5,
    "round_3": 26.45,
    "round_4": 29.4,
    "round_5": 34.23,
    "round_6": 32.1
  }
}