{
  "process_start_time": 1767883845.960558,
  "process_end_time": 1767884004.6144874,
  "total_elapsed_time_seconds": 158.65,
  "rounds_time_stats": {
    "round_1": 27.02,
    "round_2": 24.38,
    "round_3": 25.31,
    "round_4": 36.14,
    "round_5": 23.03,
    "round_6": 22.75
  }
}