{
  "process_start_time": 1767887228.34977,
  "process_end_time": 1767887304.0684133,
  "total_elapsed_time_seconds": 75.72,
  "rounds_time_stats": {
    "round_1": 15.47,
    "round_2": 20.93,
    "round_3": 19.81,
    "round_4": 19.0,
    "round_5": 0.5
  }
}