{
  "process_start_time": 1767973567.9432557,
  "process_end_time": 1767973832.437914,
  "total_elapsed_time_seconds": 264.49,
  "rounds_time_stats": {
    "round_1": 41.25,
    "round_2": 43.28,
    "round_3": 43.1,
    "round_4": 39.59,
    "round_5": 51.87,
    "round_6": 45.39
  }
}