{
  "process_start_time": 1767978411.1921608,
  "process_end_time": 1767978612.7411447,
  "total_elapsed_time_seconds": 201.55,
  "rounds_time_stats": {
    "round_1": 29.15,
    "round_2": 31.59,
    "round_3": 39.52,
    "round_4": 32.8,
    "round_5": 36.38,
    "round_6": 32.1
  }
}