{
  "process_start_time": 1767886218.2654982,
  "process_end_time": 1767886333.179865,
  "total_elapsed_time_seconds": 114.91,
  "rounds_time_stats": {
    "round_1": 15.97,
    "round_2": 23.57,
    "round_3": 19.51,
    "round_4": 17.78,
    "round_5": 18.31,
    "round_6": 19.77
  }
}