{
  "process_start_time": 1767976517.2405868,
  "process_end_time": 1767976660.8634968,
  "total_elapsed_time_seconds": 143.62,
  "rounds_time_stats": {
    "round_1": 26.74,
    "round_2": 24.16,
    "round_3": 17.22,
    "round_4": 27.44,
    "round_5": 22.0,
    "round_6": 26.05
  }
}