{
  "process_start_time": 1767679402.8811815,
  "process_end_time": 1767679456.127404,
  "total_elapsed_time_seconds": 53.25,
  "rounds_time_stats": {
    "round_1": 53.18
  }
}