{
  "process_start_time": 1767889567.9856153,
  "process_end_time": 1767889577.4491112,
  "total_elapsed_time_seconds": 9.46,
  "rounds_time_stats": {
    "round_1": 9.13,
    "round_2": 0.34
  }
}