{
  "process_start_time": 1767885298.4509943,
  "process_end_time": 1767885388.4610453,
  "total_elapsed_time_seconds": 90.01,
  "rounds_time_stats": {
    "round_1": 15.06,
    "round_2": 15.72,
    "round_3": 17.63,
    "round_4": 15.49,
    "round_5": 9.53,
    "round_6": 16.58
  }
}