{
  "process_start_time": 1768551397.6426275,
  "process_end_time": 1768551592.814193,
  "total_elapsed_time_seconds": 195.17,
  "rounds_time_stats": {
    "round_1": 39.44,
    "round_2": 29.55,
    "round_3": 35.47,
    "round_4": 32.46,
    "round_5": 30.6,
    "round_6": 27.65
  }
}