{
  "process_start_time": 1767889810.5337334,
  "process_end_time": 1767889831.0670142,
  "total_elapsed_time_seconds": 20.53,
  "rounds_time_stats": {
    "round_1": 20.53
  }
}