{
  "process_start_time": 1767890379.459516,
  "process_end_time": 1767890448.3028347,
  "total_elapsed_time_seconds": 68.84,
  "rounds_time_stats": {
    "round_1": 35.16,
    "round_2": 33.67
  }
}