{
  "process_start_time": 1767885828.730553,
  "process_end_time": 1767885857.421137,
  "total_elapsed_time_seconds": 28.69,
  "rounds_time_stats": {
    "round_1": 28.69
  }
}