{
  "process_start_time": 1767887075.7714458,
  "process_end_time": 1767887096.4094763,
  "total_elapsed_time_seconds": 20.64,
  "rounds_time_stats": {
    "round_1": 20.63
  }
}