{
  "process_start_time": 1767677145.126484,
  "process_end_time": 1767677413.9813159,
  "total_elapsed_time_seconds": 268.85,
  "rounds_time_stats": {
    "round_1": 47.54,
    "round_2": 42.84,
    "round_3": 45.47,
    "round_4": 46.9,
    "round_5": 44.1,
    "round_6": 42.0
  }
}