{
  "process_start_time": 1767887297.0330026,
  "process_end_time": 1767887476.287828,
  "total_elapsed_time_seconds": 179.25,
  "rounds_time_stats": {
    "round_1": 27.57,
    "round_2": 30.4,
    "round_3": 28.35,
    "round_4": 31.8,
    "round_5": 25.47,
    "round_6": 35.65
  }
}