{
  "process_start_time": 1767975136.25733,
  "process_end_time": 1767975332.7462387,
  "total_elapsed_time_seconds": 196.49,
  "rounds_time_stats": {
    "round_1": 32.92,
    "round_2": 23.24,
    "round_3": 36.42,
    "round_4": 29.84,
    "round_5": 35.53,
    "round_6": 38.54
  }
}