{
  "process_start_time": 1767687309.7011762,
  "process_end_time": 1767687608.1322289,
  "total_elapsed_time_seconds": 298.43,
  "rounds_time_stats": {
    "round_1": 46.35,
    "round_2": 60.82,
    "round_3": 33.78,
    "round_4": 50.06,
    "round_5": 46.11,
    "round_6": 61.31
  }
}