{
  "process_start_time": 1768117916.489014,
  "process_end_time": 1768118164.046943,
  "total_elapsed_time_seconds": 247.56,
  "rounds_time_stats": {
    "round_1": 43.46,
    "round_2": 37.92,
    "round_3": 43.75,
    "round_4": 47.68,
    "round_5": 38.64,
    "round_6": 36.1
  }
}