{
  "process_start_time": 1767883891.9203272,
  "process_end_time": 1767883907.2325082,
  "total_elapsed_time_seconds": 15.31,
  "rounds_time_stats": {
    "round_1": 15.3
  }
}