{
  "process_start_time": 1767890099.663339,
  "process_end_time": 1767890255.307786,
  "total_elapsed_time_seconds": 155.64,
  "rounds_time_stats": {
    "round_1": 27.07,
    "round_2": 25.99,
    "round_3": 34.08,
    "round_4": 18.69,
    "round_5": 23.8,
    "round_6": 26.0
  }
}