{
  "process_start_time": 1767976671.6552532,
  "process_end_time": 1767976838.039972,
  "total_elapsed_time_seconds": 166.38,
  "rounds_time_stats": {
    "round_1": 27.59,
    "round_2": 25.87,
    "round_3": 26.15,
    "round_4": 26.28,
    "round_5": 29.74,
    "round_6": 30.75
  }
}