{
  "process_start_time": 1767886681.4786692,
  "process_end_time": 1767886778.510744,
  "total_elapsed_time_seconds": 97.03,
  "rounds_time_stats": {
    "round_1": 12.09,
    "round_2": 14.92,
    "round_3": 18.08,
    "round_4": 17.28,
    "round_5": 20.59,
    "round_6": 14.07
  }
}