{
  "process_start_time": 1767889525.314357,
  "process_end_time": 1767889542.185123,
  "total_elapsed_time_seconds": 16.87,
  "rounds_time_stats": {
    "round_1": 16.87
  }
}