{
  "process_start_time": 1767889354.1642654,
  "process_end_time": 1767889435.3741622,
  "total_elapsed_time_seconds": 81.21,
  "rounds_time_stats": {
    "round_1": 29.07,
    "round_2": 52.12
  }
}