{
  "process_start_time": 1767682370.3200402,
  "process_end_time": 1767682699.2271473,
  "total_elapsed_time_seconds": 328.91,
  "rounds_time_stats": {
    "round_1": 85.6,
    "round_2": 44.23,
    "round_3": 46.45,
    "round_4": 45.33,
    "round_5": 47.3,
    "round_6": 59.99
  }
}