{
  "process_start_time": 1767889506.194243,
  "process_end_time": 1767889525.312676,
  "total_elapsed_time_seconds": 19.12,
  "rounds_time_stats": {
    "round_1": 19.09
  }
}