{
  "process_start_time": 1767888853.8662932,
  "process_end_time": 1767888874.8345149,
  "total_elapsed_time_seconds": 20.97,
  "rounds_time_stats": {
    "round_1": 10.29,
    "round_2": 10.67
  }
}