{
  "process_start_time": 1767888797.8187387,
  "process_end_time": 1767888812.6224432,
  "total_elapsed_time_seconds": 14.8,
  "rounds_time_stats": {
    "round_1": 14.8
  }
}