{
  "process_start_time": 1767675475.9719238,
  "process_end_time": 1767675802.669498,
  "total_elapsed_time_seconds": 326.7,
  "rounds_time_stats": {
    "round_1": 76.5,
    "round_2": 52.24,
    "round_3": 62.77,
    "round_4": 37.02,
    "round_5": 46.5,
    "round_6": 51.66
  }
}