{
  "process_start_time": 1767886561.4439347,
  "process_end_time": 1767886646.5293515,
  "total_elapsed_time_seconds": 85.09,
  "rounds_time_stats": {
    "round_1": 9.01,
    "round_2": 15.21,
    "round_3": 10.5,
    "round_4": 17.2,
    "round_5": 13.6,
    "round_6": 19.58
  }
}