{
  "process_start_time": 1767978548.364081,
  "process_end_time": 1767978683.8024852,
  "total_elapsed_time_seconds": 135.44,
  "rounds_time_stats": {
    "round_1": 22.82,
    "round_2": 20.83,
    "round_3": 29.36,
    "round_4": 25.22,
    "round_5": 18.63,
    "round_6": 18.57
  }
}