{
  "process_start_time": 1767884575.2391648,
  "process_end_time": 1767884657.7132823,
  "total_elapsed_time_seconds": 82.47,
  "rounds_time_stats": {
    "round_1": 17.87,
    "round_2": 16.72,
    "round_3": 16.86,
    "round_4": 15.87,
    "round_5": 15.16
  }
}