{
  "process_start_time": 1767884163.6889205,
  "process_end_time": 1767884186.1633246,
  "total_elapsed_time_seconds": 22.47,
  "rounds_time_stats": {
    "round_1": 22.47
  }
}