{
  "process_start_time": 1767884867.2894454,
  "process_end_time": 1767885116.8901992,
  "total_elapsed_time_seconds": 249.6,
  "rounds_time_stats": {
    "round_1": 14.28,
    "round_2": 15.79,
    "round_3": 15.69,
    "round_4": 154.11,
    "round_5": 26.29,
    "round_6": 23.44
  }
}