{
  "process_start_time": 1767886290.723105,
  "process_end_time": 1767886339.0812073,
  "total_elapsed_time_seconds": 48.36,
  "rounds_time_stats": {
    "round_1": 23.31,
    "round_2": 25.04
  }
}