{
  "process_start_time": 1767973270.7918127,
  "process_end_time": 1767973463.4974048,
  "total_elapsed_time_seconds": 192.71,
  "rounds_time_stats": {
    "round_1": 22.32,
    "round_2": 37.89,
    "round_3": 35.92,
    "round_4": 31.19,
    "round_5": 31.02,
    "round_6": 34.36
  }
}