{
  "process_start_time": 1767889978.5602322,
  "process_end_time": 1767890047.2624815,
  "total_elapsed_time_seconds": 68.7,
  "rounds_time_stats": {
    "round_1": 20.68,
    "round_2": 21.47,
    "round_3": 26.54
  }
}