{
  "process_start_time": 1768550500.803757,
  "process_end_time": 1768550776.7868943,
  "total_elapsed_time_seconds": 275.98,
  "rounds_time_stats": {
    "round_1": 41.88,
    "round_2": 40.81,
    "round_3": 60.99,
    "round_4": 44.7,
    "round_5": 45.68,
    "round_6": 41.93
  }
}