{
  "process_start_time": 1767885390.338484,
  "process_end_time": 1767885429.3621097,
  "total_elapsed_time_seconds": 39.02,
  "rounds_time_stats": {
    "round_1": 17.69,
    "round_2": 21.33
  }
}