{
  "process_start_time": 1767683234.5704257,
  "process_end_time": 1767683514.6933637,
  "total_elapsed_time_seconds": 280.12,
  "rounds_time_stats": {
    "round_1": 50.49,
    "round_2": 43.92,
    "round_3": 44.34,
    "round_4": 50.1,
    "round_5": 46.49,
    "round_6": 44.78
  }
}