{
  "process_start_time": 1767679857.1222692,
  "process_end_time": 1767680135.3393216,
  "total_elapsed_time_seconds": 278.22,
  "rounds_time_stats": {
    "round_1": 50.62,
    "round_2": 46.89,
    "round_3": 44.84,
    "round_4": 45.33,
    "round_5": 47.31,
    "round_6": 43.23
  }
}