{
  "process_start_time": 1767679730.9305892,
  "process_end_time": 1767679971.1475523,
  "total_elapsed_time_seconds": 240.22,
  "rounds_time_stats": {
    "round_1": 45.04,
    "round_2": 34.47,
    "round_3": 31.2,
    "round_4": 49.89,
    "round_5": 44.18,
    "round_6": 35.44
  }
}