{
  "process_start_time": 1768115009.760654,
  "process_end_time": 1768115303.6032624,
  "total_elapsed_time_seconds": 293.84,
  "rounds_time_stats": {
    "round_1": 40.43,
    "round_2": 51.2,
    "round_3": 48.89,
    "round_4": 58.86,
    "round_5": 47.42,
    "round_6": 47.04
  }
}