{
  "process_start_time": 1767975136.2583275,
  "process_end_time": 1767975293.7463794,
  "total_elapsed_time_seconds": 157.49,
  "rounds_time_stats": {
    "round_1": 12.67,
    "round_2": 31.17,
    "round_3": 31.1,
    "round_4": 25.49,
    "round_5": 28.86,
    "round_6": 28.2
  }
}