{
  "process_start_time": 1767885181.4906168,
  "process_end_time": 1767885206.7771282,
  "total_elapsed_time_seconds": 25.29,
  "rounds_time_stats": {
    "round_1": 25.28
  }
}