{
  "process_start_time": 1767683601.7878249,
  "process_end_time": 1767683883.1002738,
  "total_elapsed_time_seconds": 281.31,
  "rounds_time_stats": {
    "round_1": 37.59,
    "round_2": 46.1,
    "round_3": 48.28,
    "round_4": 46.64,
    "round_5": 58.88,
    "round_6": 43.82
  }
}