{
  "process_start_time": 1767890032.5747917,
  "process_end_time": 1767890171.9937952,
  "total_elapsed_time_seconds": 139.42,
  "rounds_time_stats": {
    "round_1": 16.78,
    "round_2": 49.87,
    "round_3": 20.06,
    "round_4": 16.64,
    "round_5": 19.02,
    "round_6": 17.04
  }
}