{
  "process_start_time": 1767887926.4201517,
  "process_end_time": 1767888008.6602676,
  "total_elapsed_time_seconds": 82.24,
  "rounds_time_stats": {
    "round_1": 11.9,
    "round_2": 16.84,
    "round_3": 12.64,
    "round_4": 11.44,
    "round_5": 15.29,
    "round_6": 14.12
  }
}