{
  "process_start_time": 1767885318.46697,
  "process_end_time": 1767885351.2152538,
  "total_elapsed_time_seconds": 32.75,
  "rounds_time_stats": {
    "round_1": 32.73
  }
}