{
  "process_start_time": 1767680016.2716112,
  "process_end_time": 1767680311.6264195,
  "total_elapsed_time_seconds": 295.35,
  "rounds_time_stats": {
    "round_1": 37.28,
    "round_2": 60.27,
    "round_3": 41.89,
    "round_4": 46.98,
    "round_5": 48.38,
    "round_6": 60.55
  }
}