{
  "process_start_time": 1767887654.214305,
  "process_end_time": 1767887669.9925258,
  "total_elapsed_time_seconds": 15.78,
  "rounds_time_stats": {
    "round_1": 15.78
  }
}