{
  "process_start_time": 1767676297.1413321,
  "process_end_time": 1767676571.9607563,
  "total_elapsed_time_seconds": 274.82,
  "rounds_time_stats": {
    "round_1": 49.55,
    "round_2": 44.61,
    "round_3": 48.12,
    "round_4": 42.29,
    "round_5": 46.46,
    "round_6": 43.78
  }
}