{
  "process_start_time": 1767679191.1526427,
  "process_end_time": 1767679463.5076332,
  "total_elapsed_time_seconds": 272.35,
  "rounds_time_stats": {
    "round_1": 46.54,
    "round_2": 47.25,
    "round_3": 45.22,
    "round_4": 43.69,
    "round_5": 46.19,
    "round_6": 43.46
  }
}