{
  "process_start_time": 1767886882.4283233,
  "process_end_time": 1767887050.3968601,
  "total_elapsed_time_seconds": 167.97,
  "rounds_time_stats": {
    "round_1": 22.34,
    "round_2": 21.33,
    "round_3": 26.2,
    "round_4": 30.88,
    "round_5": 36.77,
    "round_6": 30.45
  }
}