{
  "process_start_time": 1768555958.2404764,
  "process_end_time": 1768556114.884483,
  "total_elapsed_time_seconds": 156.64,
  "rounds_time_stats": {
    "round_1": 28.86,
    "round_2": 25.91,
    "round_3": 29.84,
    "round_4": 24.31,
    "round_5": 23.16,
    "round_6": 24.55
  }
}