{
  "process_start_time": 1768116429.7197666,
  "process_end_time": 1768116651.0189922,
  "total_elapsed_time_seconds": 221.3,
  "rounds_time_stats": {
    "round_1": 36.81,
    "round_2": 28.19,
    "round_3": 43.91,
    "round_4": 42.18,
    "round_5": 43.96,
    "round_6": 26.24
  }
}