{
  "process_start_time": 1767885345.2610402,
  "process_end_time": 1767885400.8093748,
  "total_elapsed_time_seconds": 55.55,
  "rounds_time_stats": {
    "round_1": 22.47,
    "round_2": 33.05
  }
}