{
  "process_start_time": 1767887560.1171753,
  "process_end_time": 1767887747.475647,
  "total_elapsed_time_seconds": 187.36,
  "rounds_time_stats": {
    "round_1": 25.61,
    "round_2": 26.39,
    "round_3": 36.81,
    "round_4": 33.57,
    "round_5": 64.95
  }
}