{
  "process_start_time": 1767676313.0195763,
  "process_end_time": 1767676603.0618181,
  "total_elapsed_time_seconds": 290.04,
  "rounds_time_stats": {
    "round_1": 49.06,
    "round_2": 41.07,
    "round_3": 47.3,
    "round_4": 59.42,
    "round_5": 48.11,
    "round_6": 45.08
  }
}