{
  "process_start_time": 1767675760.3957279,
  "process_end_time": 1767676029.6498897,
  "total_elapsed_time_seconds": 269.25,
  "rounds_time_stats": {
    "round_1": 42.63,
    "round_2": 43.06,
    "round_3": 43.51,
    "round_4": 46.84,
    "round_5": 47.52,
    "round_6": 45.69
  }
}