{
  "process_start_time": 1768551799.734172,
  "process_end_time": 1768551963.8714986,
  "total_elapsed_time_seconds": 164.14,
  "rounds_time_stats": {
    "round_1": 19.96,
    "round_2": 22.22,
    "round_3": 27.6,
    "round_4": 32.64,
    "round_5": 33.41,
    "round_6": 28.3
  }
}