{
  "process_start_time": 1767886671.6323142,
  "process_end_time": 1767886690.1444237,
  "total_elapsed_time_seconds": 18.51,
  "rounds_time_stats": {
    "round_1": 18.51
  }
}