{
  "process_start_time": 1767886515.4355063,
  "process_end_time": 1767886534.115645,
  "total_elapsed_time_seconds": 18.68,
  "rounds_time_stats": {
    "round_1": 18.67
  }
}