{
  "process_start_time": 1768551744.709397,
  "process_end_time": 1768551884.3305478,
  "total_elapsed_time_seconds": 139.62,
  "rounds_time_stats": {
    "round_1": 27.09,
    "round_2": 20.39,
    "round_3": 20.62,
    "round_4": 22.8,
    "round_5": 23.42,
    "round_6": 25.29
  }
}