{
  "process_start_time": 1767885994.3779435,
  "process_end_time": 1767886209.3169322,
  "total_elapsed_time_seconds": 214.94,
  "rounds_time_stats": {
    "round_1": 31.06,
    "round_2": 30.02,
    "round_3": 30.66,
    "round_4": 58.38,
    "round_5": 30.29,
    "round_6": 34.54
  }
}