{
  "process_start_time": 1767888438.71962,
  "process_end_time": 1767888655.6637442,
  "total_elapsed_time_seconds": 216.94,
  "rounds_time_stats": {
    "round_1": 25.21,
    "round_2": 36.54,
    "round_3": 28.12,
    "round_4": 34.66,
    "round_5": 62.07,
    "round_6": 30.35
  }
}