{
  "process_start_time": 1767889839.5732322,
  "process_end_time": 1767889974.0040584,
  "total_elapsed_time_seconds": 134.43,
  "rounds_time_stats": {
    "round_1": 15.07,
    "round_2": 33.87,
    "round_3": 17.01,
    "round_4": 19.64,
    "round_5": 22.35,
    "round_6": 26.49
  }
}