{
  "process_start_time": 1767889821.1890726,
  "process_end_time": 1767889835.9161777,
  "total_elapsed_time_seconds": 14.73,
  "rounds_time_stats": {
    "round_1": 14.73
  }
}