{
  "process_start_time": 1768115880.6265502,
  "process_end_time": 1768116185.3741326,
  "total_elapsed_time_seconds": 304.75,
  "rounds_time_stats": {
    "round_1": 47.77,
    "round_2": 48.27,
    "round_3": 52.62,
    "round_4": 48.87,
    "round_5": 59.92,
    "round_6": 47.29
  }
}