{
  "process_start_time": 1767887784.822074,
  "process_end_time": 1767887855.0026565,
  "total_elapsed_time_seconds": 70.18,
  "rounds_time_stats": {
    "round_1": 43.44,
    "round_2": 26.74
  }
}