{
  "process_start_time": 1767975136.2571602,
  "process_end_time": 1767975353.8846014,
  "total_elapsed_time_seconds": 217.63,
  "rounds_time_stats": {
    "round_1": 34.1,
    "round_2": 41.11,
    "round_3": 34.56,
    "round_4": 36.68,
    "round_5": 39.9,
    "round_6": 31.28
  }
}