{
  "process_start_time": 1767884475.9591382,
  "process_end_time": 1767884549.9939356,
  "total_elapsed_time_seconds": 74.03,
  "rounds_time_stats": {
    "round_1": 15.3,
    "round_2": 16.8,
    "round_3": 13.43,
    "round_4": 27.99,
    "round_5": 0.52
  }
}