{
  "process_start_time": 1767684353.648699,
  "process_end_time": 1767684690.6403625,
  "total_elapsed_time_seconds": 336.99,
  "rounds_time_stats": {
    "round_1": 73.91,
    "round_2": 61.39,
    "round_3": 46.95,
    "round_4": 45.62,
    "round_5": 46.9,
    "round_6": 62.21
  }
}