{
  "process_start_time": 1767680061.383887,
  "process_end_time": 1767680338.7593794,
  "total_elapsed_time_seconds": 277.38,
  "rounds_time_stats": {
    "round_1": 45.75,
    "round_2": 46.75,
    "round_3": 51.01,
    "round_4": 42.77,
    "round_5": 49.23,
    "round_6": 41.87
  }
}