{
  "process_start_time": 1767680622.9155054,
  "process_end_time": 1767680897.1073039,
  "total_elapsed_time_seconds": 274.19,
  "rounds_time_stats": {
    "round_1": 46.2,
    "round_2": 44.24,
    "round_3": 45.51,
    "round_4": 47.34,
    "round_5": 44.0,
    "round_6": 46.89
  }
}