{
  "process_start_time": 1767679476.2541804,
  "process_end_time": 1767679747.5893986,
  "total_elapsed_time_seconds": 271.34,
  "rounds_time_stats": {
    "round_1": 42.79,
    "round_2": 47.9,
    "round_3": 39.69,
    "round_4": 49.67,
    "round_5": 46.23,
    "round_6": 45.06
  }
}