{
  "process_start_time": 1767890106.81993,
  "process_end_time": 1767890193.8839386,
  "total_elapsed_time_seconds": 87.06,
  "rounds_time_stats": {
    "round_1": 34.35,
    "round_2": 22.57,
    "round_3": 30.13
  }
}