{
  "process_start_time": 1767676047.6950476,
  "process_end_time": 1767676313.0189743,
  "total_elapsed_time_seconds": 265.32,
  "rounds_time_stats": {
    "round_1": 45.17,
    "round_2": 32.63,
    "round_3": 49.9,
    "round_4": 46.28,
    "round_5": 43.73,
    "round_6": 47.62
  }
}