{
  "process_start_time": 1767886375.4959466,
  "process_end_time": 1767886389.3875341,
  "total_elapsed_time_seconds": 13.89,
  "rounds_time_stats": {
    "round_1": 13.89
  }
}