{
  "process_start_time": 1767885363.5527077,
  "process_end_time": 1767885503.330151,
  "total_elapsed_time_seconds": 139.78,
  "rounds_time_stats": {
    "round_1": 34.97,
    "round_2": 70.89,
    "round_3": 33.9
  }
}