{
  "process_start_time": 1767978960.1325784,
  "process_end_time": 1767979137.5005617,
  "total_elapsed_time_seconds": 177.37,
  "rounds_time_stats": {
    "round_1": 20.91,
    "round_2": 34.38,
    "round_3": 30.75,
    "round_4": 30.3,
    "round_5": 29.49,
    "round_6": 31.55
  }
}