{
  "process_start_time": 1767888405.9471223,
  "process_end_time": 1767888456.3796492,
  "total_elapsed_time_seconds": 50.43,
  "rounds_time_stats": {
    "round_1": 23.6,
    "round_2": 26.75,
    "round_3": 0.09
  }
}