{
  "process_start_time": 1767886470.5472326,
  "process_end_time": 1767886604.6563747,
  "total_elapsed_time_seconds": 134.11,
  "rounds_time_stats": {
    "round_1": 26.43,
    "round_2": 34.12,
    "round_3": 34.54,
    "round_4": 38.97
  }
}