{
  "process_start_time": 1767978190.8903267,
  "process_end_time": 1767978342.9094505,
  "total_elapsed_time_seconds": 152.02,
  "rounds_time_stats": {
    "round_1": 20.89,
    "round_2": 20.84,
    "round_3": 26.42,
    "round_4": 28.28,
    "round_5": 28.6,
    "round_6": 26.99
  }
}