{
  "process_start_time": 1767888070.7820506,
  "process_end_time": 1767888096.5545554,
  "total_elapsed_time_seconds": 25.77,
  "rounds_time_stats": {
    "round_1": 12.29,
    "round_2": 13.48
  }
}