{
  "process_start_time": 1767679403.066859,
  "process_end_time": 1767679458.2908208,
  "total_elapsed_time_seconds": 55.22,
  "rounds_time_stats": {
    "round_1": 55.2
  }
}