{
  "process_start_time": 1767888948.8241436,
  "process_end_time": 1767888960.8124475,
  "total_elapsed_time_seconds": 11.99,
  "rounds_time_stats": {
    "round_1": 11.99
  }
}