{
  "process_start_time": 1767684670.6384182,
  "process_end_time": 1767684971.2957196,
  "total_elapsed_time_seconds": 300.66,
  "rounds_time_stats": {
    "round_1": 50.0,
    "round_2": 48.29,
    "round_3": 47.52,
    "round_4": 50.44,
    "round_5": 60.87,
    "round_6": 43.53
  }
}