{
  "process_start_time": 1767689821.4344027,
  "process_end_time": 1767690112.3085537,
  "total_elapsed_time_seconds": 290.87,
  "rounds_time_stats": {
    "round_1": 38.64,
    "round_2": 41.4,
    "round_3": 58.87,
    "round_4": 45.82,
    "round_5": 47.86,
    "round_6": 58.27
  }
}