{
  "process_start_time": 1767889942.374292,
  "process_end_time": 1767889981.9212973,
  "total_elapsed_time_seconds": 39.55,
  "rounds_time_stats": {
    "round_1": 13.49,
    "round_2": 26.05
  }
}