{
  "process_start_time": 1767890867.3754048,
  "process_end_time": 1767890981.2902105,
  "total_elapsed_time_seconds": 113.91,
  "rounds_time_stats": {
    "round_1": 19.67,
    "round_2": 19.39,
    "round_3": 23.3,
    "round_4": 20.6,
    "round_5": 17.17,
    "round_6": 13.77
  }
}