{
  "process_start_time": 1767886108.7071204,
  "process_end_time": 1767886165.1191075,
  "total_elapsed_time_seconds": 56.41,
  "rounds_time_stats": {
    "round_1": 30.38,
    "round_2": 26.03
  }
}