{
  "process_start_time": 1767887302.4563458,
  "process_end_time": 1767887370.6640306,
  "total_elapsed_time_seconds": 68.21,
  "rounds_time_stats": {
    "round_1": 33.76,
    "round_2": 34.44
  }
}