{
  "process_start_time": 1767973613.7324085,
  "process_end_time": 1767973798.6467438,
  "total_elapsed_time_seconds": 184.91,
  "rounds_time_stats": {
    "round_1": 28.75,
    "round_2": 30.45,
    "round_3": 33.33,
    "round_4": 18.86,
    "round_5": 28.73,
    "round_6": 44.8
  }
}