{
  "process_start_time": 1767883512.386996,
  "process_end_time": 1767883533.5689516,
  "total_elapsed_time_seconds": 21.18,
  "rounds_time_stats": {
    "round_1": 21.18
  }
}