{
  "process_start_time": 1767975762.4376857,
  "process_end_time": 1767975934.0888472,
  "total_elapsed_time_seconds": 171.65,
  "rounds_time_stats": {
    "round_1": 26.31,
    "round_2": 22.41,
    "round_3": 31.63,
    "round_4": 31.64,
    "round_5": 29.02,
    "round_6": 30.64
  }
}