{
  "process_start_time": 1768108296.8651483,
  "process_end_time": 1768108553.461239,
  "total_elapsed_time_seconds": 256.6,
  "rounds_time_stats": {
    "round_1": 35.02,
    "round_2": 36.16,
    "round_3": 48.84,
    "round_4": 44.31,
    "round_5": 47.89,
    "round_6": 44.38
  }
}