{
  "process_start_time": 1767890694.859727,
  "process_end_time": 1767890873.1229913,
  "total_elapsed_time_seconds": 178.26,
  "rounds_time_stats": {
    "round_1": 22.23,
    "round_2": 28.98,
    "round_3": 31.14,
    "round_4": 28.77,
    "round_5": 38.59,
    "round_6": 28.54
  }
}