{
  "process_start_time": 1768555089.0291166,
  "process_end_time": 1768555252.3170366,
  "total_elapsed_time_seconds": 163.29,
  "rounds_time_stats": {
    "round_1": 28.9,
    "round_2": 27.23,
    "round_3": 30.04,
    "round_4": 19.5,
    "round_5": 27.9,
    "round_6": 29.72
  }
}