{
  "process_start_time": 1767889017.7240024,
  "process_end_time": 1767889121.78329,
  "total_elapsed_time_seconds": 104.06,
  "rounds_time_stats": {
    "round_1": 15.24,
    "round_2": 19.96,
    "round_3": 16.08,
    "round_4": 18.4,
    "round_5": 18.09,
    "round_6": 16.28
  }
}