{
  "process_start_time": 1767886440.4283407,
  "process_end_time": 1767886462.4300978,
  "total_elapsed_time_seconds": 22.0,
  "rounds_time_stats": {
    "round_1": 22.0
  }
}