{
  "process_start_time": 1767890183.8041658,
  "process_end_time": 1767890207.486333,
  "total_elapsed_time_seconds": 23.68,
  "rounds_time_stats": {
    "round_1": 23.66
  }
}