{
  "process_start_time": 1767889825.0784345,
  "process_end_time": 1767889833.5995781,
  "total_elapsed_time_seconds": 8.52,
  "rounds_time_stats": {
    "round_1": 8.52
  }
}