{
  "process_start_time": 1767888848.2159715,
  "process_end_time": 1767888857.187427,
  "total_elapsed_time_seconds": 8.97,
  "rounds_time_stats": {
    "round_1": 8.97
  }
}