{
  "process_start_time": 1767887895.3673124,
  "process_end_time": 1767887944.3305402,
  "total_elapsed_time_seconds": 48.96,
  "rounds_time_stats": {
    "round_1": 20.54,
    "round_2": 28.42
  }
}