{
  "process_start_time": 1768114486.9777863,
  "process_end_time": 1768114754.742708,
  "total_elapsed_time_seconds": 267.76,
  "rounds_time_stats": {
    "round_1": 23.13,
    "round_2": 44.58,
    "round_3": 46.93,
    "round_4": 51.77,
    "round_5": 52.08,
    "round_6": 49.27
  }
}