{
  "process_start_time": 1767889705.1707745,
  "process_end_time": 1767889731.829202,
  "total_elapsed_time_seconds": 26.66,
  "rounds_time_stats": {
    "round_1": 10.51,
    "round_2": 16.01,
    "round_3": 0.13
  }
}