{
  "process_start_time": 1767888544.234721,
  "process_end_time": 1767888574.0691895,
  "total_elapsed_time_seconds": 29.83,
  "rounds_time_stats": {
    "round_1": 15.06,
    "round_2": 14.77
  }
}