{
  "process_start_time": 1767689019.5676816,
  "process_end_time": 1767689305.7313597,
  "total_elapsed_time_seconds": 286.16,
  "rounds_time_stats": {
    "round_1": 45.91,
    "round_2": 55.11,
    "round_3": 46.67,
    "round_4": 46.85,
    "round_5": 45.08,
    "round_6": 46.55
  }
}