{
  "process_start_time": 1767885122.541437,
  "process_end_time": 1767885139.4166572,
  "total_elapsed_time_seconds": 16.88,
  "rounds_time_stats": {
    "round_1": 16.87
  }
}