{
  "process_start_time": 1767883525.9150045,
  "process_end_time": 1767883729.0756235,
  "total_elapsed_time_seconds": 203.16,
  "rounds_time_stats": {
    "round_1": 34.26,
    "round_2": 19.5,
    "round_3": 36.41,
    "round_4": 36.32,
    "round_5": 39.84,
    "round_6": 36.83
  }
}