{
  "process_start_time": 1767849999.4795218,
  "process_end_time": 1767850711.2953923,
  "total_elapsed_time_seconds": 711.82,
  "rounds_time_stats": {
    "round_1": 11.69,
    "round_2": 24.94,
    "round_3": 24.25,
    "round_4": 621.08,
    "round_5": 14.29,
    "round_6": 15.55
  }
}