{
  "process_start_time": 1768551901.7569342,
  "process_end_time": 1768552147.8994482,
  "total_elapsed_time_seconds": 246.14,
  "rounds_time_stats": {
    "round_1": 23.18,
    "round_2": 45.49,
    "round_3": 43.72,
    "round_4": 39.22,
    "round_5": 47.2,
    "round_6": 47.32
  }
}