{
  "process_start_time": 1768107778.4726202,
  "process_end_time": 1768108032.0109215,
  "total_elapsed_time_seconds": 253.54,
  "rounds_time_stats": {
    "round_1": 26.83,
    "round_2": 49.31,
    "round_3": 44.15,
    "round_4": 44.61,
    "round_5": 44.08,
    "round_6": 44.54
  }
}