{
  "process_start_time": 1767889646.174017,
  "process_end_time": 1767889750.1837223,
  "total_elapsed_time_seconds": 104.01,
  "rounds_time_stats": {
    "round_1": 14.59,
    "round_2": 16.82,
    "round_3": 14.03,
    "round_4": 16.71,
    "round_5": 17.84,
    "round_6": 24.02
  }
}