{
  "process_start_time": 1768555598.1333973,
  "process_end_time": 1768555763.140194,
  "total_elapsed_time_seconds": 165.01,
  "rounds_time_stats": {
    "round_1": 28.43,
    "round_2": 21.77,
    "round_3": 30.32,
    "round_4": 28.9,
    "round_5": 26.68,
    "round_6": 28.9
  }
}