{
  "process_start_time": 1768109484.0777185,
  "process_end_time": 1768109733.816256,
  "total_elapsed_time_seconds": 249.74,
  "rounds_time_stats": {
    "round_1": 34.47,
    "round_2": 43.9,
    "round_3": 45.16,
    "round_4": 33.93,
    "round_5": 45.4,
    "round_6": 46.88
  }
}