{
  "process_start_time": 1767883356.8076692,
  "process_end_time": 1767883521.3644123,
  "total_elapsed_time_seconds": 164.56,
  "rounds_time_stats": {
    "round_1": 28.18,
    "round_2": 29.0,
    "round_3": 28.14,
    "round_4": 26.59,
    "round_5": 25.59,
    "round_6": 27.05
  }
}