{
  "process_start_time": 1767888667.7012615,
  "process_end_time": 1767888813.9711018,
  "total_elapsed_time_seconds": 146.27,
  "rounds_time_stats": {
    "round_1": 18.38,
    "round_2": 26.95,
    "round_3": 25.82,
    "round_4": 24.18,
    "round_5": 22.87,
    "round_6": 28.06
  }
}