{
  "process_start_time": 1768551742.765178,
  "process_end_time": 1768551892.766336,
  "total_elapsed_time_seconds": 150.0,
  "rounds_time_stats": {
    "round_1": 21.36,
    "round_2": 27.96,
    "round_3": 25.82,
    "round_4": 23.55,
    "round_5": 27.29,
    "round_6": 24.01
  }
}