{
  "process_start_time": 1767883172.0335562,
  "process_end_time": 1767883214.8755786,
  "total_elapsed_time_seconds": 42.84,
  "rounds_time_stats": {
    "round_1": 21.75,
    "round_2": 20.87,
    "round_3": 0.2
  }
}