{
  "process_start_time": 1767978190.892125,
  "process_end_time": 1767978313.0497873,
  "total_elapsed_time_seconds": 122.16,
  "rounds_time_stats": {
    "round_1": 19.05,
    "round_2": 15.79,
    "round_3": 15.86,
    "round_4": 21.85,
    "round_5": 22.09,
    "round_6": 27.52
  }
}