{
  "process_start_time": 1767890491.3893888,
  "process_end_time": 1767890511.5865254,
  "total_elapsed_time_seconds": 20.2,
  "rounds_time_stats": {
    "round_1": 20.19
  }
}