{
  "process_start_time": 1767889446.3646107,
  "process_end_time": 1767889517.2790706,
  "total_elapsed_time_seconds": 70.91,
  "rounds_time_stats": {
    "round_1": 9.14,
    "round_2": 11.58,
    "round_3": 14.22,
    "round_4": 11.24,
    "round_5": 10.29,
    "round_6": 14.44
  }
}