{
  "process_start_time": 1767684912.909724,
  "process_end_time": 1767685199.0291433,
  "total_elapsed_time_seconds": 286.12,
  "rounds_time_stats": {
    "round_1": 47.41,
    "round_2": 44.95,
    "round_3": 44.08,
    "round_4": 50.48,
    "round_5": 48.6,
    "round_6": 50.6
  }
}