{
  "process_start_time": 1767682686.0173159,
  "process_end_time": 1767682977.604538,
  "total_elapsed_time_seconds": 291.59,
  "rounds_time_stats": {
    "round_1": 43.92,
    "round_2": 43.75,
    "round_3": 53.33,
    "round_4": 41.08,
    "round_5": 50.93,
    "round_6": 58.57
  }
}