{
  "process_start_time": 1767977458.8064656,
  "process_end_time": 1767977627.0733202,
  "total_elapsed_time_seconds": 168.27,
  "rounds_time_stats": {
    "round_1": 29.57,
    "round_2": 28.68,
    "round_3": 23.53,
    "round_4": 30.07,
    "round_5": 24.61,
    "round_6": 31.8
  }
}