{
  "process_start_time": 1767884564.8674452,
  "process_end_time": 1767884601.170096,
  "total_elapsed_time_seconds": 36.3,
  "rounds_time_stats": {
    "round_1": 19.63,
    "round_2": 16.67
  }
}