{
  "process_start_time": 1768552239.0346568,
  "process_end_time": 1768552388.462366,
  "total_elapsed_time_seconds": 149.43,
  "rounds_time_stats": {
    "round_1": 23.36,
    "round_2": 30.89,
    "round_3": 24.18,
    "round_4": 21.09,
    "round_5": 24.59,
    "round_6": 25.32
  }
}