{
  "process_start_time": 1768555306.7207406,
  "process_end_time": 1768555477.9278288,
  "total_elapsed_time_seconds": 171.21,
  "rounds_time_stats": {
    "round_1": 30.65,
    "round_2": 28.21,
    "round_3": 27.16,
    "round_4": 29.7,
    "round_5": 28.43,
    "round_6": 27.04
  }
}