{
  "process_start_time": 1767974320.9452567,
  "process_end_time": 1767974648.7279675,
  "total_elapsed_time_seconds": 327.78,
  "rounds_time_stats": {
    "round_1": 58.55,
    "round_2": 42.3,
    "round_3": 62.69,
    "round_4": 67.88,
    "round_5": 54.02,
    "round_6": 42.34
  }
}