{
  "process_start_time": 1767682653.7384667,
  "process_end_time": 1767682934.7479405,
  "total_elapsed_time_seconds": 281.01,
  "rounds_time_stats": {
    "round_1": 46.62,
    "round_2": 47.89,
    "round_3": 39.35,
    "round_4": 49.94,
    "round_5": 49.21,
    "round_6": 48.0
  }
}