{
  "process_start_time": 1767883828.3719687,
  "process_end_time": 1767884052.469675,
  "total_elapsed_time_seconds": 224.1,
  "rounds_time_stats": {
    "round_1": 38.72,
    "round_2": 40.26,
    "round_3": 25.89,
    "round_4": 44.82,
    "round_5": 34.61,
    "round_6": 39.79
  }
}