{
  "process_start_time": 1767889218.3228595,
  "process_end_time": 1767889270.6094375,
  "total_elapsed_time_seconds": 52.29,
  "rounds_time_stats": {
    "round_1": 52.26
  }
}