{
  "process_start_time": 1767883051.2731073,
  "process_end_time": 1767883131.4542434,
  "total_elapsed_time_seconds": 80.18,
  "rounds_time_stats": {
    "round_1": 8.25,
    "round_2": 18.36,
    "round_3": 10.14,
    "round_4": 17.09,
    "round_5": 8.47,
    "round_6": 17.86
  }
}