{
  "process_start_time": 1768108554.2672942,
  "process_end_time": 1768108803.4629557,
  "total_elapsed_time_seconds": 249.2,
  "rounds_time_stats": {
    "round_1": 39.34,
    "round_2": 31.56,
    "round_3": 36.28,
    "round_4": 48.72,
    "round_5": 48.34,
    "round_6": 44.94
  }
}