{
  "process_start_time": 1767679360.745468,
  "process_end_time": 1767679641.9648216,
  "total_elapsed_time_seconds": 281.22,
  "rounds_time_stats": {
    "round_1": 43.87,
    "round_2": 44.18,
    "round_3": 40.85,
    "round_4": 57.14,
    "round_5": 46.8,
    "round_6": 48.37
  }
}