{
  "process_start_time": 1767888844.0462525,
  "process_end_time": 1767888988.050653,
  "total_elapsed_time_seconds": 144.0,
  "rounds_time_stats": {
    "round_1": 19.29,
    "round_2": 21.25,
    "round_3": 27.38,
    "round_4": 28.33,
    "round_5": 24.03,
    "round_6": 23.73
  }
}