{
  "process_start_time": 1767890677.624066,
  "process_end_time": 1767890748.7923265,
  "total_elapsed_time_seconds": 71.17,
  "rounds_time_stats": {
    "round_1": 21.58,
    "round_2": 25.4,
    "round_3": 23.76,
    "round_4": 0.43
  }
}