{
  "process_start_time": 1767889502.7196443,
  "process_end_time": 1767889522.7743337,
  "total_elapsed_time_seconds": 20.05,
  "rounds_time_stats": {
    "round_1": 20.03
  }
}