{
  "process_start_time": 1767889465.9875097,
  "process_end_time": 1767889482.591173,
  "total_elapsed_time_seconds": 16.6,
  "rounds_time_stats": {
    "round_1": 16.6
  }
}