{
  "process_start_time": 1767976690.9635367,
  "process_end_time": 1767976860.727064,
  "total_elapsed_time_seconds": 169.76,
  "rounds_time_stats": {
    "round_1": 22.69,
    "round_2": 26.58,
    "round_3": 22.52,
    "round_4": 35.0,
    "round_5": 23.92,
    "round_6": 39.05
  }
}