{
  "process_start_time": 1768551774.5943835,
  "process_end_time": 1768551944.919019,
  "total_elapsed_time_seconds": 170.32,
  "rounds_time_stats": {
    "round_1": 27.13,
    "round_2": 26.08,
    "round_3": 20.77,
    "round_4": 29.25,
    "round_5": 31.29,
    "round_6": 35.8
  }
}