{
  "process_start_time": 1768552127.617434,
  "process_end_time": 1768552285.4139025,
  "total_elapsed_time_seconds": 157.8,
  "rounds_time_stats": {
    "round_1": 24.36,
    "round_2": 22.57,
    "round_3": 24.64,
    "round_4": 29.35,
    "round_5": 27.94,
    "round_6": 28.94
  }
}