{
  "process_start_time": 1767680281.0447204,
  "process_end_time": 1767680539.9386992,
  "total_elapsed_time_seconds": 258.89,
  "rounds_time_stats": {
    "round_1": 42.15,
    "round_2": 44.38,
    "round_3": 42.02,
    "round_4": 43.44,
    "round_5": 44.06,
    "round_6": 42.84
  }
}