{
  "process_start_time": 1767969587.72136,
  "process_end_time": 1767969887.0212395,
  "total_elapsed_time_seconds": 299.3,
  "rounds_time_stats": {
    "round_1": 36.35,
    "round_2": 41.24,
    "round_3": 38.97,
    "round_4": 52.29,
    "round_5": 67.07,
    "round_6": 63.37
  }
}