{
  "process_start_time": 1767686727.6040812,
  "process_end_time": 1767687046.4730048,
  "total_elapsed_time_seconds": 318.87,
  "rounds_time_stats": {
    "round_1": 90.22,
    "round_2": 49.08,
    "round_3": 44.95,
    "round_4": 44.88,
    "round_5": 43.53,
    "round_6": 46.2
  }
}