{
  "process_start_time": 1767889680.8972569,
  "process_end_time": 1767889694.3803132,
  "total_elapsed_time_seconds": 13.48,
  "rounds_time_stats": {
    "round_1": 13.48
  }
}