{
  "process_start_time": 1768117129.0960703,
  "process_end_time": 1768117410.3981082,
  "total_elapsed_time_seconds": 281.3,
  "rounds_time_stats": {
    "round_1": 37.46,
    "round_2": 44.02,
    "round_3": 62.17,
    "round_4": 45.11,
    "round_5": 46.55,
    "round_6": 45.99
  }
}