{
  "process_start_time": 1767688852.4447403,
  "process_end_time": 1767689150.222618,
  "total_elapsed_time_seconds": 297.78,
  "rounds_time_stats": {
    "round_1": 41.13,
    "round_2": 33.12,
    "round_3": 50.7,
    "round_4": 46.04,
    "round_5": 61.78,
    "round_6": 65.0
  }
}