{
  "process_start_time": 1768115853.623566,
  "process_end_time": 1768116170.3987784,
  "total_elapsed_time_seconds": 316.78,
  "rounds_time_stats": {
    "round_1": 43.5,
    "round_2": 83.7,
    "round_3": 46.43,
    "round_4": 50.48,
    "round_5": 43.49,
    "round_6": 49.16
  }
}