{
  "process_start_time": 1767884508.5876489,
  "process_end_time": 1767884551.4072905,
  "total_elapsed_time_seconds": 42.82,
  "rounds_time_stats": {
    "round_1": 42.79
  }
}