{
  "process_start_time": 1767676905.6581962,
  "process_end_time": 1767677161.6395535,
  "total_elapsed_time_seconds": 255.98,
  "rounds_time_stats": {
    "round_1": 39.49,
    "round_2": 33.81,
    "round_3": 34.61,
    "round_4": 40.74,
    "round_5": 46.44,
    "round_6": 60.89
  }
}