{
  "process_start_time": 1768117444.7376928,
  "process_end_time": 1768117711.5497003,
  "total_elapsed_time_seconds": 266.81,
  "rounds_time_stats": {
    "round_1": 48.24,
    "round_2": 46.83,
    "round_3": 36.69,
    "round_4": 44.8,
    "round_5": 47.4,
    "round_6": 42.85
  }
}