{
  "process_start_time": 1768108518.61596,
  "process_end_time": 1768108735.5266745,
  "total_elapsed_time_seconds": 216.91,
  "rounds_time_stats": {
    "round_1": 39.19,
    "round_2": 35.66,
    "round_3": 46.13,
    "round_4": 32.19,
    "round_5": 32.45,
    "round_6": 31.28
  }
}