{
  "process_start_time": 1767885837.136272,
  "process_end_time": 1767885865.4462554,
  "total_elapsed_time_seconds": 28.31,
  "rounds_time_stats": {
    "round_1": 12.72,
    "round_2": 15.58
  }
}