{
  "process_start_time": 1767889441.6565185,
  "process_end_time": 1767889502.1198497,
  "total_elapsed_time_seconds": 60.46,
  "rounds_time_stats": {
    "round_1": 27.07,
    "round_2": 33.37
  }
}