{
  "process_start_time": 1767890189.1346407,
  "process_end_time": 1767890224.1608148,
  "total_elapsed_time_seconds": 35.03,
  "rounds_time_stats": {
    "round_1": 34.99
  }
}