{
  "process_start_time": 1767883075.4056156,
  "process_end_time": 1767883128.3422048,
  "total_elapsed_time_seconds": 52.94,
  "rounds_time_stats": {
    "round_1": 27.67,
    "round_2": 25.26
  }
}