{
  "process_start_time": 1767887098.9157104,
  "process_end_time": 1767887119.113065,
  "total_elapsed_time_seconds": 20.2,
  "rounds_time_stats": {
    "round_1": 20.19
  }
}