{
  "process_start_time": 1767969222.4535098,
  "process_end_time": 1767969625.9318645,
  "total_elapsed_time_seconds": 403.48,
  "rounds_time_stats": {
    "round_1": 81.97,
    "round_2": 64.04,
    "round_3": 77.29,
    "round_4": 53.12,
    "round_5": 75.83,
    "round_6": 51.21
  }
}