{
  "process_start_time": 1767883283.6027484,
  "process_end_time": 1767883324.6300464,
  "total_elapsed_time_seconds": 41.03,
  "rounds_time_stats": {
    "round_1": 41.02
  }
}