{
  "process_start_time": 1767890786.5861328,
  "process_end_time": 1767890811.1743946,
  "total_elapsed_time_seconds": 24.59,
  "rounds_time_stats": {
    "round_1": 24.23,
    "round_2": 0.35
  }
}