{
  "process_start_time": 1767969587.0881283,
  "process_end_time": 1767969985.3252409,
  "total_elapsed_time_seconds": 398.24,
  "rounds_time_stats": {
    "round_1": 58.65,
    "round_2": 70.33,
    "round_3": 81.99,
    "round_4": 79.23,
    "round_5": 57.69,
    "round_6": 50.35
  }
}