{
  "process_start_time": 1768556470.0162673,
  "process_end_time": 1768556646.705969,
  "total_elapsed_time_seconds": 176.69,
  "rounds_time_stats": {
    "round_1": 30.06,
    "round_2": 26.87,
    "round_3": 30.62,
    "round_4": 30.1,
    "round_5": 28.1,
    "round_6": 30.93
  }
}