{
  "process_start_time": 1768117315.2932577,
  "process_end_time": 1768117606.3396995,
  "total_elapsed_time_seconds": 291.05,
  "rounds_time_stats": {
    "round_1": 33.47,
    "round_2": 60.99,
    "round_3": 47.92,
    "round_4": 51.29,
    "round_5": 50.08,
    "round_6": 47.3
  }
}