{
  "process_start_time": 1767885403.0030925,
  "process_end_time": 1767885517.3735824,
  "total_elapsed_time_seconds": 114.37,
  "rounds_time_stats": {
    "round_1": 34.01,
    "round_2": 80.35
  }
}