{
  "process_start_time": 1768114486.9912627,
  "process_end_time": 1768114736.9780831,
  "total_elapsed_time_seconds": 249.99,
  "rounds_time_stats": {
    "round_1": 33.3,
    "round_2": 48.09,
    "round_3": 31.58,
    "round_4": 35.43,
    "round_5": 53.33,
    "round_6": 48.26
  }
}