{
  "process_start_time": 1767684943.8186321,
  "process_end_time": 1767685227.9404685,
  "total_elapsed_time_seconds": 284.12,
  "rounds_time_stats": {
    "round_1": 46.83,
    "round_2": 44.85,
    "round_3": 46.75,
    "round_4": 44.7,
    "round_5": 54.83,
    "round_6": 46.16
  }
}