{
  "process_start_time": 1768115578.8090627,
  "process_end_time": 1768115862.7708898,
  "total_elapsed_time_seconds": 283.96,
  "rounds_time_stats": {
    "round_1": 40.97,
    "round_2": 48.43,
    "round_3": 39.55,
    "round_4": 61.62,
    "round_5": 46.66,
    "round_6": 46.73
  }
}