{
  "process_start_time": 1767888061.591527,
  "process_end_time": 1767888108.0423937,
  "total_elapsed_time_seconds": 46.45,
  "rounds_time_stats": {
    "round_1": 24.57,
    "round_2": 21.87
  }
}