{
  "process_start_time": 1767889340.3764176,
  "process_end_time": 1767889371.7106974,
  "total_elapsed_time_seconds": 31.33,
  "rounds_time_stats": {
    "round_1": 31.31
  }
}