{
  "process_start_time": 1767692002.9869945,
  "process_end_time": 1767692199.2009323,
  "total_elapsed_time_seconds": 196.21,
  "rounds_time_stats": {
    "round_1": 38.46,
    "round_2": 40.2,
    "round_3": 32.86,
    "round_4": 29.42,
    "round_5": 30.13,
    "round_6": 25.14
  }
}