{
  "process_start_time": 1767890862.4787738,
  "process_end_time": 1767890960.539802,
  "total_elapsed_time_seconds": 98.06,
  "rounds_time_stats": {
    "round_1": 15.85,
    "round_2": 19.98,
    "round_3": 16.05,
    "round_4": 16.93,
    "round_5": 15.57,
    "round_6": 13.69
  }
}