{
  "process_start_time": 1767887442.1735897,
  "process_end_time": 1767887555.9505956,
  "total_elapsed_time_seconds": 113.78,
  "rounds_time_stats": {
    "round_1": 40.32,
    "round_2": 33.74,
    "round_3": 39.71
  }
}