{
  "process_start_time": 1767888892.2779155,
  "process_end_time": 1767888979.2698252,
  "total_elapsed_time_seconds": 86.99,
  "rounds_time_stats": {
    "round_1": 21.39,
    "round_2": 32.07,
    "round_3": 33.53
  }
}