{
  "process_start_time": 1767886103.3305104,
  "process_end_time": 1767886120.480626,
  "total_elapsed_time_seconds": 17.15,
  "rounds_time_stats": {
    "round_1": 17.15
  }
}