{
  "process_start_time": 1767685502.0582325,
  "process_end_time": 1767685805.7481794,
  "total_elapsed_time_seconds": 303.69,
  "rounds_time_stats": {
    "round_1": 58.0,
    "round_2": 60.16,
    "round_3": 45.76,
    "round_4": 46.43,
    "round_5": 49.43,
    "round_6": 43.91
  }
}