{
  "process_start_time": 1767890134.0031288,
  "process_end_time": 1767890146.5306098,
  "total_elapsed_time_seconds": 12.53,
  "rounds_time_stats": {
    "round_1": 12.46,
    "round_2": 0.07
  }
}