{
  "process_start_time": 1767690124.7110953,
  "process_end_time": 1767690418.5033615,
  "total_elapsed_time_seconds": 293.79,
  "rounds_time_stats": {
    "round_1": 60.11,
    "round_2": 47.24,
    "round_3": 49.02,
    "round_4": 42.35,
    "round_5": 49.9,
    "round_6": 45.17
  }
}