{
  "process_start_time": 1768109102.3624763,
  "process_end_time": 1768109327.319988,
  "total_elapsed_time_seconds": 224.96,
  "rounds_time_stats": {
    "round_1": 39.26,
    "round_2": 29.33,
    "round_3": 45.73,
    "round_4": 35.23,
    "round_5": 29.83,
    "round_6": 45.58
  }
}