{
  "process_start_time": 1767682826.8110147,
  "process_end_time": 1767683064.9148247,
  "total_elapsed_time_seconds": 238.1,
  "rounds_time_stats": {
    "round_1": 42.13,
    "round_2": 35.43,
    "round_3": 44.2,
    "round_4": 29.31,
    "round_5": 44.42,
    "round_6": 42.61
  }
}