{
  "process_start_time": 1768550774.9771154,
  "process_end_time": 1768551016.7008376,
  "total_elapsed_time_seconds": 241.72,
  "rounds_time_stats": {
    "round_1": 37.08,
    "round_2": 36.1,
    "round_3": 44.39,
    "round_4": 44.44,
    "round_5": 42.84,
    "round_6": 36.86
  }
}