{
  "process_start_time": 1767978190.894698,
  "process_end_time": 1767978314.5414243,
  "total_elapsed_time_seconds": 123.65,
  "rounds_time_stats": {
    "round_1": 19.32,
    "round_2": 15.74,
    "round_3": 15.33,
    "round_4": 23.79,
    "round_5": 27.78,
    "round_6": 21.67
  }
}