{
  "process_start_time": 1767679733.4917927,
  "process_end_time": 1767680015.4072971,
  "total_elapsed_time_seconds": 281.92,
  "rounds_time_stats": {
    "round_1": 45.99,
    "round_2": 47.5,
    "round_3": 48.08,
    "round_4": 45.9,
    "round_5": 51.65,
    "round_6": 42.81
  }
}