{
  "process_start_time": 1767889138.0410068,
  "process_end_time": 1767889146.7452679,
  "total_elapsed_time_seconds": 8.7,
  "rounds_time_stats": {
    "round_1": 8.7
  }
}