{
  "process_start_time": 1767687904.2734895,
  "process_end_time": 1767688184.2106895,
  "total_elapsed_time_seconds": 279.94,
  "rounds_time_stats": {
    "round_1": 45.97,
    "round_2": 44.41,
    "round_3": 43.67,
    "round_4": 47.33,
    "round_5": 49.29,
    "round_6": 49.27
  }
}