{
  "process_start_time": 1767687918.5637987,
  "process_end_time": 1767688202.4484189,
  "total_elapsed_time_seconds": 283.88,
  "rounds_time_stats": {
    "round_1": 43.86,
    "round_2": 46.59,
    "round_3": 47.87,
    "round_4": 45.31,
    "round_5": 52.27,
    "round_6": 47.99
  }
}