{
  "process_start_time": 1767689259.56434,
  "process_end_time": 1767689598.2442703,
  "total_elapsed_time_seconds": 338.68,
  "rounds_time_stats": {
    "round_1": 59.8,
    "round_2": 49.22,
    "round_3": 62.88,
    "round_4": 47.52,
    "round_5": 44.86,
    "round_6": 74.4
  }
}