{
  "process_start_time": 1768555707.851278,
  "process_end_time": 1768555837.9778252,
  "total_elapsed_time_seconds": 130.13,
  "rounds_time_stats": {
    "round_1": 22.35,
    "round_2": 19.36,
    "round_3": 18.0,
    "round_4": 24.89,
    "round_5": 24.51,
    "round_6": 21.02
  }
}