{
  "process_start_time": 1767679404.189319,
  "process_end_time": 1767679458.487694,
  "total_elapsed_time_seconds": 54.3,
  "rounds_time_stats": {
    "round_1": 54.27
  }
}