{
  "process_start_time": 1767685033.3463204,
  "process_end_time": 1767685317.4744399,
  "total_elapsed_time_seconds": 284.13,
  "rounds_time_stats": {
    "round_1": 47.99,
    "round_2": 42.36,
    "round_3": 40.79,
    "round_4": 47.16,
    "round_5": 58.1,
    "round_6": 47.72
  }
}