{
  "process_start_time": 1768549937.2153776,
  "process_end_time": 1768550210.64392,
  "total_elapsed_time_seconds": 273.43,
  "rounds_time_stats": {
    "round_1": 41.3,
    "round_2": 36.83,
    "round_3": 57.98,
    "round_4": 43.35,
    "round_5": 46.09,
    "round_6": 47.89
  }
}