{
  "process_start_time": 1767886314.5563166,
  "process_end_time": 1767886359.1154778,
  "total_elapsed_time_seconds": 44.56,
  "rounds_time_stats": {
    "round_1": 44.55
  }
}