{
  "process_start_time": 1767973270.791914,
  "process_end_time": 1767973507.1150856,
  "total_elapsed_time_seconds": 236.32,
  "rounds_time_stats": {
    "round_1": 30.13,
    "round_2": 40.87,
    "round_3": 36.86,
    "round_4": 42.48,
    "round_5": 42.47,
    "round_6": 43.52
  }
}