{
  "process_start_time": 1768115795.0139427,
  "process_end_time": 1768116028.9499226,
  "total_elapsed_time_seconds": 233.94,
  "rounds_time_stats": {
    "round_1": 36.56,
    "round_2": 46.8,
    "round_3": 32.7,
    "round_4": 37.47,
    "round_5": 43.56,
    "round_6": 36.84
  }
}