{
  "process_start_time": 1767890714.4586303,
  "process_end_time": 1767890857.2762082,
  "total_elapsed_time_seconds": 142.82,
  "rounds_time_stats": {
    "round_1": 20.17,
    "round_2": 19.94,
    "round_3": 28.21,
    "round_4": 24.22,
    "round_5": 24.04,
    "round_6": 26.23
  }
}