{
  "process_start_time": 1767887227.8678443,
  "process_end_time": 1767887367.0226579,
  "total_elapsed_time_seconds": 139.15,
  "rounds_time_stats": {
    "round_1": 18.14,
    "round_2": 21.62,
    "round_3": 25.04,
    "round_4": 26.07,
    "round_5": 23.4,
    "round_6": 24.88
  }
}