{
  "process_start_time": 1768550445.2918565,
  "process_end_time": 1768550720.160257,
  "total_elapsed_time_seconds": 274.87,
  "rounds_time_stats": {
    "round_1": 43.23,
    "round_2": 40.91,
    "round_3": 40.31,
    "round_4": 57.85,
    "round_5": 45.95,
    "round_6": 46.63
  }
}