{
  "process_start_time": 1767889867.822622,
  "process_end_time": 1767889880.7623155,
  "total_elapsed_time_seconds": 12.94,
  "rounds_time_stats": {
    "round_1": 12.94
  }
}