{
  "process_start_time": 1767684383.5741713,
  "process_end_time": 1767684670.637511,
  "total_elapsed_time_seconds": 287.06,
  "rounds_time_stats": {
    "round_1": 45.68,
    "round_2": 44.65,
    "round_3": 42.71,
    "round_4": 48.73,
    "round_5": 62.37,
    "round_6": 42.92
  }
}