{
  "process_start_time": 1767885079.8863368,
  "process_end_time": 1767885203.6780195,
  "total_elapsed_time_seconds": 123.79,
  "rounds_time_stats": {
    "round_1": 18.02,
    "round_2": 23.05,
    "round_3": 18.75,
    "round_4": 20.26,
    "round_5": 20.1,
    "round_6": 23.62
  }
}