{
  "process_start_time": 1767678349.051493,
  "process_end_time": 1767678591.5943859,
  "total_elapsed_time_seconds": 242.54,
  "rounds_time_stats": {
    "round_1": 37.0,
    "round_2": 41.57,
    "round_3": 27.52,
    "round_4": 46.74,
    "round_5": 47.44,
    "round_6": 42.29
  }
}