{
  "process_start_time": 1767679420.4125996,
  "process_end_time": 1767679473.9374943,
  "total_elapsed_time_seconds": 53.52,
  "rounds_time_stats": {
    "round_1": 53.46
  }
}