{
  "process_start_time": 1767687934.6879063,
  "process_end_time": 1767688234.9226115,
  "total_elapsed_time_seconds": 300.23,
  "rounds_time_stats": {
    "round_1": 58.93,
    "round_2": 47.3,
    "round_3": 45.65,
    "round_4": 48.84,
    "round_5": 50.38,
    "round_6": 49.14
  }
}