{
  "process_start_time": 1767679971.1484694,
  "process_end_time": 1767680250.5569046,
  "total_elapsed_time_seconds": 279.41,
  "rounds_time_stats": {
    "round_1": 44.94,
    "round_2": 43.88,
    "round_3": 46.15,
    "round_4": 50.67,
    "round_5": 43.74,
    "round_6": 50.02
  }
}