{
  "process_start_time": 1767887816.392874,
  "process_end_time": 1767887995.6290982,
  "total_elapsed_time_seconds": 179.24,
  "rounds_time_stats": {
    "round_1": 29.41,
    "round_2": 30.44,
    "round_3": 28.06,
    "round_4": 31.0,
    "round_5": 30.54,
    "round_6": 29.78
  }
}