{
  "process_start_time": 1767885825.3173487,
  "process_end_time": 1767885843.229565,
  "total_elapsed_time_seconds": 17.91,
  "rounds_time_stats": {
    "round_1": 17.91
  }
}