{
  "process_start_time": 1767682667.8335547,
  "process_end_time": 1767682933.191703,
  "total_elapsed_time_seconds": 265.36,
  "rounds_time_stats": {
    "round_1": 33.14,
    "round_2": 46.35,
    "round_3": 46.71,
    "round_4": 45.73,
    "round_5": 47.28,
    "round_6": 46.15
  }
}