{
  "process_start_time": 1767884344.872702,
  "process_end_time": 1767884374.552443,
  "total_elapsed_time_seconds": 29.68,
  "rounds_time_stats": {
    "round_1": 29.67
  }
}