{
  "process_start_time": 1767974502.304609,
  "process_end_time": 1767974800.1677918,
  "total_elapsed_time_seconds": 297.86,
  "rounds_time_stats": {
    "round_1": 38.18,
    "round_2": 38.38,
    "round_3": 58.05,
    "round_4": 52.63,
    "round_5": 42.47,
    "round_6": 68.16
  }
}