{
  "process_start_time": 1767889731.8307374,
  "process_end_time": 1767889757.9562557,
  "total_elapsed_time_seconds": 26.13,
  "rounds_time_stats": {
    "round_1": 9.34,
    "round_2": 16.78
  }
}