{
  "process_start_time": 1767976661.135044,
  "process_end_time": 1767976815.2592669,
  "total_elapsed_time_seconds": 154.12,
  "rounds_time_stats": {
    "round_1": 26.48,
    "round_2": 19.67,
    "round_3": 21.41,
    "round_4": 26.92,
    "round_5": 32.14,
    "round_6": 27.5
  }
}