{
  "process_start_time": 1767883161.9486756,
  "process_end_time": 1767883409.6941743,
  "total_elapsed_time_seconds": 247.75,
  "rounds_time_stats": {
    "round_1": 31.18,
    "round_2": 44.73,
    "round_3": 45.09,
    "round_4": 45.88,
    "round_5": 39.42,
    "round_6": 41.44
  }
}