{
  "process_start_time": 1767675965.430009,
  "process_end_time": 1767676248.4830017,
  "total_elapsed_time_seconds": 283.05,
  "rounds_time_stats": {
    "round_1": 49.99,
    "round_2": 47.72,
    "round_3": 49.63,
    "round_4": 48.91,
    "round_5": 47.11,
    "round_6": 39.69
  }
}