{
  "process_start_time": 1768117711.5506628,
  "process_end_time": 1768118012.146765,
  "total_elapsed_time_seconds": 300.6,
  "rounds_time_stats": {
    "round_1": 41.0,
    "round_2": 55.76,
    "round_3": 43.88,
    "round_4": 47.18,
    "round_5": 65.45,
    "round_6": 47.33
  }
}