{
  "process_start_time": 1767883325.4155886,
  "process_end_time": 1767883407.2165055,
  "total_elapsed_time_seconds": 81.8,
  "rounds_time_stats": {
    "round_1": 23.76,
    "round_2": 29.08,
    "round_3": 28.96
  }
}