{
  "process_start_time": 1768116558.5105133,
  "process_end_time": 1768116801.6637735,
  "total_elapsed_time_seconds": 243.15,
  "rounds_time_stats": {
    "round_1": 34.74,
    "round_2": 37.69,
    "round_3": 42.56,
    "round_4": 39.67,
    "round_5": 43.33,
    "round_6": 45.17
  }
}