{
  "process_start_time": 1767882952.9185584,
  "process_end_time": 1767883046.5780928,
  "total_elapsed_time_seconds": 93.66,
  "rounds_time_stats": {
    "round_1": 32.85,
    "round_2": 30.78,
    "round_3": 30.02
  }
}