{
  "process_start_time": 1767979012.4498363,
  "process_end_time": 1767979209.7063005,
  "total_elapsed_time_seconds": 197.26,
  "rounds_time_stats": {
    "round_1": 34.04,
    "round_2": 39.49,
    "round_3": 30.66,
    "round_4": 29.37,
    "round_5": 31.74,
    "round_6": 31.95
  }
}