{
  "process_start_time": 1767975762.4412746,
  "process_end_time": 1767975991.7664485,
  "total_elapsed_time_seconds": 229.33,
  "rounds_time_stats": {
    "round_1": 34.94,
    "round_2": 32.52,
    "round_3": 45.01,
    "round_4": 40.13,
    "round_5": 36.08,
    "round_6": 40.64
  }
}