{
  "process_start_time": 1767888852.5533192,
  "process_end_time": 1767888862.0356612,
  "total_elapsed_time_seconds": 9.48,
  "rounds_time_stats": {
    "round_1": 9.48
  }
}