{
  "process_start_time": 1767887433.596989,
  "process_end_time": 1767887502.183729,
  "total_elapsed_time_seconds": 68.59,
  "rounds_time_stats": {
    "round_1": 36.03,
    "round_2": 32.54
  }
}