{
  "process_start_time": 1767888131.587503,
  "process_end_time": 1767888308.2419398,
  "total_elapsed_time_seconds": 176.65,
  "rounds_time_stats": {
    "round_1": 19.7,
    "round_2": 28.23,
    "round_3": 36.55,
    "round_4": 30.34,
    "round_5": 31.08,
    "round_6": 30.76
  }
}