{
  "process_start_time": 1767884014.39015,
  "process_end_time": 1767884040.8474894,
  "total_elapsed_time_seconds": 26.46,
  "rounds_time_stats": {
    "round_1": 26.45
  }
}