{
  "process_start_time": 1767688707.302418,
  "process_end_time": 1767688991.0700417,
  "total_elapsed_time_seconds": 283.77,
  "rounds_time_stats": {
    "round_1": 48.94,
    "round_2": 45.16,
    "round_3": 47.62,
    "round_4": 32.83,
    "round_5": 58.46,
    "round_6": 50.76
  }
}