{
  "process_start_time": 1767886802.438009,
  "process_end_time": 1767886844.0554829,
  "total_elapsed_time_seconds": 41.62,
  "rounds_time_stats": {
    "round_1": 41.59
  }
}