{
  "process_start_time": 1767883795.4128394,
  "process_end_time": 1767883845.2502193,
  "total_elapsed_time_seconds": 49.84,
  "rounds_time_stats": {
    "round_1": 26.93,
    "round_2": 22.9
  }
}