{
  "process_start_time": 1767885776.590138,
  "process_end_time": 1767885942.7167604,
  "total_elapsed_time_seconds": 166.13,
  "rounds_time_stats": {
    "round_1": 41.11,
    "round_2": 41.92,
    "round_3": 45.21,
    "round_4": 37.83,
    "round_5": 0.06
  }
}