{
  "process_start_time": 1767886440.8380814,
  "process_end_time": 1767886462.1396222,
  "total_elapsed_time_seconds": 21.3,
  "rounds_time_stats": {
    "round_1": 21.3
  }
}