{
  "process_start_time": 1767885818.299169,
  "process_end_time": 1767885834.3037646,
  "total_elapsed_time_seconds": 16.0,
  "rounds_time_stats": {
    "round_1": 16.0
  }
}