{
  "process_start_time": 1768108528.1223028,
  "process_end_time": 1768108758.3930228,
  "total_elapsed_time_seconds": 230.27,
  "rounds_time_stats": {
    "round_1": 38.09,
    "round_2": 30.52,
    "round_3": 34.32,
    "round_4": 48.17,
    "round_5": 46.88,
    "round_6": 32.29
  }
}