{
  "process_start_time": 1768555192.3582277,
  "process_end_time": 1768555346.5071888,
  "total_elapsed_time_seconds": 154.15,
  "rounds_time_stats": {
    "round_1": 17.49,
    "round_2": 24.69,
    "round_3": 27.26,
    "round_4": 27.71,
    "round_5": 27.64,
    "round_6": 29.35
  }
}