{
  "process_start_time": 1767976668.5856612,
  "process_end_time": 1767976804.617182,
  "total_elapsed_time_seconds": 136.03,
  "rounds_time_stats": {
    "round_1": 28.34,
    "round_2": 23.48,
    "round_3": 22.45,
    "round_4": 15.82,
    "round_5": 26.68,
    "round_6": 19.26
  }
}