{
  "process_start_time": 1767884813.9416254,
  "process_end_time": 1767884852.5957844,
  "total_elapsed_time_seconds": 38.65,
  "rounds_time_stats": {
    "round_1": 13.45,
    "round_2": 25.2
  }
}