{
  "process_start_time": 1767687481.4940357,
  "process_end_time": 1767687770.3413615,
  "total_elapsed_time_seconds": 288.85,
  "rounds_time_stats": {
    "round_1": 52.28,
    "round_2": 60.15,
    "round_3": 42.86,
    "round_4": 43.59,
    "round_5": 40.69,
    "round_6": 49.28
  }
}