{
  "process_start_time": 1767885705.135644,
  "process_end_time": 1767885735.394641,
  "total_elapsed_time_seconds": 30.26,
  "rounds_time_stats": {
    "round_1": 14.65,
    "round_2": 15.56
  }
}