{
  "process_start_time": 1767975952.9558003,
  "process_end_time": 1767976144.824379,
  "total_elapsed_time_seconds": 191.87,
  "rounds_time_stats": {
    "round_1": 28.57,
    "round_2": 30.5,
    "round_3": 34.69,
    "round_4": 37.56,
    "round_5": 30.26,
    "round_6": 30.29
  }
}