{
  "process_start_time": 1767884128.9965222,
  "process_end_time": 1767884208.0769067,
  "total_elapsed_time_seconds": 79.08,
  "rounds_time_stats": {
    "round_1": 15.23,
    "round_2": 20.05,
    "round_3": 23.19,
    "round_4": 20.23,
    "round_5": 0.37
  }
}