{
  "process_start_time": 1767888871.7839906,
  "process_end_time": 1767888888.7218113,
  "total_elapsed_time_seconds": 16.94,
  "rounds_time_stats": {
    "round_1": 16.63,
    "round_2": 0.31
  }
}