{
  "process_start_time": 1767681370.5637212,
  "process_end_time": 1767681598.656436,
  "total_elapsed_time_seconds": 228.09,
  "rounds_time_stats": {
    "round_1": 49.41,
    "round_2": 43.11,
    "round_3": 35.59,
    "round_4": 41.52,
    "round_5": 35.84,
    "round_6": 22.61
  }
}