{
  "process_start_time": 1768552163.410328,
  "process_end_time": 1768552310.1570039,
  "total_elapsed_time_seconds": 146.75,
  "rounds_time_stats": {
    "round_1": 27.66,
    "round_2": 26.48,
    "round_3": 29.88,
    "round_4": 25.09,
    "round_5": 19.66,
    "round_6": 17.96
  }
}