{
  "process_start_time": 1767886585.447774,
  "process_end_time": 1767886617.519575,
  "total_elapsed_time_seconds": 32.07,
  "rounds_time_stats": {
    "round_1": 12.46,
    "round_2": 18.61,
    "round_3": 0.99
  }
}