{
  "process_start_time": 1767887927.375505,
  "process_end_time": 1767887946.7885823,
  "total_elapsed_time_seconds": 19.41,
  "rounds_time_stats": {
    "round_1": 19.41
  }
}