{
  "process_start_time": 1768115611.2298167,
  "process_end_time": 1768115880.6255705,
  "total_elapsed_time_seconds": 269.4,
  "rounds_time_stats": {
    "round_1": 41.58,
    "round_2": 45.62,
    "round_3": 41.39,
    "round_4": 43.51,
    "round_5": 47.96,
    "round_6": 49.32
  }
}