{
  "process_start_time": 1767889546.0468762,
  "process_end_time": 1767889624.7798188,
  "total_elapsed_time_seconds": 78.73,
  "rounds_time_stats": {
    "round_1": 19.3,
    "round_2": 13.84,
    "round_3": 14.66,
    "round_4": 16.66,
    "round_5": 14.26
  }
}