{
  "process_start_time": 1768109261.6376998,
  "process_end_time": 1768109519.9911299,
  "total_elapsed_time_seconds": 258.35,
  "rounds_time_stats": {
    "round_1": 44.42,
    "round_2": 45.51,
    "round_3": 47.19,
    "round_4": 31.93,
    "round_5": 44.77,
    "round_6": 44.53
  }
}