{
  "process_start_time": 1767890217.7220705,
  "process_end_time": 1767890227.4550707,
  "total_elapsed_time_seconds": 9.73,
  "rounds_time_stats": {
    "round_1": 9.73
  }
}