{
  "process_start_time": 1767975351.7901947,
  "process_end_time": 1767975576.0814278,
  "total_elapsed_time_seconds": 224.29,
  "rounds_time_stats": {
    "round_1": 33.52,
    "round_2": 44.17,
    "round_3": 43.76,
    "round_4": 36.16,
    "round_5": 35.1,
    "round_6": 31.58
  }
}