{
  "process_start_time": 1767883054.7641573,
  "process_end_time": 1767883139.4509523,
  "total_elapsed_time_seconds": 84.69,
  "rounds_time_stats": {
    "round_1": 9.86,
    "round_2": 16.76,
    "round_3": 14.5,
    "round_4": 15.26,
    "round_5": 12.41,
    "round_6": 15.89
  }
}