{
  "process_start_time": 1768555968.4795828,
  "process_end_time": 1768556130.7535467,
  "total_elapsed_time_seconds": 162.27,
  "rounds_time_stats": {
    "round_1": 24.86,
    "round_2": 29.7,
    "round_3": 27.85,
    "round_4": 29.56,
    "round_5": 21.06,
    "round_6": 29.25
  }
}