{
  "process_start_time": 1767890782.4156551,
  "process_end_time": 1767890944.6482856,
  "total_elapsed_time_seconds": 162.23,
  "rounds_time_stats": {
    "round_1": 23.93,
    "round_2": 25.93,
    "round_3": 20.9,
    "round_4": 28.9,
    "round_5": 24.98,
    "round_6": 37.58
  }
}