{
  "process_start_time": 1768115296.4132648,
  "process_end_time": 1768115594.2476537,
  "total_elapsed_time_seconds": 297.83,
  "rounds_time_stats": {
    "round_1": 69.64,
    "round_2": 33.92,
    "round_3": 46.57,
    "round_4": 45.41,
    "round_5": 53.97,
    "round_6": 48.33
  }
}