{
  "process_start_time": 1767885610.6133904,
  "process_end_time": 1767885768.3004785,
  "total_elapsed_time_seconds": 157.69,
  "rounds_time_stats": {
    "round_1": 31.5,
    "round_2": 25.13,
    "round_3": 25.84,
    "round_4": 26.86,
    "round_5": 22.8,
    "round_6": 25.55
  }
}