{
  "process_start_time": 1767885650.8179557,
  "process_end_time": 1767885681.0897708,
  "total_elapsed_time_seconds": 30.27,
  "rounds_time_stats": {
    "round_1": 30.27
  }
}