{
  "process_start_time": 1767888167.1330729,
  "process_end_time": 1767888175.9750562,
  "total_elapsed_time_seconds": 8.84,
  "rounds_time_stats": {
    "round_1": 8.84
  }
}