{
  "process_start_time": 1768114770.4929905,
  "process_end_time": 1768115026.285036,
  "total_elapsed_time_seconds": 255.79,
  "rounds_time_stats": {
    "round_1": 45.21,
    "round_2": 43.49,
    "round_3": 37.3,
    "round_4": 49.89,
    "round_5": 46.19,
    "round_6": 33.7
  }
}