{
  "process_start_time": 1767884487.0434117,
  "process_end_time": 1767884557.0196764,
  "total_elapsed_time_seconds": 69.98,
  "rounds_time_stats": {
    "round_1": 24.59,
    "round_2": 45.38
  }
}