{
  "process_start_time": 1767888520.9801936,
  "process_end_time": 1767888558.7816224,
  "total_elapsed_time_seconds": 37.8,
  "rounds_time_stats": {
    "round_1": 20.01,
    "round_2": 17.79
  }
}