{
  "process_start_time": 1767683568.4894047,
  "process_end_time": 1767683825.245387,
  "total_elapsed_time_seconds": 256.76,
  "rounds_time_stats": {
    "round_1": 42.08,
    "round_2": 44.08,
    "round_3": 43.27,
    "round_4": 47.2,
    "round_5": 34.63,
    "round_6": 45.5
  }
}