{
  "process_start_time": 1767890454.014616,
  "process_end_time": 1767890478.9867523,
  "total_elapsed_time_seconds": 24.97,
  "rounds_time_stats": {
    "round_1": 24.97
  }
}