{
  "process_start_time": 1767883451.9194226,
  "process_end_time": 1767883565.7906575,
  "total_elapsed_time_seconds": 113.87,
  "rounds_time_stats": {
    "round_1": 16.03,
    "round_2": 24.69,
    "round_3": 19.39,
    "round_4": 16.45,
    "round_5": 18.26,
    "round_6": 19.04
  }
}