{
  "process_start_time": 1767886663.2994256,
  "process_end_time": 1767886854.738699,
  "total_elapsed_time_seconds": 191.44,
  "rounds_time_stats": {
    "round_1": 35.2,
    "round_2": 31.76,
    "round_3": 33.89,
    "round_4": 25.78,
    "round_5": 35.67,
    "round_6": 29.14
  }
}