{
  "process_start_time": 1767975304.9920886,
  "process_end_time": 1767975477.563162,
  "total_elapsed_time_seconds": 172.57,
  "rounds_time_stats": {
    "round_1": 24.07,
    "round_2": 29.85,
    "round_3": 29.94,
    "round_4": 36.91,
    "round_5": 28.89,
    "round_6": 22.91
  }
}