{
  "process_start_time": 1767679282.5305297,
  "process_end_time": 1767679533.0920246,
  "total_elapsed_time_seconds": 250.56,
  "rounds_time_stats": {
    "round_1": 47.59,
    "round_2": 43.85,
    "round_3": 28.73,
    "round_4": 38.77,
    "round_5": 46.6,
    "round_6": 45.01
  }
}