{
  "process_start_time": 1767887897.742017,
  "process_end_time": 1767888067.1315513,
  "total_elapsed_time_seconds": 169.39,
  "rounds_time_stats": {
    "round_1": 26.55,
    "round_2": 31.97,
    "round_3": 31.77,
    "round_4": 28.57,
    "round_5": 28.55,
    "round_6": 21.97
  }
}