{
  "process_start_time": 1768551007.8758397,
  "process_end_time": 1768551214.0962007,
  "total_elapsed_time_seconds": 206.22,
  "rounds_time_stats": {
    "round_1": 41.52,
    "round_2": 43.91,
    "round_3": 40.95,
    "round_4": 29.88,
    "round_5": 29.43,
    "round_6": 20.53
  }
}