{
  "process_start_time": 1767883570.4614637,
  "process_end_time": 1767883770.18291,
  "total_elapsed_time_seconds": 199.72,
  "rounds_time_stats": {
    "round_1": 25.35,
    "round_2": 36.28,
    "round_3": 29.53,
    "round_4": 33.89,
    "round_5": 36.82,
    "round_6": 37.84
  }
}