{
  "process_start_time": 1767975260.7362845,
  "process_end_time": 1767975463.9288447,
  "total_elapsed_time_seconds": 203.19,
  "rounds_time_stats": {
    "round_1": 33.26,
    "round_2": 38.77,
    "round_3": 35.98,
    "round_4": 30.32,
    "round_5": 29.55,
    "round_6": 35.31
  }
}