{
  "process_start_time": 1767685200.1999276,
  "process_end_time": 1767685469.6127682,
  "total_elapsed_time_seconds": 269.41,
  "rounds_time_stats": {
    "round_1": 32.42,
    "round_2": 38.61,
    "round_3": 44.37,
    "round_4": 60.58,
    "round_5": 43.64,
    "round_6": 49.8
  }
}