{
  "process_start_time": 1767689804.2154734,
  "process_end_time": 1767690099.6207566,
  "total_elapsed_time_seconds": 295.41,
  "rounds_time_stats": {
    "round_1": 47.0,
    "round_2": 47.17,
    "round_3": 47.93,
    "round_4": 58.33,
    "round_5": 37.54,
    "round_6": 57.43
  }
}