{
  "process_start_time": 1767888542.8041444,
  "process_end_time": 1767888575.8326633,
  "total_elapsed_time_seconds": 33.03,
  "rounds_time_stats": {
    "round_1": 17.59,
    "round_2": 15.43
  }
}