{
  "process_start_time": 1767887336.4414096,
  "process_end_time": 1767887355.3008592,
  "total_elapsed_time_seconds": 18.86,
  "rounds_time_stats": {
    "round_1": 18.85
  }
}