{
  "process_start_time": 1767978988.1848638,
  "process_end_time": 1767979157.9630008,
  "total_elapsed_time_seconds": 169.78,
  "rounds_time_stats": {
    "round_1": 28.25,
    "round_2": 29.87,
    "round_3": 29.2,
    "round_4": 29.61,
    "round_5": 23.54,
    "round_6": 29.3
  }
}