{
  "process_start_time": 1767883238.7690213,
  "process_end_time": 1767883273.928555,
  "total_elapsed_time_seconds": 35.16,
  "rounds_time_stats": {
    "round_1": 13.98,
    "round_2": 21.18
  }
}