{
  "process_start_time": 1768549937.2309186,
  "process_end_time": 1768550152.541473,
  "total_elapsed_time_seconds": 215.31,
  "rounds_time_stats": {
    "round_1": 36.92,
    "round_2": 20.35,
    "round_3": 48.42,
    "round_4": 35.58,
    "round_5": 44.19,
    "round_6": 29.86
  }
}