{
  "process_start_time": 1767849999.4750881,
  "process_end_time": 1767850224.3902419,
  "total_elapsed_time_seconds": 224.92,
  "rounds_time_stats": {
    "round_1": 32.56,
    "round_2": 36.85,
    "round_3": 60.37,
    "round_4": 42.97,
    "round_5": 25.9,
    "round_6": 26.27
  }
}