{
  "process_start_time": 1767884878.1441107,
  "process_end_time": 1767885039.35988,
  "total_elapsed_time_seconds": 161.22,
  "rounds_time_stats": {
    "round_1": 29.23,
    "round_2": 131.98
  }
}