{
  "process_start_time": 1767691727.038619,
  "process_end_time": 1767692074.9233725,
  "total_elapsed_time_seconds": 347.88,
  "rounds_time_stats": {
    "round_1": 52.99,
    "round_2": 44.98,
    "round_3": 54.58,
    "round_4": 61.66,
    "round_5": 48.98,
    "round_6": 84.68
  }
}