{
  "process_start_time": 1767889096.9416952,
  "process_end_time": 1767889153.4584494,
  "total_elapsed_time_seconds": 56.52,
  "rounds_time_stats": {
    "round_1": 15.29,
    "round_2": 17.17,
    "round_3": 23.73,
    "round_4": 0.33
  }
}