{
  "process_start_time": 1767686727.6034257,
  "process_end_time": 1767687030.311057,
  "total_elapsed_time_seconds": 302.71,
  "rounds_time_stats": {
    "round_1": 79.69,
    "round_2": 45.76,
    "round_3": 46.65,
    "round_4": 42.57,
    "round_5": 44.35,
    "round_6": 43.68
  }
}