{
  "process_start_time": 1767890044.2684278,
  "process_end_time": 1767890117.7159472,
  "total_elapsed_time_seconds": 73.45,
  "rounds_time_stats": {
    "round_1": 51.29,
    "round_2": 22.16
  }
}