{
  "process_start_time": 1768117947.027935,
  "process_end_time": 1768118164.7496035,
  "total_elapsed_time_seconds": 217.72,
  "rounds_time_stats": {
    "round_1": 42.79,
    "round_2": 31.41,
    "round_3": 35.65,
    "round_4": 31.54,
    "round_5": 40.7,
    "round_6": 35.62
  }
}