{
  "process_start_time": 1767887826.0480895,
  "process_end_time": 1767887959.0986564,
  "total_elapsed_time_seconds": 133.05,
  "rounds_time_stats": {
    "round_1": 22.53,
    "round_2": 18.08,
    "round_3": 19.34,
    "round_4": 24.51,
    "round_5": 28.93,
    "round_6": 19.66
  }
}