{
  "process_start_time": 1767887635.3869715,
  "process_end_time": 1767887660.818062,
  "total_elapsed_time_seconds": 25.43,
  "rounds_time_stats": {
    "round_1": 25.41
  }
}