{
  "process_start_time": 1767679999.819454,
  "process_end_time": 1767680295.783898,
  "total_elapsed_time_seconds": 295.96,
  "rounds_time_stats": {
    "round_1": 39.95,
    "round_2": 51.62,
    "round_3": 46.92,
    "round_4": 61.81,
    "round_5": 51.52,
    "round_6": 44.13
  }
}