{
  "process_start_time": 1768116942.5000756,
  "process_end_time": 1768117210.0606136,
  "total_elapsed_time_seconds": 267.56,
  "rounds_time_stats": {
    "round_1": 41.46,
    "round_2": 33.57,
    "round_3": 47.56,
    "round_4": 49.43,
    "round_5": 48.22,
    "round_6": 47.31
  }
}