{
  "process_start_time": 1767886528.9382675,
  "process_end_time": 1767886671.8969924,
  "total_elapsed_time_seconds": 142.96,
  "rounds_time_stats": {
    "round_1": 17.01,
    "round_2": 30.49,
    "round_3": 20.46,
    "round_4": 25.71,
    "round_5": 23.98,
    "round_6": 25.3
  }
}