{
  "process_start_time": 1767978341.5623152,
  "process_end_time": 1767978511.8777971,
  "total_elapsed_time_seconds": 170.32,
  "rounds_time_stats": {
    "round_1": 19.25,
    "round_2": 25.45,
    "round_3": 32.02,
    "round_4": 28.31,
    "round_5": 32.0,
    "round_6": 33.29
  }
}