{
  "process_start_time": 1767973961.5567276,
  "process_end_time": 1767974284.0684276,
  "total_elapsed_time_seconds": 322.51,
  "rounds_time_stats": {
    "round_1": 52.62,
    "round_2": 87.41,
    "round_3": 42.58,
    "round_4": 43.13,
    "round_5": 52.08,
    "round_6": 44.7
  }
}