{
  "process_start_time": 1767975942.4187515,
  "process_end_time": 1767976132.585867,
  "total_elapsed_time_seconds": 190.17,
  "rounds_time_stats": {
    "round_1": 29.63,
    "round_2": 39.73,
    "round_3": 30.99,
    "round_4": 30.46,
    "round_5": 30.6,
    "round_6": 28.75
  }
}