{
  "process_start_time": 1767664926.1112003,
  "process_end_time": 1767665214.4967434,
  "total_elapsed_time_seconds": 288.39,
  "rounds_time_stats": {
    "round_1": 38.82,
    "round_2": 59.51,
    "round_3": 50.3,
    "round_4": 49.03,
    "round_5": 46.38,
    "round_6": 44.33
  }
}