{
  "process_start_time": 1767688570.57189,
  "process_end_time": 1767688881.6694071,
  "total_elapsed_time_seconds": 311.1,
  "rounds_time_stats": {
    "round_1": 50.49,
    "round_2": 52.81,
    "round_3": 47.67,
    "round_4": 48.42,
    "round_5": 51.61,
    "round_6": 60.09
  }
}