{
  "process_start_time": 1767974662.187078,
  "process_end_time": 1767974991.0520086,
  "total_elapsed_time_seconds": 328.86,
  "rounds_time_stats": {
    "round_1": 63.6,
    "round_2": 47.93,
    "round_3": 38.65,
    "round_4": 41.34,
    "round_5": 89.61,
    "round_6": 47.74
  }
}