{
  "process_start_time": 1768117113.7574625,
  "process_end_time": 1768117443.6489928,
  "total_elapsed_time_seconds": 329.89,
  "rounds_time_stats": {
    "round_1": 62.53,
    "round_2": 34.0,
    "round_3": 75.03,
    "round_4": 46.22,
    "round_5": 64.11,
    "round_6": 48.0
  }
}