{
  "process_start_time": 1767886909.767104,
  "process_end_time": 1767887122.9031374,
  "total_elapsed_time_seconds": 213.14,
  "rounds_time_stats": {
    "round_1": 28.9,
    "round_2": 25.68,
    "round_3": 29.22,
    "round_4": 45.16,
    "round_5": 43.32,
    "round_6": 40.86
  }
}