{
  "process_start_time": 1768550720.161131,
  "process_end_time": 1768551004.8537743,
  "total_elapsed_time_seconds": 284.69,
  "rounds_time_stats": {
    "round_1": 41.91,
    "round_2": 42.41,
    "round_3": 59.2,
    "round_4": 43.95,
    "round_5": 56.22,
    "round_6": 40.99
  }
}