{
  "process_start_time": 1767689163.37493,
  "process_end_time": 1767689462.6842031,
  "total_elapsed_time_seconds": 299.31,
  "rounds_time_stats": {
    "round_1": 50.25,
    "round_2": 46.5,
    "round_3": 46.44,
    "round_4": 46.88,
    "round_5": 63.58,
    "round_6": 45.66
  }
}