{
  "process_start_time": 1767889529.7540298,
  "process_end_time": 1767889543.3476446,
  "total_elapsed_time_seconds": 13.59,
  "rounds_time_stats": {
    "round_1": 13.59
  }
}