{
  "process_start_time": 1768551609.5940833,
  "process_end_time": 1768551803.330963,
  "total_elapsed_time_seconds": 193.74,
  "rounds_time_stats": {
    "round_1": 31.73,
    "round_2": 27.28,
    "round_3": 38.79,
    "round_4": 35.0,
    "round_5": 37.66,
    "round_6": 23.27
  }
}