{
  "process_start_time": 1767890222.7678435,
  "process_end_time": 1767890237.5930982,
  "total_elapsed_time_seconds": 14.83,
  "rounds_time_stats": {
    "round_1": 14.82
  }
}