{
  "process_start_time": 1768550704.926555,
  "process_end_time": 1768550771.692932,
  "total_elapsed_time_seconds": 66.77,
  "rounds_time_stats": {
    "round_1": 66.66
  }
}