{
  "process_start_time": 1768551953.383421,
  "process_end_time": 1768552100.1160276,
  "total_elapsed_time_seconds": 146.73,
  "rounds_time_stats": {
    "round_1": 27.15,
    "round_2": 21.86,
    "round_3": 19.18,
    "round_4": 22.27,
    "round_5": 28.83,
    "round_6": 27.43
  }
}