{
  "process_start_time": 1767887272.4713848,
  "process_end_time": 1767887434.6476803,
  "total_elapsed_time_seconds": 162.18,
  "rounds_time_stats": {
    "round_1": 28.98,
    "round_2": 24.88,
    "round_3": 26.74,
    "round_4": 27.54,
    "round_5": 24.93,
    "round_6": 29.1
  }
}