{
  "process_start_time": 1767889967.576464,
  "process_end_time": 1767890002.7063391,
  "total_elapsed_time_seconds": 35.13,
  "rounds_time_stats": {
    "round_1": 12.92,
    "round_2": 10.31,
    "round_3": 11.71,
    "round_4": 0.18
  }
}