{
  "process_start_time": 1768555052.6587107,
  "process_end_time": 1768555215.6271124,
  "total_elapsed_time_seconds": 162.97,
  "rounds_time_stats": {
    "round_1": 25.05,
    "round_2": 30.38,
    "round_3": 29.32,
    "round_4": 30.09,
    "round_5": 20.24,
    "round_6": 27.89
  }
}