{
  "process_start_time": 1768555865.428849,
  "process_end_time": 1768556023.2358267,
  "total_elapsed_time_seconds": 157.81,
  "rounds_time_stats": {
    "round_1": 24.93,
    "round_2": 25.41,
    "round_3": 24.64,
    "round_4": 27.78,
    "round_5": 27.03,
    "round_6": 28.01
  }
}