{
  "process_start_time": 1767890137.7138171,
  "process_end_time": 1767890296.8133307,
  "total_elapsed_time_seconds": 159.1,
  "rounds_time_stats": {
    "round_1": 23.29,
    "round_2": 29.24,
    "round_3": 22.65,
    "round_4": 29.09,
    "round_5": 25.99,
    "round_6": 28.84
  }
}