{
  "process_start_time": 1767689401.6509192,
  "process_end_time": 1767689684.7994218,
  "total_elapsed_time_seconds": 283.15,
  "rounds_time_stats": {
    "round_1": 47.2,
    "round_2": 45.76,
    "round_3": 42.51,
    "round_4": 42.5,
    "round_5": 45.47,
    "round_6": 59.7
  }
}