{
  "process_start_time": 1767688913.2627728,
  "process_end_time": 1767689198.4295762,
  "total_elapsed_time_seconds": 285.17,
  "rounds_time_stats": {
    "round_1": 46.5,
    "round_2": 48.91,
    "round_3": 47.87,
    "round_4": 47.24,
    "round_5": 47.78,
    "round_6": 46.87
  }
}