{
  "process_start_time": 1767978190.8929472,
  "process_end_time": 1767978411.1900125,
  "total_elapsed_time_seconds": 220.3,
  "rounds_time_stats": {
    "round_1": 40.07,
    "round_2": 33.93,
    "round_3": 42.77,
    "round_4": 31.3,
    "round_5": 33.63,
    "round_6": 38.59
  }
}