{
  "process_start_time": 1767973429.8430185,
  "process_end_time": 1767973728.2443323,
  "total_elapsed_time_seconds": 298.4,
  "rounds_time_stats": {
    "round_1": 40.09,
    "round_2": 45.14,
    "round_3": 52.94,
    "round_4": 57.07,
    "round_5": 48.91,
    "round_6": 54.25
  }
}