{
  "process_start_time": 1767890672.8687665,
  "process_end_time": 1767890862.4774892,
  "total_elapsed_time_seconds": 189.61,
  "rounds_time_stats": {
    "round_1": 32.2,
    "round_2": 32.17,
    "round_3": 30.46,
    "round_4": 30.51,
    "round_5": 34.17,
    "round_6": 30.09
  }
}