{
  "process_start_time": 1768551037.392359,
  "process_end_time": 1768551229.1516695,
  "total_elapsed_time_seconds": 191.76,
  "rounds_time_stats": {
    "round_1": 38.51,
    "round_2": 38.79,
    "round_3": 31.47,
    "round_4": 29.67,
    "round_5": 29.07,
    "round_6": 24.25
  }
}