{
  "process_start_time": 1767884176.0662436,
  "process_end_time": 1767884347.4921186,
  "total_elapsed_time_seconds": 171.43,
  "rounds_time_stats": {
    "round_1": 22.68,
    "round_2": 23.98,
    "round_3": 20.82,
    "round_4": 44.1,
    "round_5": 24.67,
    "round_6": 35.18
  }
}