{
  "process_start_time": 1767886530.0176995,
  "process_end_time": 1767886611.0884721,
  "total_elapsed_time_seconds": 81.07,
  "rounds_time_stats": {
    "round_1": 20.16,
    "round_2": 19.7,
    "round_3": 19.85,
    "round_4": 20.67,
    "round_5": 0.69
  }
}