{
  "process_start_time": 1767683211.33549,
  "process_end_time": 1767683484.980369,
  "total_elapsed_time_seconds": 273.64,
  "rounds_time_stats": {
    "round_1": 45.28,
    "round_2": 41.24,
    "round_3": 46.39,
    "round_4": 47.44,
    "round_5": 45.42,
    "round_6": 47.87
  }
}