{
  "process_start_time": 1768556216.7708337,
  "process_end_time": 1768556362.9717782,
  "total_elapsed_time_seconds": 146.2,
  "rounds_time_stats": {
    "round_1": 21.5,
    "round_2": 28.65,
    "round_3": 25.1,
    "round_4": 23.43,
    "round_5": 26.9,
    "round_6": 20.62
  }
}