{
  "process_start_time": 1767884763.7857146,
  "process_end_time": 1767884786.210987,
  "total_elapsed_time_seconds": 22.43,
  "rounds_time_stats": {
    "round_1": 21.79,
    "round_2": 0.63
  }
}