{
  "process_start_time": 1768552218.9149456,
  "process_end_time": 1768552366.4419832,
  "total_elapsed_time_seconds": 147.53,
  "rounds_time_stats": {
    "round_1": 28.48,
    "round_2": 27.37,
    "round_3": 23.99,
    "round_4": 19.82,
    "round_5": 25.84,
    "round_6": 22.03
  }
}