{
  "process_start_time": 1767889410.0886672,
  "process_end_time": 1767889429.63142,
  "total_elapsed_time_seconds": 19.54,
  "rounds_time_stats": {
    "round_1": 19.54
  }
}