{
  "process_start_time": 1768109276.7306376,
  "process_end_time": 1768109484.0767946,
  "total_elapsed_time_seconds": 207.35,
  "rounds_time_stats": {
    "round_1": 38.72,
    "round_2": 28.62,
    "round_3": 34.92,
    "round_4": 28.16,
    "round_5": 34.78,
    "round_6": 42.15
  }
}