{
  "process_start_time": 1767686727.6391225,
  "process_end_time": 1767686807.407656,
  "total_elapsed_time_seconds": 79.77,
  "rounds_time_stats": {
    "round_1": 79.74
  }
}