{
  "process_start_time": 1767976634.8491518,
  "process_end_time": 1767976837.6935556,
  "total_elapsed_time_seconds": 202.84,
  "rounds_time_stats": {
    "round_1": 33.46,
    "round_2": 31.08,
    "round_3": 28.62,
    "round_4": 32.81,
    "round_5": 36.56,
    "round_6": 40.31
  }
}