{
  "process_start_time": 1767976516.602587,
  "process_end_time": 1767976668.5847075,
  "total_elapsed_time_seconds": 151.98,
  "rounds_time_stats": {
    "round_1": 25.22,
    "round_2": 22.9,
    "round_3": 17.85,
    "round_4": 28.71,
    "round_5": 29.3,
    "round_6": 27.99
  }
}