{
  "process_start_time": 1767888022.6036048,
  "process_end_time": 1767888038.0358407,
  "total_elapsed_time_seconds": 15.43,
  "rounds_time_stats": {
    "round_1": 15.43
  }
}