{
  "process_start_time": 1767889506.3794074,
  "process_end_time": 1767889544.5864105,
  "total_elapsed_time_seconds": 38.21,
  "rounds_time_stats": {
    "round_1": 12.85,
    "round_2": 25.33
  }
}