{
  "process_start_time": 1767685445.9945927,
  "process_end_time": 1767685697.0849319,
  "total_elapsed_time_seconds": 251.09,
  "rounds_time_stats": {
    "round_1": 39.34,
    "round_2": 43.82,
    "round_3": 44.43,
    "round_4": 44.95,
    "round_5": 45.69,
    "round_6": 32.86
  }
}