{
  "process_start_time": 1767886066.4513054,
  "process_end_time": 1767886093.5963168,
  "total_elapsed_time_seconds": 27.15,
  "rounds_time_stats": {
    "round_1": 27.14
  }
}