{
  "process_start_time": 1767883119.4226956,
  "process_end_time": 1767883172.0203125,
  "total_elapsed_time_seconds": 52.6,
  "rounds_time_stats": {
    "round_1": 25.31,
    "round_2": 27.28
  }
}