{
  "process_start_time": 1767885458.287621,
  "process_end_time": 1767885557.8218498,
  "total_elapsed_time_seconds": 99.53,
  "rounds_time_stats": {
    "round_1": 20.33,
    "round_2": 16.99,
    "round_3": 17.64,
    "round_4": 15.3,
    "round_5": 15.81,
    "round_6": 13.46
  }
}