{
  "process_start_time": 1768556200.9259522,
  "process_end_time": 1768556412.282496,
  "total_elapsed_time_seconds": 211.36,
  "rounds_time_stats": {
    "round_1": 36.76,
    "round_2": 29.89,
    "round_3": 37.71,
    "round_4": 30.68,
    "round_5": 38.47,
    "round_6": 37.84
  }
}