{
  "process_start_time": 1767975762.4414544,
  "process_end_time": 1767975952.9550514,
  "total_elapsed_time_seconds": 190.51,
  "rounds_time_stats": {
    "round_1": 32.43,
    "round_2": 27.45,
    "round_3": 40.07,
    "round_4": 29.15,
    "round_5": 32.12,
    "round_6": 29.31
  }
}