{
  "process_start_time": 1767886227.5834675,
  "process_end_time": 1767886246.8738618,
  "total_elapsed_time_seconds": 19.29,
  "rounds_time_stats": {
    "round_1": 19.29
  }
}