{
  "process_start_time": 1768549937.2130427,
  "process_end_time": 1768550238.6846056,
  "total_elapsed_time_seconds": 301.47,
  "rounds_time_stats": {
    "round_1": 51.82,
    "round_2": 55.33,
    "round_3": 57.06,
    "round_4": 45.76,
    "round_5": 47.98,
    "round_6": 43.51
  }
}