{
  "process_start_time": 1767689624.8811657,
  "process_end_time": 1767689882.5064218,
  "total_elapsed_time_seconds": 257.63,
  "rounds_time_stats": {
    "round_1": 52.85,
    "round_2": 27.35,
    "round_3": 48.61,
    "round_4": 36.65,
    "round_5": 46.23,
    "round_6": 45.91
  }
}